patientNumber,datetime,acc_x,acc_y,acc_z
001,2020-02-13 15:28:50.000000,-34.0,17.0,55.0
001,2020-02-13 15:28:50.031250,-34.0,17.0,52.0
001,2020-02-13 15:28:50.062500,-34.0,19.0,51.0
001,2020-02-13 15:28:50.093750,-36.0,18.0,51.0
001,2020-02-13 15:28:50.125000,-35.0,17.0,52.0
001,2020-02-13 15:28:50.156250,-33.0,17.0,54.0
001,2020-02-13 15:28:50.187500,-34.0,18.0,53.0
001,2020-02-13 15:28:50.218750,-36.0,17.0,56.0
001,2020-02-13 15:28:50.250000,-34.0,18.0,55.0
001,2020-02-13 15:28:50.281250,-32.0,16.0,55.0
001,2020-02-13 15:28:50.312500,-34.0,17.0,55.0
001,2020-02-13 15:28:50.343750,-33.0,18.0,54.0
001,2020-02-13 15:28:50.375000,-31.0,18.0,53.0
001,2020-02-13 15:28:50.406250,-34.0,19.0,54.0
001,2020-02-13 15:28:50.437500,-34.0,19.0,52.0
001,2020-02-13 15:28:50.468750,-33.0,18.0,52.0
001,2020-02-13 15:28:50.500000,-33.0,19.0,53.0
001,2020-02-13 15:28:50.531250,-35.0,18.0,51.0
001,2020-02-13 15:28:50.562500,-33.0,18.0,52.0
001,2020-02-13 15:28:50.593750,-36.0,18.0,51.0
001,2020-02-13 15:28:50.625000,-36.0,20.0,53.0
001,2020-02-13 15:28:50.656250,-37.0,18.0,51.0
001,2020-02-13 15:28:50.687500,-35.0,19.0,52.0
001,2020-02-13 15:28:50.718750,-39.0,19.0,49.0
001,2020-02-13 15:28:50.750000,-38.0,20.0,51.0
001,2020-02-13 15:28:50.781250,-39.0,19.0,51.0
001,2020-02-13 15:28:50.812500,-36.0,19.0,52.0
001,2020-02-13 15:28:50.843750,-37.0,19.0,51.0
001,2020-02-13 15:28:50.875000,-36.0,18.0,51.0
001,2020-02-13 15:28:50.906250,-37.0,18.0,52.0
001,2020-02-13 15:28:50.937500,-36.0,19.0,53.0
001,2020-02-13 15:28:50.968750,-37.0,17.0,54.0
001,2020-02-13 15:28:51.000000,-36.0,18.0,54.0
001,2020-02-13 15:28:51.031250,-35.0,21.0,53.0
001,2020-02-13 15:28:51.062500,-34.0,19.0,57.0
001,2020-02-13 15:28:51.093750,-35.0,17.0,56.0
001,2020-02-13 15:28:51.125000,-42.0,15.0,55.0
001,2020-02-13 15:28:51.156250,-30.0,20.0,53.0
001,2020-02-13 15:28:51.187500,-30.0,20.0,49.0
001,2020-02-13 15:28:51.218750,-35.0,16.0,52.0
001,2020-02-13 15:28:51.250000,-32.0,8.0,53.0
001,2020-02-13 15:28:51.281250,-23.0,8.0,53.0
001,2020-02-13 15:28:51.312500,-21.0,12.0,58.0
001,2020-02-13 15:28:51.343750,-29.0,14.0,54.0
001,2020-02-13 15:28:51.375000,-30.0,12.0,57.0
001,2020-02-13 15:28:51.406250,-29.0,8.0,57.0
001,2020-02-13 15:28:51.437500,-30.0,10.0,56.0
001,2020-02-13 15:28:51.468750,-26.0,12.0,56.0
001,2020-02-13 15:28:51.500000,-36.0,12.0,56.0
001,2020-02-13 15:28:51.531250,-37.0,10.0,59.0
001,2020-02-13 15:28:51.562500,-28.0,11.0,59.0
001,2020-02-13 15:28:51.593750,-26.0,10.0,55.0
001,2020-02-13 15:28:51.625000,-36.0,9.0,54.0
001,2020-02-13 15:28:51.656250,-31.0,9.0,57.0
001,2020-02-13 15:28:51.687500,-37.0,13.0,54.0
001,2020-02-13 15:28:51.718750,-40.0,15.0,47.0
001,2020-02-13 15:28:51.750000,-46.0,15.0,47.0
001,2020-02-13 15:28:51.781250,-41.0,12.0,48.0
001,2020-02-13 15:28:51.812500,-44.0,19.0,47.0
001,2020-02-13 15:28:51.843750,-44.0,16.0,46.0
001,2020-02-13 15:28:51.875000,-40.0,15.0,46.0
001,2020-02-13 15:28:51.906250,-42.0,16.0,50.0
001,2020-02-13 15:28:51.937500,-41.0,15.0,49.0
001,2020-02-13 15:28:51.968750,-39.0,16.0,51.0
001,2020-02-13 15:28:52.000000,-42.0,16.0,49.0
001,2020-02-13 15:28:52.031250,-43.0,16.0,47.0
001,2020-02-13 15:28:52.062500,-37.0,15.0,51.0
001,2020-02-13 15:28:52.093750,-38.0,16.0,50.0
001,2020-02-13 15:28:52.125000,-38.0,16.0,50.0
001,2020-02-13 15:28:52.156250,-40.0,17.0,51.0
001,2020-02-13 15:28:52.187500,-41.0,18.0,52.0
001,2020-02-13 15:28:52.218750,-38.0,16.0,51.0
001,2020-02-13 15:28:52.250000,-36.0,16.0,51.0
001,2020-02-13 15:28:52.281250,-36.0,14.0,50.0
001,2020-02-13 15:28:52.312500,-43.0,17.0,51.0
001,2020-02-13 15:28:52.343750,-39.0,15.0,49.0
001,2020-02-13 15:28:52.375000,-39.0,15.0,50.0
001,2020-02-13 15:28:52.406250,-40.0,14.0,48.0
001,2020-02-13 15:28:52.437500,-40.0,14.0,48.0
001,2020-02-13 15:28:52.468750,-48.0,14.0,53.0
001,2020-02-13 15:28:52.500000,-41.0,17.0,46.0
001,2020-02-13 15:28:52.531250,-42.0,18.0,45.0
001,2020-02-13 15:28:52.562500,-46.0,19.0,40.0
001,2020-02-13 15:28:52.593750,-37.0,16.0,54.0
001,2020-02-13 15:28:52.625000,-33.0,15.0,47.0
001,2020-02-13 15:28:52.656250,-46.0,21.0,44.0
001,2020-02-13 15:28:52.687500,-48.0,17.0,45.0
001,2020-02-13 15:28:52.718750,-53.0,17.0,34.0
001,2020-02-13 15:28:52.750000,-52.0,25.0,34.0
001,2020-02-13 15:28:52.781250,-52.0,29.0,30.0
001,2020-02-13 15:28:52.812500,-48.0,37.0,50.0
001,2020-02-13 15:28:52.843750,-53.0,39.0,43.0
001,2020-02-13 15:28:52.875000,-38.0,42.0,49.0
001,2020-02-13 15:28:52.906250,-36.0,21.0,43.0
001,2020-02-13 15:28:52.937500,-12.0,-17.0,45.0
001,2020-02-13 15:28:52.968750,-26.0,-20.0,49.0
001,2020-02-13 15:28:53.000000,-39.0,-8.0,64.0
001,2020-02-13 15:28:53.031250,-35.0,8.0,61.0
001,2020-02-13 15:28:53.062500,-23.0,14.0,51.0
001,2020-02-13 15:28:53.093750,-28.0,17.0,55.0
001,2020-02-13 15:28:53.125000,-29.0,28.0,55.0
001,2020-02-13 15:28:53.156250,-31.0,36.0,56.0
001,2020-02-13 15:28:53.187500,-29.0,10.0,53.0
001,2020-02-13 15:28:53.218750,-26.0,3.0,53.0
001,2020-02-13 15:28:53.250000,-25.0,32.0,52.0
001,2020-02-13 15:28:53.281250,-31.0,36.0,61.0
001,2020-02-13 15:28:53.312500,-24.0,25.0,54.0
001,2020-02-13 15:28:53.343750,-23.0,17.0,54.0
001,2020-02-13 15:28:53.375000,-26.0,31.0,57.0
001,2020-02-13 15:28:53.406250,-13.0,29.0,44.0
001,2020-02-13 15:28:53.437500,-17.0,7.0,37.0
001,2020-02-13 15:28:53.468750,-27.0,18.0,41.0
001,2020-02-13 15:28:53.500000,-21.0,83.0,50.0
001,2020-02-13 15:28:53.531250,-8.0,33.0,38.0
001,2020-02-13 15:28:53.562500,-17.0,38.0,32.0
001,2020-02-13 15:28:53.593750,-7.0,81.0,55.0
001,2020-02-13 15:28:53.625000,-17.0,75.0,56.0
001,2020-02-13 15:28:53.656250,-15.0,42.0,8.0
001,2020-02-13 15:28:53.687500,-6.0,-32.0,-22.0
001,2020-02-13 15:28:53.718750,-2.0,61.0,-66.0
001,2020-02-13 15:28:53.750000,8.0,127.0,-9.0
001,2020-02-13 15:28:53.781250,-12.0,82.0,-21.0
001,2020-02-13 15:28:53.812500,-9.0,4.0,-40.0
001,2020-02-13 15:28:53.843750,4.0,31.0,-39.0
001,2020-02-13 15:28:53.875000,-6.0,75.0,-64.0
001,2020-02-13 15:28:53.906250,-8.0,35.0,-67.0
001,2020-02-13 15:28:53.937500,3.0,-5.0,-64.0
001,2020-02-13 15:28:53.968750,-6.0,25.0,-96.0
001,2020-02-13 15:28:54.000000,-5.0,41.0,-95.0
001,2020-02-13 15:28:54.031250,5.0,-7.0,-14.0
001,2020-02-13 15:28:54.062500,-18.0,-7.0,-54.0
001,2020-02-13 15:28:54.093750,-12.0,0.0,-25.0
001,2020-02-13 15:28:54.125000,-11.0,-58.0,-18.0
001,2020-02-13 15:28:54.156250,5.0,-78.0,-49.0
001,2020-02-13 15:28:54.187500,-22.0,-71.0,-47.0
001,2020-02-13 15:28:54.218750,-18.0,-61.0,-34.0
001,2020-02-13 15:28:54.250000,0.0,-50.0,-26.0
001,2020-02-13 15:28:54.281250,-4.0,-58.0,-33.0
001,2020-02-13 15:28:54.312500,0.0,-49.0,-26.0
001,2020-02-13 15:28:54.343750,0.0,-89.0,-21.0
001,2020-02-13 15:28:54.375000,-4.0,-40.0,-24.0
001,2020-02-13 15:28:54.406250,1.0,-49.0,-2.0
001,2020-02-13 15:28:54.437500,-6.0,-69.0,-29.0
001,2020-02-13 15:28:54.468750,-8.0,-51.0,-28.0
001,2020-02-13 15:28:54.500000,-3.0,-50.0,-9.0
001,2020-02-13 15:28:54.531250,-10.0,-68.0,-28.0
001,2020-02-13 15:28:54.562500,-3.0,-59.0,-20.0
001,2020-02-13 15:28:54.593750,-5.0,-48.0,-22.0
001,2020-02-13 15:28:54.625000,-4.0,-72.0,-24.0
001,2020-02-13 15:28:54.656250,-7.0,-65.0,-27.0
001,2020-02-13 15:28:54.687500,1.0,-54.0,-20.0
001,2020-02-13 15:28:54.718750,0.0,-63.0,-20.0
001,2020-02-13 15:28:54.750000,-7.0,-71.0,-33.0
001,2020-02-13 15:28:54.781250,-3.0,-49.0,-20.0
001,2020-02-13 15:28:54.812500,0.0,-48.0,-17.0
001,2020-02-13 15:28:54.843750,-5.0,-57.0,-26.0
001,2020-02-13 15:28:54.875000,-8.0,-53.0,-28.0
001,2020-02-13 15:28:54.906250,-8.0,-50.0,-27.0
001,2020-02-13 15:28:54.937500,0.0,-61.0,-26.0
001,2020-02-13 15:28:54.968750,-4.0,-61.0,-27.0
001,2020-02-13 15:28:55.000000,-2.0,-62.0,-26.0
001,2020-02-13 15:28:55.031250,-3.0,-57.0,-21.0
001,2020-02-13 15:28:55.062500,-1.0,-55.0,-22.0
001,2020-02-13 15:28:55.093750,-8.0,-55.0,-24.0
001,2020-02-13 15:28:55.125000,-2.0,-63.0,-24.0
001,2020-02-13 15:28:55.156250,1.0,-63.0,-21.0
001,2020-02-13 15:28:55.187500,-3.0,-56.0,-21.0
001,2020-02-13 15:28:55.218750,-1.0,-64.0,-27.0
001,2020-02-13 15:28:55.250000,-3.0,-62.0,-28.0
001,2020-02-13 15:28:55.281250,1.0,-52.0,-20.0
001,2020-02-13 15:28:55.312500,-4.0,-52.0,-28.0
001,2020-02-13 15:28:55.343750,-4.0,-55.0,-35.0
001,2020-02-13 15:28:55.375000,-1.0,-60.0,-27.0
001,2020-02-13 15:28:55.406250,-1.0,-48.0,-37.0
001,2020-02-13 15:28:55.437500,-3.0,-51.0,-35.0
001,2020-02-13 15:28:55.468750,-3.0,-56.0,-29.0
001,2020-02-13 15:28:55.500000,-3.0,-50.0,-42.0
001,2020-02-13 15:28:55.531250,-1.0,-44.0,-39.0
001,2020-02-13 15:28:55.562500,-7.0,-56.0,-39.0
001,2020-02-13 15:28:55.593750,-6.0,-50.0,-55.0
001,2020-02-13 15:28:55.625000,1.0,-49.0,-44.0
001,2020-02-13 15:28:55.656250,3.0,-53.0,-27.0
001,2020-02-13 15:28:55.687500,-2.0,-52.0,-48.0
001,2020-02-13 15:28:55.718750,-3.0,-45.0,-51.0
001,2020-02-13 15:28:55.750000,1.0,-38.0,-37.0
001,2020-02-13 15:28:55.781250,-5.0,-37.0,-46.0
001,2020-02-13 15:28:55.812500,-3.0,-48.0,-40.0
001,2020-02-13 15:28:55.843750,-8.0,-47.0,-42.0
001,2020-02-13 15:28:55.875000,-7.0,-36.0,-48.0
001,2020-02-13 15:28:55.906250,-7.0,-34.0,-42.0
001,2020-02-13 15:28:55.937500,0.0,-42.0,-26.0
001,2020-02-13 15:28:55.968750,-7.0,-39.0,-44.0
001,2020-02-13 15:28:56.000000,-11.0,-36.0,-53.0
001,2020-02-13 15:28:56.031250,1.0,-63.0,-29.0
001,2020-02-13 15:28:56.062500,-13.0,-61.0,-66.0
001,2020-02-13 15:28:56.093750,-13.0,-51.0,-76.0
001,2020-02-13 15:28:56.125000,-2.0,-55.0,-34.0
001,2020-02-13 15:28:56.156250,-2.0,-51.0,-23.0
001,2020-02-13 15:28:56.187500,-10.0,-27.0,-49.0
001,2020-02-13 15:28:56.218750,-7.0,-39.0,-37.0
001,2020-02-13 15:28:56.250000,-6.0,-45.0,-34.0
001,2020-02-13 15:28:56.281250,-8.0,-37.0,-51.0
001,2020-02-13 15:28:56.312500,-13.0,-42.0,-42.0
001,2020-02-13 15:28:56.343750,-14.0,-48.0,-40.0
001,2020-02-13 15:28:56.375000,-17.0,-42.0,-51.0
001,2020-02-13 15:28:56.406250,-24.0,-45.0,-46.0
001,2020-02-13 15:28:56.437500,-23.0,-40.0,-28.0
001,2020-02-13 15:28:56.468750,-24.0,-37.0,-50.0
001,2020-02-13 15:28:56.500000,-27.0,-39.0,-55.0
001,2020-02-13 15:28:56.531250,-17.0,-37.0,-47.0
001,2020-02-13 15:28:56.562500,-44.0,-25.0,-34.0
001,2020-02-13 15:28:56.593750,-29.0,-34.0,-34.0
001,2020-02-13 15:28:56.625000,-29.0,-69.0,-38.0
001,2020-02-13 15:28:56.656250,-60.0,-20.0,-58.0
001,2020-02-13 15:28:56.687500,-43.0,-9.0,-34.0
001,2020-02-13 15:28:56.718750,-36.0,-45.0,-17.0
001,2020-02-13 15:28:56.750000,-34.0,-66.0,-41.0
001,2020-02-13 15:28:56.781250,-43.0,-44.0,-56.0
001,2020-02-13 15:28:56.812500,-27.0,-43.0,-24.0
001,2020-02-13 15:28:56.843750,-31.0,-47.0,-27.0
001,2020-02-13 15:28:56.875000,-46.0,-38.0,-45.0
001,2020-02-13 15:28:56.906250,-29.0,-39.0,-20.0
001,2020-02-13 15:28:56.937500,-31.0,-44.0,-32.0
001,2020-02-13 15:28:56.968750,-35.0,-39.0,-43.0
001,2020-02-13 15:28:57.000000,-29.0,-33.0,-31.0
001,2020-02-13 15:28:57.031250,-27.0,-36.0,-28.0
001,2020-02-13 15:28:57.062500,-30.0,-45.0,-36.0
001,2020-02-13 15:28:57.093750,-31.0,-48.0,-41.0
001,2020-02-13 15:28:57.125000,-33.0,-44.0,-43.0
001,2020-02-13 15:28:57.156250,-27.0,-40.0,-35.0
001,2020-02-13 15:28:57.187500,-27.0,-42.0,-35.0
001,2020-02-13 15:28:57.218750,-27.0,-46.0,-42.0
001,2020-02-13 15:28:57.250000,-35.0,-37.0,-45.0
001,2020-02-13 15:28:57.281250,-27.0,-38.0,-33.0
001,2020-02-13 15:28:57.312500,-28.0,-45.0,-39.0
001,2020-02-13 15:28:57.343750,-29.0,-45.0,-40.0
001,2020-02-13 15:28:57.375000,-31.0,-42.0,-39.0
001,2020-02-13 15:28:57.406250,-28.0,-41.0,-36.0
001,2020-02-13 15:28:57.437500,-29.0,-44.0,-39.0
001,2020-02-13 15:28:57.468750,-28.0,-41.0,-38.0
001,2020-02-13 15:28:57.500000,-27.0,-39.0,-37.0
001,2020-02-13 15:28:57.531250,-27.0,-42.0,-38.0
001,2020-02-13 15:28:57.562500,-27.0,-41.0,-39.0
001,2020-02-13 15:28:57.593750,-28.0,-40.0,-38.0
001,2020-02-13 15:28:57.625000,-29.0,-41.0,-41.0
001,2020-02-13 15:28:57.656250,-26.0,-40.0,-39.0
001,2020-02-13 15:28:57.687500,-27.0,-40.0,-40.0
001,2020-02-13 15:28:57.718750,-25.0,-42.0,-39.0
001,2020-02-13 15:28:57.750000,-27.0,-45.0,-43.0
001,2020-02-13 15:28:57.781250,-27.0,-43.0,-42.0
001,2020-02-13 15:28:57.812500,-26.0,-43.0,-40.0
001,2020-02-13 15:28:57.843750,-25.0,-42.0,-41.0
001,2020-02-13 15:28:57.875000,-25.0,-40.0,-39.0
001,2020-02-13 15:28:57.906250,-24.0,-38.0,-38.0
001,2020-02-13 15:28:57.937500,-22.0,-39.0,-33.0
001,2020-02-13 15:28:57.968750,-21.0,-38.0,-33.0
001,2020-02-13 15:28:58.000000,-23.0,-35.0,-29.0
001,2020-02-13 15:28:58.031250,-31.0,-37.0,-36.0
001,2020-02-13 15:28:58.062500,-40.0,-68.0,-59.0
001,2020-02-13 15:28:58.093750,-32.0,-63.0,-56.0
001,2020-02-13 15:28:58.125000,-27.0,-41.0,-49.0
001,2020-02-13 15:28:58.156250,-21.0,-19.0,-31.0
001,2020-02-13 15:28:58.187500,-19.0,-25.0,-27.0
001,2020-02-13 15:28:58.218750,-23.0,-43.0,-38.0
001,2020-02-13 15:28:58.250000,-24.0,-38.0,-42.0
001,2020-02-13 15:28:58.281250,-22.0,-36.0,-40.0
001,2020-02-13 15:28:58.312500,-18.0,-35.0,-43.0
001,2020-02-13 15:28:58.343750,-19.0,-31.0,-54.0
001,2020-02-13 15:28:58.375000,-25.0,-24.0,-62.0
001,2020-02-13 15:28:58.406250,-29.0,-11.0,-56.0
001,2020-02-13 15:28:58.437500,-13.0,-7.0,-56.0
001,2020-02-13 15:28:58.468750,-30.0,8.0,-56.0
001,2020-02-13 15:28:58.500000,-6.0,27.0,-71.0
001,2020-02-13 15:28:58.531250,-8.0,43.0,-81.0
001,2020-02-13 15:28:58.562500,-34.0,59.0,-90.0
001,2020-02-13 15:28:58.593750,-21.0,54.0,-65.0
001,2020-02-13 15:28:58.625000,-9.0,55.0,-47.0
001,2020-02-13 15:28:58.656250,-6.0,77.0,-42.0
001,2020-02-13 15:28:58.687500,3.0,95.0,-33.0
001,2020-02-13 15:28:58.718750,13.0,61.0,-38.0
001,2020-02-13 15:28:58.750000,15.0,-6.0,-24.0
001,2020-02-13 15:28:58.781250,-4.0,-8.0,-3.0
001,2020-02-13 15:28:58.812500,-21.0,-54.0,20.0
001,2020-02-13 15:28:58.843750,-23.0,48.0,54.0
001,2020-02-13 15:28:58.875000,3.0,122.0,39.0
001,2020-02-13 15:28:58.906250,5.0,89.0,51.0
001,2020-02-13 15:28:58.937500,7.0,63.0,42.0
001,2020-02-13 15:28:58.968750,8.0,64.0,39.0
001,2020-02-13 15:28:59.000000,0.0,49.0,33.0
001,2020-02-13 15:28:59.031250,-4.0,46.0,36.0
001,2020-02-13 15:28:59.062500,8.0,58.0,28.0
001,2020-02-13 15:28:59.093750,4.0,43.0,39.0
001,2020-02-13 15:28:59.125000,8.0,46.0,33.0
001,2020-02-13 15:28:59.156250,11.0,55.0,32.0
001,2020-02-13 15:28:59.187500,6.0,64.0,39.0
001,2020-02-13 15:28:59.218750,9.0,75.0,34.0
001,2020-02-13 15:28:59.250000,7.0,62.0,39.0
001,2020-02-13 15:28:59.281250,7.0,72.0,41.0
001,2020-02-13 15:28:59.312500,8.0,77.0,42.0
001,2020-02-13 15:28:59.343750,13.0,72.0,41.0
001,2020-02-13 15:28:59.375000,5.0,61.0,41.0
001,2020-02-13 15:28:59.406250,17.0,38.0,30.0
001,2020-02-13 15:28:59.437500,-5.0,31.0,48.0
001,2020-02-13 15:28:59.468750,-6.0,23.0,41.0
001,2020-02-13 15:28:59.500000,12.0,4.0,17.0
001,2020-02-13 15:28:59.531250,-5.0,15.0,36.0
001,2020-02-13 15:28:59.562500,-11.0,11.0,46.0
001,2020-02-13 15:28:59.593750,-7.0,39.0,52.0
001,2020-02-13 15:28:59.625000,-5.0,59.0,45.0
001,2020-02-13 15:28:59.656250,3.0,53.0,61.0
001,2020-02-13 15:28:59.687500,-4.0,44.0,42.0
001,2020-02-13 15:28:59.718750,-11.0,61.0,40.0
001,2020-02-13 15:28:59.750000,4.0,47.0,67.0
001,2020-02-13 15:28:59.781250,1.0,51.0,48.0
001,2020-02-13 15:28:59.812500,-4.0,51.0,49.0
001,2020-02-13 15:28:59.843750,-3.0,46.0,53.0
001,2020-02-13 15:28:59.875000,-3.0,45.0,46.0
001,2020-02-13 15:28:59.906250,-3.0,44.0,46.0
001,2020-02-13 15:28:59.937500,3.0,37.0,45.0
001,2020-02-13 15:28:59.968750,4.0,40.0,45.0
001,2020-02-13 15:29:00.000000,1.0,45.0,44.0
001,2020-02-13 15:29:00.031250,8.0,47.0,52.0
001,2020-02-13 15:29:00.062500,5.0,43.0,50.0
001,2020-02-13 15:29:00.093750,3.0,44.0,51.0
001,2020-02-13 15:29:00.125000,3.0,48.0,51.0
001,2020-02-13 15:29:00.156250,3.0,43.0,51.0
001,2020-02-13 15:29:00.187500,2.0,40.0,48.0
001,2020-02-13 15:29:00.218750,0.0,44.0,50.0
001,2020-02-13 15:29:00.250000,3.0,38.0,48.0
001,2020-02-13 15:29:00.281250,-1.0,36.0,43.0
001,2020-02-13 15:29:00.312500,2.0,55.0,54.0
001,2020-02-13 15:29:00.343750,-2.0,49.0,45.0
001,2020-02-13 15:29:00.375000,6.0,9.0,57.0
001,2020-02-13 15:29:00.406250,0.0,6.0,58.0
001,2020-02-13 15:29:00.437500,12.0,53.0,56.0
001,2020-02-13 15:29:00.468750,7.0,73.0,45.0
001,2020-02-13 15:29:00.500000,-9.0,52.0,44.0
001,2020-02-13 15:29:00.531250,-6.0,41.0,41.0
001,2020-02-13 15:29:00.562500,9.0,33.0,39.0
001,2020-02-13 15:29:00.593750,43.0,40.0,69.0
001,2020-02-13 15:29:00.625000,62.0,48.0,73.0
001,2020-02-13 15:29:00.656250,38.0,43.0,55.0
001,2020-02-13 15:29:00.687500,27.0,26.0,51.0
001,2020-02-13 15:29:00.718750,17.0,28.0,35.0
001,2020-02-13 15:29:00.750000,11.0,22.0,34.0
001,2020-02-13 15:29:00.781250,-3.0,19.0,32.0
001,2020-02-13 15:29:00.812500,-10.0,38.0,33.0
001,2020-02-13 15:29:00.843750,8.0,40.0,31.0
001,2020-02-13 15:29:00.875000,-7.0,56.0,47.0
001,2020-02-13 15:29:00.906250,-8.0,71.0,33.0
001,2020-02-13 15:29:00.937500,-2.0,64.0,23.0
001,2020-02-13 15:29:00.968750,-7.0,28.0,14.0
001,2020-02-13 15:29:01.000000,5.0,36.0,-6.0
001,2020-02-13 15:29:01.031250,-4.0,100.0,10.0
001,2020-02-13 15:29:01.062500,-11.0,80.0,9.0
001,2020-02-13 15:29:01.093750,4.0,79.0,-2.0
001,2020-02-13 15:29:01.125000,2.0,55.0,-15.0
001,2020-02-13 15:29:01.156250,3.0,55.0,-18.0
001,2020-02-13 15:29:01.187500,10.0,59.0,-17.0
001,2020-02-13 15:29:01.218750,4.0,53.0,-30.0
001,2020-02-13 15:29:01.250000,7.0,54.0,-26.0
001,2020-02-13 15:29:01.281250,9.0,41.0,-35.0
001,2020-02-13 15:29:01.312500,20.0,27.0,-39.0
001,2020-02-13 15:29:01.343750,9.0,26.0,-50.0
001,2020-02-13 15:29:01.375000,19.0,57.0,-57.0
001,2020-02-13 15:29:01.406250,11.0,47.0,-64.0
001,2020-02-13 15:29:01.437500,26.0,53.0,-52.0
001,2020-02-13 15:29:01.468750,8.0,18.0,-62.0
001,2020-02-13 15:29:01.500000,7.0,21.0,-54.0
001,2020-02-13 15:29:01.531250,12.0,32.0,-53.0
001,2020-02-13 15:29:01.562500,9.0,24.0,-61.0
001,2020-02-13 15:29:01.593750,11.0,25.0,-52.0
001,2020-02-13 15:29:01.625000,9.0,24.0,-72.0
001,2020-02-13 15:29:01.656250,5.0,24.0,-69.0
001,2020-02-13 15:29:01.687500,10.0,27.0,-57.0
001,2020-02-13 15:29:01.718750,2.0,18.0,-60.0
001,2020-02-13 15:29:01.750000,-1.0,5.0,-63.0
001,2020-02-13 15:29:01.781250,1.0,7.0,-52.0
001,2020-02-13 15:29:01.812500,0.0,10.0,-53.0
001,2020-02-13 15:29:01.843750,-2.0,0.0,-44.0
001,2020-02-13 15:29:01.875000,-10.0,-3.0,-60.0
001,2020-02-13 15:29:01.906250,-15.0,3.0,-54.0
001,2020-02-13 15:29:01.937500,-34.0,-21.0,-69.0
001,2020-02-13 15:29:01.968750,-26.0,-25.0,-75.0
001,2020-02-13 15:29:02.000000,-27.0,-4.0,-59.0
001,2020-02-13 15:29:02.031250,-26.0,-10.0,-46.0
001,2020-02-13 15:29:02.062500,-17.0,-9.0,-47.0
001,2020-02-13 15:29:02.093750,-23.0,-13.0,-45.0
001,2020-02-13 15:29:02.125000,-22.0,-26.0,-61.0
001,2020-02-13 15:29:02.156250,-14.0,-25.0,-63.0
001,2020-02-13 15:29:02.187500,-20.0,-29.0,-72.0
001,2020-02-13 15:29:02.218750,-16.0,-29.0,-65.0
001,2020-02-13 15:29:02.250000,-13.0,-22.0,-67.0
001,2020-02-13 15:29:02.281250,-12.0,-19.0,-61.0
001,2020-02-13 15:29:02.312500,-12.0,-14.0,-57.0
001,2020-02-13 15:29:02.343750,-6.0,-20.0,-54.0
001,2020-02-13 15:29:02.375000,-8.0,-17.0,-64.0
001,2020-02-13 15:29:02.406250,-13.0,-13.0,-61.0
001,2020-02-13 15:29:02.437500,-10.0,-15.0,-59.0
001,2020-02-13 15:29:02.468750,-5.0,-23.0,-71.0
001,2020-02-13 15:29:02.500000,-10.0,-20.0,-67.0
001,2020-02-13 15:29:02.531250,-11.0,-17.0,-58.0
001,2020-02-13 15:29:02.562500,-4.0,-13.0,-63.0
001,2020-02-13 15:29:02.593750,-2.0,-19.0,-70.0
001,2020-02-13 15:29:02.625000,-2.0,-10.0,-58.0
001,2020-02-13 15:29:02.656250,9.0,-10.0,-59.0
001,2020-02-13 15:29:02.687500,6.0,-18.0,-56.0
001,2020-02-13 15:29:02.718750,10.0,-5.0,-52.0
001,2020-02-13 15:29:02.750000,17.0,3.0,-48.0
001,2020-02-13 15:29:02.781250,20.0,-5.0,-39.0
001,2020-02-13 15:29:02.812500,15.0,-26.0,-68.0
001,2020-02-13 15:29:02.843750,19.0,-20.0,-80.0
001,2020-02-13 15:29:02.875000,18.0,-12.0,-74.0
001,2020-02-13 15:29:02.906250,13.0,-14.0,-62.0
001,2020-02-13 15:29:02.937500,10.0,-20.0,-60.0
001,2020-02-13 15:29:02.968750,15.0,-4.0,-60.0
001,2020-02-13 15:29:03.000000,9.0,-2.0,-44.0
001,2020-02-13 15:29:03.031250,5.0,-17.0,-46.0
001,2020-02-13 15:29:03.062500,15.0,-17.0,-72.0
001,2020-02-13 15:29:03.093750,14.0,-16.0,-82.0
001,2020-02-13 15:29:03.125000,10.0,-17.0,-73.0
001,2020-02-13 15:29:03.156250,12.0,-10.0,-59.0
001,2020-02-13 15:29:03.187500,16.0,-10.0,-55.0
001,2020-02-13 15:29:03.218750,19.0,-6.0,-48.0
001,2020-02-13 15:29:03.250000,21.0,-12.0,-57.0
001,2020-02-13 15:29:03.281250,23.0,-13.0,-58.0
001,2020-02-13 15:29:03.312500,32.0,-3.0,-65.0
001,2020-02-13 15:29:03.343750,29.0,-8.0,-61.0
001,2020-02-13 15:29:03.375000,27.0,-15.0,-60.0
001,2020-02-13 15:29:03.406250,32.0,-7.0,-60.0
001,2020-02-13 15:29:03.437500,27.0,-11.0,-57.0
001,2020-02-13 15:29:03.468750,21.0,-16.0,-57.0
001,2020-02-13 15:29:03.500000,13.0,-9.0,-55.0
001,2020-02-13 15:29:03.531250,10.0,-9.0,-55.0
001,2020-02-13 15:29:03.562500,5.0,-11.0,-51.0
001,2020-02-13 15:29:03.593750,-2.0,-13.0,-58.0
001,2020-02-13 15:29:03.625000,-4.0,-13.0,-56.0
001,2020-02-13 15:29:03.656250,0.0,-3.0,-58.0
001,2020-02-13 15:29:03.687500,-3.0,-4.0,-59.0
001,2020-02-13 15:29:03.718750,-5.0,-10.0,-68.0
001,2020-02-13 15:29:03.750000,0.0,-12.0,-73.0
001,2020-02-13 15:29:03.781250,5.0,-6.0,-74.0
001,2020-02-13 15:29:03.812500,11.0,-8.0,-74.0
001,2020-02-13 15:29:03.843750,17.0,-9.0,-65.0
001,2020-02-13 15:29:03.875000,26.0,-8.0,-78.0
001,2020-02-13 15:29:03.906250,22.0,-2.0,-57.0
001,2020-02-13 15:29:03.937500,20.0,-5.0,-41.0
001,2020-02-13 15:29:03.968750,16.0,-7.0,-24.0
001,2020-02-13 15:29:04.000000,21.0,-3.0,-39.0
001,2020-02-13 15:29:04.031250,22.0,-2.0,-41.0
001,2020-02-13 15:29:04.062500,24.0,4.0,-56.0
001,2020-02-13 15:29:04.093750,26.0,-5.0,-75.0
001,2020-02-13 15:29:04.125000,24.0,-6.0,-79.0
001,2020-02-13 15:29:04.156250,18.0,-8.0,-62.0
001,2020-02-13 15:29:04.187500,18.0,-2.0,-58.0
001,2020-02-13 15:29:04.218750,15.0,-6.0,-60.0
001,2020-02-13 15:29:04.250000,13.0,2.0,-65.0
001,2020-02-13 15:29:04.281250,13.0,12.0,-58.0
001,2020-02-13 15:29:04.312500,7.0,16.0,-44.0
001,2020-02-13 15:29:04.343750,12.0,29.0,-63.0
001,2020-02-13 15:29:04.375000,7.0,23.0,-70.0
001,2020-02-13 15:29:04.406250,14.0,23.0,-60.0
001,2020-02-13 15:29:04.437500,7.0,45.0,-73.0
001,2020-02-13 15:29:04.468750,8.0,59.0,-56.0
001,2020-02-13 15:29:04.500000,11.0,51.0,-53.0
001,2020-02-13 15:29:04.531250,1.0,40.0,-61.0
001,2020-02-13 15:29:04.562500,14.0,53.0,-30.0
001,2020-02-13 15:29:04.593750,17.0,70.0,-23.0
001,2020-02-13 15:29:04.625000,13.0,69.0,-19.0
001,2020-02-13 15:29:04.656250,-3.0,46.0,3.0
001,2020-02-13 15:29:04.687500,-48.0,26.0,55.0
001,2020-02-13 15:29:04.718750,-28.0,44.0,33.0
001,2020-02-13 15:29:04.750000,-15.0,79.0,27.0
001,2020-02-13 15:29:04.781250,-23.0,57.0,23.0
001,2020-02-13 15:29:04.812500,-23.0,53.0,34.0
001,2020-02-13 15:29:04.843750,-11.0,73.0,35.0
001,2020-02-13 15:29:04.875000,-5.0,55.0,34.0
001,2020-02-13 15:29:04.906250,-7.0,50.0,28.0
001,2020-02-13 15:29:04.937500,12.0,56.0,65.0
001,2020-02-13 15:29:04.968750,-3.0,60.0,72.0
001,2020-02-13 15:29:05.000000,-21.0,49.0,21.0
001,2020-02-13 15:29:05.031250,-32.0,49.0,12.0
001,2020-02-13 15:29:05.062500,-5.0,49.0,60.0
001,2020-02-13 15:29:05.093750,12.0,38.0,73.0
001,2020-02-13 15:29:05.125000,13.0,27.0,66.0
001,2020-02-13 15:29:05.156250,12.0,38.0,73.0
001,2020-02-13 15:29:05.187500,17.0,21.0,48.0
001,2020-02-13 15:29:05.218750,12.0,10.0,31.0
001,2020-02-13 15:29:05.250000,-25.0,-24.0,-45.0
001,2020-02-13 15:29:05.281250,-63.0,24.0,-84.0
001,2020-02-13 15:29:05.312500,-61.0,20.0,-56.0
001,2020-02-13 15:29:05.343750,-50.0,-6.0,-14.0
001,2020-02-13 15:29:05.375000,-47.0,-10.0,-36.0
001,2020-02-13 15:29:05.406250,-71.0,-3.0,-81.0
001,2020-02-13 15:29:05.437500,-63.0,1.0,-77.0
001,2020-02-13 15:29:05.468750,-55.0,7.0,-41.0
001,2020-02-13 15:29:05.500000,-52.0,7.0,15.0
001,2020-02-13 15:29:05.531250,-54.0,11.0,5.0
001,2020-02-13 15:29:05.562500,-57.0,17.0,-5.0
002,2020-02-21 09:19:06.000000,-10.0,-35.0,52.0
002,2020-02-21 09:19:06.031250,-10.0,-35.0,51.0
002,2020-02-21 09:19:06.062500,-10.0,-35.0,51.0
002,2020-02-21 09:19:06.093750,-10.0,-35.0,51.0
002,2020-02-21 09:19:06.125000,-10.0,-35.0,51.0
002,2020-02-21 09:19:06.156250,-9.0,-35.0,52.0
002,2020-02-21 09:19:06.187500,-9.0,-35.0,52.0
002,2020-02-21 09:19:06.218750,-10.0,-35.0,51.0
002,2020-02-21 09:19:06.250000,-10.0,-35.0,52.0
002,2020-02-21 09:19:06.281250,-10.0,-35.0,51.0
002,2020-02-21 09:19:06.312500,-10.0,-35.0,51.0
002,2020-02-21 09:19:06.343750,-9.0,-35.0,51.0
002,2020-02-21 09:19:06.375000,-9.0,-35.0,51.0
002,2020-02-21 09:19:06.406250,-10.0,-35.0,51.0
002,2020-02-21 09:19:06.437500,-10.0,-35.0,52.0
002,2020-02-21 09:19:06.468750,-10.0,-35.0,51.0
002,2020-02-21 09:19:06.500000,-10.0,-34.0,51.0
002,2020-02-21 09:19:06.531250,-10.0,-35.0,51.0
002,2020-02-21 09:19:06.562500,-10.0,-35.0,52.0
002,2020-02-21 09:19:06.593750,-10.0,-34.0,52.0
002,2020-02-21 09:19:06.625000,-10.0,-35.0,51.0
002,2020-02-21 09:19:06.656250,-10.0,-35.0,51.0
002,2020-02-21 09:19:06.687500,-10.0,-35.0,51.0
002,2020-02-21 09:19:06.718750,-10.0,-35.0,51.0
002,2020-02-21 09:19:06.750000,-10.0,-35.0,51.0
002,2020-02-21 09:19:06.781250,-10.0,-35.0,51.0
002,2020-02-21 09:19:06.812500,-10.0,-35.0,51.0
002,2020-02-21 09:19:06.843750,-9.0,-35.0,52.0
002,2020-02-21 09:19:06.875000,-10.0,-35.0,51.0
002,2020-02-21 09:19:06.906250,-10.0,-35.0,51.0
002,2020-02-21 09:19:06.937500,-10.0,-35.0,51.0
002,2020-02-21 09:19:06.968750,-10.0,-35.0,51.0
002,2020-02-21 09:19:07.000000,-9.0,-35.0,51.0
002,2020-02-21 09:19:07.031250,-9.0,-35.0,51.0
002,2020-02-21 09:19:07.062500,-10.0,-35.0,51.0
002,2020-02-21 09:19:07.093750,-9.0,-35.0,51.0
002,2020-02-21 09:19:07.125000,-6.0,-36.0,58.0
002,2020-02-21 09:19:07.156250,2.0,-38.0,67.0
002,2020-02-21 09:19:07.187500,4.0,-43.0,73.0
002,2020-02-21 09:19:07.218750,-41.0,-58.0,57.0
002,2020-02-21 09:19:07.250000,-29.0,-54.0,65.0
002,2020-02-21 09:19:07.281250,-16.0,-38.0,74.0
002,2020-02-21 09:19:07.312500,-14.0,-33.0,69.0
002,2020-02-21 09:19:07.343750,-12.0,-18.0,55.0
002,2020-02-21 09:19:07.375000,-17.0,-12.0,49.0
002,2020-02-21 09:19:07.406250,-16.0,-7.0,48.0
002,2020-02-21 09:19:07.437500,1.0,-3.0,47.0
002,2020-02-21 09:19:07.468750,5.0,-3.0,47.0
002,2020-02-21 09:19:07.500000,-2.0,-5.0,49.0
002,2020-02-21 09:19:07.531250,-3.0,-4.0,49.0
002,2020-02-21 09:19:07.562500,5.0,-4.0,53.0
002,2020-02-21 09:19:07.593750,3.0,-3.0,55.0
002,2020-02-21 09:19:07.625000,2.0,-3.0,56.0
002,2020-02-21 09:19:07.656250,2.0,-3.0,58.0
002,2020-02-21 09:19:07.687500,3.0,-4.0,59.0
002,2020-02-21 09:19:07.718750,1.0,-5.0,60.0
002,2020-02-21 09:19:07.750000,-2.0,-5.0,60.0
002,2020-02-21 09:19:07.781250,-3.0,-4.0,61.0
002,2020-02-21 09:19:07.812500,3.0,-4.0,63.0
002,2020-02-21 09:19:07.843750,3.0,-4.0,63.0
002,2020-02-21 09:19:07.875000,-4.0,-4.0,61.0
002,2020-02-21 09:19:07.906250,-4.0,-4.0,61.0
002,2020-02-21 09:19:07.937500,4.0,-4.0,62.0
002,2020-02-21 09:19:07.968750,2.0,-4.0,62.0
002,2020-02-21 09:19:08.000000,-2.0,-4.0,60.0
002,2020-02-21 09:19:08.031250,1.0,-4.0,61.0
002,2020-02-21 09:19:08.062500,3.0,-5.0,62.0
002,2020-02-21 09:19:08.093750,1.0,-6.0,60.0
002,2020-02-21 09:19:08.125000,1.0,-6.0,60.0
002,2020-02-21 09:19:08.156250,4.0,-7.0,59.0
002,2020-02-21 09:19:08.187500,4.0,-8.0,60.0
002,2020-02-21 09:19:08.218750,5.0,-9.0,60.0
002,2020-02-21 09:19:08.250000,11.0,-10.0,62.0
002,2020-02-21 09:19:08.281250,12.0,-11.0,63.0
002,2020-02-21 09:19:08.312500,8.0,-12.0,62.0
002,2020-02-21 09:19:08.343750,9.0,-13.0,63.0
002,2020-02-21 09:19:08.375000,9.0,-13.0,62.0
002,2020-02-21 09:19:08.406250,6.0,-13.0,61.0
002,2020-02-21 09:19:08.437500,6.0,-13.0,62.0
002,2020-02-21 09:19:08.468750,6.0,-14.0,62.0
002,2020-02-21 09:19:08.500000,4.0,-15.0,62.0
002,2020-02-21 09:19:08.531250,1.0,-15.0,61.0
002,2020-02-21 09:19:08.562500,7.0,-15.0,62.0
002,2020-02-21 09:19:08.593750,7.0,-15.0,62.0
002,2020-02-21 09:19:08.625000,4.0,-15.0,62.0
002,2020-02-21 09:19:08.656250,1.0,-15.0,61.0
002,2020-02-21 09:19:08.687500,4.0,-15.0,62.0
002,2020-02-21 09:19:08.718750,5.0,-15.0,62.0
002,2020-02-21 09:19:08.750000,4.0,-15.0,62.0
002,2020-02-21 09:19:08.781250,2.0,-15.0,62.0
002,2020-02-21 09:19:08.812500,3.0,-15.0,61.0
002,2020-02-21 09:19:08.843750,5.0,-16.0,62.0
002,2020-02-21 09:19:08.875000,5.0,-16.0,61.0
002,2020-02-21 09:19:08.906250,3.0,-15.0,60.0
002,2020-02-21 09:19:08.937500,5.0,-15.0,61.0
002,2020-02-21 09:19:08.968750,4.0,-16.0,60.0
002,2020-02-21 09:19:09.000000,3.0,-15.0,60.0
002,2020-02-21 09:19:09.031250,4.0,-15.0,60.0
002,2020-02-21 09:19:09.062500,4.0,-15.0,60.0
002,2020-02-21 09:19:09.093750,1.0,-15.0,60.0
002,2020-02-21 09:19:09.125000,2.0,-15.0,60.0
002,2020-02-21 09:19:09.156250,3.0,-16.0,61.0
002,2020-02-21 09:19:09.187500,3.0,-16.0,61.0
002,2020-02-21 09:19:09.218750,-1.0,-16.0,61.0
002,2020-02-21 09:19:09.250000,-2.0,-16.0,60.0
002,2020-02-21 09:19:09.281250,0.0,-16.0,61.0
002,2020-02-21 09:19:09.312500,1.0,-16.0,62.0
002,2020-02-21 09:19:09.343750,1.0,-16.0,62.0
002,2020-02-21 09:19:09.375000,0.0,-16.0,61.0
002,2020-02-21 09:19:09.406250,-1.0,-16.0,61.0
002,2020-02-21 09:19:09.437500,-2.0,-16.0,60.0
002,2020-02-21 09:19:09.468750,1.0,-15.0,61.0
002,2020-02-21 09:19:09.500000,1.0,-15.0,61.0
002,2020-02-21 09:19:09.531250,-1.0,-16.0,60.0
002,2020-02-21 09:19:09.562500,-1.0,-16.0,60.0
002,2020-02-21 09:19:09.593750,0.0,-16.0,60.0
002,2020-02-21 09:19:09.625000,0.0,-15.0,60.0
002,2020-02-21 09:19:09.656250,0.0,-16.0,60.0
002,2020-02-21 09:19:09.687500,-1.0,-15.0,60.0
002,2020-02-21 09:19:09.718750,0.0,-16.0,61.0
002,2020-02-21 09:19:09.750000,0.0,-16.0,61.0
002,2020-02-21 09:19:09.781250,0.0,-16.0,61.0
002,2020-02-21 09:19:09.812500,-1.0,-16.0,61.0
002,2020-02-21 09:19:09.843750,0.0,-16.0,61.0
002,2020-02-21 09:19:09.875000,0.0,-15.0,61.0
002,2020-02-21 09:19:09.906250,0.0,-16.0,61.0
002,2020-02-21 09:19:09.937500,0.0,-16.0,61.0
002,2020-02-21 09:19:09.968750,-1.0,-16.0,61.0
002,2020-02-21 09:19:10.000000,-2.0,-15.0,61.0
002,2020-02-21 09:19:10.031250,-2.0,-15.0,61.0
002,2020-02-21 09:19:10.062500,-1.0,-15.0,61.0
002,2020-02-21 09:19:10.093750,-2.0,-15.0,61.0
002,2020-02-21 09:19:10.125000,-3.0,-15.0,61.0
002,2020-02-21 09:19:10.156250,-3.0,-15.0,61.0
002,2020-02-21 09:19:10.187500,-4.0,-15.0,61.0
002,2020-02-21 09:19:10.218750,-3.0,-15.0,61.0
002,2020-02-21 09:19:10.250000,-2.0,-15.0,61.0
002,2020-02-21 09:19:10.281250,-3.0,-15.0,61.0
002,2020-02-21 09:19:10.312500,-3.0,-15.0,61.0
002,2020-02-21 09:19:10.343750,-3.0,-15.0,60.0
002,2020-02-21 09:19:10.375000,-2.0,-14.0,60.0
002,2020-02-21 09:19:10.406250,-3.0,-15.0,60.0
002,2020-02-21 09:19:10.437500,-3.0,-15.0,61.0
002,2020-02-21 09:19:10.468750,-3.0,-15.0,60.0
002,2020-02-21 09:19:10.500000,-3.0,-15.0,61.0
002,2020-02-21 09:19:10.531250,-3.0,-15.0,61.0
002,2020-02-21 09:19:10.562500,-4.0,-15.0,61.0
002,2020-02-21 09:19:10.593750,-3.0,-15.0,61.0
002,2020-02-21 09:19:10.625000,-3.0,-15.0,61.0
002,2020-02-21 09:19:10.656250,-4.0,-15.0,61.0
002,2020-02-21 09:19:10.687500,-4.0,-15.0,61.0
002,2020-02-21 09:19:10.718750,-3.0,-15.0,61.0
002,2020-02-21 09:19:10.750000,-4.0,-15.0,61.0
002,2020-02-21 09:19:10.781250,-4.0,-15.0,61.0
002,2020-02-21 09:19:10.812500,-3.0,-15.0,61.0
002,2020-02-21 09:19:10.843750,-3.0,-15.0,60.0
002,2020-02-21 09:19:10.875000,-4.0,-15.0,61.0
002,2020-02-21 09:19:10.906250,-4.0,-15.0,61.0
002,2020-02-21 09:19:10.937500,-3.0,-15.0,61.0
002,2020-02-21 09:19:10.968750,-4.0,-15.0,61.0
002,2020-02-21 09:19:11.000000,-4.0,-15.0,61.0
002,2020-02-21 09:19:11.031250,-3.0,-15.0,61.0
002,2020-02-21 09:19:11.062500,-3.0,-15.0,61.0
002,2020-02-21 09:19:11.093750,-4.0,-15.0,61.0
002,2020-02-21 09:19:11.125000,-3.0,-15.0,61.0
002,2020-02-21 09:19:11.156250,-4.0,-15.0,60.0
002,2020-02-21 09:19:11.187500,-3.0,-15.0,61.0
002,2020-02-21 09:19:11.218750,-4.0,-15.0,61.0
002,2020-02-21 09:19:11.250000,-4.0,-15.0,61.0
002,2020-02-21 09:19:11.281250,-4.0,-15.0,61.0
002,2020-02-21 09:19:11.312500,-4.0,-15.0,61.0
002,2020-02-21 09:19:11.343750,-4.0,-15.0,61.0
002,2020-02-21 09:19:11.375000,-4.0,-15.0,61.0
002,2020-02-21 09:19:11.406250,-4.0,-15.0,61.0
002,2020-02-21 09:19:11.437500,-4.0,-15.0,61.0
002,2020-02-21 09:19:11.468750,-4.0,-15.0,60.0
002,2020-02-21 09:19:11.500000,-4.0,-15.0,60.0
002,2020-02-21 09:19:11.531250,-5.0,-15.0,61.0
002,2020-02-21 09:19:11.562500,-5.0,-15.0,61.0
002,2020-02-21 09:19:11.593750,-5.0,-15.0,61.0
002,2020-02-21 09:19:11.625000,-5.0,-15.0,61.0
002,2020-02-21 09:19:11.656250,-5.0,-15.0,61.0
002,2020-02-21 09:19:11.687500,-5.0,-15.0,61.0
002,2020-02-21 09:19:11.718750,-5.0,-15.0,61.0
002,2020-02-21 09:19:11.750000,-5.0,-15.0,61.0
002,2020-02-21 09:19:11.781250,-5.0,-15.0,61.0
002,2020-02-21 09:19:11.812500,-5.0,-15.0,61.0
002,2020-02-21 09:19:11.843750,-6.0,-15.0,61.0
002,2020-02-21 09:19:11.875000,-6.0,-15.0,61.0
002,2020-02-21 09:19:11.906250,-6.0,-15.0,61.0
002,2020-02-21 09:19:11.937500,-5.0,-15.0,61.0
002,2020-02-21 09:19:11.968750,-6.0,-15.0,61.0
002,2020-02-21 09:19:12.000000,-6.0,-15.0,61.0
002,2020-02-21 09:19:12.031250,-6.0,-15.0,61.0
002,2020-02-21 09:19:12.062500,-6.0,-15.0,60.0
002,2020-02-21 09:19:12.093750,-6.0,-15.0,60.0
002,2020-02-21 09:19:12.125000,-6.0,-15.0,61.0
002,2020-02-21 09:19:12.156250,-6.0,-14.0,60.0
002,2020-02-21 09:19:12.187500,-6.0,-14.0,61.0
002,2020-02-21 09:19:12.218750,-6.0,-14.0,60.0
002,2020-02-21 09:19:12.250000,-6.0,-15.0,61.0
002,2020-02-21 09:19:12.281250,-7.0,-14.0,61.0
002,2020-02-21 09:19:12.312500,-7.0,-15.0,61.0
002,2020-02-21 09:19:12.343750,-6.0,-14.0,61.0
002,2020-02-21 09:19:12.375000,-6.0,-14.0,61.0
002,2020-02-21 09:19:12.406250,-6.0,-14.0,61.0
002,2020-02-21 09:19:12.437500,-7.0,-14.0,61.0
002,2020-02-21 09:19:12.468750,-7.0,-15.0,61.0
002,2020-02-21 09:19:12.500000,-6.0,-15.0,61.0
002,2020-02-21 09:19:12.531250,-7.0,-15.0,60.0
002,2020-02-21 09:19:12.562500,-7.0,-14.0,61.0
002,2020-02-21 09:19:12.593750,-7.0,-15.0,61.0
002,2020-02-21 09:19:12.625000,-7.0,-15.0,61.0
002,2020-02-21 09:19:12.656250,-7.0,-15.0,61.0
002,2020-02-21 09:19:12.687500,-7.0,-14.0,61.0
002,2020-02-21 09:19:12.718750,-8.0,-15.0,61.0
002,2020-02-21 09:19:12.750000,-7.0,-15.0,61.0
002,2020-02-21 09:19:12.781250,-7.0,-15.0,62.0
002,2020-02-21 09:19:12.812500,-6.0,-14.0,63.0
002,2020-02-21 09:19:12.843750,-10.0,-14.0,61.0
002,2020-02-21 09:19:12.875000,-11.0,-14.0,61.0
002,2020-02-21 09:19:12.906250,-12.0,-13.0,60.0
002,2020-02-21 09:19:12.937500,-11.0,-13.0,60.0
002,2020-02-21 09:19:12.968750,-10.0,-12.0,60.0
002,2020-02-21 09:19:13.000000,-10.0,-12.0,60.0
002,2020-02-21 09:19:13.031250,-9.0,-12.0,60.0
002,2020-02-21 09:19:13.062500,-8.0,-13.0,60.0
002,2020-02-21 09:19:13.093750,-8.0,-13.0,60.0
002,2020-02-21 09:19:13.125000,-9.0,-12.0,60.0
002,2020-02-21 09:19:13.156250,-10.0,-13.0,60.0
002,2020-02-21 09:19:13.187500,-9.0,-13.0,60.0
002,2020-02-21 09:19:13.218750,-10.0,-13.0,61.0
002,2020-02-21 09:19:13.250000,-10.0,-13.0,61.0
002,2020-02-21 09:19:13.281250,-10.0,-13.0,61.0
002,2020-02-21 09:19:13.312500,-10.0,-13.0,61.0
002,2020-02-21 09:19:13.343750,-10.0,-13.0,61.0
002,2020-02-21 09:19:13.375000,-10.0,-13.0,61.0
002,2020-02-21 09:19:13.406250,-10.0,-13.0,61.0
002,2020-02-21 09:19:13.437500,-10.0,-13.0,61.0
002,2020-02-21 09:19:13.468750,-10.0,-13.0,61.0
002,2020-02-21 09:19:13.500000,-10.0,-13.0,60.0
002,2020-02-21 09:19:13.531250,-10.0,-13.0,61.0
002,2020-02-21 09:19:13.562500,-8.0,-13.0,61.0
002,2020-02-21 09:19:13.593750,-7.0,-13.0,61.0
002,2020-02-21 09:19:13.625000,-7.0,-13.0,61.0
002,2020-02-21 09:19:13.656250,-6.0,-13.0,61.0
002,2020-02-21 09:19:13.687500,-6.0,-14.0,61.0
002,2020-02-21 09:19:13.718750,-7.0,-13.0,61.0
002,2020-02-21 09:19:13.750000,-8.0,-14.0,61.0
002,2020-02-21 09:19:13.781250,-7.0,-13.0,61.0
002,2020-02-21 09:19:13.812500,-7.0,-13.0,61.0
002,2020-02-21 09:19:13.843750,-7.0,-14.0,61.0
002,2020-02-21 09:19:13.875000,-7.0,-14.0,61.0
002,2020-02-21 09:19:13.906250,-7.0,-14.0,61.0
002,2020-02-21 09:19:13.937500,-7.0,-14.0,61.0
002,2020-02-21 09:19:13.968750,-7.0,-14.0,60.0
002,2020-02-21 09:19:14.000000,-9.0,-13.0,60.0
002,2020-02-21 09:19:14.031250,-7.0,-13.0,60.0
002,2020-02-21 09:19:14.062500,-3.0,-13.0,61.0
002,2020-02-21 09:19:14.093750,-2.0,-14.0,61.0
002,2020-02-21 09:19:14.125000,-4.0,-14.0,60.0
002,2020-02-21 09:19:14.156250,-9.0,-15.0,58.0
002,2020-02-21 09:19:14.187500,-2.0,-13.0,58.0
002,2020-02-21 09:19:14.218750,13.0,-14.0,63.0
002,2020-02-21 09:19:14.250000,10.0,-17.0,61.0
002,2020-02-21 09:19:14.281250,1.0,-16.0,57.0
002,2020-02-21 09:19:14.312500,12.0,-15.0,62.0
002,2020-02-21 09:19:14.343750,15.0,-15.0,61.0
002,2020-02-21 09:19:14.375000,11.0,-16.0,58.0
002,2020-02-21 09:19:14.406250,16.0,-16.0,60.0
002,2020-02-21 09:19:14.437500,17.0,-16.0,60.0
002,2020-02-21 09:19:14.468750,14.0,-16.0,59.0
002,2020-02-21 09:19:14.500000,15.0,-16.0,59.0
002,2020-02-21 09:19:14.531250,17.0,-16.0,58.0
002,2020-02-21 09:19:14.562500,18.0,-15.0,58.0
002,2020-02-21 09:19:14.593750,16.0,-15.0,57.0
002,2020-02-21 09:19:14.625000,16.0,-16.0,58.0
002,2020-02-21 09:19:14.656250,16.0,-15.0,58.0
002,2020-02-21 09:19:14.687500,18.0,-16.0,58.0
002,2020-02-21 09:19:14.718750,16.0,-16.0,58.0
002,2020-02-21 09:19:14.750000,15.0,-16.0,58.0
002,2020-02-21 09:19:14.781250,17.0,-16.0,58.0
002,2020-02-21 09:19:14.812500,16.0,-16.0,58.0
002,2020-02-21 09:19:14.843750,16.0,-16.0,58.0
002,2020-02-21 09:19:14.875000,16.0,-16.0,58.0
002,2020-02-21 09:19:14.906250,15.0,-16.0,58.0
002,2020-02-21 09:19:14.937500,16.0,-15.0,58.0
002,2020-02-21 09:19:14.968750,17.0,-15.0,59.0
002,2020-02-21 09:19:15.000000,16.0,-16.0,58.0
002,2020-02-21 09:19:15.031250,14.0,-15.0,58.0
002,2020-02-21 09:19:15.062500,14.0,-16.0,58.0
002,2020-02-21 09:19:15.093750,17.0,-15.0,59.0
002,2020-02-21 09:19:15.125000,22.0,-15.0,62.0
002,2020-02-21 09:19:15.156250,26.0,-16.0,63.0
002,2020-02-21 09:19:15.187500,25.0,-15.0,60.0
002,2020-02-21 09:19:15.218750,6.0,-14.0,43.0
002,2020-02-21 09:19:15.250000,-13.0,-12.0,35.0
002,2020-02-21 09:19:15.281250,-45.0,-16.0,31.0
002,2020-02-21 09:19:15.312500,-46.0,-18.0,39.0
002,2020-02-21 09:19:15.343750,-37.0,-21.0,44.0
002,2020-02-21 09:19:15.375000,-20.0,-22.0,53.0
002,2020-02-21 09:19:15.406250,-15.0,-24.0,56.0
002,2020-02-21 09:19:15.437500,-13.0,-26.0,51.0
002,2020-02-21 09:19:15.468750,-24.0,-30.0,46.0
002,2020-02-21 09:19:15.500000,-28.0,-29.0,46.0
002,2020-02-21 09:19:15.531250,-31.0,-31.0,47.0
002,2020-02-21 09:19:15.562500,-28.0,-33.0,47.0
002,2020-02-21 09:19:15.593750,-27.0,-43.0,52.0
002,2020-02-21 09:19:15.625000,-37.0,-63.0,75.0
002,2020-02-21 09:19:15.656250,6.0,-38.0,74.0
002,2020-02-21 09:19:15.687500,-26.0,-32.0,44.0
002,2020-02-21 09:19:15.718750,-14.0,-36.0,49.0
002,2020-02-21 09:19:15.750000,-11.0,-34.0,53.0
002,2020-02-21 09:19:15.781250,-14.0,-34.0,52.0
002,2020-02-21 09:19:15.812500,-21.0,-35.0,50.0
002,2020-02-21 09:19:15.843750,-22.0,-36.0,46.0
002,2020-02-21 09:19:15.875000,-24.0,-37.0,46.0
002,2020-02-21 09:19:15.906250,-25.0,-38.0,47.0
002,2020-02-21 09:19:15.937500,-26.0,-37.0,46.0
002,2020-02-21 09:19:15.968750,-27.0,-36.0,46.0
002,2020-02-21 09:19:16.000000,-22.0,-36.0,48.0
002,2020-02-21 09:19:16.031250,-20.0,-36.0,48.0
002,2020-02-21 09:19:16.062500,-21.0,-35.0,48.0
002,2020-02-21 09:19:16.093750,-21.0,-35.0,48.0
002,2020-02-21 09:19:16.125000,-23.0,-36.0,46.0
002,2020-02-21 09:19:16.156250,-23.0,-36.0,47.0
002,2020-02-21 09:19:16.187500,-25.0,-36.0,46.0
002,2020-02-21 09:19:16.218750,-23.0,-36.0,46.0
002,2020-02-21 09:19:16.250000,-22.0,-36.0,46.0
002,2020-02-21 09:19:16.281250,-22.0,-36.0,47.0
002,2020-02-21 09:19:16.312500,-21.0,-36.0,47.0
002,2020-02-21 09:19:16.343750,-22.0,-36.0,47.0
002,2020-02-21 09:19:16.375000,-22.0,-37.0,47.0
002,2020-02-21 09:19:16.406250,-22.0,-37.0,47.0
002,2020-02-21 09:19:16.437500,-24.0,-37.0,47.0
002,2020-02-21 09:19:16.468750,-23.0,-37.0,47.0
002,2020-02-21 09:19:16.500000,-23.0,-37.0,46.0
002,2020-02-21 09:19:16.531250,-22.0,-37.0,47.0
002,2020-02-21 09:19:16.562500,-21.0,-37.0,47.0
002,2020-02-21 09:19:16.593750,-22.0,-37.0,46.0
002,2020-02-21 09:19:16.625000,-22.0,-37.0,46.0
002,2020-02-21 09:19:16.656250,-22.0,-36.0,46.0
002,2020-02-21 09:19:16.687500,-22.0,-37.0,46.0
002,2020-02-21 09:19:16.718750,-22.0,-36.0,46.0
002,2020-02-21 09:19:16.750000,-22.0,-36.0,46.0
002,2020-02-21 09:19:16.781250,-22.0,-37.0,47.0
002,2020-02-21 09:19:16.812500,-22.0,-36.0,46.0
002,2020-02-21 09:19:16.843750,-22.0,-36.0,46.0
002,2020-02-21 09:19:16.875000,-23.0,-36.0,46.0
002,2020-02-21 09:19:16.906250,-23.0,-36.0,46.0
002,2020-02-21 09:19:16.937500,-23.0,-36.0,45.0
002,2020-02-21 09:19:16.968750,-23.0,-37.0,46.0
002,2020-02-21 09:19:17.000000,-23.0,-37.0,47.0
002,2020-02-21 09:19:17.031250,-23.0,-37.0,46.0
002,2020-02-21 09:19:17.062500,-22.0,-37.0,46.0
002,2020-02-21 09:19:17.093750,-22.0,-37.0,45.0
002,2020-02-21 09:19:17.125000,-22.0,-37.0,46.0
002,2020-02-21 09:19:17.156250,-22.0,-37.0,46.0
002,2020-02-21 09:19:17.187500,-23.0,-37.0,46.0
002,2020-02-21 09:19:17.218750,-23.0,-37.0,46.0
002,2020-02-21 09:19:17.250000,-22.0,-37.0,46.0
002,2020-02-21 09:19:17.281250,-23.0,-37.0,46.0
002,2020-02-21 09:19:17.312500,-23.0,-37.0,46.0
002,2020-02-21 09:19:17.343750,-23.0,-37.0,46.0
002,2020-02-21 09:19:17.375000,-23.0,-37.0,46.0
002,2020-02-21 09:19:17.406250,-23.0,-37.0,46.0
002,2020-02-21 09:19:17.437500,-23.0,-36.0,46.0
002,2020-02-21 09:19:17.468750,-23.0,-36.0,46.0
002,2020-02-21 09:19:17.500000,-23.0,-36.0,46.0
002,2020-02-21 09:19:17.531250,-23.0,-37.0,46.0
002,2020-02-21 09:19:17.562500,-23.0,-37.0,46.0
002,2020-02-21 09:19:17.593750,-23.0,-37.0,46.0
002,2020-02-21 09:19:17.625000,-22.0,-36.0,46.0
002,2020-02-21 09:19:17.656250,-23.0,-36.0,47.0
002,2020-02-21 09:19:17.687500,-23.0,-36.0,46.0
002,2020-02-21 09:19:17.718750,-23.0,-36.0,46.0
002,2020-02-21 09:19:17.750000,-23.0,-37.0,46.0
002,2020-02-21 09:19:17.781250,-24.0,-37.0,46.0
002,2020-02-21 09:19:17.812500,-24.0,-37.0,46.0
002,2020-02-21 09:19:17.843750,-23.0,-37.0,46.0
002,2020-02-21 09:19:17.875000,-23.0,-37.0,46.0
002,2020-02-21 09:19:17.906250,-23.0,-36.0,46.0
002,2020-02-21 09:19:17.937500,-23.0,-36.0,46.0
002,2020-02-21 09:19:17.968750,-23.0,-36.0,46.0
002,2020-02-21 09:19:18.000000,-23.0,-36.0,46.0
002,2020-02-21 09:19:18.031250,-23.0,-36.0,46.0
002,2020-02-21 09:19:18.062500,-24.0,-36.0,46.0
002,2020-02-21 09:19:18.093750,-23.0,-36.0,46.0
002,2020-02-21 09:19:18.125000,-23.0,-36.0,46.0
002,2020-02-21 09:19:18.156250,-23.0,-36.0,46.0
002,2020-02-21 09:19:18.187500,-23.0,-36.0,47.0
002,2020-02-21 09:19:18.218750,-23.0,-36.0,46.0
002,2020-02-21 09:19:18.250000,-23.0,-37.0,47.0
002,2020-02-21 09:19:18.281250,-23.0,-36.0,46.0
002,2020-02-21 09:19:18.312500,-23.0,-36.0,46.0
002,2020-02-21 09:19:18.343750,-23.0,-36.0,47.0
002,2020-02-21 09:19:18.375000,-23.0,-36.0,46.0
002,2020-02-21 09:19:18.406250,-23.0,-36.0,46.0
002,2020-02-21 09:19:18.437500,-23.0,-36.0,46.0
002,2020-02-21 09:19:18.468750,-23.0,-36.0,47.0
002,2020-02-21 09:19:18.500000,-23.0,-36.0,46.0
002,2020-02-21 09:19:18.531250,-23.0,-36.0,46.0
002,2020-02-21 09:19:18.562500,-23.0,-36.0,46.0
002,2020-02-21 09:19:18.593750,-23.0,-36.0,46.0
002,2020-02-21 09:19:18.625000,-23.0,-36.0,46.0
002,2020-02-21 09:19:18.656250,-23.0,-36.0,46.0
002,2020-02-21 09:19:18.687500,-23.0,-36.0,46.0
002,2020-02-21 09:19:18.718750,-23.0,-36.0,46.0
002,2020-02-21 09:19:18.750000,-23.0,-36.0,46.0
002,2020-02-21 09:19:18.781250,-23.0,-36.0,46.0
002,2020-02-21 09:19:18.812500,-23.0,-36.0,46.0
002,2020-02-21 09:19:18.843750,-23.0,-36.0,46.0
002,2020-02-21 09:19:18.875000,-23.0,-36.0,46.0
002,2020-02-21 09:19:18.906250,-23.0,-36.0,46.0
002,2020-02-21 09:19:18.937500,-23.0,-36.0,46.0
002,2020-02-21 09:19:18.968750,-23.0,-36.0,46.0
002,2020-02-21 09:19:19.000000,-23.0,-36.0,46.0
002,2020-02-21 09:19:19.031250,-24.0,-36.0,46.0
002,2020-02-21 09:19:19.062500,-23.0,-36.0,46.0
002,2020-02-21 09:19:19.093750,-23.0,-36.0,46.0
002,2020-02-21 09:19:19.125000,-23.0,-36.0,46.0
002,2020-02-21 09:19:19.156250,-23.0,-36.0,46.0
002,2020-02-21 09:19:19.187500,-23.0,-36.0,46.0
002,2020-02-21 09:19:19.218750,-24.0,-36.0,46.0
002,2020-02-21 09:19:19.250000,-24.0,-37.0,46.0
002,2020-02-21 09:19:19.281250,-26.0,-38.0,46.0
002,2020-02-21 09:19:19.312500,-27.0,-39.0,47.0
002,2020-02-21 09:19:19.343750,-27.0,-41.0,58.0
002,2020-02-21 09:19:19.375000,-24.0,-44.0,55.0
002,2020-02-21 09:19:19.406250,-31.0,-48.0,45.0
002,2020-02-21 09:19:19.437500,-32.0,-37.0,55.0
002,2020-02-21 09:19:19.468750,-30.0,-34.0,55.0
002,2020-02-21 09:19:19.500000,-13.0,-29.0,57.0
002,2020-02-21 09:19:19.531250,-16.0,-28.0,54.0
002,2020-02-21 09:19:19.562500,-11.0,-23.0,54.0
002,2020-02-21 09:19:19.593750,-3.0,-19.0,58.0
002,2020-02-21 09:19:19.625000,-8.0,-20.0,57.0
002,2020-02-21 09:19:19.656250,-10.0,-17.0,52.0
002,2020-02-21 09:19:19.687500,-6.0,-16.0,51.0
002,2020-02-21 09:19:19.718750,7.0,-15.0,59.0
002,2020-02-21 09:19:19.750000,7.0,-14.0,58.0
002,2020-02-21 09:19:19.781250,-5.0,-14.0,54.0
002,2020-02-21 09:19:19.812500,-7.0,-14.0,55.0
002,2020-02-21 09:19:19.843750,-3.0,-14.0,58.0
002,2020-02-21 09:19:19.875000,2.0,-15.0,60.0
002,2020-02-21 09:19:19.906250,-1.0,-15.0,59.0
002,2020-02-21 09:19:19.937500,0.0,-15.0,60.0
002,2020-02-21 09:19:19.968750,2.0,-15.0,61.0
002,2020-02-21 09:19:20.000000,2.0,-15.0,61.0
002,2020-02-21 09:19:20.031250,0.0,-15.0,60.0
002,2020-02-21 09:19:20.062500,1.0,-14.0,60.0
002,2020-02-21 09:19:20.093750,2.0,-14.0,61.0
002,2020-02-21 09:19:20.125000,2.0,-14.0,60.0
002,2020-02-21 09:19:20.156250,1.0,-14.0,60.0
002,2020-02-21 09:19:20.187500,-1.0,-15.0,60.0
002,2020-02-21 09:19:20.218750,1.0,-14.0,61.0
002,2020-02-21 09:19:20.250000,1.0,-16.0,64.0
002,2020-02-21 09:19:20.281250,1.0,-16.0,65.0
002,2020-02-21 09:19:20.312500,-3.0,-17.0,66.0
002,2020-02-21 09:19:20.343750,-9.0,-17.0,66.0
002,2020-02-21 09:19:20.375000,-8.0,-16.0,67.0
002,2020-02-21 09:19:20.406250,-10.0,-15.0,68.0
002,2020-02-21 09:19:20.437500,-9.0,-15.0,68.0
002,2020-02-21 09:19:20.468750,-21.0,-7.0,59.0
002,2020-02-21 09:19:20.500000,-28.0,-6.0,57.0
002,2020-02-21 09:19:20.531250,-32.0,-3.0,53.0
002,2020-02-21 09:19:20.562500,-25.0,-3.0,56.0
002,2020-02-21 09:19:20.593750,-27.0,0.0,52.0
002,2020-02-21 09:19:20.625000,-43.0,2.0,45.0
002,2020-02-21 09:19:20.656250,-49.0,2.0,44.0
002,2020-02-21 09:19:20.687500,-46.0,3.0,43.0
002,2020-02-21 09:19:20.718750,-48.0,4.0,41.0
002,2020-02-21 09:19:20.750000,-47.0,3.0,39.0
002,2020-02-21 09:19:20.781250,-48.0,8.0,36.0
002,2020-02-21 09:19:20.812500,-50.0,9.0,33.0
002,2020-02-21 09:19:20.843750,-50.0,11.0,31.0
002,2020-02-21 09:19:20.875000,-55.0,12.0,28.0
002,2020-02-21 09:19:20.906250,-57.0,14.0,29.0
002,2020-02-21 09:19:20.937500,-55.0,17.0,29.0
002,2020-02-21 09:19:20.968750,-54.0,17.0,28.0
002,2020-02-21 09:19:21.000000,-56.0,19.0,27.0
002,2020-02-21 09:19:21.031250,-58.0,20.0,26.0
002,2020-02-21 09:19:21.062500,-55.0,14.0,23.0
002,2020-02-21 09:19:21.093750,-57.0,27.0,27.0
002,2020-02-21 09:19:21.125000,-53.0,22.0,26.0
002,2020-02-21 09:19:21.156250,-56.0,21.0,23.0
002,2020-02-21 09:19:21.187500,-56.0,22.0,23.0
002,2020-02-21 09:19:21.218750,-57.0,16.0,22.0
002,2020-02-21 09:19:21.250000,-55.0,25.0,23.0
002,2020-02-21 09:19:21.281250,-55.0,21.0,22.0
002,2020-02-21 09:19:21.312500,-58.0,28.0,22.0
002,2020-02-21 09:19:21.343750,-56.0,28.0,22.0
002,2020-02-21 09:19:21.375000,-51.0,23.0,20.0
002,2020-02-21 09:19:21.406250,-55.0,25.0,19.0
002,2020-02-21 09:19:21.437500,-54.0,23.0,17.0
002,2020-02-21 09:19:21.468750,-56.0,31.0,20.0
002,2020-02-21 09:19:21.500000,-54.0,31.0,24.0
002,2020-02-21 09:19:21.531250,-58.0,39.0,20.0
002,2020-02-21 09:19:21.562500,-57.0,38.0,17.0
003,2020-02-22 18:09:41.000000,-61.0,9.0,25.0
003,2020-02-22 18:09:41.031250,-63.0,9.0,24.0
003,2020-02-22 18:09:41.062500,-61.0,9.0,23.0
003,2020-02-22 18:09:41.093750,-59.0,9.0,25.0
003,2020-02-22 18:09:41.125000,-61.0,10.0,25.0
003,2020-02-22 18:09:41.156250,-63.0,9.0,23.0
003,2020-02-22 18:09:41.187500,-61.0,8.0,23.0
003,2020-02-22 18:09:41.218750,-61.0,8.0,22.0
003,2020-02-22 18:09:41.250000,-63.0,9.0,25.0
003,2020-02-22 18:09:41.281250,-61.0,9.0,23.0
003,2020-02-22 18:09:41.312500,-61.0,9.0,23.0
003,2020-02-22 18:09:41.343750,-62.0,9.0,25.0
003,2020-02-22 18:09:41.375000,-63.0,10.0,24.0
003,2020-02-22 18:09:41.406250,-61.0,9.0,24.0
003,2020-02-22 18:09:41.437500,-60.0,9.0,24.0
003,2020-02-22 18:09:41.468750,-61.0,8.0,24.0
003,2020-02-22 18:09:41.500000,-62.0,9.0,24.0
003,2020-02-22 18:09:41.531250,-62.0,8.0,23.0
003,2020-02-22 18:09:41.562500,-61.0,8.0,23.0
003,2020-02-22 18:09:41.593750,-62.0,9.0,24.0
003,2020-02-22 18:09:41.625000,-63.0,8.0,23.0
003,2020-02-22 18:09:41.656250,-62.0,8.0,23.0
003,2020-02-22 18:09:41.687500,-60.0,8.0,23.0
003,2020-02-22 18:09:41.718750,-61.0,8.0,22.0
003,2020-02-22 18:09:41.750000,-61.0,8.0,23.0
003,2020-02-22 18:09:41.781250,-61.0,8.0,23.0
003,2020-02-22 18:09:41.812500,-62.0,9.0,22.0
003,2020-02-22 18:09:41.843750,-62.0,9.0,22.0
003,2020-02-22 18:09:41.875000,-61.0,9.0,23.0
003,2020-02-22 18:09:41.906250,-61.0,9.0,24.0
003,2020-02-22 18:09:41.937500,-61.0,9.0,23.0
003,2020-02-22 18:09:41.968750,-61.0,9.0,23.0
003,2020-02-22 18:09:42.000000,-61.0,9.0,24.0
003,2020-02-22 18:09:42.031250,-62.0,9.0,23.0
003,2020-02-22 18:09:42.062500,-62.0,9.0,23.0
003,2020-02-22 18:09:42.093750,-61.0,10.0,26.0
003,2020-02-22 18:09:42.125000,-62.0,10.0,26.0
003,2020-02-22 18:09:42.156250,-61.0,9.0,25.0
003,2020-02-22 18:09:42.187500,-61.0,9.0,24.0
003,2020-02-22 18:09:42.218750,-61.0,9.0,24.0
003,2020-02-22 18:09:42.250000,-62.0,9.0,24.0
003,2020-02-22 18:09:42.281250,-62.0,9.0,24.0
003,2020-02-22 18:09:42.312500,-62.0,9.0,23.0
003,2020-02-22 18:09:42.343750,-62.0,9.0,22.0
003,2020-02-22 18:09:42.375000,-62.0,8.0,22.0
003,2020-02-22 18:09:42.406250,-60.0,7.0,21.0
003,2020-02-22 18:09:42.437500,-63.0,7.0,20.0
003,2020-02-22 18:09:42.468750,-61.0,9.0,23.0
003,2020-02-22 18:09:42.500000,-60.0,9.0,25.0
003,2020-02-22 18:09:42.531250,-61.0,9.0,23.0
003,2020-02-22 18:09:42.562500,-62.0,9.0,23.0
003,2020-02-22 18:09:42.593750,-62.0,9.0,24.0
003,2020-02-22 18:09:42.625000,-61.0,9.0,23.0
003,2020-02-22 18:09:42.656250,-61.0,8.0,22.0
003,2020-02-22 18:09:42.687500,-61.0,8.0,21.0
003,2020-02-22 18:09:42.718750,-62.0,9.0,23.0
003,2020-02-22 18:09:42.750000,-62.0,9.0,25.0
003,2020-02-22 18:09:42.781250,-61.0,9.0,25.0
003,2020-02-22 18:09:42.812500,-63.0,8.0,22.0
003,2020-02-22 18:09:42.843750,-60.0,10.0,25.0
003,2020-02-22 18:09:42.875000,-61.0,10.0,26.0
003,2020-02-22 18:09:42.906250,-61.0,9.0,25.0
003,2020-02-22 18:09:42.937500,-60.0,9.0,24.0
003,2020-02-22 18:09:42.968750,-62.0,9.0,24.0
003,2020-02-22 18:09:43.000000,-60.0,9.0,25.0
003,2020-02-22 18:09:43.031250,-62.0,9.0,24.0
003,2020-02-22 18:09:43.062500,-61.0,9.0,24.0
003,2020-02-22 18:09:43.093750,-61.0,8.0,23.0
003,2020-02-22 18:09:43.125000,-65.0,8.0,21.0
003,2020-02-22 18:09:43.156250,-64.0,8.0,21.0
003,2020-02-22 18:09:43.187500,-61.0,8.0,23.0
003,2020-02-22 18:09:43.218750,-58.0,8.0,25.0
003,2020-02-22 18:09:43.250000,-59.0,7.0,25.0
003,2020-02-22 18:09:43.281250,-57.0,8.0,27.0
003,2020-02-22 18:09:43.312500,-61.0,9.0,27.0
003,2020-02-22 18:09:43.343750,-61.0,9.0,27.0
003,2020-02-22 18:09:43.375000,-59.0,9.0,28.0
003,2020-02-22 18:09:43.406250,-60.0,9.0,28.0
003,2020-02-22 18:09:43.437500,-59.0,10.0,29.0
003,2020-02-22 18:09:43.468750,-60.0,11.0,29.0
003,2020-02-22 18:09:43.500000,-60.0,10.0,26.0
003,2020-02-22 18:09:43.531250,-60.0,9.0,25.0
003,2020-02-22 18:09:43.562500,-62.0,9.0,26.0
003,2020-02-22 18:09:43.593750,-62.0,9.0,26.0
003,2020-02-22 18:09:43.625000,-60.0,8.0,25.0
003,2020-02-22 18:09:43.656250,-61.0,9.0,24.0
003,2020-02-22 18:09:43.687500,-61.0,9.0,26.0
003,2020-02-22 18:09:43.718750,-62.0,9.0,26.0
003,2020-02-22 18:09:43.750000,-61.0,9.0,25.0
003,2020-02-22 18:09:43.781250,-62.0,8.0,23.0
003,2020-02-22 18:09:43.812500,-61.0,7.0,22.0
003,2020-02-22 18:09:43.843750,-59.0,7.0,24.0
003,2020-02-22 18:09:43.875000,-62.0,8.0,25.0
003,2020-02-22 18:09:43.906250,-63.0,8.0,25.0
003,2020-02-22 18:09:43.937500,-63.0,8.0,24.0
003,2020-02-22 18:09:43.968750,-59.0,8.0,27.0
003,2020-02-22 18:09:44.000000,-59.0,7.0,25.0
003,2020-02-22 18:09:44.031250,-58.0,8.0,26.0
003,2020-02-22 18:09:44.062500,-62.0,9.0,28.0
003,2020-02-22 18:09:44.093750,-61.0,9.0,28.0
003,2020-02-22 18:09:44.125000,-59.0,9.0,26.0
003,2020-02-22 18:09:44.156250,-60.0,8.0,25.0
003,2020-02-22 18:09:44.187500,-60.0,8.0,25.0
003,2020-02-22 18:09:44.218750,-59.0,8.0,27.0
003,2020-02-22 18:09:44.250000,-62.0,9.0,27.0
003,2020-02-22 18:09:44.281250,-61.0,9.0,28.0
003,2020-02-22 18:09:44.312500,-60.0,9.0,26.0
003,2020-02-22 18:09:44.343750,-61.0,8.0,26.0
003,2020-02-22 18:09:44.375000,-61.0,8.0,24.0
003,2020-02-22 18:09:44.406250,-61.0,8.0,24.0
003,2020-02-22 18:09:44.437500,-59.0,7.0,25.0
003,2020-02-22 18:09:44.468750,-59.0,7.0,25.0
003,2020-02-22 18:09:44.500000,-60.0,9.0,27.0
003,2020-02-22 18:09:44.531250,-60.0,9.0,28.0
003,2020-02-22 18:09:44.562500,-61.0,9.0,27.0
003,2020-02-22 18:09:44.593750,-60.0,9.0,26.0
003,2020-02-22 18:09:44.625000,-60.0,9.0,26.0
003,2020-02-22 18:09:44.656250,-60.0,9.0,26.0
003,2020-02-22 18:09:44.687500,-61.0,9.0,26.0
003,2020-02-22 18:09:44.718750,-60.0,8.0,25.0
003,2020-02-22 18:09:44.750000,-61.0,8.0,24.0
003,2020-02-22 18:09:44.781250,-63.0,9.0,25.0
003,2020-02-22 18:09:44.812500,-59.0,9.0,25.0
003,2020-02-22 18:09:44.843750,-59.0,9.0,26.0
003,2020-02-22 18:09:44.875000,-61.0,9.0,26.0
003,2020-02-22 18:09:44.906250,-62.0,9.0,25.0
003,2020-02-22 18:09:44.937500,-60.0,8.0,25.0
003,2020-02-22 18:09:44.968750,-58.0,8.0,28.0
003,2020-02-22 18:09:45.000000,-60.0,8.0,27.0
003,2020-02-22 18:09:45.031250,-62.0,9.0,27.0
003,2020-02-22 18:09:45.062500,-60.0,9.0,28.0
003,2020-02-22 18:09:45.093750,-61.0,8.0,26.0
003,2020-02-22 18:09:45.125000,-62.0,8.0,24.0
003,2020-02-22 18:09:45.156250,-62.0,8.0,22.0
003,2020-02-22 18:09:45.187500,-60.0,8.0,22.0
003,2020-02-22 18:09:45.218750,-60.0,8.0,23.0
003,2020-02-22 18:09:45.250000,-62.0,8.0,25.0
003,2020-02-22 18:09:45.281250,-61.0,8.0,24.0
003,2020-02-22 18:09:45.312500,-61.0,8.0,23.0
003,2020-02-22 18:09:45.343750,-61.0,8.0,24.0
003,2020-02-22 18:09:45.375000,-61.0,8.0,25.0
003,2020-02-22 18:09:45.406250,-60.0,8.0,26.0
003,2020-02-22 18:09:45.437500,-61.0,8.0,24.0
003,2020-02-22 18:09:45.468750,-62.0,8.0,22.0
003,2020-02-22 18:09:45.500000,-61.0,8.0,23.0
003,2020-02-22 18:09:45.531250,-60.0,8.0,25.0
003,2020-02-22 18:09:45.562500,-59.0,9.0,27.0
003,2020-02-22 18:09:45.593750,-60.0,9.0,27.0
003,2020-02-22 18:09:45.625000,-60.0,9.0,26.0
003,2020-02-22 18:09:45.656250,-59.0,10.0,27.0
003,2020-02-22 18:09:45.687500,-58.0,10.0,28.0
003,2020-02-22 18:09:45.718750,-62.0,10.0,27.0
003,2020-02-22 18:09:45.750000,-61.0,9.0,26.0
003,2020-02-22 18:09:45.781250,-62.0,9.0,25.0
003,2020-02-22 18:09:45.812500,-61.0,8.0,23.0
003,2020-02-22 18:09:45.843750,-60.0,8.0,23.0
003,2020-02-22 18:09:45.875000,-61.0,8.0,24.0
003,2020-02-22 18:09:45.906250,-61.0,9.0,27.0
003,2020-02-22 18:09:45.937500,-62.0,9.0,25.0
003,2020-02-22 18:09:45.968750,-60.0,9.0,24.0
003,2020-02-22 18:09:46.000000,-61.0,9.0,26.0
003,2020-02-22 18:09:46.031250,-61.0,9.0,25.0
003,2020-02-22 18:09:46.062500,-60.0,9.0,26.0
003,2020-02-22 18:09:46.093750,-59.0,9.0,28.0
003,2020-02-22 18:09:46.125000,-60.0,8.0,24.0
003,2020-02-22 18:09:46.156250,-62.0,7.0,22.0
003,2020-02-22 18:09:46.187500,-61.0,8.0,23.0
003,2020-02-22 18:09:46.218750,-62.0,9.0,25.0
003,2020-02-22 18:09:46.250000,-62.0,8.0,24.0
003,2020-02-22 18:09:46.281250,-62.0,8.0,23.0
003,2020-02-22 18:09:46.312500,-61.0,8.0,24.0
003,2020-02-22 18:09:46.343750,-61.0,8.0,23.0
003,2020-02-22 18:09:46.375000,-60.0,8.0,24.0
003,2020-02-22 18:09:46.406250,-62.0,9.0,26.0
003,2020-02-22 18:09:46.437500,-62.0,9.0,25.0
003,2020-02-22 18:09:46.468750,-61.0,10.0,24.0
003,2020-02-22 18:09:46.500000,-57.0,11.0,29.0
003,2020-02-22 18:09:46.531250,-64.0,11.0,25.0
003,2020-02-22 18:09:46.562500,-62.0,10.0,21.0
003,2020-02-22 18:09:46.593750,-61.0,9.0,23.0
003,2020-02-22 18:09:46.625000,-59.0,9.0,25.0
003,2020-02-22 18:09:46.656250,-62.0,9.0,23.0
003,2020-02-22 18:09:46.687500,-57.0,10.0,28.0
003,2020-02-22 18:09:46.718750,-59.0,10.0,30.0
003,2020-02-22 18:09:46.750000,-62.0,10.0,26.0
003,2020-02-22 18:09:46.781250,-62.0,10.0,24.0
003,2020-02-22 18:09:46.812500,-61.0,10.0,24.0
003,2020-02-22 18:09:46.843750,-61.0,9.0,24.0
003,2020-02-22 18:09:46.875000,-62.0,9.0,23.0
003,2020-02-22 18:09:46.906250,-61.0,9.0,22.0
003,2020-02-22 18:09:46.937500,-61.0,9.0,22.0
003,2020-02-22 18:09:46.968750,-62.0,8.0,23.0
003,2020-02-22 18:09:47.000000,-61.0,9.0,23.0
003,2020-02-22 18:09:47.031250,-61.0,9.0,25.0
003,2020-02-22 18:09:47.062500,-61.0,11.0,26.0
003,2020-02-22 18:09:47.093750,-61.0,10.0,25.0
003,2020-02-22 18:09:47.125000,-62.0,10.0,24.0
003,2020-02-22 18:09:47.156250,-64.0,11.0,23.0
003,2020-02-22 18:09:47.187500,-61.0,9.0,23.0
003,2020-02-22 18:09:47.218750,-60.0,9.0,22.0
003,2020-02-22 18:09:47.250000,-59.0,9.0,22.0
003,2020-02-22 18:09:47.281250,-63.0,10.0,24.0
003,2020-02-22 18:09:47.312500,-61.0,11.0,25.0
003,2020-02-22 18:09:47.343750,-60.0,11.0,25.0
003,2020-02-22 18:09:47.375000,-60.0,10.0,26.0
003,2020-02-22 18:09:47.406250,-62.0,11.0,24.0
003,2020-02-22 18:09:47.437500,-61.0,11.0,24.0
003,2020-02-22 18:09:47.468750,-60.0,11.0,25.0
003,2020-02-22 18:09:47.500000,-59.0,9.0,26.0
003,2020-02-22 18:09:47.531250,-60.0,9.0,25.0
003,2020-02-22 18:09:47.562500,-62.0,9.0,23.0
003,2020-02-22 18:09:47.593750,-61.0,9.0,23.0
003,2020-02-22 18:09:47.625000,-62.0,9.0,23.0
003,2020-02-22 18:09:47.656250,-63.0,9.0,21.0
003,2020-02-22 18:09:47.687500,-62.0,9.0,22.0
003,2020-02-22 18:09:47.718750,-62.0,8.0,21.0
003,2020-02-22 18:09:47.750000,-60.0,9.0,24.0
003,2020-02-22 18:09:47.781250,-62.0,9.0,23.0
003,2020-02-22 18:09:47.812500,-61.0,8.0,22.0
003,2020-02-22 18:09:47.843750,-60.0,8.0,22.0
003,2020-02-22 18:09:47.875000,-61.0,8.0,23.0
003,2020-02-22 18:09:47.906250,-60.0,8.0,24.0
003,2020-02-22 18:09:47.937500,-65.0,9.0,22.0
003,2020-02-22 18:09:47.968750,-62.0,9.0,24.0
003,2020-02-22 18:09:48.000000,-61.0,8.0,25.0
003,2020-02-22 18:09:48.031250,-60.0,9.0,25.0
003,2020-02-22 18:09:48.062500,-57.0,8.0,26.0
003,2020-02-22 18:09:48.093750,-58.0,8.0,27.0
003,2020-02-22 18:09:48.125000,-59.0,9.0,29.0
003,2020-02-22 18:09:48.156250,-62.0,10.0,28.0
003,2020-02-22 18:09:48.187500,-61.0,10.0,27.0
003,2020-02-22 18:09:48.218750,-60.0,9.0,25.0
003,2020-02-22 18:09:48.250000,-61.0,9.0,25.0
003,2020-02-22 18:09:48.281250,-62.0,8.0,24.0
003,2020-02-22 18:09:48.312500,-59.0,8.0,25.0
003,2020-02-22 18:09:48.343750,-60.0,9.0,26.0
003,2020-02-22 18:09:48.375000,-60.0,9.0,28.0
003,2020-02-22 18:09:48.406250,-59.0,10.0,28.0
003,2020-02-22 18:09:48.437500,-60.0,9.0,26.0
003,2020-02-22 18:09:48.468750,-60.0,10.0,25.0
003,2020-02-22 18:09:48.500000,-59.0,9.0,24.0
003,2020-02-22 18:09:48.531250,-63.0,9.0,24.0
003,2020-02-22 18:09:48.562500,-61.0,9.0,24.0
003,2020-02-22 18:09:48.593750,-59.0,9.0,25.0
003,2020-02-22 18:09:48.625000,-61.0,9.0,26.0
003,2020-02-22 18:09:48.656250,-62.0,9.0,27.0
003,2020-02-22 18:09:48.687500,-60.0,11.0,29.0
003,2020-02-22 18:09:48.718750,-58.0,10.0,30.0
003,2020-02-22 18:09:48.750000,-58.0,10.0,30.0
003,2020-02-22 18:09:48.781250,-61.0,10.0,27.0
003,2020-02-22 18:09:48.812500,-58.0,10.0,27.0
003,2020-02-22 18:09:48.843750,-60.0,10.0,26.0
003,2020-02-22 18:09:48.875000,-61.0,9.0,25.0
003,2020-02-22 18:09:48.906250,-60.0,9.0,26.0
003,2020-02-22 18:09:48.937500,-59.0,9.0,26.0
003,2020-02-22 18:09:48.968750,-59.0,8.0,26.0
003,2020-02-22 18:09:49.000000,-60.0,9.0,26.0
003,2020-02-22 18:09:49.031250,-59.0,9.0,26.0
003,2020-02-22 18:09:49.062500,-60.0,9.0,27.0
003,2020-02-22 18:09:49.093750,-59.0,8.0,26.0
003,2020-02-22 18:09:49.125000,-58.0,9.0,27.0
003,2020-02-22 18:09:49.156250,-60.0,9.0,27.0
003,2020-02-22 18:09:49.187500,-63.0,9.0,27.0
003,2020-02-22 18:09:49.218750,-61.0,9.0,26.0
003,2020-02-22 18:09:49.250000,-62.0,9.0,22.0
003,2020-02-22 18:09:49.281250,-60.0,8.0,23.0
003,2020-02-22 18:09:49.312500,-61.0,8.0,22.0
003,2020-02-22 18:09:49.343750,-61.0,8.0,22.0
003,2020-02-22 18:09:49.375000,-61.0,8.0,24.0
003,2020-02-22 18:09:49.406250,-61.0,8.0,24.0
003,2020-02-22 18:09:49.437500,-61.0,8.0,25.0
003,2020-02-22 18:09:49.468750,-61.0,9.0,26.0
003,2020-02-22 18:09:49.500000,-61.0,10.0,26.0
003,2020-02-22 18:09:49.531250,-60.0,9.0,27.0
003,2020-02-22 18:09:49.562500,-59.0,9.0,24.0
003,2020-02-22 18:09:49.593750,-59.0,9.0,24.0
003,2020-02-22 18:09:49.625000,-60.0,9.0,25.0
003,2020-02-22 18:09:49.656250,-62.0,9.0,26.0
003,2020-02-22 18:09:49.687500,-61.0,9.0,26.0
003,2020-02-22 18:09:49.718750,-61.0,9.0,26.0
003,2020-02-22 18:09:49.750000,-63.0,10.0,25.0
003,2020-02-22 18:09:49.781250,-56.0,10.0,27.0
003,2020-02-22 18:09:49.812500,-60.0,9.0,27.0
003,2020-02-22 18:09:49.843750,-59.0,9.0,26.0
003,2020-02-22 18:09:49.875000,-64.0,9.0,25.0
003,2020-02-22 18:09:49.906250,-61.0,9.0,26.0
003,2020-02-22 18:09:49.937500,-60.0,8.0,26.0
003,2020-02-22 18:09:49.968750,-60.0,8.0,26.0
003,2020-02-22 18:09:50.000000,-59.0,9.0,27.0
003,2020-02-22 18:09:50.031250,-61.0,10.0,28.0
003,2020-02-22 18:09:50.062500,-60.0,10.0,28.0
003,2020-02-22 18:09:50.093750,-59.0,10.0,27.0
003,2020-02-22 18:09:50.125000,-59.0,10.0,29.0
003,2020-02-22 18:09:50.156250,-60.0,10.0,29.0
003,2020-02-22 18:09:50.187500,-60.0,9.0,25.0
003,2020-02-22 18:09:50.218750,-60.0,8.0,24.0
003,2020-02-22 18:09:50.250000,-59.0,8.0,25.0
003,2020-02-22 18:09:50.281250,-62.0,10.0,27.0
003,2020-02-22 18:09:50.312500,-60.0,9.0,26.0
003,2020-02-22 18:09:50.343750,-59.0,9.0,27.0
003,2020-02-22 18:09:50.375000,-61.0,10.0,28.0
003,2020-02-22 18:09:50.406250,-60.0,9.0,26.0
003,2020-02-22 18:09:50.437500,-62.0,8.0,25.0
003,2020-02-22 18:09:50.468750,-59.0,8.0,25.0
003,2020-02-22 18:09:50.500000,-58.0,9.0,26.0
003,2020-02-22 18:09:50.531250,-60.0,10.0,26.0
003,2020-02-22 18:09:50.562500,-59.0,9.0,27.0
003,2020-02-22 18:09:50.593750,-62.0,9.0,26.0
003,2020-02-22 18:09:50.625000,-61.0,9.0,26.0
003,2020-02-22 18:09:50.656250,-60.0,9.0,27.0
003,2020-02-22 18:09:50.687500,-61.0,9.0,25.0
003,2020-02-22 18:09:50.718750,-61.0,10.0,26.0
003,2020-02-22 18:09:50.750000,-59.0,9.0,27.0
003,2020-02-22 18:09:50.781250,-61.0,9.0,26.0
003,2020-02-22 18:09:50.812500,-61.0,9.0,26.0
003,2020-02-22 18:09:50.843750,-60.0,9.0,25.0
003,2020-02-22 18:09:50.875000,-60.0,9.0,24.0
003,2020-02-22 18:09:50.906250,-61.0,9.0,24.0
003,2020-02-22 18:09:50.937500,-61.0,8.0,23.0
003,2020-02-22 18:09:50.968750,-61.0,9.0,24.0
003,2020-02-22 18:09:51.000000,-62.0,8.0,25.0
003,2020-02-22 18:09:51.031250,-61.0,8.0,24.0
003,2020-02-22 18:09:51.062500,-60.0,9.0,25.0
003,2020-02-22 18:09:51.093750,-60.0,9.0,25.0
003,2020-02-22 18:09:51.125000,-60.0,9.0,25.0
003,2020-02-22 18:09:51.156250,-59.0,10.0,26.0
003,2020-02-22 18:09:51.187500,-59.0,10.0,28.0
003,2020-02-22 18:09:51.218750,-59.0,11.0,29.0
003,2020-02-22 18:09:51.250000,-60.0,11.0,28.0
003,2020-02-22 18:09:51.281250,-56.0,10.0,29.0
003,2020-02-22 18:09:51.312500,-61.0,10.0,27.0
003,2020-02-22 18:09:51.343750,-61.0,10.0,28.0
003,2020-02-22 18:09:51.375000,-60.0,10.0,27.0
003,2020-02-22 18:09:51.406250,-60.0,9.0,23.0
003,2020-02-22 18:09:51.437500,-59.0,9.0,23.0
003,2020-02-22 18:09:51.468750,-63.0,9.0,22.0
003,2020-02-22 18:09:51.500000,-62.0,9.0,24.0
003,2020-02-22 18:09:51.531250,-59.0,9.0,23.0
003,2020-02-22 18:09:51.562500,-60.0,9.0,24.0
003,2020-02-22 18:09:51.593750,-61.0,9.0,26.0
003,2020-02-22 18:09:51.625000,-61.0,10.0,26.0
003,2020-02-22 18:09:51.656250,-59.0,10.0,26.0
003,2020-02-22 18:09:51.687500,-57.0,11.0,28.0
003,2020-02-22 18:09:51.718750,-61.0,11.0,28.0
003,2020-02-22 18:09:51.750000,-62.0,12.0,28.0
003,2020-02-22 18:09:51.781250,-60.0,11.0,28.0
003,2020-02-22 18:09:51.812500,-60.0,10.0,27.0
003,2020-02-22 18:09:51.843750,-58.0,9.0,26.0
003,2020-02-22 18:09:51.875000,-61.0,8.0,24.0
003,2020-02-22 18:09:51.906250,-62.0,9.0,24.0
003,2020-02-22 18:09:51.937500,-62.0,9.0,24.0
003,2020-02-22 18:09:51.968750,-63.0,9.0,21.0
003,2020-02-22 18:09:52.000000,-61.0,8.0,21.0
003,2020-02-22 18:09:52.031250,-62.0,8.0,21.0
003,2020-02-22 18:09:52.062500,-62.0,8.0,22.0
003,2020-02-22 18:09:52.093750,-62.0,8.0,23.0
003,2020-02-22 18:09:52.125000,-61.0,8.0,24.0
003,2020-02-22 18:09:52.156250,-62.0,8.0,23.0
003,2020-02-22 18:09:52.187500,-62.0,9.0,23.0
003,2020-02-22 18:09:52.218750,-62.0,9.0,23.0
003,2020-02-22 18:09:52.250000,-62.0,8.0,22.0
003,2020-02-22 18:09:52.281250,-60.0,7.0,22.0
003,2020-02-22 18:09:52.312500,-59.0,8.0,23.0
003,2020-02-22 18:09:52.343750,-62.0,9.0,23.0
003,2020-02-22 18:09:52.375000,-62.0,10.0,24.0
003,2020-02-22 18:09:52.406250,-61.0,10.0,25.0
003,2020-02-22 18:09:52.437500,-60.0,10.0,25.0
003,2020-02-22 18:09:52.468750,-61.0,10.0,23.0
003,2020-02-22 18:09:52.500000,-60.0,10.0,23.0
003,2020-02-22 18:09:52.531250,-62.0,10.0,24.0
003,2020-02-22 18:09:52.562500,-61.0,10.0,25.0
003,2020-02-22 18:09:52.593750,-62.0,9.0,23.0
003,2020-02-22 18:09:52.625000,-60.0,8.0,24.0
003,2020-02-22 18:09:52.656250,-61.0,8.0,25.0
003,2020-02-22 18:09:52.687500,-64.0,7.0,23.0
003,2020-02-22 18:09:52.718750,-62.0,7.0,22.0
003,2020-02-22 18:09:52.750000,-62.0,7.0,22.0
003,2020-02-22 18:09:52.781250,-63.0,7.0,22.0
003,2020-02-22 18:09:52.812500,-62.0,8.0,21.0
003,2020-02-22 18:09:52.843750,-62.0,9.0,22.0
003,2020-02-22 18:09:52.875000,-61.0,9.0,22.0
003,2020-02-22 18:09:52.906250,-62.0,9.0,22.0
003,2020-02-22 18:09:52.937500,-62.0,9.0,21.0
003,2020-02-22 18:09:52.968750,-62.0,10.0,22.0
003,2020-02-22 18:09:53.000000,-61.0,10.0,23.0
003,2020-02-22 18:09:53.031250,-61.0,9.0,23.0
003,2020-02-22 18:09:53.062500,-62.0,9.0,22.0
003,2020-02-22 18:09:53.093750,-63.0,10.0,21.0
003,2020-02-22 18:09:53.125000,-63.0,9.0,20.0
003,2020-02-22 18:09:53.156250,-63.0,9.0,20.0
003,2020-02-22 18:09:53.187500,-63.0,9.0,20.0
003,2020-02-22 18:09:53.218750,-62.0,9.0,21.0
003,2020-02-22 18:09:53.250000,-62.0,9.0,20.0
003,2020-02-22 18:09:53.281250,-63.0,9.0,18.0
003,2020-02-22 18:09:53.312500,-63.0,9.0,18.0
003,2020-02-22 18:09:53.343750,-64.0,9.0,18.0
003,2020-02-22 18:09:53.375000,-64.0,9.0,17.0
003,2020-02-22 18:09:53.406250,-64.0,9.0,17.0
003,2020-02-22 18:09:53.437500,-64.0,10.0,17.0
003,2020-02-22 18:09:53.468750,-63.0,9.0,18.0
003,2020-02-22 18:09:53.500000,-63.0,9.0,18.0
003,2020-02-22 18:09:53.531250,-64.0,9.0,19.0
003,2020-02-22 18:09:53.562500,-63.0,9.0,17.0
003,2020-02-22 18:09:53.593750,-63.0,9.0,16.0
003,2020-02-22 18:09:53.625000,-63.0,9.0,16.0
003,2020-02-22 18:09:53.656250,-63.0,8.0,16.0
003,2020-02-22 18:09:53.687500,-64.0,8.0,16.0
003,2020-02-22 18:09:53.718750,-65.0,8.0,16.0
003,2020-02-22 18:09:53.750000,-65.0,9.0,16.0
003,2020-02-22 18:09:53.781250,-65.0,9.0,16.0
003,2020-02-22 18:09:53.812500,-64.0,9.0,16.0
003,2020-02-22 18:09:53.843750,-63.0,9.0,17.0
003,2020-02-22 18:09:53.875000,-63.0,9.0,17.0
003,2020-02-22 18:09:53.906250,-63.0,9.0,16.0
003,2020-02-22 18:09:53.937500,-63.0,9.0,16.0
003,2020-02-22 18:09:53.968750,-63.0,9.0,15.0
003,2020-02-22 18:09:54.000000,-64.0,9.0,16.0
003,2020-02-22 18:09:54.031250,-63.0,9.0,16.0
003,2020-02-22 18:09:54.062500,-64.0,9.0,17.0
003,2020-02-22 18:09:54.093750,-64.0,8.0,16.0
003,2020-02-22 18:09:54.125000,-64.0,8.0,16.0
003,2020-02-22 18:09:54.156250,-65.0,9.0,16.0
003,2020-02-22 18:09:54.187500,-64.0,9.0,16.0
003,2020-02-22 18:09:54.218750,-64.0,9.0,15.0
003,2020-02-22 18:09:54.250000,-64.0,9.0,16.0
003,2020-02-22 18:09:54.281250,-64.0,9.0,16.0
003,2020-02-22 18:09:54.312500,-63.0,9.0,16.0
003,2020-02-22 18:09:54.343750,-63.0,9.0,16.0
003,2020-02-22 18:09:54.375000,-63.0,9.0,17.0
003,2020-02-22 18:09:54.406250,-63.0,9.0,17.0
003,2020-02-22 18:09:54.437500,-64.0,9.0,16.0
003,2020-02-22 18:09:54.468750,-64.0,9.0,15.0
003,2020-02-22 18:09:54.500000,-64.0,9.0,16.0
003,2020-02-22 18:09:54.531250,-64.0,9.0,16.0
003,2020-02-22 18:09:54.562500,-64.0,9.0,16.0
003,2020-02-22 18:09:54.593750,-64.0,9.0,16.0
003,2020-02-22 18:09:54.625000,-64.0,9.0,16.0
003,2020-02-22 18:09:54.656250,-64.0,9.0,16.0
003,2020-02-22 18:09:54.687500,-63.0,10.0,16.0
003,2020-02-22 18:09:54.718750,-63.0,10.0,16.0
003,2020-02-22 18:09:54.750000,-63.0,9.0,16.0
003,2020-02-22 18:09:54.781250,-64.0,9.0,16.0
003,2020-02-22 18:09:54.812500,-64.0,9.0,16.0
003,2020-02-22 18:09:54.843750,-64.0,9.0,16.0
003,2020-02-22 18:09:54.875000,-64.0,9.0,16.0
003,2020-02-22 18:09:54.906250,-64.0,9.0,16.0
003,2020-02-22 18:09:54.937500,-63.0,9.0,16.0
003,2020-02-22 18:09:54.968750,-63.0,9.0,16.0
003,2020-02-22 18:09:55.000000,-64.0,8.0,15.0
003,2020-02-22 18:09:55.031250,-63.0,9.0,15.0
003,2020-02-22 18:09:55.062500,-64.0,9.0,15.0
003,2020-02-22 18:09:55.093750,-64.0,8.0,15.0
003,2020-02-22 18:09:55.125000,-64.0,8.0,15.0
003,2020-02-22 18:09:55.156250,-64.0,8.0,15.0
003,2020-02-22 18:09:55.187500,-64.0,7.0,15.0
003,2020-02-22 18:09:55.218750,-64.0,7.0,15.0
003,2020-02-22 18:09:55.250000,-64.0,6.0,14.0
003,2020-02-22 18:09:55.281250,-65.0,6.0,13.0
003,2020-02-22 18:09:55.312500,-67.0,6.0,11.0
003,2020-02-22 18:09:55.343750,-66.0,5.0,13.0
003,2020-02-22 18:09:55.375000,-66.0,5.0,12.0
003,2020-02-22 18:09:55.406250,-71.0,5.0,12.0
003,2020-02-22 18:09:55.437500,-54.0,1.0,14.0
003,2020-02-22 18:09:55.468750,-50.0,2.0,5.0
003,2020-02-22 18:09:55.500000,-62.0,0.0,0.0
003,2020-02-22 18:09:55.531250,-64.0,-6.0,-1.0
003,2020-02-22 18:09:55.562500,-66.0,-7.0,-2.0
003,2020-02-22 18:09:55.593750,-79.0,-10.0,-12.0
003,2020-02-22 18:09:55.625000,-78.0,1.0,-11.0
003,2020-02-22 18:09:55.656250,-71.0,-6.0,-7.0
003,2020-02-22 18:09:55.687500,-67.0,2.0,-21.0
003,2020-02-22 18:09:55.718750,-82.0,9.0,-8.0
003,2020-02-22 18:09:55.750000,-75.0,9.0,-4.0
003,2020-02-22 18:09:55.781250,-46.0,10.0,17.0
003,2020-02-22 18:09:55.812500,-51.0,18.0,21.0
003,2020-02-22 18:09:55.843750,-51.0,27.0,21.0
003,2020-02-22 18:09:55.875000,-49.0,44.0,19.0
003,2020-02-22 18:09:55.906250,-65.0,40.0,30.0
003,2020-02-22 18:09:55.937500,-47.0,29.0,37.0
003,2020-02-22 18:09:55.968750,-38.0,23.0,37.0
003,2020-02-22 18:09:56.000000,-41.0,25.0,39.0
003,2020-02-22 18:09:56.031250,-46.0,29.0,39.0
003,2020-02-22 18:09:56.062500,-46.0,35.0,34.0
003,2020-02-22 18:09:56.093750,-60.0,36.0,23.0
003,2020-02-22 18:09:56.125000,-81.0,35.0,10.0
003,2020-02-22 18:09:56.156250,-50.0,22.0,27.0
003,2020-02-22 18:09:56.187500,-48.0,16.0,25.0
003,2020-02-22 18:09:56.218750,-56.0,14.0,16.0
003,2020-02-22 18:09:56.250000,-59.0,7.0,-1.0
003,2020-02-22 18:09:56.281250,-71.0,6.0,-14.0
003,2020-02-22 18:09:56.312500,-73.0,5.0,-9.0
003,2020-02-22 18:09:56.343750,-80.0,4.0,-11.0
003,2020-02-22 18:09:56.375000,-70.0,3.0,-18.0
003,2020-02-22 18:09:56.406250,-65.0,4.0,-17.0
003,2020-02-22 18:09:56.437500,-68.0,4.0,-16.0
003,2020-02-22 18:09:56.468750,-68.0,6.0,-13.0
003,2020-02-22 18:09:56.500000,-64.0,6.0,-15.0
003,2020-02-22 18:09:56.531250,-65.0,7.0,-11.0
003,2020-02-22 18:09:56.562500,-65.0,7.0,-8.0
004,2020-02-27 08:37:22.000000,55.0,-12.0,25.0
004,2020-02-27 08:37:22.031250,55.0,-12.0,25.0
004,2020-02-27 08:37:22.062500,55.0,-13.0,25.0
004,2020-02-27 08:37:22.093750,55.0,-13.0,24.0
004,2020-02-27 08:37:22.125000,55.0,-14.0,25.0
004,2020-02-27 08:37:22.156250,55.0,-14.0,26.0
004,2020-02-27 08:37:22.187500,56.0,-14.0,26.0
004,2020-02-27 08:37:22.218750,55.0,-13.0,25.0
004,2020-02-27 08:37:22.250000,53.0,-12.0,24.0
004,2020-02-27 08:37:22.281250,54.0,-11.0,24.0
004,2020-02-27 08:37:22.312500,56.0,-12.0,24.0
004,2020-02-27 08:37:22.343750,56.0,-13.0,24.0
004,2020-02-27 08:37:22.375000,57.0,-15.0,25.0
004,2020-02-27 08:37:22.406250,56.0,-15.0,25.0
004,2020-02-27 08:37:22.437500,55.0,-14.0,25.0
004,2020-02-27 08:37:22.468750,56.0,-13.0,25.0
004,2020-02-27 08:37:22.500000,55.0,-12.0,26.0
004,2020-02-27 08:37:22.531250,55.0,-12.0,26.0
004,2020-02-27 08:37:22.562500,55.0,-12.0,25.0
004,2020-02-27 08:37:22.593750,55.0,-12.0,25.0
004,2020-02-27 08:37:22.625000,56.0,-12.0,25.0
004,2020-02-27 08:37:22.656250,55.0,-13.0,26.0
004,2020-02-27 08:37:22.687500,55.0,-13.0,26.0
004,2020-02-27 08:37:22.718750,55.0,-14.0,26.0
004,2020-02-27 08:37:22.750000,55.0,-14.0,25.0
004,2020-02-27 08:37:22.781250,55.0,-13.0,25.0
004,2020-02-27 08:37:22.812500,56.0,-13.0,25.0
004,2020-02-27 08:37:22.843750,56.0,-12.0,25.0
004,2020-02-27 08:37:22.875000,56.0,-13.0,26.0
004,2020-02-27 08:37:22.906250,56.0,-13.0,26.0
004,2020-02-27 08:37:22.937500,54.0,-13.0,26.0
004,2020-02-27 08:37:22.968750,54.0,-13.0,26.0
004,2020-02-27 08:37:23.000000,55.0,-13.0,26.0
004,2020-02-27 08:37:23.031250,55.0,-13.0,26.0
004,2020-02-27 08:37:23.062500,55.0,-14.0,26.0
004,2020-02-27 08:37:23.093750,55.0,-13.0,26.0
004,2020-02-27 08:37:23.125000,55.0,-13.0,26.0
004,2020-02-27 08:37:23.156250,55.0,-13.0,26.0
004,2020-02-27 08:37:23.187500,55.0,-13.0,26.0
004,2020-02-27 08:37:23.218750,55.0,-13.0,26.0
004,2020-02-27 08:37:23.250000,55.0,-13.0,26.0
004,2020-02-27 08:37:23.281250,55.0,-13.0,26.0
004,2020-02-27 08:37:23.312500,55.0,-13.0,26.0
004,2020-02-27 08:37:23.343750,55.0,-13.0,26.0
004,2020-02-27 08:37:23.375000,55.0,-13.0,26.0
004,2020-02-27 08:37:23.406250,54.0,-13.0,26.0
004,2020-02-27 08:37:23.437500,55.0,-13.0,26.0
004,2020-02-27 08:37:23.468750,54.0,-13.0,26.0
004,2020-02-27 08:37:23.500000,55.0,-13.0,26.0
004,2020-02-27 08:37:23.531250,55.0,-13.0,26.0
004,2020-02-27 08:37:23.562500,55.0,-13.0,26.0
004,2020-02-27 08:37:23.593750,55.0,-13.0,26.0
004,2020-02-27 08:37:23.625000,55.0,-13.0,27.0
004,2020-02-27 08:37:23.656250,54.0,-13.0,26.0
004,2020-02-27 08:37:23.687500,55.0,-13.0,26.0
004,2020-02-27 08:37:23.718750,55.0,-13.0,26.0
004,2020-02-27 08:37:23.750000,55.0,-13.0,27.0
004,2020-02-27 08:37:23.781250,55.0,-13.0,27.0
004,2020-02-27 08:37:23.812500,54.0,-13.0,27.0
004,2020-02-27 08:37:23.843750,54.0,-13.0,27.0
004,2020-02-27 08:37:23.875000,54.0,-13.0,27.0
004,2020-02-27 08:37:23.906250,55.0,-13.0,27.0
004,2020-02-27 08:37:23.937500,54.0,-13.0,27.0
004,2020-02-27 08:37:23.968750,55.0,-13.0,27.0
004,2020-02-27 08:37:24.000000,54.0,-13.0,27.0
004,2020-02-27 08:37:24.031250,54.0,-13.0,27.0
004,2020-02-27 08:37:24.062500,55.0,-13.0,27.0
004,2020-02-27 08:37:24.093750,54.0,-13.0,26.0
004,2020-02-27 08:37:24.125000,54.0,-13.0,26.0
004,2020-02-27 08:37:24.156250,55.0,-14.0,26.0
004,2020-02-27 08:37:24.187500,55.0,-14.0,24.0
004,2020-02-27 08:37:24.218750,56.0,-13.0,25.0
004,2020-02-27 08:37:24.250000,56.0,-13.0,23.0
004,2020-02-27 08:37:24.281250,56.0,-13.0,23.0
004,2020-02-27 08:37:24.312500,56.0,-13.0,24.0
004,2020-02-27 08:37:24.343750,55.0,-13.0,24.0
004,2020-02-27 08:37:24.375000,56.0,-13.0,23.0
004,2020-02-27 08:37:24.406250,56.0,-12.0,24.0
004,2020-02-27 08:37:24.437500,57.0,-12.0,22.0
004,2020-02-27 08:37:24.468750,58.0,-12.0,22.0
004,2020-02-27 08:37:24.500000,57.0,-12.0,21.0
004,2020-02-27 08:37:24.531250,57.0,-12.0,22.0
004,2020-02-27 08:37:24.562500,57.0,-12.0,23.0
004,2020-02-27 08:37:24.593750,56.0,-12.0,22.0
004,2020-02-27 08:37:24.625000,57.0,-12.0,22.0
004,2020-02-27 08:37:24.656250,57.0,-12.0,24.0
004,2020-02-27 08:37:24.687500,56.0,-12.0,23.0
004,2020-02-27 08:37:24.718750,56.0,-11.0,22.0
004,2020-02-27 08:37:24.750000,58.0,-11.0,23.0
004,2020-02-27 08:37:24.781250,57.0,-11.0,22.0
004,2020-02-27 08:37:24.812500,57.0,-11.0,22.0
004,2020-02-27 08:37:24.843750,57.0,-10.0,22.0
004,2020-02-27 08:37:24.875000,57.0,-10.0,21.0
004,2020-02-27 08:37:24.906250,58.0,-10.0,22.0
004,2020-02-27 08:37:24.937500,56.0,-11.0,22.0
004,2020-02-27 08:37:24.968750,56.0,-12.0,22.0
004,2020-02-27 08:37:25.000000,57.0,-12.0,22.0
004,2020-02-27 08:37:25.031250,57.0,-12.0,22.0
004,2020-02-27 08:37:25.062500,56.0,-12.0,22.0
004,2020-02-27 08:37:25.093750,57.0,-12.0,22.0
004,2020-02-27 08:37:25.125000,56.0,-11.0,22.0
004,2020-02-27 08:37:25.156250,57.0,-11.0,22.0
004,2020-02-27 08:37:25.187500,58.0,-11.0,21.0
004,2020-02-27 08:37:25.218750,56.0,-12.0,22.0
004,2020-02-27 08:37:25.250000,59.0,-13.0,24.0
004,2020-02-27 08:37:25.281250,59.0,-11.0,25.0
004,2020-02-27 08:37:25.312500,53.0,-14.0,24.0
004,2020-02-27 08:37:25.343750,69.0,-12.0,27.0
004,2020-02-27 08:37:25.375000,78.0,-12.0,30.0
004,2020-02-27 08:37:25.406250,62.0,-8.0,22.0
004,2020-02-27 08:37:25.437500,64.0,-7.0,21.0
004,2020-02-27 08:37:25.468750,84.0,-2.0,16.0
004,2020-02-27 08:37:25.500000,75.0,5.0,19.0
004,2020-02-27 08:37:25.531250,67.0,5.0,10.0
004,2020-02-27 08:37:25.562500,68.0,7.0,4.0
004,2020-02-27 08:37:25.593750,63.0,14.0,-7.0
004,2020-02-27 08:37:25.625000,60.0,20.0,-16.0
004,2020-02-27 08:37:25.656250,57.0,22.0,-18.0
004,2020-02-27 08:37:25.687500,50.0,23.0,-23.0
004,2020-02-27 08:37:25.718750,50.0,23.0,-25.0
004,2020-02-27 08:37:25.750000,40.0,23.0,-31.0
004,2020-02-27 08:37:25.781250,34.0,24.0,-32.0
004,2020-02-27 08:37:25.812500,33.0,25.0,-32.0
004,2020-02-27 08:37:25.843750,31.0,22.0,-33.0
004,2020-02-27 08:37:25.875000,38.0,26.0,-34.0
004,2020-02-27 08:37:25.906250,36.0,27.0,-36.0
004,2020-02-27 08:37:25.937500,43.0,25.0,-41.0
004,2020-02-27 08:37:25.968750,45.0,26.0,-42.0
004,2020-02-27 08:37:26.000000,40.0,31.0,-35.0
004,2020-02-27 08:37:26.031250,31.0,28.0,-39.0
004,2020-02-27 08:37:26.062500,37.0,29.0,-31.0
004,2020-02-27 08:37:26.093750,43.0,27.0,-32.0
004,2020-02-27 08:37:26.125000,41.0,30.0,-34.0
004,2020-02-27 08:37:26.156250,42.0,29.0,-35.0
004,2020-02-27 08:37:26.187500,41.0,29.0,-35.0
004,2020-02-27 08:37:26.218750,41.0,34.0,-30.0
004,2020-02-27 08:37:26.250000,42.0,33.0,-32.0
004,2020-02-27 08:37:26.281250,42.0,31.0,-35.0
004,2020-02-27 08:37:26.312500,38.0,31.0,-36.0
004,2020-02-27 08:37:26.343750,40.0,26.0,-37.0
004,2020-02-27 08:37:26.375000,45.0,27.0,-37.0
004,2020-02-27 08:37:26.406250,45.0,27.0,-40.0
004,2020-02-27 08:37:26.437500,40.0,28.0,-38.0
004,2020-02-27 08:37:26.468750,41.0,29.0,-36.0
004,2020-02-27 08:37:26.500000,42.0,28.0,-35.0
004,2020-02-27 08:37:26.531250,42.0,28.0,-36.0
004,2020-02-27 08:37:26.562500,42.0,27.0,-37.0
004,2020-02-27 08:37:26.593750,43.0,28.0,-36.0
004,2020-02-27 08:37:26.625000,41.0,28.0,-34.0
004,2020-02-27 08:37:26.656250,42.0,28.0,-34.0
004,2020-02-27 08:37:26.687500,43.0,29.0,-34.0
004,2020-02-27 08:37:26.718750,42.0,28.0,-35.0
004,2020-02-27 08:37:26.750000,42.0,29.0,-35.0
004,2020-02-27 08:37:26.781250,43.0,29.0,-36.0
004,2020-02-27 08:37:26.812500,46.0,28.0,-35.0
004,2020-02-27 08:37:26.843750,43.0,30.0,-33.0
004,2020-02-27 08:37:26.875000,47.0,31.0,-31.0
004,2020-02-27 08:37:26.906250,44.0,29.0,-30.0
004,2020-02-27 08:37:26.937500,45.0,30.0,-29.0
004,2020-02-27 08:37:26.968750,45.0,30.0,-31.0
004,2020-02-27 08:37:27.000000,44.0,28.0,-31.0
004,2020-02-27 08:37:27.031250,47.0,31.0,-21.0
004,2020-02-27 08:37:27.062500,50.0,30.0,-19.0
004,2020-02-27 08:37:27.093750,47.0,27.0,-29.0
004,2020-02-27 08:37:27.125000,54.0,26.0,-16.0
004,2020-02-27 08:37:27.156250,48.0,26.0,-19.0
004,2020-02-27 08:37:27.187500,54.0,22.0,-14.0
004,2020-02-27 08:37:27.218750,59.0,23.0,-11.0
004,2020-02-27 08:37:27.250000,57.0,19.0,-20.0
004,2020-02-27 08:37:27.281250,65.0,18.0,-13.0
004,2020-02-27 08:37:27.312500,67.0,24.0,-9.0
004,2020-02-27 08:37:27.343750,68.0,25.0,-13.0
004,2020-02-27 08:37:27.375000,65.0,19.0,-14.0
004,2020-02-27 08:37:27.406250,64.0,17.0,-13.0
004,2020-02-27 08:37:27.437500,59.0,15.0,-16.0
004,2020-02-27 08:37:27.468750,65.0,14.0,-7.0
004,2020-02-27 08:37:27.500000,64.0,13.0,-6.0
004,2020-02-27 08:37:27.531250,64.0,10.0,-5.0
004,2020-02-27 08:37:27.562500,64.0,10.0,-3.0
004,2020-02-27 08:37:27.593750,63.0,8.0,1.0
004,2020-02-27 08:37:27.625000,63.0,10.0,1.0
004,2020-02-27 08:37:27.656250,61.0,10.0,-2.0
004,2020-02-27 08:37:27.687500,59.0,10.0,-4.0
004,2020-02-27 08:37:27.718750,63.0,9.0,2.0
004,2020-02-27 08:37:27.750000,59.0,9.0,1.0
004,2020-02-27 08:37:27.781250,57.0,12.0,-5.0
004,2020-02-27 08:37:27.812500,61.0,15.0,-5.0
004,2020-02-27 08:37:27.843750,56.0,15.0,-10.0
004,2020-02-27 08:37:27.875000,60.0,17.0,-10.0
004,2020-02-27 08:37:27.906250,55.0,16.0,-15.0
004,2020-02-27 08:37:27.937500,61.0,15.0,-13.0
004,2020-02-27 08:37:27.968750,54.0,15.0,-13.0
004,2020-02-27 08:37:28.000000,59.0,16.0,-20.0
004,2020-02-27 08:37:28.031250,65.0,14.0,-20.0
004,2020-02-27 08:37:28.062500,61.0,13.0,-17.0
004,2020-02-27 08:37:28.093750,59.0,11.0,-16.0
004,2020-02-27 08:37:28.125000,61.0,11.0,-16.0
004,2020-02-27 08:37:28.156250,60.0,11.0,-17.0
004,2020-02-27 08:37:28.187500,59.0,11.0,-19.0
004,2020-02-27 08:37:28.218750,70.0,13.0,-17.0
004,2020-02-27 08:37:28.250000,64.0,11.0,-17.0
004,2020-02-27 08:37:28.281250,59.0,11.0,-19.0
004,2020-02-27 08:37:28.312500,61.0,12.0,-18.0
004,2020-02-27 08:37:28.343750,56.0,14.0,-19.0
004,2020-02-27 08:37:28.375000,53.0,15.0,-22.0
004,2020-02-27 08:37:28.406250,50.0,16.0,-23.0
004,2020-02-27 08:37:28.437500,51.0,16.0,-23.0
004,2020-02-27 08:37:28.468750,56.0,15.0,-21.0
004,2020-02-27 08:37:28.500000,57.0,14.0,-20.0
004,2020-02-27 08:37:28.531250,59.0,12.0,-22.0
004,2020-02-27 08:37:28.562500,58.0,10.0,-22.0
004,2020-02-27 08:37:28.593750,57.0,9.0,-21.0
004,2020-02-27 08:37:28.625000,59.0,10.0,-20.0
004,2020-02-27 08:37:28.656250,57.0,10.0,-19.0
004,2020-02-27 08:37:28.687500,59.0,11.0,-18.0
004,2020-02-27 08:37:28.718750,62.0,12.0,-17.0
004,2020-02-27 08:37:28.750000,65.0,12.0,-22.0
004,2020-02-27 08:37:28.781250,64.0,11.0,-21.0
004,2020-02-27 08:37:28.812500,59.0,10.0,-20.0
004,2020-02-27 08:37:28.843750,55.0,9.0,-19.0
004,2020-02-27 08:37:28.875000,60.0,8.0,-20.0
004,2020-02-27 08:37:28.906250,57.0,8.0,-19.0
004,2020-02-27 08:37:28.937500,65.0,7.0,-15.0
004,2020-02-27 08:37:28.968750,60.0,7.0,-16.0
004,2020-02-27 08:37:29.000000,61.0,7.0,-11.0
004,2020-02-27 08:37:29.031250,65.0,6.0,-10.0
004,2020-02-27 08:37:29.062500,64.0,6.0,-9.0
004,2020-02-27 08:37:29.093750,62.0,6.0,-6.0
004,2020-02-27 08:37:29.125000,64.0,5.0,-6.0
004,2020-02-27 08:37:29.156250,65.0,6.0,-3.0
004,2020-02-27 08:37:29.187500,64.0,5.0,-6.0
004,2020-02-27 08:37:29.218750,66.0,3.0,-11.0
004,2020-02-27 08:37:29.250000,65.0,4.0,-10.0
004,2020-02-27 08:37:29.281250,60.0,6.0,-10.0
004,2020-02-27 08:37:29.312500,57.0,8.0,-11.0
004,2020-02-27 08:37:29.343750,52.0,9.0,-14.0
004,2020-02-27 08:37:29.375000,53.0,11.0,-17.0
004,2020-02-27 08:37:29.406250,52.0,12.0,-19.0
004,2020-02-27 08:37:29.437500,54.0,16.0,-24.0
004,2020-02-27 08:37:29.468750,51.0,17.0,-25.0
004,2020-02-27 08:37:29.500000,53.0,21.0,-29.0
004,2020-02-27 08:37:29.531250,58.0,23.0,-25.0
004,2020-02-27 08:37:29.562500,61.0,25.0,-19.0
004,2020-02-27 08:37:29.593750,64.0,27.0,-18.0
004,2020-02-27 08:37:29.625000,66.0,27.0,-17.0
004,2020-02-27 08:37:29.656250,58.0,25.0,-17.0
004,2020-02-27 08:37:29.687500,58.0,25.0,-16.0
004,2020-02-27 08:37:29.718750,63.0,26.0,-9.0
004,2020-02-27 08:37:29.750000,61.0,27.0,-8.0
004,2020-02-27 08:37:29.781250,47.0,28.0,-4.0
004,2020-02-27 08:37:29.812500,53.0,28.0,-4.0
004,2020-02-27 08:37:29.843750,59.0,29.0,4.0
004,2020-02-27 08:37:29.875000,59.0,28.0,5.0
004,2020-02-27 08:37:29.906250,57.0,28.0,3.0
004,2020-02-27 08:37:29.937500,56.0,29.0,7.0
004,2020-02-27 08:37:29.968750,50.0,28.0,8.0
004,2020-02-27 08:37:30.000000,49.0,27.0,13.0
004,2020-02-27 08:37:30.031250,47.0,26.0,20.0
004,2020-02-27 08:37:30.062500,42.0,26.0,23.0
004,2020-02-27 08:37:30.093750,42.0,24.0,23.0
004,2020-02-27 08:37:30.125000,49.0,23.0,23.0
004,2020-02-27 08:37:30.156250,52.0,23.0,23.0
004,2020-02-27 08:37:30.187500,53.0,23.0,21.0
004,2020-02-27 08:37:30.218750,56.0,23.0,20.0
004,2020-02-27 08:37:30.250000,52.0,22.0,19.0
004,2020-02-27 08:37:30.281250,53.0,22.0,21.0
004,2020-02-27 08:37:30.312500,62.0,18.0,23.0
004,2020-02-27 08:37:30.343750,56.0,19.0,22.0
004,2020-02-27 08:37:30.375000,54.0,19.0,25.0
004,2020-02-27 08:37:30.406250,55.0,20.0,23.0
004,2020-02-27 08:37:30.437500,54.0,22.0,23.0
004,2020-02-27 08:37:30.468750,55.0,20.0,21.0
004,2020-02-27 08:37:30.500000,51.0,20.0,20.0
004,2020-02-27 08:37:30.531250,58.0,20.0,27.0
004,2020-02-27 08:37:30.562500,65.0,19.0,28.0
004,2020-02-27 08:37:30.593750,55.0,22.0,23.0
004,2020-02-27 08:37:30.625000,58.0,23.0,25.0
004,2020-02-27 08:37:30.656250,53.0,24.0,26.0
004,2020-02-27 08:37:30.687500,53.0,26.0,25.0
004,2020-02-27 08:37:30.718750,52.0,27.0,25.0
004,2020-02-27 08:37:30.750000,53.0,28.0,26.0
004,2020-02-27 08:37:30.781250,52.0,29.0,26.0
004,2020-02-27 08:37:30.812500,50.0,30.0,26.0
004,2020-02-27 08:37:30.843750,47.0,30.0,25.0
004,2020-02-27 08:37:30.875000,49.0,31.0,26.0
004,2020-02-27 08:37:30.906250,48.0,31.0,24.0
004,2020-02-27 08:37:30.937500,45.0,33.0,24.0
004,2020-02-27 08:37:30.968750,42.0,34.0,24.0
004,2020-02-27 08:37:31.000000,43.0,36.0,22.0
004,2020-02-27 08:37:31.031250,42.0,37.0,22.0
004,2020-02-27 08:37:31.062500,42.0,39.0,24.0
004,2020-02-27 08:37:31.093750,44.0,41.0,25.0
004,2020-02-27 08:37:31.125000,41.0,42.0,25.0
004,2020-02-27 08:37:31.156250,40.0,43.0,26.0
004,2020-02-27 08:37:31.187500,41.0,43.0,25.0
004,2020-02-27 08:37:31.218750,40.0,41.0,25.0
004,2020-02-27 08:37:31.250000,40.0,40.0,24.0
004,2020-02-27 08:37:31.281250,38.0,39.0,25.0
004,2020-02-27 08:37:31.312500,39.0,37.0,26.0
004,2020-02-27 08:37:31.343750,38.0,36.0,26.0
004,2020-02-27 08:37:31.375000,40.0,36.0,27.0
004,2020-02-27 08:37:31.406250,40.0,34.0,28.0
004,2020-02-27 08:37:31.437500,37.0,34.0,28.0
004,2020-02-27 08:37:31.468750,40.0,35.0,26.0
004,2020-02-27 08:37:31.500000,41.0,39.0,30.0
004,2020-02-27 08:37:31.531250,42.0,41.0,33.0
004,2020-02-27 08:37:31.562500,47.0,43.0,34.0
004,2020-02-27 08:37:31.593750,47.0,44.0,33.0
004,2020-02-27 08:37:31.625000,47.0,42.0,35.0
004,2020-02-27 08:37:31.656250,46.0,43.0,34.0
004,2020-02-27 08:37:31.687500,44.0,41.0,33.0
004,2020-02-27 08:37:31.718750,41.0,41.0,31.0
004,2020-02-27 08:37:31.750000,37.0,46.0,30.0
004,2020-02-27 08:37:31.781250,38.0,46.0,31.0
004,2020-02-27 08:37:31.812500,37.0,41.0,34.0
004,2020-02-27 08:37:31.843750,33.0,44.0,32.0
004,2020-02-27 08:37:31.875000,30.0,43.0,30.0
004,2020-02-27 08:37:31.906250,31.0,41.0,34.0
004,2020-02-27 08:37:31.937500,26.0,40.0,36.0
004,2020-02-27 08:37:31.968750,21.0,39.0,33.0
004,2020-02-27 08:37:32.000000,22.0,39.0,35.0
004,2020-02-27 08:37:32.031250,21.0,38.0,37.0
004,2020-02-27 08:37:32.062500,21.0,39.0,37.0
004,2020-02-27 08:37:32.093750,24.0,37.0,40.0
004,2020-02-27 08:37:32.125000,25.0,38.0,41.0
004,2020-02-27 08:37:32.156250,26.0,38.0,42.0
004,2020-02-27 08:37:32.187500,24.0,35.0,42.0
004,2020-02-27 08:37:32.218750,22.0,42.0,41.0
004,2020-02-27 08:37:32.250000,23.0,38.0,40.0
004,2020-02-27 08:37:32.281250,23.0,37.0,39.0
004,2020-02-27 08:37:32.312500,22.0,38.0,40.0
004,2020-02-27 08:37:32.343750,20.0,38.0,40.0
004,2020-02-27 08:37:32.375000,20.0,40.0,37.0
004,2020-02-27 08:37:32.406250,22.0,41.0,37.0
004,2020-02-27 08:37:32.437500,22.0,42.0,38.0
004,2020-02-27 08:37:32.468750,23.0,43.0,37.0
004,2020-02-27 08:37:32.500000,24.0,42.0,35.0
004,2020-02-27 08:37:32.531250,25.0,46.0,36.0
004,2020-02-27 08:37:32.562500,37.0,72.0,43.0
004,2020-02-27 08:37:32.593750,29.0,35.0,39.0
004,2020-02-27 08:37:32.625000,20.0,47.0,37.0
004,2020-02-27 08:37:32.656250,25.0,45.0,35.0
004,2020-02-27 08:37:32.687500,26.0,46.0,36.0
004,2020-02-27 08:37:32.718750,28.0,44.0,35.0
004,2020-02-27 08:37:32.750000,26.0,46.0,36.0
004,2020-02-27 08:37:32.781250,28.0,46.0,34.0
004,2020-02-27 08:37:32.812500,28.0,45.0,35.0
004,2020-02-27 08:37:32.843750,28.0,44.0,36.0
004,2020-02-27 08:37:32.875000,29.0,43.0,37.0
004,2020-02-27 08:37:32.906250,28.0,44.0,37.0
004,2020-02-27 08:37:32.937500,27.0,44.0,37.0
004,2020-02-27 08:37:32.968750,27.0,43.0,37.0
004,2020-02-27 08:37:33.000000,26.0,44.0,37.0
004,2020-02-27 08:37:33.031250,26.0,44.0,36.0
004,2020-02-27 08:37:33.062500,26.0,45.0,35.0
004,2020-02-27 08:37:33.093750,26.0,45.0,35.0
004,2020-02-27 08:37:33.125000,25.0,45.0,36.0
004,2020-02-27 08:37:33.156250,25.0,45.0,36.0
004,2020-02-27 08:37:33.187500,25.0,45.0,35.0
004,2020-02-27 08:37:33.218750,25.0,45.0,35.0
004,2020-02-27 08:37:33.250000,25.0,45.0,36.0
004,2020-02-27 08:37:33.281250,25.0,46.0,35.0
004,2020-02-27 08:37:33.312500,25.0,45.0,35.0
004,2020-02-27 08:37:33.343750,26.0,45.0,35.0
004,2020-02-27 08:37:33.375000,26.0,45.0,36.0
004,2020-02-27 08:37:33.406250,25.0,45.0,36.0
004,2020-02-27 08:37:33.437500,25.0,45.0,36.0
004,2020-02-27 08:37:33.468750,26.0,45.0,36.0
004,2020-02-27 08:37:33.500000,25.0,45.0,36.0
004,2020-02-27 08:37:33.531250,25.0,46.0,35.0
004,2020-02-27 08:37:33.562500,26.0,45.0,35.0
004,2020-02-27 08:37:33.593750,26.0,46.0,35.0
004,2020-02-27 08:37:33.625000,25.0,46.0,35.0
004,2020-02-27 08:37:33.656250,26.0,45.0,35.0
004,2020-02-27 08:37:33.687500,25.0,45.0,35.0
004,2020-02-27 08:37:33.718750,26.0,45.0,35.0
004,2020-02-27 08:37:33.750000,26.0,45.0,35.0
004,2020-02-27 08:37:33.781250,26.0,46.0,36.0
004,2020-02-27 08:37:33.812500,26.0,45.0,36.0
004,2020-02-27 08:37:33.843750,26.0,46.0,36.0
004,2020-02-27 08:37:33.875000,26.0,45.0,35.0
004,2020-02-27 08:37:33.906250,25.0,46.0,35.0
004,2020-02-27 08:37:33.937500,25.0,45.0,35.0
004,2020-02-27 08:37:33.968750,26.0,45.0,36.0
004,2020-02-27 08:37:34.000000,26.0,45.0,35.0
004,2020-02-27 08:37:34.031250,26.0,46.0,35.0
004,2020-02-27 08:37:34.062500,25.0,45.0,35.0
004,2020-02-27 08:37:34.093750,26.0,45.0,36.0
004,2020-02-27 08:37:34.125000,26.0,45.0,35.0
004,2020-02-27 08:37:34.156250,26.0,45.0,35.0
004,2020-02-27 08:37:34.187500,25.0,46.0,35.0
004,2020-02-27 08:37:34.218750,26.0,45.0,35.0
004,2020-02-27 08:37:34.250000,25.0,46.0,35.0
004,2020-02-27 08:37:34.281250,25.0,46.0,35.0
004,2020-02-27 08:37:34.312500,25.0,46.0,35.0
004,2020-02-27 08:37:34.343750,25.0,46.0,35.0
004,2020-02-27 08:37:34.375000,25.0,46.0,35.0
004,2020-02-27 08:37:34.406250,26.0,46.0,36.0
004,2020-02-27 08:37:34.437500,25.0,46.0,35.0
004,2020-02-27 08:37:34.468750,25.0,46.0,35.0
004,2020-02-27 08:37:34.500000,25.0,46.0,35.0
004,2020-02-27 08:37:34.531250,25.0,46.0,35.0
004,2020-02-27 08:37:34.562500,25.0,46.0,35.0
004,2020-02-27 08:37:34.593750,25.0,46.0,35.0
004,2020-02-27 08:37:34.625000,25.0,46.0,35.0
004,2020-02-27 08:37:34.656250,25.0,46.0,35.0
004,2020-02-27 08:37:34.687500,25.0,46.0,35.0
004,2020-02-27 08:37:34.718750,25.0,46.0,35.0
004,2020-02-27 08:37:34.750000,25.0,46.0,35.0
004,2020-02-27 08:37:34.781250,26.0,46.0,35.0
004,2020-02-27 08:37:34.812500,25.0,46.0,35.0
004,2020-02-27 08:37:34.843750,25.0,46.0,35.0
004,2020-02-27 08:37:34.875000,26.0,46.0,35.0
004,2020-02-27 08:37:34.906250,26.0,46.0,35.0
004,2020-02-27 08:37:34.937500,26.0,46.0,35.0
004,2020-02-27 08:37:34.968750,25.0,46.0,35.0
004,2020-02-27 08:37:35.000000,25.0,46.0,35.0
004,2020-02-27 08:37:35.031250,25.0,46.0,35.0
004,2020-02-27 08:37:35.062500,25.0,46.0,35.0
004,2020-02-27 08:37:35.093750,25.0,46.0,35.0
004,2020-02-27 08:37:35.125000,24.0,46.0,35.0
004,2020-02-27 08:37:35.156250,25.0,46.0,35.0
004,2020-02-27 08:37:35.187500,27.0,46.0,34.0
004,2020-02-27 08:37:35.218750,28.0,46.0,35.0
004,2020-02-27 08:37:35.250000,28.0,46.0,35.0
004,2020-02-27 08:37:35.281250,27.0,46.0,35.0
004,2020-02-27 08:37:35.312500,26.0,46.0,35.0
004,2020-02-27 08:37:35.343750,25.0,46.0,35.0
004,2020-02-27 08:37:35.375000,23.0,46.0,34.0
004,2020-02-27 08:37:35.406250,23.0,46.0,34.0
004,2020-02-27 08:37:35.437500,26.0,46.0,34.0
004,2020-02-27 08:37:35.468750,28.0,46.0,34.0
004,2020-02-27 08:37:35.500000,28.0,46.0,35.0
004,2020-02-27 08:37:35.531250,26.0,46.0,34.0
004,2020-02-27 08:37:35.562500,25.0,46.0,34.0
004,2020-02-27 08:37:35.593750,25.0,47.0,33.0
004,2020-02-27 08:37:35.625000,25.0,46.0,34.0
004,2020-02-27 08:37:35.656250,26.0,46.0,34.0
004,2020-02-27 08:37:35.687500,27.0,46.0,34.0
004,2020-02-27 08:37:35.718750,27.0,46.0,34.0
004,2020-02-27 08:37:35.750000,27.0,46.0,34.0
004,2020-02-27 08:37:35.781250,26.0,46.0,34.0
004,2020-02-27 08:37:35.812500,26.0,46.0,34.0
004,2020-02-27 08:37:35.843750,26.0,47.0,34.0
004,2020-02-27 08:37:35.875000,26.0,47.0,34.0
004,2020-02-27 08:37:35.906250,26.0,47.0,34.0
004,2020-02-27 08:37:35.937500,26.0,46.0,34.0
004,2020-02-27 08:37:35.968750,26.0,46.0,34.0
004,2020-02-27 08:37:36.000000,26.0,46.0,34.0
004,2020-02-27 08:37:36.031250,26.0,46.0,34.0
004,2020-02-27 08:37:36.062500,27.0,46.0,35.0
004,2020-02-27 08:37:36.093750,27.0,46.0,34.0
004,2020-02-27 08:37:36.125000,26.0,46.0,34.0
004,2020-02-27 08:37:36.156250,26.0,46.0,34.0
004,2020-02-27 08:37:36.187500,26.0,46.0,34.0
004,2020-02-27 08:37:36.218750,26.0,47.0,33.0
004,2020-02-27 08:37:36.250000,26.0,47.0,33.0
004,2020-02-27 08:37:36.281250,26.0,46.0,34.0
004,2020-02-27 08:37:36.312500,26.0,46.0,34.0
004,2020-02-27 08:37:36.343750,26.0,47.0,34.0
004,2020-02-27 08:37:36.375000,26.0,46.0,34.0
004,2020-02-27 08:37:36.406250,26.0,46.0,34.0
004,2020-02-27 08:37:36.437500,26.0,46.0,34.0
004,2020-02-27 08:37:36.468750,26.0,46.0,34.0
004,2020-02-27 08:37:36.500000,26.0,47.0,34.0
004,2020-02-27 08:37:36.531250,26.0,47.0,34.0
004,2020-02-27 08:37:36.562500,25.0,46.0,34.0
004,2020-02-27 08:37:36.593750,26.0,46.0,34.0
004,2020-02-27 08:37:36.625000,26.0,46.0,34.0
004,2020-02-27 08:37:36.656250,26.0,46.0,34.0
004,2020-02-27 08:37:36.687500,27.0,46.0,35.0
004,2020-02-27 08:37:36.718750,28.0,46.0,35.0
004,2020-02-27 08:37:36.750000,29.0,46.0,35.0
004,2020-02-27 08:37:36.781250,25.0,47.0,35.0
004,2020-02-27 08:37:36.812500,16.0,48.0,33.0
004,2020-02-27 08:37:36.843750,16.0,48.0,31.0
004,2020-02-27 08:37:36.875000,22.0,48.0,29.0
004,2020-02-27 08:37:36.906250,26.0,49.0,29.0
004,2020-02-27 08:37:36.937500,30.0,47.0,31.0
004,2020-02-27 08:37:36.968750,32.0,46.0,33.0
004,2020-02-27 08:37:37.000000,30.0,47.0,33.0
004,2020-02-27 08:37:37.031250,27.0,46.0,34.0
004,2020-02-27 08:37:37.062500,27.0,46.0,34.0
004,2020-02-27 08:37:37.093750,28.0,45.0,36.0
004,2020-02-27 08:37:37.125000,28.0,45.0,37.0
004,2020-02-27 08:37:37.156250,26.0,45.0,37.0
004,2020-02-27 08:37:37.187500,25.0,44.0,37.0
004,2020-02-27 08:37:37.218750,25.0,45.0,36.0
004,2020-02-27 08:37:37.250000,25.0,45.0,35.0
004,2020-02-27 08:37:37.281250,28.0,46.0,34.0
004,2020-02-27 08:37:37.312500,27.0,47.0,34.0
004,2020-02-27 08:37:37.343750,25.0,47.0,34.0
004,2020-02-27 08:37:37.375000,22.0,47.0,34.0
004,2020-02-27 08:37:37.406250,22.0,46.0,34.0
004,2020-02-27 08:37:37.437500,24.0,46.0,34.0
004,2020-02-27 08:37:37.468750,26.0,46.0,34.0
004,2020-02-27 08:37:37.500000,29.0,45.0,36.0
004,2020-02-27 08:37:37.531250,28.0,45.0,35.0
004,2020-02-27 08:37:37.562500,26.0,45.0,35.0
005,2020-02-27 13:34:02.000000,-17.0,3.0,57.0
005,2020-02-27 13:34:02.031250,-26.0,6.0,50.0
005,2020-02-27 13:34:02.062500,-10.0,8.0,63.0
005,2020-02-27 13:34:02.093750,-12.0,5.0,66.0
005,2020-02-27 13:34:02.125000,-15.0,5.0,64.0
005,2020-02-27 13:34:02.156250,-17.0,6.0,59.0
005,2020-02-27 13:34:02.187500,-14.0,8.0,62.0
005,2020-02-27 13:34:02.218750,-28.0,8.0,65.0
005,2020-02-27 13:34:02.250000,-27.0,5.0,62.0
005,2020-02-27 13:34:02.281250,-27.0,1.0,57.0
005,2020-02-27 13:34:02.312500,-25.0,4.0,60.0
005,2020-02-27 13:34:02.343750,-18.0,2.0,63.0
005,2020-02-27 13:34:02.375000,-25.0,2.0,67.0
005,2020-02-27 13:34:02.406250,-34.0,4.0,65.0
005,2020-02-27 13:34:02.437500,-50.0,-8.0,56.0
005,2020-02-27 13:34:02.468750,-48.0,-11.0,55.0
005,2020-02-27 13:34:02.500000,-36.0,-16.0,50.0
005,2020-02-27 13:34:02.531250,-36.0,-15.0,44.0
005,2020-02-27 13:34:02.562500,-9.0,-13.0,47.0
005,2020-02-27 13:34:02.593750,17.0,-8.0,50.0
005,2020-02-27 13:34:02.625000,35.0,-5.0,51.0
005,2020-02-27 13:34:02.656250,35.0,-12.0,42.0
005,2020-02-27 13:34:02.687500,21.0,3.0,61.0
005,2020-02-27 13:34:02.718750,22.0,10.0,73.0
005,2020-02-27 13:34:02.750000,36.0,14.0,72.0
005,2020-02-27 13:34:02.781250,35.0,10.0,57.0
005,2020-02-27 13:34:02.812500,38.0,22.0,64.0
005,2020-02-27 13:34:02.843750,36.0,16.0,56.0
005,2020-02-27 13:34:02.875000,38.0,16.0,56.0
005,2020-02-27 13:34:02.906250,21.0,4.0,53.0
005,2020-02-27 13:34:02.937500,15.0,4.0,55.0
005,2020-02-27 13:34:02.968750,15.0,-3.0,55.0
005,2020-02-27 13:34:03.000000,15.0,-13.0,59.0
005,2020-02-27 13:34:03.031250,11.0,-12.0,63.0
005,2020-02-27 13:34:03.062500,14.0,-4.0,69.0
005,2020-02-27 13:34:03.093750,12.0,-4.0,68.0
005,2020-02-27 13:34:03.125000,6.0,-3.0,56.0
005,2020-02-27 13:34:03.156250,16.0,0.0,63.0
005,2020-02-27 13:34:03.187500,19.0,-2.0,67.0
005,2020-02-27 13:34:03.218750,13.0,-4.0,65.0
005,2020-02-27 13:34:03.250000,15.0,0.0,68.0
005,2020-02-27 13:34:03.281250,9.0,11.0,69.0
005,2020-02-27 13:34:03.312500,13.0,16.0,62.0
005,2020-02-27 13:34:03.343750,14.0,20.0,58.0
005,2020-02-27 13:34:03.375000,14.0,19.0,51.0
005,2020-02-27 13:34:03.406250,20.0,11.0,56.0
005,2020-02-27 13:34:03.437500,24.0,0.0,63.0
005,2020-02-27 13:34:03.468750,14.0,0.0,61.0
005,2020-02-27 13:34:03.500000,13.0,1.0,62.0
005,2020-02-27 13:34:03.531250,12.0,6.0,62.0
005,2020-02-27 13:34:03.562500,15.0,5.0,60.0
005,2020-02-27 13:34:03.593750,17.0,5.0,59.0
005,2020-02-27 13:34:03.625000,14.0,6.0,63.0
005,2020-02-27 13:34:03.656250,12.0,6.0,64.0
005,2020-02-27 13:34:03.687500,11.0,2.0,60.0
005,2020-02-27 13:34:03.718750,13.0,3.0,61.0
005,2020-02-27 13:34:03.750000,15.0,4.0,60.0
005,2020-02-27 13:34:03.781250,15.0,5.0,63.0
005,2020-02-27 13:34:03.812500,14.0,5.0,63.0
005,2020-02-27 13:34:03.843750,12.0,5.0,61.0
005,2020-02-27 13:34:03.875000,12.0,5.0,61.0
005,2020-02-27 13:34:03.906250,13.0,5.0,62.0
005,2020-02-27 13:34:03.937500,13.0,4.0,62.0
005,2020-02-27 13:34:03.968750,13.0,5.0,62.0
005,2020-02-27 13:34:04.000000,13.0,5.0,62.0
005,2020-02-27 13:34:04.031250,13.0,5.0,62.0
005,2020-02-27 13:34:04.062500,13.0,5.0,62.0
005,2020-02-27 13:34:04.093750,13.0,5.0,62.0
005,2020-02-27 13:34:04.125000,13.0,5.0,62.0
005,2020-02-27 13:34:04.156250,13.0,5.0,61.0
005,2020-02-27 13:34:04.187500,14.0,5.0,62.0
005,2020-02-27 13:34:04.218750,13.0,5.0,62.0
005,2020-02-27 13:34:04.250000,13.0,5.0,62.0
005,2020-02-27 13:34:04.281250,12.0,5.0,62.0
005,2020-02-27 13:34:04.312500,13.0,5.0,61.0
005,2020-02-27 13:34:04.343750,13.0,5.0,61.0
005,2020-02-27 13:34:04.375000,14.0,5.0,62.0
005,2020-02-27 13:34:04.406250,12.0,5.0,62.0
005,2020-02-27 13:34:04.437500,12.0,5.0,62.0
005,2020-02-27 13:34:04.468750,13.0,5.0,62.0
005,2020-02-27 13:34:04.500000,13.0,5.0,62.0
005,2020-02-27 13:34:04.531250,12.0,5.0,62.0
005,2020-02-27 13:34:04.562500,12.0,5.0,62.0
005,2020-02-27 13:34:04.593750,13.0,5.0,62.0
005,2020-02-27 13:34:04.625000,12.0,5.0,62.0
005,2020-02-27 13:34:04.656250,12.0,5.0,62.0
005,2020-02-27 13:34:04.687500,13.0,5.0,62.0
005,2020-02-27 13:34:04.718750,12.0,5.0,62.0
005,2020-02-27 13:34:04.750000,12.0,5.0,62.0
005,2020-02-27 13:34:04.781250,12.0,5.0,61.0
005,2020-02-27 13:34:04.812500,13.0,5.0,61.0
005,2020-02-27 13:34:04.843750,12.0,5.0,62.0
005,2020-02-27 13:34:04.875000,12.0,5.0,62.0
005,2020-02-27 13:34:04.906250,12.0,5.0,62.0
005,2020-02-27 13:34:04.937500,13.0,5.0,62.0
005,2020-02-27 13:34:04.968750,12.0,5.0,62.0
005,2020-02-27 13:34:05.000000,12.0,5.0,62.0
005,2020-02-27 13:34:05.031250,12.0,5.0,62.0
005,2020-02-27 13:34:05.062500,12.0,5.0,62.0
005,2020-02-27 13:34:05.093750,12.0,5.0,62.0
005,2020-02-27 13:34:05.125000,12.0,5.0,62.0
005,2020-02-27 13:34:05.156250,12.0,5.0,62.0
005,2020-02-27 13:34:05.187500,12.0,5.0,62.0
005,2020-02-27 13:34:05.218750,12.0,6.0,62.0
005,2020-02-27 13:34:05.250000,12.0,5.0,62.0
005,2020-02-27 13:34:05.281250,12.0,5.0,62.0
005,2020-02-27 13:34:05.312500,11.0,5.0,61.0
005,2020-02-27 13:34:05.343750,12.0,5.0,63.0
005,2020-02-27 13:34:05.375000,13.0,5.0,60.0
005,2020-02-27 13:34:05.406250,11.0,8.0,63.0
005,2020-02-27 13:34:05.437500,5.0,6.0,64.0
005,2020-02-27 13:34:05.468750,6.0,4.0,61.0
005,2020-02-27 13:34:05.500000,9.0,3.0,59.0
005,2020-02-27 13:34:05.531250,13.0,5.0,62.0
005,2020-02-27 13:34:05.562500,15.0,7.0,61.0
005,2020-02-27 13:34:05.593750,13.0,7.0,61.0
005,2020-02-27 13:34:05.625000,13.0,6.0,62.0
005,2020-02-27 13:34:05.656250,12.0,6.0,62.0
005,2020-02-27 13:34:05.687500,13.0,6.0,63.0
005,2020-02-27 13:34:05.718750,14.0,5.0,62.0
005,2020-02-27 13:34:05.750000,14.0,5.0,61.0
005,2020-02-27 13:34:05.781250,14.0,5.0,62.0
005,2020-02-27 13:34:05.812500,14.0,5.0,62.0
005,2020-02-27 13:34:05.843750,16.0,4.0,61.0
005,2020-02-27 13:34:05.875000,15.0,4.0,60.0
005,2020-02-27 13:34:05.906250,14.0,4.0,61.0
005,2020-02-27 13:34:05.937500,14.0,5.0,63.0
005,2020-02-27 13:34:05.968750,13.0,6.0,62.0
005,2020-02-27 13:34:06.000000,10.0,10.0,58.0
005,2020-02-27 13:34:06.031250,0.0,22.0,59.0
005,2020-02-27 13:34:06.062500,-4.0,27.0,69.0
005,2020-02-27 13:34:06.093750,1.0,28.0,66.0
005,2020-02-27 13:34:06.125000,-5.0,21.0,55.0
005,2020-02-27 13:34:06.156250,1.0,39.0,50.0
005,2020-02-27 13:34:06.187500,25.0,26.0,62.0
005,2020-02-27 13:34:06.218750,28.0,26.0,68.0
005,2020-02-27 13:34:06.250000,13.0,23.0,57.0
005,2020-02-27 13:34:06.281250,13.0,19.0,55.0
005,2020-02-27 13:34:06.312500,18.0,9.0,62.0
005,2020-02-27 13:34:06.343750,14.0,5.0,61.0
005,2020-02-27 13:34:06.375000,15.0,-1.0,60.0
005,2020-02-27 13:34:06.406250,17.0,-4.0,59.0
005,2020-02-27 13:34:06.437500,14.0,-10.0,54.0
005,2020-02-27 13:34:06.468750,10.0,-11.0,63.0
005,2020-02-27 13:34:06.500000,0.0,-7.0,75.0
005,2020-02-27 13:34:06.531250,9.0,-4.0,76.0
005,2020-02-27 13:34:06.562500,25.0,14.0,87.0
005,2020-02-27 13:34:06.593750,14.0,19.0,60.0
005,2020-02-27 13:34:06.625000,19.0,24.0,51.0
005,2020-02-27 13:34:06.656250,22.0,25.0,54.0
005,2020-02-27 13:34:06.687500,21.0,25.0,54.0
005,2020-02-27 13:34:06.718750,15.0,18.0,58.0
005,2020-02-27 13:34:06.750000,15.0,17.0,58.0
005,2020-02-27 13:34:06.781250,24.0,17.0,56.0
005,2020-02-27 13:34:06.812500,15.0,18.0,58.0
005,2020-02-27 13:34:06.843750,11.0,20.0,58.0
005,2020-02-27 13:34:06.875000,14.0,18.0,59.0
005,2020-02-27 13:34:06.906250,17.0,16.0,59.0
005,2020-02-27 13:34:06.937500,12.0,13.0,61.0
005,2020-02-27 13:34:06.968750,11.0,12.0,61.0
005,2020-02-27 13:34:07.000000,15.0,12.0,61.0
005,2020-02-27 13:34:07.031250,0.0,12.0,61.0
005,2020-02-27 13:34:07.062500,3.0,10.0,64.0
005,2020-02-27 13:34:07.093750,10.0,11.0,66.0
005,2020-02-27 13:34:07.125000,-5.0,6.0,59.0
005,2020-02-27 13:34:07.156250,-10.0,-2.0,68.0
005,2020-02-27 13:34:07.187500,-5.0,-1.0,64.0
005,2020-02-27 13:34:07.218750,-2.0,1.0,63.0
005,2020-02-27 13:34:07.250000,-17.0,32.0,58.0
005,2020-02-27 13:34:07.281250,-1.0,28.0,59.0
005,2020-02-27 13:34:07.312500,-2.0,10.0,66.0
005,2020-02-27 13:34:07.343750,-19.0,5.0,63.0
005,2020-02-27 13:34:07.375000,-25.0,9.0,59.0
005,2020-02-27 13:34:07.406250,-11.0,18.0,63.0
005,2020-02-27 13:34:07.437500,-1.0,17.0,72.0
005,2020-02-27 13:34:07.468750,-8.0,16.0,67.0
005,2020-02-27 13:34:07.500000,-32.0,48.0,64.0
005,2020-02-27 13:34:07.531250,-49.0,48.0,60.0
005,2020-02-27 13:34:07.562500,-10.0,36.0,54.0
005,2020-02-27 13:34:07.593750,-16.0,27.0,43.0
005,2020-02-27 13:34:07.625000,-23.0,25.0,43.0
005,2020-02-27 13:34:07.656250,-14.0,25.0,54.0
005,2020-02-27 13:34:07.687500,0.0,22.0,62.0
005,2020-02-27 13:34:07.718750,-8.0,19.0,58.0
005,2020-02-27 13:34:07.750000,-7.0,24.0,59.0
005,2020-02-27 13:34:07.781250,-2.0,26.0,62.0
005,2020-02-27 13:34:07.812500,3.0,25.0,59.0
005,2020-02-27 13:34:07.843750,2.0,23.0,55.0
005,2020-02-27 13:34:07.875000,1.0,24.0,53.0
005,2020-02-27 13:34:07.906250,7.0,24.0,54.0
005,2020-02-27 13:34:07.937500,10.0,26.0,55.0
005,2020-02-27 13:34:07.968750,5.0,29.0,56.0
005,2020-02-27 13:34:08.000000,10.0,30.0,57.0
005,2020-02-27 13:34:08.031250,13.0,30.0,56.0
005,2020-02-27 13:34:08.062500,13.0,30.0,57.0
005,2020-02-27 13:34:08.093750,7.0,32.0,56.0
005,2020-02-27 13:34:08.125000,13.0,30.0,54.0
005,2020-02-27 13:34:08.156250,10.0,32.0,53.0
005,2020-02-27 13:34:08.187500,2.0,35.0,54.0
005,2020-02-27 13:34:08.218750,1.0,36.0,56.0
005,2020-02-27 13:34:08.250000,9.0,34.0,57.0
005,2020-02-27 13:34:08.281250,6.0,30.0,54.0
005,2020-02-27 13:34:08.312500,3.0,30.0,54.0
005,2020-02-27 13:34:08.343750,2.0,31.0,55.0
005,2020-02-27 13:34:08.375000,7.0,30.0,54.0
005,2020-02-27 13:34:08.406250,8.0,27.0,54.0
005,2020-02-27 13:34:08.437500,9.0,26.0,53.0
005,2020-02-27 13:34:08.468750,12.0,26.0,53.0
005,2020-02-27 13:34:08.500000,11.0,26.0,54.0
005,2020-02-27 13:34:08.531250,10.0,27.0,55.0
005,2020-02-27 13:34:08.562500,12.0,26.0,57.0
005,2020-02-27 13:34:08.593750,12.0,24.0,58.0
005,2020-02-27 13:34:08.625000,12.0,22.0,57.0
005,2020-02-27 13:34:08.656250,11.0,20.0,57.0
005,2020-02-27 13:34:08.687500,14.0,18.0,58.0
005,2020-02-27 13:34:08.718750,13.0,17.0,58.0
005,2020-02-27 13:34:08.750000,17.0,16.0,59.0
005,2020-02-27 13:34:08.781250,16.0,15.0,60.0
005,2020-02-27 13:34:08.812500,14.0,15.0,61.0
005,2020-02-27 13:34:08.843750,14.0,14.0,61.0
005,2020-02-27 13:34:08.875000,12.0,12.0,65.0
005,2020-02-27 13:34:08.906250,12.0,11.0,62.0
005,2020-02-27 13:34:08.937500,12.0,9.0,64.0
005,2020-02-27 13:34:08.968750,11.0,8.0,63.0
005,2020-02-27 13:34:09.000000,7.0,8.0,60.0
005,2020-02-27 13:34:09.031250,3.0,9.0,59.0
005,2020-02-27 13:34:09.062500,8.0,5.0,54.0
005,2020-02-27 13:34:09.093750,7.0,3.0,55.0
005,2020-02-27 13:34:09.125000,-3.0,6.0,58.0
005,2020-02-27 13:34:09.156250,1.0,7.0,60.0
005,2020-02-27 13:34:09.187500,9.0,10.0,63.0
005,2020-02-27 13:34:09.218750,4.0,10.0,61.0
005,2020-02-27 13:34:09.250000,1.0,11.0,61.0
005,2020-02-27 13:34:09.281250,11.0,11.0,63.0
005,2020-02-27 13:34:09.312500,15.0,11.0,63.0
005,2020-02-27 13:34:09.343750,9.0,14.0,62.0
005,2020-02-27 13:34:09.375000,4.0,13.0,63.0
005,2020-02-27 13:34:09.406250,6.0,12.0,64.0
005,2020-02-27 13:34:09.437500,9.0,10.0,64.0
005,2020-02-27 13:34:09.468750,8.0,14.0,64.0
005,2020-02-27 13:34:09.500000,8.0,14.0,64.0
005,2020-02-27 13:34:09.531250,8.0,16.0,63.0
005,2020-02-27 13:34:09.562500,8.0,18.0,63.0
005,2020-02-27 13:34:09.593750,14.0,20.0,59.0
005,2020-02-27 13:34:09.625000,18.0,22.0,55.0
005,2020-02-27 13:34:09.656250,24.0,23.0,47.0
005,2020-02-27 13:34:09.687500,25.0,23.0,41.0
005,2020-02-27 13:34:09.718750,31.0,21.0,41.0
005,2020-02-27 13:34:09.750000,36.0,22.0,45.0
005,2020-02-27 13:34:09.781250,23.0,29.0,45.0
005,2020-02-27 13:34:09.812500,24.0,29.0,47.0
005,2020-02-27 13:34:09.843750,28.0,31.0,53.0
005,2020-02-27 13:34:09.875000,14.0,36.0,52.0
005,2020-02-27 13:34:09.906250,8.0,36.0,54.0
005,2020-02-27 13:34:09.937500,6.0,37.0,55.0
005,2020-02-27 13:34:09.968750,14.0,43.0,50.0
005,2020-02-27 13:34:10.000000,5.0,57.0,50.0
005,2020-02-27 13:34:10.031250,7.0,60.0,50.0
005,2020-02-27 13:34:10.062500,13.0,54.0,48.0
005,2020-02-27 13:34:10.093750,11.0,60.0,53.0
005,2020-02-27 13:34:10.125000,20.0,53.0,39.0
005,2020-02-27 13:34:10.156250,22.0,69.0,43.0
005,2020-02-27 13:34:10.187500,18.0,55.0,25.0
005,2020-02-27 13:34:10.218750,11.0,47.0,43.0
005,2020-02-27 13:34:10.250000,32.0,43.0,45.0
005,2020-02-27 13:34:10.281250,20.0,43.0,38.0
005,2020-02-27 13:34:10.312500,29.0,40.0,35.0
005,2020-02-27 13:34:10.343750,22.0,36.0,33.0
005,2020-02-27 13:34:10.375000,20.0,47.0,40.0
005,2020-02-27 13:34:10.406250,11.0,54.0,44.0
005,2020-02-27 13:34:10.437500,13.0,59.0,61.0
005,2020-02-27 13:34:10.468750,19.0,54.0,73.0
005,2020-02-27 13:34:10.500000,3.0,53.0,66.0
005,2020-02-27 13:34:10.531250,-8.0,37.0,66.0
005,2020-02-27 13:34:10.562500,-5.0,33.0,65.0
005,2020-02-27 13:34:10.593750,1.0,34.0,58.0
005,2020-02-27 13:34:10.625000,-11.0,33.0,57.0
005,2020-02-27 13:34:10.656250,-9.0,30.0,55.0
005,2020-02-27 13:34:10.687500,-17.0,25.0,55.0
005,2020-02-27 13:34:10.718750,-14.0,23.0,61.0
005,2020-02-27 13:34:10.750000,-17.0,24.0,56.0
005,2020-02-27 13:34:10.781250,-20.0,18.0,59.0
005,2020-02-27 13:34:10.812500,-19.0,18.0,70.0
005,2020-02-27 13:34:10.843750,-21.0,21.0,57.0
005,2020-02-27 13:34:10.875000,-17.0,20.0,48.0
005,2020-02-27 13:34:10.906250,-14.0,16.0,67.0
005,2020-02-27 13:34:10.937500,-20.0,15.0,67.0
005,2020-02-27 13:34:10.968750,-14.0,15.0,58.0
005,2020-02-27 13:34:11.000000,-4.0,15.0,57.0
005,2020-02-27 13:34:11.031250,0.0,15.0,62.0
005,2020-02-27 13:34:11.062500,-14.0,13.0,58.0
005,2020-02-27 13:34:11.093750,14.0,16.0,51.0
005,2020-02-27 13:34:11.125000,22.0,21.0,50.0
005,2020-02-27 13:34:11.156250,22.0,27.0,52.0
005,2020-02-27 13:34:11.187500,28.0,27.0,57.0
005,2020-02-27 13:34:11.218750,28.0,26.0,55.0
005,2020-02-27 13:34:11.250000,29.0,29.0,48.0
005,2020-02-27 13:34:11.281250,28.0,22.0,50.0
005,2020-02-27 13:34:11.312500,23.0,14.0,43.0
005,2020-02-27 13:34:11.343750,21.0,8.0,34.0
005,2020-02-27 13:34:11.375000,-12.0,9.0,38.0
005,2020-02-27 13:34:11.406250,-26.0,-1.0,39.0
005,2020-02-27 13:34:11.437500,-30.0,-5.0,45.0
005,2020-02-27 13:34:11.468750,-30.0,6.0,65.0
005,2020-02-27 13:34:11.500000,-39.0,10.0,54.0
005,2020-02-27 13:34:11.531250,-56.0,19.0,65.0
005,2020-02-27 13:34:11.562500,-33.0,21.0,83.0
005,2020-02-27 13:34:11.593750,-17.0,24.0,84.0
005,2020-02-27 13:34:11.625000,-16.0,26.0,70.0
005,2020-02-27 13:34:11.656250,-21.0,25.0,64.0
005,2020-02-27 13:34:11.687500,-15.0,25.0,61.0
005,2020-02-27 13:34:11.718750,-22.0,31.0,41.0
005,2020-02-27 13:34:11.750000,-49.0,37.0,45.0
005,2020-02-27 13:34:11.781250,-73.0,62.0,64.0
005,2020-02-27 13:34:11.812500,-13.0,29.0,45.0
005,2020-02-27 13:34:11.843750,-35.0,29.0,48.0
005,2020-02-27 13:34:11.875000,-27.0,35.0,48.0
005,2020-02-27 13:34:11.906250,-13.0,28.0,58.0
005,2020-02-27 13:34:11.937500,-33.0,21.0,52.0
005,2020-02-27 13:34:11.968750,-43.0,24.0,44.0
005,2020-02-27 13:34:12.000000,-31.0,24.0,52.0
005,2020-02-27 13:34:12.031250,-36.0,25.0,48.0
005,2020-02-27 13:34:12.062500,-37.0,27.0,45.0
005,2020-02-27 13:34:12.093750,-33.0,30.0,47.0
005,2020-02-27 13:34:12.125000,-33.0,30.0,50.0
005,2020-02-27 13:34:12.156250,-33.0,29.0,47.0
005,2020-02-27 13:34:12.187500,-37.0,29.0,45.0
005,2020-02-27 13:34:12.218750,-31.0,27.0,52.0
005,2020-02-27 13:34:12.250000,-35.0,27.0,47.0
005,2020-02-27 13:34:12.281250,-34.0,29.0,45.0
005,2020-02-27 13:34:12.312500,-28.0,32.0,51.0
005,2020-02-27 13:34:12.343750,-21.0,35.0,50.0
005,2020-02-27 13:34:12.375000,-25.0,32.0,49.0
005,2020-02-27 13:34:12.406250,-23.0,31.0,51.0
005,2020-02-27 13:34:12.437500,-26.0,33.0,52.0
005,2020-02-27 13:34:12.468750,-23.0,35.0,48.0
005,2020-02-27 13:34:12.500000,-19.0,33.0,51.0
005,2020-02-27 13:34:12.531250,-16.0,36.0,51.0
005,2020-02-27 13:34:12.562500,-15.0,34.0,53.0
005,2020-02-27 13:34:12.593750,-15.0,33.0,53.0
005,2020-02-27 13:34:12.625000,-20.0,36.0,49.0
005,2020-02-27 13:34:12.656250,-14.0,36.0,51.0
005,2020-02-27 13:34:12.687500,-19.0,36.0,51.0
005,2020-02-27 13:34:12.718750,-16.0,35.0,51.0
005,2020-02-27 13:34:12.750000,-17.0,35.0,51.0
005,2020-02-27 13:34:12.781250,-14.0,35.0,53.0
005,2020-02-27 13:34:12.812500,-15.0,35.0,51.0
005,2020-02-27 13:34:12.843750,-18.0,35.0,50.0
005,2020-02-27 13:34:12.875000,-14.0,34.0,53.0
005,2020-02-27 13:34:12.906250,-11.0,34.0,54.0
005,2020-02-27 13:34:12.937500,-17.0,34.0,51.0
005,2020-02-27 13:34:12.968750,-14.0,33.0,53.0
005,2020-02-27 13:34:13.000000,-8.0,33.0,54.0
005,2020-02-27 13:34:13.031250,-13.0,33.0,54.0
005,2020-02-27 13:34:13.062500,-13.0,32.0,55.0
005,2020-02-27 13:34:13.093750,-10.0,36.0,51.0
005,2020-02-27 13:34:13.125000,-7.0,37.0,53.0
005,2020-02-27 13:34:13.156250,-10.0,34.0,54.0
005,2020-02-27 13:34:13.187500,-11.0,36.0,51.0
005,2020-02-27 13:34:13.218750,-11.0,36.0,52.0
005,2020-02-27 13:34:13.250000,-7.0,37.0,52.0
005,2020-02-27 13:34:13.281250,-7.0,36.0,52.0
005,2020-02-27 13:34:13.312500,-13.0,36.0,52.0
005,2020-02-27 13:34:13.343750,-11.0,36.0,52.0
005,2020-02-27 13:34:13.375000,-8.0,36.0,51.0
005,2020-02-27 13:34:13.406250,-9.0,36.0,52.0
005,2020-02-27 13:34:13.437500,-9.0,33.0,54.0
005,2020-02-27 13:34:13.468750,-4.0,35.0,53.0
005,2020-02-27 13:34:13.500000,-7.0,36.0,53.0
005,2020-02-27 13:34:13.531250,-8.0,33.0,54.0
005,2020-02-27 13:34:13.562500,-8.0,36.0,52.0
005,2020-02-27 13:34:13.593750,-13.0,37.0,53.0
005,2020-02-27 13:34:13.625000,-9.0,36.0,54.0
005,2020-02-27 13:34:13.656250,-2.0,38.0,49.0
005,2020-02-27 13:34:13.687500,9.0,38.0,51.0
005,2020-02-27 13:34:13.718750,-2.0,43.0,48.0
005,2020-02-27 13:34:13.750000,-6.0,41.0,50.0
005,2020-02-27 13:34:13.781250,-9.0,31.0,55.0
005,2020-02-27 13:34:13.812500,-9.0,35.0,55.0
005,2020-02-27 13:34:13.843750,-8.0,38.0,53.0
005,2020-02-27 13:34:13.875000,4.0,36.0,50.0
005,2020-02-27 13:34:13.906250,12.0,33.0,53.0
005,2020-02-27 13:34:13.937500,7.0,35.0,60.0
005,2020-02-27 13:34:13.968750,-4.0,31.0,62.0
005,2020-02-27 13:34:14.000000,1.0,30.0,68.0
005,2020-02-27 13:34:14.031250,0.0,26.0,60.0
005,2020-02-27 13:34:14.062500,7.0,17.0,55.0
005,2020-02-27 13:34:14.093750,36.0,19.0,65.0
005,2020-02-27 13:34:14.125000,31.0,19.0,66.0
005,2020-02-27 13:34:14.156250,30.0,17.0,63.0
005,2020-02-27 13:34:14.187500,36.0,20.0,63.0
005,2020-02-27 13:34:14.218750,34.0,22.0,62.0
005,2020-02-27 13:34:14.250000,24.0,27.0,55.0
005,2020-02-27 13:34:14.281250,19.0,28.0,43.0
005,2020-02-27 13:34:14.312500,25.0,28.0,45.0
005,2020-02-27 13:34:14.343750,15.0,26.0,44.0
005,2020-02-27 13:34:14.375000,14.0,25.0,47.0
005,2020-02-27 13:34:14.406250,11.0,22.0,52.0
005,2020-02-27 13:34:14.437500,1.0,16.0,51.0
005,2020-02-27 13:34:14.468750,-5.0,10.0,54.0
005,2020-02-27 13:34:14.500000,-7.0,1.0,63.0
005,2020-02-27 13:34:14.531250,-10.0,-1.0,60.0
005,2020-02-27 13:34:14.562500,-16.0,-6.0,63.0
005,2020-02-27 13:34:14.593750,0.0,1.0,69.0
005,2020-02-27 13:34:14.625000,0.0,1.0,62.0
005,2020-02-27 13:34:14.656250,13.0,5.0,76.0
005,2020-02-27 13:34:14.687500,3.0,1.0,73.0
005,2020-02-27 13:34:14.718750,10.0,14.0,71.0
005,2020-02-27 13:34:14.750000,-4.0,16.0,84.0
005,2020-02-27 13:34:14.781250,-9.0,17.0,90.0
005,2020-02-27 13:34:14.812500,-4.0,15.0,73.0
005,2020-02-27 13:34:14.843750,-13.0,-3.0,41.0
005,2020-02-27 13:34:14.875000,-44.0,-3.0,70.0
005,2020-02-27 13:34:14.906250,-16.0,-19.0,46.0
005,2020-02-27 13:34:14.937500,9.0,-15.0,40.0
005,2020-02-27 13:34:14.968750,2.0,-14.0,63.0
005,2020-02-27 13:34:15.000000,-21.0,-15.0,61.0
005,2020-02-27 13:34:15.031250,-17.0,-11.0,68.0
005,2020-02-27 13:34:15.062500,-8.0,-9.0,66.0
005,2020-02-27 13:34:15.093750,0.0,-10.0,66.0
005,2020-02-27 13:34:15.125000,-8.0,-14.0,52.0
005,2020-02-27 13:34:15.156250,-24.0,-12.0,40.0
005,2020-02-27 13:34:15.187500,-29.0,-3.0,31.0
005,2020-02-27 13:34:15.218750,-8.0,14.0,68.0
005,2020-02-27 13:34:15.250000,9.0,17.0,91.0
005,2020-02-27 13:34:15.281250,-6.0,-12.0,76.0
005,2020-02-27 13:34:15.312500,11.0,-13.0,79.0
005,2020-02-27 13:34:15.343750,1.0,-3.0,79.0
005,2020-02-27 13:34:15.375000,-6.0,12.0,87.0
005,2020-02-27 13:34:15.406250,-19.0,0.0,72.0
005,2020-02-27 13:34:15.437500,-43.0,-25.0,65.0
005,2020-02-27 13:34:15.468750,-35.0,-19.0,72.0
005,2020-02-27 13:34:15.500000,-17.0,-18.0,63.0
005,2020-02-27 13:34:15.531250,1.0,-23.0,57.0
005,2020-02-27 13:34:15.562500,8.0,-22.0,52.0
005,2020-02-27 13:34:15.593750,2.0,-15.0,68.0
005,2020-02-27 13:34:15.625000,-1.0,-16.0,67.0
005,2020-02-27 13:34:15.656250,4.0,-9.0,43.0
005,2020-02-27 13:34:15.687500,28.0,-14.0,26.0
005,2020-02-27 13:34:15.718750,14.0,-8.0,16.0
005,2020-02-27 13:34:15.750000,33.0,30.0,47.0
005,2020-02-27 13:34:15.781250,15.0,46.0,58.0
005,2020-02-27 13:34:15.812500,14.0,33.0,68.0
005,2020-02-27 13:34:15.843750,-13.0,68.0,45.0
005,2020-02-27 13:34:15.875000,10.0,-18.0,38.0
005,2020-02-27 13:34:15.906250,20.0,91.0,90.0
005,2020-02-27 13:34:15.937500,0.0,54.0,67.0
005,2020-02-27 13:34:15.968750,-15.0,21.0,28.0
005,2020-02-27 13:34:16.000000,63.0,47.0,97.0
005,2020-02-27 13:34:16.031250,48.0,37.0,94.0
005,2020-02-27 13:34:16.062500,29.0,-16.0,56.0
005,2020-02-27 13:34:16.093750,17.0,-6.0,46.0
005,2020-02-27 13:34:16.125000,-1.0,19.0,45.0
005,2020-02-27 13:34:16.156250,32.0,23.0,48.0
005,2020-02-27 13:34:16.187500,19.0,5.0,44.0
005,2020-02-27 13:34:16.218750,3.0,15.0,57.0
005,2020-02-27 13:34:16.250000,9.0,24.0,76.0
005,2020-02-27 13:34:16.281250,25.0,19.0,95.0
005,2020-02-27 13:34:16.312500,38.0,37.0,92.0
005,2020-02-27 13:34:16.343750,19.0,38.0,77.0
005,2020-02-27 13:34:16.375000,-38.0,-15.0,28.0
005,2020-02-27 13:34:16.406250,5.0,36.0,37.0
005,2020-02-27 13:34:16.437500,-17.0,-2.0,27.0
005,2020-02-27 13:34:16.468750,-11.0,5.0,52.0
005,2020-02-27 13:34:16.500000,-17.0,21.0,68.0
005,2020-02-27 13:34:16.531250,-27.0,12.0,49.0
005,2020-02-27 13:34:16.562500,-25.0,7.0,45.0
005,2020-02-27 13:34:16.593750,-4.0,11.0,50.0
005,2020-02-27 13:34:16.625000,15.0,18.0,68.0
005,2020-02-27 13:34:16.656250,-41.0,17.0,48.0
005,2020-02-27 13:34:16.687500,-6.0,11.0,68.0
005,2020-02-27 13:34:16.718750,9.0,24.0,88.0
005,2020-02-27 13:34:16.750000,0.0,20.0,46.0
005,2020-02-27 13:34:16.781250,9.0,21.0,57.0
005,2020-02-27 13:34:16.812500,53.0,-14.0,63.0
005,2020-02-27 13:34:16.843750,-3.0,18.0,55.0
005,2020-02-27 13:34:16.875000,29.0,16.0,65.0
005,2020-02-27 13:34:16.906250,31.0,10.0,54.0
005,2020-02-27 13:34:16.937500,50.0,9.0,59.0
005,2020-02-27 13:34:16.968750,14.0,15.0,57.0
005,2020-02-27 13:34:17.000000,13.0,20.0,58.0
005,2020-02-27 13:34:17.031250,17.0,23.0,59.0
005,2020-02-27 13:34:17.062500,36.0,18.0,68.0
005,2020-02-27 13:34:17.093750,42.0,16.0,67.0
005,2020-02-27 13:34:17.125000,12.0,20.0,68.0
005,2020-02-27 13:34:17.156250,18.0,32.0,69.0
005,2020-02-27 13:34:17.187500,13.0,30.0,64.0
005,2020-02-27 13:34:17.218750,5.0,29.0,55.0
005,2020-02-27 13:34:17.250000,2.0,31.0,58.0
005,2020-02-27 13:34:17.281250,17.0,35.0,61.0
005,2020-02-27 13:34:17.312500,32.0,31.0,45.0
005,2020-02-27 13:34:17.343750,40.0,21.0,48.0
005,2020-02-27 13:34:17.375000,55.0,5.0,42.0
005,2020-02-27 13:34:17.406250,67.0,-4.0,55.0
005,2020-02-27 13:34:17.437500,51.0,-10.0,41.0
005,2020-02-27 13:34:17.468750,17.0,-27.0,52.0
005,2020-02-27 13:34:17.500000,7.0,-15.0,60.0
005,2020-02-27 13:34:17.531250,24.0,7.0,47.0
005,2020-02-27 13:34:17.562500,25.0,8.0,45.0
006,2020-02-28 10:18:28.000000,28.0,73.0,34.0
006,2020-02-28 10:18:28.031250,9.0,69.0,23.0
006,2020-02-28 10:18:28.062500,13.0,62.0,33.0
006,2020-02-28 10:18:28.093750,20.0,58.0,26.0
006,2020-02-28 10:18:28.125000,19.0,53.0,23.0
006,2020-02-28 10:18:28.156250,12.0,77.0,22.0
006,2020-02-28 10:18:28.187500,7.0,72.0,12.0
006,2020-02-28 10:18:28.218750,10.0,56.0,0.0
006,2020-02-28 10:18:28.250000,12.0,73.0,-9.0
006,2020-02-28 10:18:28.281250,-1.0,92.0,-18.0
006,2020-02-28 10:18:28.312500,-13.0,85.0,-4.0
006,2020-02-28 10:18:28.343750,-16.0,74.0,4.0
006,2020-02-28 10:18:28.375000,0.0,40.0,3.0
006,2020-02-28 10:18:28.406250,-23.0,28.0,-15.0
006,2020-02-28 10:18:28.437500,-35.0,33.0,-19.0
006,2020-02-28 10:18:28.468750,-55.0,77.0,-24.0
006,2020-02-28 10:18:28.500000,-48.0,98.0,9.0
006,2020-02-28 10:18:28.531250,-34.0,56.0,-17.0
006,2020-02-28 10:18:28.562500,-36.0,16.0,-8.0
006,2020-02-28 10:18:28.593750,-27.0,31.0,-5.0
006,2020-02-28 10:18:28.625000,-31.0,37.0,2.0
006,2020-02-28 10:18:28.656250,-29.0,26.0,-5.0
006,2020-02-28 10:18:28.687500,-63.0,43.0,-26.0
006,2020-02-28 10:18:28.718750,-60.0,93.0,-31.0
006,2020-02-28 10:18:28.750000,-54.0,44.0,-10.0
006,2020-02-28 10:18:28.781250,-38.0,43.0,-3.0
006,2020-02-28 10:18:28.812500,-36.0,44.0,2.0
006,2020-02-28 10:18:28.843750,-40.0,34.0,-19.0
006,2020-02-28 10:18:28.875000,-27.0,20.0,21.0
006,2020-02-28 10:18:28.906250,-18.0,25.0,32.0
006,2020-02-28 10:18:28.937500,-34.0,25.0,2.0
006,2020-02-28 10:18:28.968750,-56.0,51.0,-31.0
006,2020-02-28 10:18:29.000000,-53.0,80.0,-1.0
006,2020-02-28 10:18:29.031250,-51.0,93.0,5.0
006,2020-02-28 10:18:29.062500,-36.0,42.0,-14.0
006,2020-02-28 10:18:29.093750,-28.0,39.0,11.0
006,2020-02-28 10:18:29.125000,-29.0,30.0,3.0
006,2020-02-28 10:18:29.156250,-33.0,52.0,8.0
006,2020-02-28 10:18:29.187500,-30.0,55.0,0.0
006,2020-02-28 10:18:29.218750,-31.0,54.0,-4.0
006,2020-02-28 10:18:29.250000,-26.0,67.0,-15.0
006,2020-02-28 10:18:29.281250,-27.0,61.0,-3.0
006,2020-02-28 10:18:29.312500,-21.0,74.0,-22.0
006,2020-02-28 10:18:29.343750,-14.0,71.0,2.0
006,2020-02-28 10:18:29.375000,-1.0,68.0,-4.0
006,2020-02-28 10:18:29.406250,-17.0,63.0,9.0
006,2020-02-28 10:18:29.437500,-26.0,62.0,10.0
006,2020-02-28 10:18:29.468750,-15.0,46.0,14.0
006,2020-02-28 10:18:29.500000,-15.0,71.0,-4.0
006,2020-02-28 10:18:29.531250,-15.0,71.0,11.0
006,2020-02-28 10:18:29.562500,-14.0,66.0,27.0
006,2020-02-28 10:18:29.593750,-12.0,67.0,29.0
006,2020-02-28 10:18:29.625000,-11.0,72.0,27.0
006,2020-02-28 10:18:29.656250,3.0,51.0,30.0
006,2020-02-28 10:18:29.687500,-4.0,38.0,40.0
006,2020-02-28 10:18:29.718750,-7.0,13.0,33.0
006,2020-02-28 10:18:29.750000,13.0,19.0,47.0
006,2020-02-28 10:18:29.781250,8.0,51.0,54.0
006,2020-02-28 10:18:29.812500,22.0,61.0,44.0
006,2020-02-28 10:18:29.843750,40.0,31.0,62.0
006,2020-02-28 10:18:29.875000,41.0,22.0,63.0
006,2020-02-28 10:18:29.906250,25.0,15.0,60.0
006,2020-02-28 10:18:29.937500,27.0,36.0,60.0
006,2020-02-28 10:18:29.968750,25.0,16.0,55.0
006,2020-02-28 10:18:30.000000,9.0,10.0,45.0
006,2020-02-28 10:18:30.031250,0.0,21.0,56.0
006,2020-02-28 10:18:30.062500,7.0,37.0,68.0
006,2020-02-28 10:18:30.093750,-8.0,42.0,43.0
006,2020-02-28 10:18:30.125000,1.0,13.0,53.0
006,2020-02-28 10:18:30.156250,18.0,5.0,59.0
006,2020-02-28 10:18:30.187500,7.0,-5.0,63.0
006,2020-02-28 10:18:30.218750,15.0,16.0,76.0
006,2020-02-28 10:18:30.250000,10.0,-12.0,82.0
006,2020-02-28 10:18:30.281250,-25.0,25.0,57.0
006,2020-02-28 10:18:30.312500,-5.0,19.0,72.0
006,2020-02-28 10:18:30.343750,-25.0,32.0,51.0
006,2020-02-28 10:18:30.375000,-13.0,12.0,65.0
006,2020-02-28 10:18:30.406250,-12.0,-2.0,57.0
006,2020-02-28 10:18:30.437500,-8.0,2.0,61.0
006,2020-02-28 10:18:30.468750,1.0,12.0,59.0
006,2020-02-28 10:18:30.500000,1.0,29.0,70.0
006,2020-02-28 10:18:30.531250,9.0,-6.0,64.0
006,2020-02-28 10:18:30.562500,6.0,-9.0,60.0
006,2020-02-28 10:18:30.593750,2.0,21.0,50.0
006,2020-02-28 10:18:30.625000,-1.0,10.0,58.0
006,2020-02-28 10:18:30.656250,10.0,27.0,75.0
006,2020-02-28 10:18:30.687500,3.0,10.0,78.0
006,2020-02-28 10:18:30.718750,7.0,4.0,75.0
006,2020-02-28 10:18:30.750000,2.0,18.0,63.0
006,2020-02-28 10:18:30.781250,4.0,5.0,62.0
006,2020-02-28 10:18:30.812500,1.0,-9.0,65.0
006,2020-02-28 10:18:30.843750,11.0,11.0,70.0
006,2020-02-28 10:18:30.875000,-2.0,10.0,68.0
006,2020-02-28 10:18:30.906250,0.0,3.0,56.0
006,2020-02-28 10:18:30.937500,-6.0,1.0,29.0
006,2020-02-28 10:18:30.968750,-25.0,9.0,42.0
006,2020-02-28 10:18:31.000000,-12.0,84.0,50.0
006,2020-02-28 10:18:31.031250,-35.0,56.0,-2.0
006,2020-02-28 10:18:31.062500,-15.0,61.0,26.0
006,2020-02-28 10:18:31.093750,-16.0,36.0,-2.0
006,2020-02-28 10:18:31.125000,-18.0,44.0,11.0
006,2020-02-28 10:18:31.156250,-6.0,101.0,-6.0
006,2020-02-28 10:18:31.187500,-20.0,53.0,14.0
006,2020-02-28 10:18:31.218750,-22.0,50.0,6.0
006,2020-02-28 10:18:31.250000,-21.0,52.0,-3.0
006,2020-02-28 10:18:31.281250,-15.0,67.0,6.0
006,2020-02-28 10:18:31.312500,-15.0,65.0,8.0
006,2020-02-28 10:18:31.343750,-12.0,55.0,9.0
006,2020-02-28 10:18:31.375000,-11.0,63.0,12.0
006,2020-02-28 10:18:31.406250,-16.0,65.0,11.0
006,2020-02-28 10:18:31.437500,-18.0,59.0,5.0
006,2020-02-28 10:18:31.468750,-20.0,68.0,12.0
006,2020-02-28 10:18:31.500000,-19.0,67.0,14.0
006,2020-02-28 10:18:31.531250,-19.0,85.0,13.0
006,2020-02-28 10:18:31.562500,-16.0,73.0,7.0
006,2020-02-28 10:18:31.593750,-18.0,50.0,27.0
006,2020-02-28 10:18:31.625000,-18.0,32.0,38.0
006,2020-02-28 10:18:31.656250,-19.0,36.0,34.0
006,2020-02-28 10:18:31.687500,-26.0,66.0,31.0
006,2020-02-28 10:18:31.718750,-10.0,32.0,60.0
006,2020-02-28 10:18:31.750000,-21.0,31.0,50.0
006,2020-02-28 10:18:31.781250,-27.0,5.0,48.0
006,2020-02-28 10:18:31.812500,-11.0,19.0,65.0
006,2020-02-28 10:18:31.843750,-9.0,14.0,64.0
006,2020-02-28 10:18:31.875000,-13.0,12.0,65.0
006,2020-02-28 10:18:31.906250,-13.0,15.0,68.0
006,2020-02-28 10:18:31.937500,-27.0,34.0,59.0
006,2020-02-28 10:18:31.968750,-27.0,13.0,61.0
006,2020-02-28 10:18:32.000000,-36.0,7.0,53.0
006,2020-02-28 10:18:32.031250,-38.0,-18.0,50.0
006,2020-02-28 10:18:32.062500,-29.0,-18.0,53.0
006,2020-02-28 10:18:32.093750,-28.0,-3.0,57.0
006,2020-02-28 10:18:32.125000,-17.0,23.0,50.0
006,2020-02-28 10:18:32.156250,-5.0,41.0,69.0
006,2020-02-28 10:18:32.187500,-14.0,9.0,59.0
006,2020-02-28 10:18:32.218750,-26.0,-18.0,62.0
006,2020-02-28 10:18:32.250000,-25.0,-7.0,50.0
006,2020-02-28 10:18:32.281250,-31.0,38.0,37.0
006,2020-02-28 10:18:32.312500,17.0,42.0,80.0
006,2020-02-28 10:18:32.343750,4.0,24.0,69.0
006,2020-02-28 10:18:32.375000,-16.0,25.0,14.0
006,2020-02-28 10:18:32.406250,13.0,94.0,30.0
006,2020-02-28 10:18:32.437500,-10.0,87.0,18.0
006,2020-02-28 10:18:32.468750,-7.0,49.0,26.0
006,2020-02-28 10:18:32.500000,2.0,44.0,28.0
006,2020-02-28 10:18:32.531250,11.0,57.0,21.0
006,2020-02-28 10:18:32.562500,-15.0,69.0,17.0
006,2020-02-28 10:18:32.593750,-18.0,55.0,20.0
006,2020-02-28 10:18:32.625000,15.0,60.0,-2.0
006,2020-02-28 10:18:32.656250,-4.0,58.0,17.0
006,2020-02-28 10:18:32.687500,-10.0,65.0,11.0
006,2020-02-28 10:18:32.718750,16.0,78.0,12.0
006,2020-02-28 10:18:32.750000,4.0,70.0,-2.0
006,2020-02-28 10:18:32.781250,-5.0,73.0,-10.0
006,2020-02-28 10:18:32.812500,11.0,54.0,15.0
006,2020-02-28 10:18:32.843750,14.0,82.0,15.0
006,2020-02-28 10:18:32.875000,7.0,61.0,6.0
006,2020-02-28 10:18:32.906250,1.0,68.0,7.0
006,2020-02-28 10:18:32.937500,-2.0,61.0,-6.0
006,2020-02-28 10:18:32.968750,1.0,65.0,-12.0
006,2020-02-28 10:18:33.000000,-6.0,69.0,10.0
006,2020-02-28 10:18:33.031250,-1.0,66.0,2.0
006,2020-02-28 10:18:33.062500,-5.0,59.0,-9.0
006,2020-02-28 10:18:33.093750,-5.0,60.0,-1.0
006,2020-02-28 10:18:33.125000,-14.0,51.0,-1.0
006,2020-02-28 10:18:33.156250,-22.0,68.0,-7.0
006,2020-02-28 10:18:33.187500,-19.0,68.0,8.0
006,2020-02-28 10:18:33.218750,-16.0,65.0,1.0
006,2020-02-28 10:18:33.250000,-14.0,53.0,-5.0
006,2020-02-28 10:18:33.281250,-14.0,64.0,0.0
006,2020-02-28 10:18:33.312500,-15.0,65.0,-11.0
006,2020-02-28 10:18:33.343750,-9.0,66.0,0.0
006,2020-02-28 10:18:33.375000,-13.0,53.0,-12.0
006,2020-02-28 10:18:33.406250,-13.0,52.0,-22.0
006,2020-02-28 10:18:33.437500,-10.0,58.0,-23.0
006,2020-02-28 10:18:33.468750,-3.0,72.0,-4.0
006,2020-02-28 10:18:33.500000,-9.0,55.0,-19.0
006,2020-02-28 10:18:33.531250,-9.0,52.0,-20.0
006,2020-02-28 10:18:33.562500,-2.0,79.0,9.0
006,2020-02-28 10:18:33.593750,12.0,76.0,20.0
006,2020-02-28 10:18:33.625000,17.0,70.0,18.0
006,2020-02-28 10:18:33.656250,-12.0,41.0,-44.0
006,2020-02-28 10:18:33.687500,-1.0,46.0,9.0
006,2020-02-28 10:18:33.718750,-10.0,54.0,-7.0
006,2020-02-28 10:18:33.750000,-38.0,56.0,5.0
006,2020-02-28 10:18:33.781250,-47.0,47.0,14.0
006,2020-02-28 10:18:33.812500,-41.0,65.0,8.0
006,2020-02-28 10:18:33.843750,-63.0,44.0,12.0
006,2020-02-28 10:18:33.875000,-69.0,49.0,22.0
006,2020-02-28 10:18:33.906250,-104.0,59.0,59.0
006,2020-02-28 10:18:33.937500,-122.0,51.0,60.0
006,2020-02-28 10:18:33.968750,-125.0,45.0,22.0
006,2020-02-28 10:18:34.000000,-101.0,47.0,-42.0
006,2020-02-28 10:18:34.031250,-85.0,89.0,-75.0
006,2020-02-28 10:18:34.062500,-42.0,95.0,-109.0
006,2020-02-28 10:18:34.093750,24.0,72.0,-25.0
006,2020-02-28 10:18:34.125000,52.0,61.0,-41.0
006,2020-02-28 10:18:34.156250,57.0,37.0,-9.0
006,2020-02-28 10:18:34.187500,69.0,34.0,7.0
006,2020-02-28 10:18:34.218750,63.0,31.0,23.0
006,2020-02-28 10:18:34.250000,29.0,22.0,25.0
006,2020-02-28 10:18:34.281250,12.0,11.0,35.0
006,2020-02-28 10:18:34.312500,10.0,16.0,40.0
006,2020-02-28 10:18:34.343750,1.0,49.0,37.0
006,2020-02-28 10:18:34.375000,4.0,59.0,32.0
006,2020-02-28 10:18:34.406250,4.0,73.0,26.0
006,2020-02-28 10:18:34.437500,-7.0,47.0,27.0
006,2020-02-28 10:18:34.468750,-6.0,42.0,26.0
006,2020-02-28 10:18:34.500000,-13.0,80.0,27.0
006,2020-02-28 10:18:34.531250,-16.0,92.0,27.0
006,2020-02-28 10:18:34.562500,-18.0,83.0,24.0
006,2020-02-28 10:18:34.593750,-23.0,63.0,19.0
006,2020-02-28 10:18:34.625000,-25.0,64.0,19.0
006,2020-02-28 10:18:34.656250,-24.0,70.0,19.0
006,2020-02-28 10:18:34.687500,-22.0,62.0,16.0
006,2020-02-28 10:18:34.718750,-20.0,57.0,13.0
006,2020-02-28 10:18:34.750000,-19.0,54.0,11.0
006,2020-02-28 10:18:34.781250,-21.0,69.0,6.0
006,2020-02-28 10:18:34.812500,-21.0,72.0,9.0
006,2020-02-28 10:18:34.843750,-20.0,55.0,8.0
006,2020-02-28 10:18:34.875000,-22.0,55.0,11.0
006,2020-02-28 10:18:34.906250,-17.0,74.0,15.0
006,2020-02-28 10:18:34.937500,-11.0,60.0,10.0
006,2020-02-28 10:18:34.968750,-12.0,53.0,7.0
006,2020-02-28 10:18:35.000000,-25.0,51.0,26.0
006,2020-02-28 10:18:35.031250,-16.0,70.0,18.0
006,2020-02-28 10:18:35.062500,-20.0,71.0,20.0
006,2020-02-28 10:18:35.093750,-18.0,60.0,18.0
006,2020-02-28 10:18:35.125000,-18.0,50.0,17.0
006,2020-02-28 10:18:35.156250,-17.0,59.0,18.0
006,2020-02-28 10:18:35.187500,-12.0,62.0,16.0
006,2020-02-28 10:18:35.218750,-14.0,56.0,18.0
006,2020-02-28 10:18:35.250000,-11.0,54.0,13.0
006,2020-02-28 10:18:35.281250,-6.0,70.0,18.0
006,2020-02-28 10:18:35.312500,-16.0,66.0,21.0
006,2020-02-28 10:18:35.343750,-15.0,57.0,14.0
006,2020-02-28 10:18:35.375000,-18.0,68.0,18.0
006,2020-02-28 10:18:35.406250,-14.0,58.0,14.0
006,2020-02-28 10:18:35.437500,-12.0,66.0,14.0
006,2020-02-28 10:18:35.468750,-13.0,70.0,16.0
006,2020-02-28 10:18:35.500000,-15.0,62.0,10.0
006,2020-02-28 10:18:35.531250,-19.0,57.0,7.0
006,2020-02-28 10:18:35.562500,-10.0,53.0,2.0
006,2020-02-28 10:18:35.593750,-11.0,67.0,-10.0
006,2020-02-28 10:18:35.625000,-15.0,59.0,-7.0
006,2020-02-28 10:18:35.656250,-5.0,47.0,-11.0
006,2020-02-28 10:18:35.687500,-9.0,66.0,-13.0
006,2020-02-28 10:18:35.718750,-28.0,70.0,-6.0
006,2020-02-28 10:18:35.750000,-22.0,76.0,-16.0
006,2020-02-28 10:18:35.781250,-21.0,61.0,-33.0
006,2020-02-28 10:18:35.812500,-13.0,54.0,-17.0
006,2020-02-28 10:18:35.843750,-17.0,58.0,-30.0
006,2020-02-28 10:18:35.875000,-19.0,62.0,-18.0
006,2020-02-28 10:18:35.906250,-20.0,58.0,-14.0
006,2020-02-28 10:18:35.937500,-21.0,43.0,-20.0
006,2020-02-28 10:18:35.968750,-20.0,35.0,-27.0
006,2020-02-28 10:18:36.000000,-25.0,34.0,-42.0
006,2020-02-28 10:18:36.031250,-25.0,56.0,-18.0
006,2020-02-28 10:18:36.062500,-22.0,60.0,-14.0
006,2020-02-28 10:18:36.093750,-25.0,58.0,-21.0
006,2020-02-28 10:18:36.125000,-23.0,47.0,-34.0
006,2020-02-28 10:18:36.156250,-20.0,48.0,-42.0
006,2020-02-28 10:18:36.187500,-20.0,62.0,-30.0
006,2020-02-28 10:18:36.218750,-18.0,49.0,-27.0
006,2020-02-28 10:18:36.250000,-23.0,46.0,-19.0
006,2020-02-28 10:18:36.281250,-22.0,59.0,-23.0
006,2020-02-28 10:18:36.312500,-21.0,68.0,-15.0
006,2020-02-28 10:18:36.343750,-18.0,58.0,-24.0
006,2020-02-28 10:18:36.375000,-25.0,61.0,-19.0
006,2020-02-28 10:18:36.406250,-23.0,62.0,-17.0
006,2020-02-28 10:18:36.437500,-20.0,66.0,-17.0
006,2020-02-28 10:18:36.468750,-23.0,75.0,-10.0
006,2020-02-28 10:18:36.500000,-24.0,81.0,3.0
006,2020-02-28 10:18:36.531250,-23.0,82.0,1.0
006,2020-02-28 10:18:36.562500,-16.0,75.0,11.0
006,2020-02-28 10:18:36.593750,-24.0,86.0,8.0
006,2020-02-28 10:18:36.625000,-34.0,83.0,41.0
006,2020-02-28 10:18:36.656250,-12.0,76.0,49.0
006,2020-02-28 10:18:36.687500,-3.0,41.0,20.0
006,2020-02-28 10:18:36.718750,-2.0,-68.0,9.0
006,2020-02-28 10:18:36.750000,-13.0,-83.0,16.0
006,2020-02-28 10:18:36.781250,-11.0,-26.0,40.0
006,2020-02-28 10:18:36.812500,-16.0,32.0,64.0
006,2020-02-28 10:18:36.843750,-14.0,20.0,73.0
006,2020-02-28 10:18:36.875000,-27.0,-13.0,63.0
006,2020-02-28 10:18:36.906250,-34.0,-17.0,44.0
006,2020-02-28 10:18:36.937500,-28.0,1.0,49.0
006,2020-02-28 10:18:36.968750,-22.0,-5.0,38.0
006,2020-02-28 10:18:37.000000,-26.0,-5.0,44.0
006,2020-02-28 10:18:37.031250,-40.0,0.0,43.0
006,2020-02-28 10:18:37.062500,-16.0,16.0,65.0
006,2020-02-28 10:18:37.093750,-6.0,31.0,80.0
006,2020-02-28 10:18:37.125000,7.0,27.0,75.0
006,2020-02-28 10:18:37.156250,24.0,6.0,103.0
006,2020-02-28 10:18:37.187500,32.0,-17.0,109.0
006,2020-02-28 10:18:37.218750,3.0,25.0,49.0
006,2020-02-28 10:18:37.250000,-16.0,-15.0,16.0
006,2020-02-28 10:18:37.281250,-6.0,-35.0,27.0
006,2020-02-28 10:18:37.312500,10.0,-29.0,54.0
006,2020-02-28 10:18:37.343750,21.0,-23.0,71.0
006,2020-02-28 10:18:37.375000,29.0,-9.0,67.0
006,2020-02-28 10:18:37.406250,40.0,-19.0,83.0
006,2020-02-28 10:18:37.437500,41.0,-15.0,86.0
006,2020-02-28 10:18:37.468750,26.0,-14.0,61.0
006,2020-02-28 10:18:37.500000,3.0,-8.0,44.0
006,2020-02-28 10:18:37.531250,1.0,-12.0,44.0
006,2020-02-28 10:18:37.562500,-4.0,-12.0,15.0
006,2020-02-28 10:18:37.593750,-28.0,24.0,-3.0
006,2020-02-28 10:18:37.625000,-42.0,51.0,-6.0
006,2020-02-28 10:18:37.656250,40.0,47.0,53.0
006,2020-02-28 10:18:37.687500,61.0,44.0,87.0
006,2020-02-28 10:18:37.718750,53.0,27.0,88.0
006,2020-02-28 10:18:37.750000,27.0,23.0,2.0
006,2020-02-28 10:18:37.781250,69.0,-22.0,76.0
006,2020-02-28 10:18:37.812500,54.0,31.0,65.0
006,2020-02-28 10:18:37.843750,46.0,17.0,74.0
006,2020-02-28 10:18:37.875000,43.0,23.0,65.0
006,2020-02-28 10:18:37.906250,17.0,35.0,53.0
006,2020-02-28 10:18:37.937500,13.0,32.0,52.0
006,2020-02-28 10:18:37.968750,7.0,25.0,45.0
006,2020-02-28 10:18:38.000000,13.0,33.0,48.0
006,2020-02-28 10:18:38.031250,23.0,25.0,67.0
006,2020-02-28 10:18:38.062500,14.0,23.0,57.0
006,2020-02-28 10:18:38.093750,27.0,-6.0,72.0
006,2020-02-28 10:18:38.125000,22.0,15.0,78.0
006,2020-02-28 10:18:38.156250,12.0,6.0,64.0
006,2020-02-28 10:18:38.187500,12.0,17.0,50.0
006,2020-02-28 10:18:38.218750,32.0,-12.0,91.0
006,2020-02-28 10:18:38.250000,-9.0,-28.0,39.0
006,2020-02-28 10:18:38.281250,-15.0,-13.0,61.0
006,2020-02-28 10:18:38.312500,-39.0,-48.0,1.0
006,2020-02-28 10:18:38.343750,-27.0,-61.0,0.0
006,2020-02-28 10:18:38.375000,-4.0,-47.0,28.0
006,2020-02-28 10:18:38.406250,-12.0,-57.0,-8.0
006,2020-02-28 10:18:38.437500,-17.0,-61.0,-24.0
006,2020-02-28 10:18:38.468750,-8.0,-61.0,4.0
006,2020-02-28 10:18:38.500000,-13.0,-54.0,7.0
006,2020-02-28 10:18:38.531250,-17.0,-57.0,4.0
006,2020-02-28 10:18:38.562500,0.0,-53.0,13.0
006,2020-02-28 10:18:38.593750,-11.0,-54.0,-15.0
006,2020-02-28 10:18:38.625000,0.0,-64.0,-28.0
006,2020-02-28 10:18:38.656250,5.0,-71.0,-15.0
006,2020-02-28 10:18:38.687500,-4.0,-47.0,-34.0
006,2020-02-28 10:18:38.718750,4.0,-51.0,-20.0
006,2020-02-28 10:18:38.750000,-7.0,-58.0,-35.0
006,2020-02-28 10:18:38.781250,-1.0,-59.0,-49.0
006,2020-02-28 10:18:38.812500,-4.0,-60.0,-41.0
006,2020-02-28 10:18:38.843750,-1.0,-39.0,-26.0
006,2020-02-28 10:18:38.875000,-4.0,-55.0,-29.0
006,2020-02-28 10:18:38.906250,2.0,-64.0,-32.0
006,2020-02-28 10:18:38.937500,-3.0,-60.0,-30.0
006,2020-02-28 10:18:38.968750,-12.0,-52.0,-36.0
006,2020-02-28 10:18:39.000000,-5.0,-53.0,-29.0
006,2020-02-28 10:18:39.031250,-6.0,-50.0,-21.0
006,2020-02-28 10:18:39.062500,-1.0,-56.0,-21.0
006,2020-02-28 10:18:39.093750,11.0,-48.0,-30.0
006,2020-02-28 10:18:39.125000,7.0,-47.0,-24.0
006,2020-02-28 10:18:39.156250,4.0,-69.0,-33.0
006,2020-02-28 10:18:39.187500,1.0,-42.0,-36.0
006,2020-02-28 10:18:39.218750,0.0,-39.0,-32.0
006,2020-02-28 10:18:39.250000,5.0,-59.0,-39.0
006,2020-02-28 10:18:39.281250,10.0,-38.0,-37.0
006,2020-02-28 10:18:39.312500,16.0,-28.0,-39.0
006,2020-02-28 10:18:39.343750,-4.0,-57.0,-52.0
006,2020-02-28 10:18:39.375000,10.0,-41.0,-37.0
006,2020-02-28 10:18:39.406250,-10.0,-20.0,-43.0
006,2020-02-28 10:18:39.437500,4.0,-64.0,-47.0
006,2020-02-28 10:18:39.468750,1.0,-38.0,-26.0
006,2020-02-28 10:18:39.500000,-7.0,-53.0,-42.0
006,2020-02-28 10:18:39.531250,-13.0,-60.0,-50.0
006,2020-02-28 10:18:39.562500,-9.0,-42.0,-36.0
006,2020-02-28 10:18:39.593750,-18.0,-58.0,-45.0
006,2020-02-28 10:18:39.625000,-13.0,-55.0,-43.0
006,2020-02-28 10:18:39.656250,-12.0,-46.0,-42.0
006,2020-02-28 10:18:39.687500,-14.0,-49.0,-41.0
006,2020-02-28 10:18:39.718750,-12.0,-43.0,-38.0
006,2020-02-28 10:18:39.750000,-13.0,-44.0,-43.0
006,2020-02-28 10:18:39.781250,-11.0,-49.0,-45.0
006,2020-02-28 10:18:39.812500,-10.0,-46.0,-41.0
006,2020-02-28 10:18:39.843750,-12.0,-46.0,-39.0
006,2020-02-28 10:18:39.875000,-14.0,-54.0,-45.0
006,2020-02-28 10:18:39.906250,-15.0,-51.0,-39.0
006,2020-02-28 10:18:39.937500,-14.0,-50.0,-41.0
006,2020-02-28 10:18:39.968750,-13.0,-55.0,-44.0
006,2020-02-28 10:18:40.000000,-11.0,-46.0,-34.0
006,2020-02-28 10:18:40.031250,-8.0,-49.0,-37.0
006,2020-02-28 10:18:40.062500,-9.0,-48.0,-36.0
006,2020-02-28 10:18:40.093750,-10.0,-50.0,-36.0
006,2020-02-28 10:18:40.125000,-6.0,-47.0,-38.0
006,2020-02-28 10:18:40.156250,-7.0,-51.0,-39.0
006,2020-02-28 10:18:40.187500,-9.0,-54.0,-35.0
006,2020-02-28 10:18:40.218750,-5.0,-53.0,-37.0
006,2020-02-28 10:18:40.250000,-4.0,-50.0,-35.0
006,2020-02-28 10:18:40.281250,-5.0,-51.0,-35.0
006,2020-02-28 10:18:40.312500,-6.0,-59.0,-38.0
006,2020-02-28 10:18:40.343750,-11.0,-54.0,-38.0
006,2020-02-28 10:18:40.375000,-11.0,-49.0,-33.0
006,2020-02-28 10:18:40.406250,-11.0,-53.0,-32.0
006,2020-02-28 10:18:40.437500,-12.0,-54.0,-35.0
006,2020-02-28 10:18:40.468750,-8.0,-47.0,-25.0
006,2020-02-28 10:18:40.500000,-8.0,-46.0,-25.0
006,2020-02-28 10:18:40.531250,-9.0,-57.0,-37.0
006,2020-02-28 10:18:40.562500,-10.0,-56.0,-34.0
006,2020-02-28 10:18:40.593750,-10.0,-55.0,-33.0
006,2020-02-28 10:18:40.625000,-11.0,-62.0,-36.0
006,2020-02-28 10:18:40.656250,-12.0,-56.0,-30.0
006,2020-02-28 10:18:40.687500,-7.0,-47.0,-23.0
006,2020-02-28 10:18:40.718750,-11.0,-55.0,-29.0
006,2020-02-28 10:18:40.750000,-13.0,-54.0,-31.0
006,2020-02-28 10:18:40.781250,-14.0,-47.0,-28.0
006,2020-02-28 10:18:40.812500,-18.0,-64.0,-33.0
006,2020-02-28 10:18:40.843750,-17.0,-63.0,-31.0
006,2020-02-28 10:18:40.875000,-14.0,-53.0,-23.0
006,2020-02-28 10:18:40.906250,-12.0,-54.0,-22.0
006,2020-02-28 10:18:40.937500,-15.0,-62.0,-32.0
006,2020-02-28 10:18:40.968750,-13.0,-32.0,-15.0
006,2020-02-28 10:18:41.000000,-21.0,-63.0,-39.0
006,2020-02-28 10:18:41.031250,-26.0,-65.0,-39.0
006,2020-02-28 10:18:41.062500,-13.0,-47.0,-28.0
006,2020-02-28 10:18:41.093750,-11.0,-50.0,-28.0
006,2020-02-28 10:18:41.125000,-16.0,-43.0,-22.0
006,2020-02-28 10:18:41.156250,-13.0,-49.0,-28.0
006,2020-02-28 10:18:41.187500,-14.0,-55.0,-31.0
006,2020-02-28 10:18:41.218750,-10.0,-44.0,-27.0
006,2020-02-28 10:18:41.250000,-12.0,-42.0,-24.0
006,2020-02-28 10:18:41.281250,-14.0,-54.0,-28.0
006,2020-02-28 10:18:41.312500,-12.0,-50.0,-29.0
006,2020-02-28 10:18:41.343750,-12.0,-58.0,-34.0
006,2020-02-28 10:18:41.375000,-10.0,-59.0,-35.0
006,2020-02-28 10:18:41.406250,-10.0,-62.0,-37.0
006,2020-02-28 10:18:41.437500,-8.0,-59.0,-35.0
006,2020-02-28 10:18:41.468750,-8.0,-61.0,-31.0
006,2020-02-28 10:18:41.500000,-8.0,-61.0,-34.0
006,2020-02-28 10:18:41.531250,-6.0,-66.0,-37.0
006,2020-02-28 10:18:41.562500,-7.0,-58.0,-31.0
006,2020-02-28 10:18:41.593750,-10.0,-61.0,-32.0
006,2020-02-28 10:18:41.625000,-7.0,-69.0,-35.0
006,2020-02-28 10:18:41.656250,-9.0,-60.0,-29.0
006,2020-02-28 10:18:41.687500,-9.0,-57.0,-31.0
006,2020-02-28 10:18:41.718750,-10.0,-57.0,-32.0
006,2020-02-28 10:18:41.750000,-11.0,-61.0,-38.0
006,2020-02-28 10:18:41.781250,-13.0,-56.0,-34.0
006,2020-02-28 10:18:41.812500,-12.0,-51.0,-35.0
006,2020-02-28 10:18:41.843750,-5.0,-52.0,-21.0
006,2020-02-28 10:18:41.875000,-12.0,-55.0,-35.0
006,2020-02-28 10:18:41.906250,-18.0,-50.0,-28.0
006,2020-02-28 10:18:41.937500,-20.0,-48.0,-33.0
006,2020-02-28 10:18:41.968750,-10.0,-51.0,-33.0
006,2020-02-28 10:18:42.000000,-9.0,-52.0,-28.0
006,2020-02-28 10:18:42.031250,-8.0,-34.0,-26.0
006,2020-02-28 10:18:42.062500,-19.0,-55.0,-25.0
006,2020-02-28 10:18:42.093750,-28.0,-58.0,-25.0
006,2020-02-28 10:18:42.125000,-33.0,-53.0,-50.0
006,2020-02-28 10:18:42.156250,-35.0,-49.0,-26.0
006,2020-02-28 10:18:42.187500,-37.0,-59.0,-31.0
006,2020-02-28 10:18:42.218750,-36.0,-58.0,-25.0
006,2020-02-28 10:18:42.250000,-35.0,-37.0,-28.0
006,2020-02-28 10:18:42.281250,-38.0,-40.0,-17.0
006,2020-02-28 10:18:42.312500,-32.0,-53.0,-13.0
006,2020-02-28 10:18:42.343750,-42.0,-44.0,-7.0
006,2020-02-28 10:18:42.375000,-37.0,-56.0,-16.0
006,2020-02-28 10:18:42.406250,-17.0,-38.0,12.0
006,2020-02-28 10:18:42.437500,-15.0,-41.0,28.0
006,2020-02-28 10:18:42.468750,-9.0,-70.0,-18.0
006,2020-02-28 10:18:42.500000,1.0,-12.0,17.0
006,2020-02-28 10:18:42.531250,8.0,-10.0,-7.0
006,2020-02-28 10:18:42.562500,2.0,-26.0,19.0
006,2020-02-28 10:18:42.593750,18.0,-97.0,31.0
006,2020-02-28 10:18:42.625000,-2.0,-126.0,13.0
006,2020-02-28 10:18:42.656250,-7.0,-92.0,31.0
006,2020-02-28 10:18:42.687500,-5.0,-76.0,4.0
006,2020-02-28 10:18:42.718750,-7.0,-50.0,12.0
006,2020-02-28 10:18:42.750000,-5.0,-41.0,9.0
006,2020-02-28 10:18:42.781250,-4.0,-59.0,-2.0
006,2020-02-28 10:18:42.812500,7.0,-58.0,11.0
006,2020-02-28 10:18:42.843750,-2.0,-62.0,15.0
006,2020-02-28 10:18:42.875000,1.0,-71.0,8.0
006,2020-02-28 10:18:42.906250,6.0,-61.0,7.0
006,2020-02-28 10:18:42.937500,-3.0,-56.0,0.0
006,2020-02-28 10:18:42.968750,5.0,-64.0,-4.0
006,2020-02-28 10:18:43.000000,5.0,-66.0,-6.0
006,2020-02-28 10:18:43.031250,0.0,-50.0,7.0
006,2020-02-28 10:18:43.062500,5.0,-82.0,-3.0
006,2020-02-28 10:18:43.093750,6.0,-64.0,-1.0
006,2020-02-28 10:18:43.125000,-1.0,-72.0,-4.0
006,2020-02-28 10:18:43.156250,2.0,-59.0,-8.0
006,2020-02-28 10:18:43.187500,4.0,-55.0,-13.0
006,2020-02-28 10:18:43.218750,7.0,-55.0,-9.0
006,2020-02-28 10:18:43.250000,7.0,-52.0,-5.0
006,2020-02-28 10:18:43.281250,8.0,-58.0,-10.0
006,2020-02-28 10:18:43.312500,8.0,-73.0,-8.0
006,2020-02-28 10:18:43.343750,3.0,-60.0,-9.0
006,2020-02-28 10:18:43.375000,4.0,-56.0,-8.0
006,2020-02-28 10:18:43.406250,-1.0,-117.0,-12.0
006,2020-02-28 10:18:43.437500,6.0,-54.0,-19.0
006,2020-02-28 10:18:43.468750,6.0,-54.0,-29.0
006,2020-02-28 10:18:43.500000,0.0,-26.0,-34.0
006,2020-02-28 10:18:43.531250,1.0,-23.0,-40.0
006,2020-02-28 10:18:43.562500,4.0,-31.0,-46.0
007,2020-03-14 10:24:28.000000,-21.0,26.0,45.0
007,2020-03-14 10:24:28.031250,-5.0,44.0,41.0
007,2020-03-14 10:24:28.062500,-1.0,44.0,43.0
007,2020-03-14 10:24:28.093750,2.0,50.0,48.0
007,2020-03-14 10:24:28.125000,0.0,49.0,44.0
007,2020-03-14 10:24:28.156250,-2.0,47.0,37.0
007,2020-03-14 10:24:28.187500,1.0,47.0,34.0
007,2020-03-14 10:24:28.218750,16.0,50.0,33.0
007,2020-03-14 10:24:28.250000,10.0,50.0,31.0
007,2020-03-14 10:24:28.281250,8.0,52.0,31.0
007,2020-03-14 10:24:28.312500,13.0,54.0,30.0
007,2020-03-14 10:24:28.343750,21.0,54.0,30.0
007,2020-03-14 10:24:28.375000,22.0,60.0,36.0
007,2020-03-14 10:24:28.406250,16.0,59.0,28.0
007,2020-03-14 10:24:28.437500,17.0,58.0,26.0
007,2020-03-14 10:24:28.468750,17.0,55.0,26.0
007,2020-03-14 10:24:28.500000,16.0,56.0,26.0
007,2020-03-14 10:24:28.531250,14.0,57.0,27.0
007,2020-03-14 10:24:28.562500,10.0,55.0,25.0
007,2020-03-14 10:24:28.593750,8.0,56.0,23.0
007,2020-03-14 10:24:28.625000,8.0,56.0,28.0
007,2020-03-14 10:24:28.656250,2.0,55.0,21.0
007,2020-03-14 10:24:28.687500,6.0,55.0,24.0
007,2020-03-14 10:24:28.718750,2.0,55.0,25.0
007,2020-03-14 10:24:28.750000,4.0,57.0,27.0
007,2020-03-14 10:24:28.781250,6.0,60.0,35.0
007,2020-03-14 10:24:28.812500,8.0,60.0,33.0
007,2020-03-14 10:24:28.843750,7.0,57.0,31.0
007,2020-03-14 10:24:28.875000,0.0,53.0,26.0
007,2020-03-14 10:24:28.906250,-5.0,51.0,21.0
007,2020-03-14 10:24:28.937500,-6.0,53.0,23.0
007,2020-03-14 10:24:28.968750,-5.0,56.0,28.0
007,2020-03-14 10:24:29.000000,-4.0,57.0,27.0
007,2020-03-14 10:24:29.031250,-3.0,56.0,29.0
007,2020-03-14 10:24:29.062500,0.0,59.0,31.0
007,2020-03-14 10:24:29.093750,1.0,57.0,30.0
007,2020-03-14 10:24:29.125000,-1.0,58.0,29.0
007,2020-03-14 10:24:29.156250,0.0,56.0,30.0
007,2020-03-14 10:24:29.187500,-1.0,59.0,29.0
007,2020-03-14 10:24:29.218750,-2.0,57.0,27.0
007,2020-03-14 10:24:29.250000,-2.0,58.0,28.0
007,2020-03-14 10:24:29.281250,-2.0,58.0,29.0
007,2020-03-14 10:24:29.312500,-2.0,57.0,28.0
007,2020-03-14 10:24:29.343750,-3.0,57.0,28.0
007,2020-03-14 10:24:29.375000,-2.0,58.0,30.0
007,2020-03-14 10:24:29.406250,-1.0,59.0,31.0
007,2020-03-14 10:24:29.437500,-1.0,57.0,30.0
007,2020-03-14 10:24:29.468750,-1.0,57.0,30.0
007,2020-03-14 10:24:29.500000,-1.0,57.0,29.0
007,2020-03-14 10:24:29.531250,-2.0,56.0,29.0
007,2020-03-14 10:24:29.562500,-4.0,55.0,28.0
007,2020-03-14 10:24:29.593750,-4.0,55.0,27.0
007,2020-03-14 10:24:29.625000,-4.0,57.0,29.0
007,2020-03-14 10:24:29.656250,-3.0,58.0,30.0
007,2020-03-14 10:24:29.687500,-1.0,57.0,30.0
007,2020-03-14 10:24:29.718750,-1.0,58.0,29.0
007,2020-03-14 10:24:29.750000,-1.0,58.0,28.0
007,2020-03-14 10:24:29.781250,-1.0,57.0,28.0
007,2020-03-14 10:24:29.812500,-2.0,58.0,29.0
007,2020-03-14 10:24:29.843750,-2.0,57.0,29.0
007,2020-03-14 10:24:29.875000,-2.0,57.0,28.0
007,2020-03-14 10:24:29.906250,-2.0,57.0,29.0
007,2020-03-14 10:24:29.937500,-1.0,58.0,30.0
007,2020-03-14 10:24:29.968750,0.0,58.0,29.0
007,2020-03-14 10:24:30.000000,-1.0,57.0,29.0
007,2020-03-14 10:24:30.031250,-1.0,57.0,30.0
007,2020-03-14 10:24:30.062500,-2.0,56.0,29.0
007,2020-03-14 10:24:30.093750,-3.0,56.0,30.0
007,2020-03-14 10:24:30.125000,-2.0,56.0,30.0
007,2020-03-14 10:24:30.156250,-3.0,57.0,31.0
007,2020-03-14 10:24:30.187500,-2.0,57.0,33.0
007,2020-03-14 10:24:30.218750,-1.0,54.0,35.0
007,2020-03-14 10:24:30.250000,-6.0,53.0,33.0
007,2020-03-14 10:24:30.281250,-9.0,49.0,31.0
007,2020-03-14 10:24:30.312500,-5.0,44.0,34.0
007,2020-03-14 10:24:30.343750,-10.0,41.0,43.0
007,2020-03-14 10:24:30.375000,-13.0,45.0,56.0
007,2020-03-14 10:24:30.406250,-29.0,29.0,46.0
007,2020-03-14 10:24:30.437500,-3.0,39.0,51.0
007,2020-03-14 10:24:30.468750,3.0,35.0,51.0
007,2020-03-14 10:24:30.500000,-19.0,25.0,40.0
007,2020-03-14 10:24:30.531250,-27.0,22.0,36.0
007,2020-03-14 10:24:30.562500,-22.0,16.0,52.0
007,2020-03-14 10:24:30.593750,-24.0,7.0,61.0
007,2020-03-14 10:24:30.625000,-32.0,1.0,58.0
007,2020-03-14 10:24:30.656250,-33.0,-6.0,70.0
007,2020-03-14 10:24:30.687500,-31.0,-11.0,72.0
007,2020-03-14 10:24:30.718750,-35.0,-10.0,68.0
007,2020-03-14 10:24:30.750000,-36.0,-12.0,69.0
007,2020-03-14 10:24:30.781250,-29.0,-15.0,66.0
007,2020-03-14 10:24:30.812500,-34.0,-6.0,68.0
007,2020-03-14 10:24:30.843750,-35.0,-13.0,57.0
007,2020-03-14 10:24:30.875000,-40.0,-12.0,55.0
007,2020-03-14 10:24:30.906250,-37.0,-7.0,61.0
007,2020-03-14 10:24:30.937500,-23.0,-9.0,58.0
007,2020-03-14 10:24:30.968750,-25.0,-7.0,56.0
007,2020-03-14 10:24:31.000000,-27.0,-13.0,53.0
007,2020-03-14 10:24:31.031250,-32.0,-10.0,56.0
007,2020-03-14 10:24:31.062500,-32.0,-17.0,54.0
007,2020-03-14 10:24:31.093750,-27.0,-14.0,54.0
007,2020-03-14 10:24:31.125000,-24.0,-27.0,55.0
007,2020-03-14 10:24:31.156250,-25.0,-22.0,63.0
007,2020-03-14 10:24:31.187500,-26.0,-9.0,61.0
007,2020-03-14 10:24:31.218750,-26.0,-6.0,62.0
007,2020-03-14 10:24:31.250000,-22.0,-14.0,63.0
007,2020-03-14 10:24:31.281250,-29.0,-9.0,62.0
007,2020-03-14 10:24:31.312500,-16.0,-15.0,64.0
007,2020-03-14 10:24:31.343750,-21.0,-9.0,62.0
007,2020-03-14 10:24:31.375000,-21.0,-9.0,60.0
007,2020-03-14 10:24:31.406250,-25.0,-9.0,58.0
007,2020-03-14 10:24:31.437500,-15.0,-5.0,63.0
007,2020-03-14 10:24:31.468750,-9.0,-1.0,68.0
007,2020-03-14 10:24:31.500000,-22.0,-8.0,59.0
007,2020-03-14 10:24:31.531250,-19.0,-11.0,59.0
007,2020-03-14 10:24:31.562500,-21.0,-12.0,59.0
007,2020-03-14 10:24:31.593750,-22.0,-3.0,59.0
007,2020-03-14 10:24:31.625000,-23.0,-20.0,56.0
007,2020-03-14 10:24:31.656250,-27.0,-5.0,57.0
007,2020-03-14 10:24:31.687500,-21.0,-10.0,60.0
007,2020-03-14 10:24:31.718750,-19.0,-12.0,61.0
007,2020-03-14 10:24:31.750000,-14.0,-10.0,67.0
007,2020-03-14 10:24:31.781250,-14.0,-12.0,68.0
007,2020-03-14 10:24:31.812500,-14.0,-13.0,66.0
007,2020-03-14 10:24:31.843750,-16.0,-14.0,66.0
007,2020-03-14 10:24:31.875000,-17.0,-14.0,63.0
007,2020-03-14 10:24:31.906250,-12.0,-14.0,64.0
007,2020-03-14 10:24:31.937500,-17.0,-11.0,62.0
007,2020-03-14 10:24:31.968750,-15.0,-11.0,61.0
007,2020-03-14 10:24:32.000000,-18.0,-12.0,60.0
007,2020-03-14 10:24:32.031250,-19.0,-11.0,56.0
007,2020-03-14 10:24:32.062500,-16.0,-14.0,59.0
007,2020-03-14 10:24:32.093750,-16.0,-13.0,62.0
007,2020-03-14 10:24:32.125000,-12.0,-20.0,59.0
007,2020-03-14 10:24:32.156250,-15.0,-14.0,63.0
007,2020-03-14 10:24:32.187500,-15.0,-18.0,61.0
007,2020-03-14 10:24:32.218750,-16.0,-13.0,63.0
007,2020-03-14 10:24:32.250000,-18.0,-10.0,62.0
007,2020-03-14 10:24:32.281250,-14.0,-12.0,62.0
007,2020-03-14 10:24:32.312500,-14.0,-14.0,62.0
007,2020-03-14 10:24:32.343750,-11.0,-15.0,63.0
007,2020-03-14 10:24:32.375000,-10.0,-20.0,62.0
007,2020-03-14 10:24:32.406250,-8.0,-14.0,63.0
007,2020-03-14 10:24:32.437500,-11.0,-16.0,62.0
007,2020-03-14 10:24:32.468750,-11.0,-16.0,61.0
007,2020-03-14 10:24:32.500000,-10.0,-14.0,62.0
007,2020-03-14 10:24:32.531250,-9.0,-14.0,61.0
007,2020-03-14 10:24:32.562500,-7.0,-17.0,61.0
007,2020-03-14 10:24:32.593750,-7.0,-19.0,63.0
007,2020-03-14 10:24:32.625000,-9.0,-18.0,62.0
007,2020-03-14 10:24:32.656250,-6.0,-19.0,62.0
007,2020-03-14 10:24:32.687500,-8.0,-20.0,62.0
007,2020-03-14 10:24:32.718750,-6.0,-20.0,62.0
007,2020-03-14 10:24:32.750000,-6.0,-14.0,61.0
007,2020-03-14 10:24:32.781250,-8.0,-18.0,62.0
007,2020-03-14 10:24:32.812500,-8.0,-18.0,61.0
007,2020-03-14 10:24:32.843750,-9.0,-16.0,61.0
007,2020-03-14 10:24:32.875000,-8.0,-14.0,62.0
007,2020-03-14 10:24:32.906250,-8.0,-14.0,62.0
007,2020-03-14 10:24:32.937500,-9.0,-14.0,63.0
007,2020-03-14 10:24:32.968750,-10.0,-11.0,62.0
007,2020-03-14 10:24:33.000000,-11.0,-13.0,64.0
007,2020-03-14 10:24:33.031250,-21.0,2.0,52.0
007,2020-03-14 10:24:33.062500,-16.0,-14.0,59.0
007,2020-03-14 10:24:33.093750,-6.0,-1.0,61.0
007,2020-03-14 10:24:33.125000,11.0,-5.0,67.0
007,2020-03-14 10:24:33.156250,-23.0,-13.0,60.0
007,2020-03-14 10:24:33.187500,2.0,5.0,64.0
007,2020-03-14 10:24:33.218750,18.0,3.0,69.0
007,2020-03-14 10:24:33.250000,20.0,3.0,65.0
007,2020-03-14 10:24:33.281250,26.0,5.0,63.0
007,2020-03-14 10:24:33.312500,28.0,5.0,55.0
007,2020-03-14 10:24:33.343750,33.0,6.0,54.0
007,2020-03-14 10:24:33.375000,49.0,6.0,55.0
007,2020-03-14 10:24:33.406250,47.0,6.0,50.0
007,2020-03-14 10:24:33.437500,42.0,11.0,41.0
007,2020-03-14 10:24:33.468750,48.0,9.0,39.0
007,2020-03-14 10:24:33.500000,55.0,7.0,39.0
007,2020-03-14 10:24:33.531250,61.0,7.0,38.0
007,2020-03-14 10:24:33.562500,48.0,6.0,34.0
007,2020-03-14 10:24:33.593750,53.0,4.0,37.0
007,2020-03-14 10:24:33.625000,49.0,12.0,32.0
007,2020-03-14 10:24:33.656250,47.0,10.0,30.0
007,2020-03-14 10:24:33.687500,53.0,12.0,30.0
007,2020-03-14 10:24:33.718750,56.0,10.0,34.0
007,2020-03-14 10:24:33.750000,49.0,6.0,28.0
007,2020-03-14 10:24:33.781250,49.0,9.0,29.0
007,2020-03-14 10:24:33.812500,58.0,16.0,35.0
007,2020-03-14 10:24:33.843750,58.0,8.0,37.0
007,2020-03-14 10:24:33.875000,49.0,12.0,30.0
007,2020-03-14 10:24:33.906250,55.0,9.0,34.0
007,2020-03-14 10:24:33.937500,55.0,8.0,32.0
007,2020-03-14 10:24:33.968750,55.0,11.0,30.0
007,2020-03-14 10:24:34.000000,56.0,17.0,33.0
007,2020-03-14 10:24:34.031250,56.0,13.0,31.0
007,2020-03-14 10:24:34.062500,53.0,14.0,32.0
007,2020-03-14 10:24:34.093750,55.0,12.0,33.0
007,2020-03-14 10:24:34.125000,52.0,7.0,31.0
007,2020-03-14 10:24:34.156250,53.0,10.0,31.0
007,2020-03-14 10:24:34.187500,52.0,12.0,32.0
007,2020-03-14 10:24:34.218750,51.0,12.0,33.0
007,2020-03-14 10:24:34.250000,52.0,13.0,33.0
007,2020-03-14 10:24:34.281250,51.0,14.0,29.0
007,2020-03-14 10:24:34.312500,51.0,18.0,30.0
007,2020-03-14 10:24:34.343750,52.0,18.0,29.0
007,2020-03-14 10:24:34.375000,54.0,14.0,31.0
007,2020-03-14 10:24:34.406250,56.0,13.0,30.0
007,2020-03-14 10:24:34.437500,58.0,13.0,31.0
007,2020-03-14 10:24:34.468750,58.0,17.0,34.0
007,2020-03-14 10:24:34.500000,56.0,14.0,30.0
007,2020-03-14 10:24:34.531250,54.0,13.0,31.0
007,2020-03-14 10:24:34.562500,55.0,16.0,34.0
007,2020-03-14 10:24:34.593750,54.0,13.0,32.0
007,2020-03-14 10:24:34.625000,51.0,11.0,31.0
007,2020-03-14 10:24:34.656250,48.0,11.0,32.0
007,2020-03-14 10:24:34.687500,47.0,12.0,32.0
007,2020-03-14 10:24:34.718750,49.0,14.0,30.0
007,2020-03-14 10:24:34.750000,55.0,14.0,31.0
007,2020-03-14 10:24:34.781250,55.0,16.0,32.0
007,2020-03-14 10:24:34.812500,49.0,18.0,33.0
007,2020-03-14 10:24:34.843750,54.0,20.0,33.0
007,2020-03-14 10:24:34.875000,57.0,16.0,33.0
007,2020-03-14 10:24:34.906250,55.0,19.0,37.0
007,2020-03-14 10:24:34.937500,56.0,19.0,38.0
007,2020-03-14 10:24:34.968750,41.0,12.0,37.0
007,2020-03-14 10:24:35.000000,48.0,5.0,48.0
007,2020-03-14 10:24:35.031250,50.0,13.0,51.0
007,2020-03-14 10:24:35.062500,35.0,10.0,44.0
007,2020-03-14 10:24:35.093750,29.0,14.0,48.0
007,2020-03-14 10:24:35.125000,28.0,13.0,56.0
007,2020-03-14 10:24:35.156250,26.0,10.0,59.0
007,2020-03-14 10:24:35.187500,17.0,9.0,56.0
007,2020-03-14 10:24:35.218750,13.0,6.0,60.0
007,2020-03-14 10:24:35.250000,15.0,3.0,59.0
007,2020-03-14 10:24:35.281250,10.0,4.0,56.0
007,2020-03-14 10:24:35.312500,12.0,4.0,57.0
007,2020-03-14 10:24:35.343750,11.0,1.0,60.0
007,2020-03-14 10:24:35.375000,10.0,0.0,62.0
007,2020-03-14 10:24:35.406250,10.0,0.0,64.0
007,2020-03-14 10:24:35.437500,7.0,-1.0,65.0
007,2020-03-14 10:24:35.468750,3.0,-4.0,67.0
007,2020-03-14 10:24:35.500000,0.0,-7.0,66.0
007,2020-03-14 10:24:35.531250,-2.0,-8.0,66.0
007,2020-03-14 10:24:35.562500,-3.0,-8.0,68.0
007,2020-03-14 10:24:35.593750,-4.0,-9.0,67.0
007,2020-03-14 10:24:35.625000,-4.0,-15.0,66.0
007,2020-03-14 10:24:35.656250,-2.0,-13.0,68.0
007,2020-03-14 10:24:35.687500,-4.0,-7.0,67.0
007,2020-03-14 10:24:35.718750,1.0,-12.0,67.0
007,2020-03-14 10:24:35.750000,-1.0,-7.0,66.0
007,2020-03-14 10:24:35.781250,-1.0,-11.0,67.0
007,2020-03-14 10:24:35.812500,-8.0,-10.0,63.0
007,2020-03-14 10:24:35.843750,-8.0,-8.0,63.0
007,2020-03-14 10:24:35.875000,-12.0,-7.0,60.0
007,2020-03-14 10:24:35.906250,-12.0,-4.0,63.0
007,2020-03-14 10:24:35.937500,-15.0,0.0,59.0
007,2020-03-14 10:24:35.968750,-18.0,1.0,60.0
007,2020-03-14 10:24:36.000000,-24.0,0.0,59.0
007,2020-03-14 10:24:36.031250,-20.0,-2.0,59.0
007,2020-03-14 10:24:36.062500,-15.0,-1.0,64.0
007,2020-03-14 10:24:36.093750,-15.0,0.0,65.0
007,2020-03-14 10:24:36.125000,-17.0,0.0,64.0
007,2020-03-14 10:24:36.156250,-15.0,0.0,61.0
007,2020-03-14 10:24:36.187500,-16.0,-1.0,63.0
007,2020-03-14 10:24:36.218750,-18.0,-1.0,64.0
007,2020-03-14 10:24:36.250000,-16.0,-1.0,65.0
007,2020-03-14 10:24:36.281250,-15.0,-2.0,64.0
007,2020-03-14 10:24:36.312500,-10.0,-3.0,65.0
007,2020-03-14 10:24:36.343750,-6.0,-9.0,64.0
007,2020-03-14 10:24:36.375000,-13.0,-11.0,61.0
007,2020-03-14 10:24:36.406250,4.0,-3.0,67.0
007,2020-03-14 10:24:36.437500,-3.0,-5.0,62.0
007,2020-03-14 10:24:36.468750,-10.0,-3.0,62.0
007,2020-03-14 10:24:36.500000,-9.0,-4.0,64.0
007,2020-03-14 10:24:36.531250,-11.0,-6.0,62.0
007,2020-03-14 10:24:36.562500,-9.0,-5.0,64.0
007,2020-03-14 10:24:36.593750,-11.0,-8.0,65.0
007,2020-03-14 10:24:36.625000,-12.0,-9.0,63.0
007,2020-03-14 10:24:36.656250,-17.0,-4.0,64.0
007,2020-03-14 10:24:36.687500,-10.0,-3.0,67.0
007,2020-03-14 10:24:36.718750,-12.0,-5.0,65.0
007,2020-03-14 10:24:36.750000,-21.0,-8.0,63.0
007,2020-03-14 10:24:36.781250,-20.0,-10.0,62.0
007,2020-03-14 10:24:36.812500,-23.0,-10.0,61.0
007,2020-03-14 10:24:36.843750,-26.0,-10.0,61.0
007,2020-03-14 10:24:36.875000,-24.0,-8.0,58.0
007,2020-03-14 10:24:36.906250,-24.0,-7.0,57.0
007,2020-03-14 10:24:36.937500,-25.0,-3.0,56.0
007,2020-03-14 10:24:36.968750,-26.0,-1.0,57.0
007,2020-03-14 10:24:37.000000,-23.0,-1.0,61.0
007,2020-03-14 10:24:37.031250,-26.0,-3.0,60.0
007,2020-03-14 10:24:37.062500,-26.0,-4.0,60.0
007,2020-03-14 10:24:37.093750,-22.0,0.0,62.0
007,2020-03-14 10:24:37.125000,-16.0,-1.0,67.0
007,2020-03-14 10:24:37.156250,-16.0,0.0,67.0
007,2020-03-14 10:24:37.187500,-12.0,-6.0,65.0
007,2020-03-14 10:24:37.218750,-8.0,-11.0,65.0
007,2020-03-14 10:24:37.250000,-5.0,-1.0,67.0
007,2020-03-14 10:24:37.281250,-8.0,-5.0,62.0
007,2020-03-14 10:24:37.312500,-9.0,-6.0,61.0
007,2020-03-14 10:24:37.343750,-9.0,-5.0,61.0
007,2020-03-14 10:24:37.375000,-10.0,-5.0,61.0
007,2020-03-14 10:24:37.406250,-11.0,-5.0,60.0
007,2020-03-14 10:24:37.437500,-13.0,-6.0,60.0
007,2020-03-14 10:24:37.468750,-12.0,-6.0,60.0
007,2020-03-14 10:24:37.500000,-10.0,-5.0,60.0
007,2020-03-14 10:24:37.531250,-13.0,-4.0,55.0
007,2020-03-14 10:24:37.562500,-12.0,-4.0,55.0
007,2020-03-14 10:24:37.593750,-1.0,-2.0,63.0
007,2020-03-14 10:24:37.625000,3.0,-6.0,66.0
007,2020-03-14 10:24:37.656250,7.0,-11.0,68.0
007,2020-03-14 10:24:37.687500,11.0,-13.0,74.0
007,2020-03-14 10:24:37.718750,12.0,-15.0,70.0
007,2020-03-14 10:24:37.750000,10.0,-13.0,69.0
007,2020-03-14 10:24:37.781250,4.0,-12.0,63.0
007,2020-03-14 10:24:37.812500,8.0,-13.0,65.0
007,2020-03-14 10:24:37.843750,3.0,-14.0,62.0
007,2020-03-14 10:24:37.875000,7.0,-17.0,75.0
007,2020-03-14 10:24:37.906250,7.0,-12.0,77.0
007,2020-03-14 10:24:37.937500,2.0,-10.0,68.0
007,2020-03-14 10:24:37.968750,6.0,-9.0,64.0
007,2020-03-14 10:24:38.000000,7.0,-10.0,64.0
007,2020-03-14 10:24:38.031250,3.0,-10.0,63.0
007,2020-03-14 10:24:38.062500,2.0,-9.0,64.0
007,2020-03-14 10:24:38.093750,6.0,-11.0,66.0
007,2020-03-14 10:24:38.125000,2.0,-9.0,64.0
007,2020-03-14 10:24:38.156250,1.0,-9.0,65.0
007,2020-03-14 10:24:38.187500,-2.0,-8.0,64.0
007,2020-03-14 10:24:38.218750,-6.0,-9.0,65.0
007,2020-03-14 10:24:38.250000,-11.0,-20.0,61.0
007,2020-03-14 10:24:38.281250,-7.0,-4.0,60.0
007,2020-03-14 10:24:38.312500,3.0,-5.0,66.0
007,2020-03-14 10:24:38.343750,-1.0,-6.0,65.0
007,2020-03-14 10:24:38.375000,0.0,-11.0,65.0
007,2020-03-14 10:24:38.406250,-4.0,-16.0,60.0
007,2020-03-14 10:24:38.437500,-11.0,-6.0,62.0
007,2020-03-14 10:24:38.468750,-20.0,1.0,64.0
007,2020-03-14 10:24:38.500000,-20.0,0.0,65.0
007,2020-03-14 10:24:38.531250,-16.0,-6.0,68.0
007,2020-03-14 10:24:38.562500,-18.0,-8.0,62.0
007,2020-03-14 10:24:38.593750,-22.0,-6.0,60.0
007,2020-03-14 10:24:38.625000,-23.0,-2.0,58.0
007,2020-03-14 10:24:38.656250,-25.0,-1.0,57.0
007,2020-03-14 10:24:38.687500,-26.0,3.0,57.0
007,2020-03-14 10:24:38.718750,-22.0,4.0,57.0
007,2020-03-14 10:24:38.750000,-22.0,4.0,58.0
007,2020-03-14 10:24:38.781250,-23.0,1.0,59.0
007,2020-03-14 10:24:38.812500,-24.0,4.0,55.0
007,2020-03-14 10:24:38.843750,-29.0,-3.0,48.0
007,2020-03-14 10:24:38.875000,70.0,11.0,100.0
007,2020-03-14 10:24:38.906250,-12.0,14.0,67.0
007,2020-03-14 10:24:38.937500,-1.0,-5.0,72.0
007,2020-03-14 10:24:38.968750,-10.0,16.0,59.0
007,2020-03-14 10:24:39.000000,-3.0,7.0,60.0
007,2020-03-14 10:24:39.031250,6.0,4.0,66.0
007,2020-03-14 10:24:39.062500,22.0,-12.0,74.0
007,2020-03-14 10:24:39.093750,4.0,5.0,66.0
007,2020-03-14 10:24:39.125000,-8.0,0.0,59.0
007,2020-03-14 10:24:39.156250,2.0,-1.0,69.0
007,2020-03-14 10:24:39.187500,1.0,-2.0,68.0
007,2020-03-14 10:24:39.218750,-13.0,1.0,62.0
007,2020-03-14 10:24:39.250000,-14.0,0.0,62.0
007,2020-03-14 10:24:39.281250,-16.0,0.0,61.0
007,2020-03-14 10:24:39.312500,-18.0,-2.0,61.0
007,2020-03-14 10:24:39.343750,-24.0,-5.0,61.0
007,2020-03-14 10:24:39.375000,-8.0,-9.0,65.0
007,2020-03-14 10:24:39.406250,-19.0,-1.0,61.0
007,2020-03-14 10:24:39.437500,-25.0,-2.0,58.0
007,2020-03-14 10:24:39.468750,-26.0,-5.0,55.0
007,2020-03-14 10:24:39.500000,-29.0,-5.0,56.0
007,2020-03-14 10:24:39.531250,-33.0,-2.0,56.0
007,2020-03-14 10:24:39.562500,-40.0,-4.0,52.0
007,2020-03-14 10:24:39.593750,-37.0,-2.0,54.0
007,2020-03-14 10:24:39.625000,-37.0,1.0,54.0
007,2020-03-14 10:24:39.656250,-33.0,-3.0,53.0
007,2020-03-14 10:24:39.687500,-27.0,-2.0,60.0
007,2020-03-14 10:24:39.718750,-27.0,-3.0,61.0
007,2020-03-14 10:24:39.750000,-30.0,-3.0,60.0
007,2020-03-14 10:24:39.781250,-30.0,0.0,60.0
007,2020-03-14 10:24:39.812500,-36.0,0.0,63.0
007,2020-03-14 10:24:39.843750,-48.0,18.0,52.0
007,2020-03-14 10:24:39.875000,12.0,-36.0,69.0
007,2020-03-14 10:24:39.906250,-16.0,0.0,65.0
007,2020-03-14 10:24:39.937500,-12.0,-4.0,67.0
007,2020-03-14 10:24:39.968750,-18.0,-3.0,61.0
007,2020-03-14 10:24:40.000000,-14.0,-2.0,60.0
007,2020-03-14 10:24:40.031250,-13.0,1.0,61.0
007,2020-03-14 10:24:40.062500,-15.0,0.0,61.0
007,2020-03-14 10:24:40.093750,-13.0,-1.0,62.0
007,2020-03-14 10:24:40.125000,-16.0,-1.0,62.0
007,2020-03-14 10:24:40.156250,-18.0,-2.0,62.0
007,2020-03-14 10:24:40.187500,-17.0,-3.0,62.0
007,2020-03-14 10:24:40.218750,-18.0,-5.0,63.0
007,2020-03-14 10:24:40.250000,-21.0,-5.0,62.0
007,2020-03-14 10:24:40.281250,-22.0,-6.0,62.0
007,2020-03-14 10:24:40.312500,-21.0,-9.0,62.0
007,2020-03-14 10:24:40.343750,-21.0,-8.0,62.0
007,2020-03-14 10:24:40.375000,-21.0,-8.0,62.0
007,2020-03-14 10:24:40.406250,-23.0,-9.0,61.0
007,2020-03-14 10:24:40.437500,-20.0,-9.0,61.0
007,2020-03-14 10:24:40.468750,-25.0,-8.0,59.0
007,2020-03-14 10:24:40.500000,-22.0,-9.0,60.0
007,2020-03-14 10:24:40.531250,-23.0,-10.0,61.0
007,2020-03-14 10:24:40.562500,-26.0,-12.0,61.0
007,2020-03-14 10:24:40.593750,-19.0,-10.0,63.0
007,2020-03-14 10:24:40.625000,-19.0,-9.0,63.0
007,2020-03-14 10:24:40.656250,-21.0,-12.0,61.0
007,2020-03-14 10:24:40.687500,-30.0,-9.0,57.0
007,2020-03-14 10:24:40.718750,-25.0,-7.0,61.0
007,2020-03-14 10:24:40.750000,-36.0,-5.0,55.0
007,2020-03-14 10:24:40.781250,-36.0,-6.0,55.0
007,2020-03-14 10:24:40.812500,-36.0,-3.0,53.0
007,2020-03-14 10:24:40.843750,-37.0,-4.0,54.0
007,2020-03-14 10:24:40.875000,-36.0,-5.0,54.0
007,2020-03-14 10:24:40.906250,-34.0,-6.0,56.0
007,2020-03-14 10:24:40.937500,-35.0,-6.0,56.0
007,2020-03-14 10:24:40.968750,-33.0,-7.0,55.0
007,2020-03-14 10:24:41.000000,-22.0,-10.0,59.0
007,2020-03-14 10:24:41.031250,-16.0,-11.0,62.0
007,2020-03-14 10:24:41.062500,-19.0,-9.0,63.0
007,2020-03-14 10:24:41.093750,-23.0,-6.0,62.0
007,2020-03-14 10:24:41.125000,-18.0,-8.0,64.0
007,2020-03-14 10:24:41.156250,-24.0,-7.0,62.0
007,2020-03-14 10:24:41.187500,-27.0,-9.0,59.0
007,2020-03-14 10:24:41.218750,-24.0,-11.0,61.0
007,2020-03-14 10:24:41.250000,-25.0,-10.0,61.0
007,2020-03-14 10:24:41.281250,-28.0,-10.0,60.0
007,2020-03-14 10:24:41.312500,-19.0,-7.0,61.0
007,2020-03-14 10:24:41.343750,-21.0,-4.0,61.0
007,2020-03-14 10:24:41.375000,-20.0,-4.0,61.0
007,2020-03-14 10:24:41.406250,-19.0,-2.0,59.0
007,2020-03-14 10:24:41.437500,-19.0,-7.0,60.0
007,2020-03-14 10:24:41.468750,-18.0,-8.0,61.0
007,2020-03-14 10:24:41.500000,-18.0,-9.0,62.0
007,2020-03-14 10:24:41.531250,-18.0,-9.0,62.0
007,2020-03-14 10:24:41.562500,-21.0,-11.0,61.0
007,2020-03-14 10:24:41.593750,-17.0,-13.0,62.0
007,2020-03-14 10:24:41.625000,-18.0,-12.0,61.0
007,2020-03-14 10:24:41.656250,-19.0,-15.0,63.0
007,2020-03-14 10:24:41.687500,-19.0,-14.0,63.0
007,2020-03-14 10:24:41.718750,-18.0,-12.0,62.0
007,2020-03-14 10:24:41.750000,-11.0,-9.0,61.0
007,2020-03-14 10:24:41.781250,-14.0,-7.0,58.0
007,2020-03-14 10:24:41.812500,-15.0,-7.0,58.0
007,2020-03-14 10:24:41.843750,-18.0,-7.0,57.0
007,2020-03-14 10:24:41.875000,-21.0,-6.0,55.0
007,2020-03-14 10:24:41.906250,-18.0,-8.0,55.0
007,2020-03-14 10:24:41.937500,-14.0,-10.0,58.0
007,2020-03-14 10:24:41.968750,-17.0,-10.0,56.0
007,2020-03-14 10:24:42.000000,-19.0,-10.0,53.0
007,2020-03-14 10:24:42.031250,-19.0,-6.0,57.0
007,2020-03-14 10:24:42.062500,-17.0,-7.0,61.0
007,2020-03-14 10:24:42.093750,-21.0,-3.0,64.0
007,2020-03-14 10:24:42.125000,-22.0,-1.0,65.0
007,2020-03-14 10:24:42.156250,-8.0,2.0,82.0
007,2020-03-14 10:24:42.187500,-7.0,-6.0,85.0
007,2020-03-14 10:24:42.218750,-19.0,-14.0,74.0
007,2020-03-14 10:24:42.250000,1.0,-20.0,72.0
007,2020-03-14 10:24:42.281250,-11.0,-17.0,60.0
007,2020-03-14 10:24:42.312500,-17.0,-14.0,56.0
007,2020-03-14 10:24:42.343750,-15.0,-13.0,59.0
007,2020-03-14 10:24:42.375000,-15.0,-13.0,61.0
007,2020-03-14 10:24:42.406250,-16.0,-11.0,61.0
007,2020-03-14 10:24:42.437500,-14.0,-11.0,63.0
007,2020-03-14 10:24:42.468750,-14.0,-10.0,64.0
007,2020-03-14 10:24:42.500000,-13.0,-11.0,64.0
007,2020-03-14 10:24:42.531250,-15.0,-12.0,62.0
007,2020-03-14 10:24:42.562500,-15.0,-12.0,62.0
007,2020-03-14 10:24:42.593750,-15.0,-12.0,61.0
007,2020-03-14 10:24:42.625000,-15.0,-12.0,62.0
007,2020-03-14 10:24:42.656250,-15.0,-12.0,63.0
007,2020-03-14 10:24:42.687500,-14.0,-12.0,63.0
007,2020-03-14 10:24:42.718750,-15.0,-12.0,62.0
007,2020-03-14 10:24:42.750000,-15.0,-12.0,62.0
007,2020-03-14 10:24:42.781250,-14.0,-12.0,62.0
007,2020-03-14 10:24:42.812500,-14.0,-12.0,62.0
007,2020-03-14 10:24:42.843750,-14.0,-12.0,62.0
007,2020-03-14 10:24:42.875000,-13.0,-12.0,61.0
007,2020-03-14 10:24:42.906250,-13.0,-12.0,61.0
007,2020-03-14 10:24:42.937500,-16.0,-13.0,60.0
007,2020-03-14 10:24:42.968750,-14.0,-12.0,60.0
007,2020-03-14 10:24:43.000000,-9.0,-11.0,60.0
007,2020-03-14 10:24:43.031250,-9.0,-14.0,62.0
007,2020-03-14 10:24:43.062500,-13.0,-14.0,62.0
007,2020-03-14 10:24:43.093750,-15.0,-16.0,63.0
007,2020-03-14 10:24:43.125000,-6.0,-20.0,69.0
007,2020-03-14 10:24:43.156250,-11.0,-19.0,67.0
007,2020-03-14 10:24:43.187500,-14.0,-16.0,61.0
007,2020-03-14 10:24:43.218750,-10.0,-17.0,60.0
007,2020-03-14 10:24:43.250000,-10.0,-18.0,61.0
007,2020-03-14 10:24:43.281250,-13.0,-17.0,61.0
007,2020-03-14 10:24:43.312500,-13.0,-17.0,61.0
007,2020-03-14 10:24:43.343750,-13.0,-17.0,62.0
007,2020-03-14 10:24:43.375000,-13.0,-18.0,62.0
007,2020-03-14 10:24:43.406250,-12.0,-19.0,62.0
007,2020-03-14 10:24:43.437500,-11.0,-18.0,63.0
007,2020-03-14 10:24:43.468750,-11.0,-18.0,61.0
007,2020-03-14 10:24:43.500000,-10.0,-18.0,61.0
007,2020-03-14 10:24:43.531250,-10.0,-18.0,62.0
007,2020-03-14 10:24:43.562500,-10.0,-18.0,61.0
008,2020-03-14 12:20:47.000000,36.0,24.0,39.0
008,2020-03-14 12:20:47.031250,38.0,29.0,29.0
008,2020-03-14 12:20:47.062500,46.0,29.0,39.0
008,2020-03-14 12:20:47.093750,38.0,27.0,33.0
008,2020-03-14 12:20:47.125000,36.0,36.0,37.0
008,2020-03-14 12:20:47.156250,42.0,23.0,33.0
008,2020-03-14 12:20:47.187500,50.0,26.0,42.0
008,2020-03-14 12:20:47.218750,48.0,24.0,34.0
008,2020-03-14 12:20:47.250000,46.0,27.0,33.0
008,2020-03-14 12:20:47.281250,43.0,27.0,35.0
008,2020-03-14 12:20:47.312500,44.0,28.0,32.0
008,2020-03-14 12:20:47.343750,43.0,26.0,33.0
008,2020-03-14 12:20:47.375000,43.0,27.0,34.0
008,2020-03-14 12:20:47.406250,45.0,28.0,34.0
008,2020-03-14 12:20:47.437500,48.0,30.0,35.0
008,2020-03-14 12:20:47.468750,47.0,30.0,35.0
008,2020-03-14 12:20:47.500000,40.0,27.0,31.0
008,2020-03-14 12:20:47.531250,43.0,30.0,34.0
008,2020-03-14 12:20:47.562500,43.0,30.0,34.0
008,2020-03-14 12:20:47.593750,40.0,30.0,36.0
008,2020-03-14 12:20:47.625000,41.0,29.0,35.0
008,2020-03-14 12:20:47.656250,41.0,29.0,37.0
008,2020-03-14 12:20:47.687500,43.0,31.0,36.0
008,2020-03-14 12:20:47.718750,42.0,29.0,35.0
008,2020-03-14 12:20:47.750000,40.0,32.0,38.0
008,2020-03-14 12:20:47.781250,41.0,29.0,36.0
008,2020-03-14 12:20:47.812500,42.0,29.0,35.0
008,2020-03-14 12:20:47.843750,44.0,29.0,34.0
008,2020-03-14 12:20:47.875000,44.0,28.0,33.0
008,2020-03-14 12:20:47.906250,44.0,29.0,33.0
008,2020-03-14 12:20:47.937500,43.0,29.0,32.0
008,2020-03-14 12:20:47.968750,46.0,31.0,32.0
008,2020-03-14 12:20:48.000000,46.0,32.0,34.0
008,2020-03-14 12:20:48.031250,45.0,30.0,33.0
008,2020-03-14 12:20:48.062500,43.0,31.0,33.0
008,2020-03-14 12:20:48.093750,44.0,29.0,32.0
008,2020-03-14 12:20:48.125000,43.0,29.0,34.0
008,2020-03-14 12:20:48.156250,42.0,30.0,35.0
008,2020-03-14 12:20:48.187500,47.0,29.0,33.0
008,2020-03-14 12:20:48.218750,48.0,28.0,33.0
008,2020-03-14 12:20:48.250000,46.0,30.0,33.0
008,2020-03-14 12:20:48.281250,42.0,29.0,34.0
008,2020-03-14 12:20:48.312500,43.0,27.0,33.0
008,2020-03-14 12:20:48.343750,46.0,29.0,33.0
008,2020-03-14 12:20:48.375000,44.0,27.0,32.0
008,2020-03-14 12:20:48.406250,43.0,27.0,31.0
008,2020-03-14 12:20:48.437500,45.0,28.0,31.0
008,2020-03-14 12:20:48.468750,45.0,28.0,33.0
008,2020-03-14 12:20:48.500000,44.0,26.0,32.0
008,2020-03-14 12:20:48.531250,48.0,29.0,31.0
008,2020-03-14 12:20:48.562500,49.0,28.0,30.0
008,2020-03-14 12:20:48.593750,48.0,29.0,28.0
008,2020-03-14 12:20:48.625000,47.0,29.0,28.0
008,2020-03-14 12:20:48.656250,47.0,31.0,29.0
008,2020-03-14 12:20:48.687500,47.0,31.0,29.0
008,2020-03-14 12:20:48.718750,49.0,28.0,29.0
008,2020-03-14 12:20:48.750000,46.0,34.0,30.0
008,2020-03-14 12:20:48.781250,47.0,32.0,31.0
008,2020-03-14 12:20:48.812500,50.0,29.0,28.0
008,2020-03-14 12:20:48.843750,49.0,30.0,31.0
008,2020-03-14 12:20:48.875000,50.0,31.0,31.0
008,2020-03-14 12:20:48.906250,48.0,34.0,30.0
008,2020-03-14 12:20:48.937500,49.0,33.0,29.0
008,2020-03-14 12:20:48.968750,53.0,35.0,29.0
008,2020-03-14 12:20:49.000000,50.0,36.0,25.0
008,2020-03-14 12:20:49.031250,45.0,36.0,29.0
008,2020-03-14 12:20:49.062500,41.0,34.0,30.0
008,2020-03-14 12:20:49.093750,38.0,37.0,24.0
008,2020-03-14 12:20:49.125000,33.0,41.0,21.0
008,2020-03-14 12:20:49.156250,35.0,42.0,23.0
008,2020-03-14 12:20:49.187500,34.0,42.0,23.0
008,2020-03-14 12:20:49.218750,30.0,43.0,21.0
008,2020-03-14 12:20:49.250000,30.0,42.0,21.0
008,2020-03-14 12:20:49.281250,33.0,42.0,13.0
008,2020-03-14 12:20:49.312500,38.0,45.0,9.0
008,2020-03-14 12:20:49.343750,41.0,45.0,8.0
008,2020-03-14 12:20:49.375000,49.0,45.0,5.0
008,2020-03-14 12:20:49.406250,52.0,46.0,3.0
008,2020-03-14 12:20:49.437500,57.0,49.0,4.0
008,2020-03-14 12:20:49.468750,55.0,49.0,7.0
008,2020-03-14 12:20:49.500000,52.0,49.0,8.0
008,2020-03-14 12:20:49.531250,50.0,48.0,14.0
008,2020-03-14 12:20:49.562500,50.0,48.0,15.0
008,2020-03-14 12:20:49.593750,38.0,47.0,18.0
008,2020-03-14 12:20:49.625000,25.0,46.0,31.0
008,2020-03-14 12:20:49.656250,26.0,49.0,38.0
008,2020-03-14 12:20:49.687500,27.0,49.0,39.0
008,2020-03-14 12:20:49.718750,18.0,49.0,32.0
008,2020-03-14 12:20:49.750000,-2.0,47.0,27.0
008,2020-03-14 12:20:49.781250,19.0,35.0,29.0
008,2020-03-14 12:20:49.812500,43.0,39.0,35.0
008,2020-03-14 12:20:49.843750,27.0,40.0,30.0
008,2020-03-14 12:20:49.875000,27.0,35.0,26.0
008,2020-03-14 12:20:49.906250,42.0,35.0,34.0
008,2020-03-14 12:20:49.937500,34.0,42.0,37.0
008,2020-03-14 12:20:49.968750,28.0,47.0,35.0
008,2020-03-14 12:20:50.000000,25.0,40.0,38.0
008,2020-03-14 12:20:50.031250,23.0,39.0,41.0
008,2020-03-14 12:20:50.062500,27.0,39.0,44.0
008,2020-03-14 12:20:50.093750,29.0,36.0,42.0
008,2020-03-14 12:20:50.125000,28.0,36.0,41.0
008,2020-03-14 12:20:50.156250,28.0,36.0,39.0
008,2020-03-14 12:20:50.187500,26.0,35.0,39.0
008,2020-03-14 12:20:50.218750,28.0,38.0,37.0
008,2020-03-14 12:20:50.250000,30.0,40.0,40.0
008,2020-03-14 12:20:50.281250,24.0,40.0,42.0
008,2020-03-14 12:20:50.312500,24.0,41.0,48.0
008,2020-03-14 12:20:50.343750,29.0,40.0,48.0
008,2020-03-14 12:20:50.375000,31.0,40.0,50.0
008,2020-03-14 12:20:50.406250,21.0,42.0,49.0
008,2020-03-14 12:20:50.437500,18.0,41.0,49.0
008,2020-03-14 12:20:50.468750,21.0,39.0,50.0
008,2020-03-14 12:20:50.500000,19.0,37.0,49.0
008,2020-03-14 12:20:50.531250,12.0,37.0,47.0
008,2020-03-14 12:20:50.562500,15.0,39.0,49.0
008,2020-03-14 12:20:50.593750,16.0,38.0,49.0
008,2020-03-14 12:20:50.625000,11.0,38.0,48.0
008,2020-03-14 12:20:50.656250,7.0,39.0,48.0
008,2020-03-14 12:20:50.687500,6.0,40.0,52.0
008,2020-03-14 12:20:50.718750,1.0,36.0,47.0
008,2020-03-14 12:20:50.750000,1.0,36.0,48.0
008,2020-03-14 12:20:50.781250,-2.0,37.0,51.0
008,2020-03-14 12:20:50.812500,-4.0,38.0,49.0
008,2020-03-14 12:20:50.843750,-8.0,35.0,48.0
008,2020-03-14 12:20:50.875000,-10.0,37.0,50.0
008,2020-03-14 12:20:50.906250,-17.0,40.0,51.0
008,2020-03-14 12:20:50.937500,-15.0,41.0,46.0
008,2020-03-14 12:20:50.968750,-15.0,40.0,46.0
008,2020-03-14 12:20:51.000000,-25.0,42.0,44.0
008,2020-03-14 12:20:51.031250,-24.0,39.0,42.0
008,2020-03-14 12:20:51.062500,-20.0,37.0,43.0
008,2020-03-14 12:20:51.093750,-7.0,35.0,51.0
008,2020-03-14 12:20:51.125000,-6.0,37.0,50.0
008,2020-03-14 12:20:51.156250,-5.0,36.0,46.0
008,2020-03-14 12:20:51.187500,3.0,39.0,46.0
008,2020-03-14 12:20:51.218750,3.0,36.0,49.0
008,2020-03-14 12:20:51.250000,5.0,35.0,49.0
008,2020-03-14 12:20:51.281250,6.0,37.0,49.0
008,2020-03-14 12:20:51.312500,17.0,31.0,53.0
008,2020-03-14 12:20:51.343750,19.0,29.0,49.0
008,2020-03-14 12:20:51.375000,28.0,27.0,56.0
008,2020-03-14 12:20:51.406250,27.0,32.0,61.0
008,2020-03-14 12:20:51.437500,27.0,30.0,59.0
008,2020-03-14 12:20:51.468750,27.0,17.0,54.0
008,2020-03-14 12:20:51.500000,19.0,16.0,58.0
008,2020-03-14 12:20:51.531250,20.0,22.0,61.0
008,2020-03-14 12:20:51.562500,25.0,17.0,59.0
008,2020-03-14 12:20:51.593750,25.0,15.0,58.0
008,2020-03-14 12:20:51.625000,20.0,17.0,61.0
008,2020-03-14 12:20:51.656250,18.0,15.0,58.0
008,2020-03-14 12:20:51.687500,14.0,17.0,54.0
008,2020-03-14 12:20:51.718750,15.0,19.0,56.0
008,2020-03-14 12:20:51.750000,15.0,18.0,56.0
008,2020-03-14 12:20:51.781250,14.0,20.0,54.0
008,2020-03-14 12:20:51.812500,15.0,19.0,53.0
008,2020-03-14 12:20:51.843750,17.0,18.0,53.0
008,2020-03-14 12:20:51.875000,21.0,18.0,55.0
008,2020-03-14 12:20:51.906250,23.0,19.0,57.0
008,2020-03-14 12:20:51.937500,24.0,17.0,56.0
008,2020-03-14 12:20:51.968750,25.0,16.0,56.0
008,2020-03-14 12:20:52.000000,29.0,16.0,58.0
008,2020-03-14 12:20:52.031250,30.0,15.0,59.0
008,2020-03-14 12:20:52.062500,30.0,16.0,59.0
008,2020-03-14 12:20:52.093750,27.0,15.0,56.0
008,2020-03-14 12:20:52.125000,26.0,16.0,56.0
008,2020-03-14 12:20:52.156250,25.0,15.0,55.0
008,2020-03-14 12:20:52.187500,25.0,15.0,54.0
008,2020-03-14 12:20:52.218750,25.0,15.0,54.0
008,2020-03-14 12:20:52.250000,24.0,15.0,54.0
008,2020-03-14 12:20:52.281250,25.0,15.0,54.0
008,2020-03-14 12:20:52.312500,25.0,15.0,55.0
008,2020-03-14 12:20:52.343750,25.0,15.0,55.0
008,2020-03-14 12:20:52.375000,26.0,16.0,55.0
008,2020-03-14 12:20:52.406250,27.0,17.0,55.0
008,2020-03-14 12:20:52.437500,29.0,16.0,56.0
008,2020-03-14 12:20:52.468750,30.0,14.0,56.0
008,2020-03-14 12:20:52.500000,30.0,17.0,59.0
008,2020-03-14 12:20:52.531250,33.0,18.0,61.0
008,2020-03-14 12:20:52.562500,28.0,19.0,57.0
008,2020-03-14 12:20:52.593750,26.0,18.0,57.0
008,2020-03-14 12:20:52.625000,23.0,20.0,56.0
008,2020-03-14 12:20:52.656250,24.0,18.0,56.0
008,2020-03-14 12:20:52.687500,26.0,16.0,56.0
008,2020-03-14 12:20:52.718750,22.0,16.0,55.0
008,2020-03-14 12:20:52.750000,18.0,18.0,53.0
008,2020-03-14 12:20:52.781250,14.0,16.0,50.0
008,2020-03-14 12:20:52.812500,9.0,16.0,49.0
008,2020-03-14 12:20:52.843750,8.0,15.0,49.0
008,2020-03-14 12:20:52.875000,10.0,12.0,53.0
008,2020-03-14 12:20:52.906250,13.0,10.0,55.0
008,2020-03-14 12:20:52.937500,20.0,11.0,58.0
008,2020-03-14 12:20:52.968750,30.0,7.0,61.0
008,2020-03-14 12:20:53.000000,35.0,6.0,62.0
008,2020-03-14 12:20:53.031250,35.0,8.0,62.0
008,2020-03-14 12:20:53.062500,33.0,9.0,61.0
008,2020-03-14 12:20:53.093750,29.0,11.0,59.0
008,2020-03-14 12:20:53.125000,26.0,11.0,57.0
008,2020-03-14 12:20:53.156250,26.0,11.0,56.0
008,2020-03-14 12:20:53.187500,26.0,11.0,54.0
008,2020-03-14 12:20:53.218750,26.0,10.0,54.0
008,2020-03-14 12:20:53.250000,28.0,10.0,54.0
008,2020-03-14 12:20:53.281250,29.0,9.0,54.0
008,2020-03-14 12:20:53.312500,29.0,9.0,55.0
008,2020-03-14 12:20:53.343750,30.0,9.0,56.0
008,2020-03-14 12:20:53.375000,31.0,10.0,57.0
008,2020-03-14 12:20:53.406250,30.0,9.0,56.0
008,2020-03-14 12:20:53.437500,30.0,10.0,56.0
008,2020-03-14 12:20:53.468750,29.0,10.0,56.0
008,2020-03-14 12:20:53.500000,29.0,10.0,55.0
008,2020-03-14 12:20:53.531250,28.0,11.0,55.0
008,2020-03-14 12:20:53.562500,28.0,11.0,55.0
008,2020-03-14 12:20:53.593750,27.0,11.0,55.0
008,2020-03-14 12:20:53.625000,26.0,11.0,55.0
008,2020-03-14 12:20:53.656250,28.0,10.0,55.0
008,2020-03-14 12:20:53.687500,28.0,10.0,54.0
008,2020-03-14 12:20:53.718750,29.0,11.0,55.0
008,2020-03-14 12:20:53.750000,29.0,13.0,56.0
008,2020-03-14 12:20:53.781250,29.0,12.0,56.0
008,2020-03-14 12:20:53.812500,30.0,11.0,55.0
008,2020-03-14 12:20:53.843750,27.0,11.0,55.0
008,2020-03-14 12:20:53.875000,25.0,14.0,54.0
008,2020-03-14 12:20:53.906250,28.0,15.0,54.0
008,2020-03-14 12:20:53.937500,34.0,12.0,55.0
008,2020-03-14 12:20:53.968750,31.0,13.0,55.0
008,2020-03-14 12:20:54.000000,30.0,15.0,55.0
008,2020-03-14 12:20:54.031250,31.0,15.0,56.0
008,2020-03-14 12:20:54.062500,33.0,15.0,58.0
008,2020-03-14 12:20:54.093750,29.0,15.0,56.0
008,2020-03-14 12:20:54.125000,29.0,19.0,55.0
008,2020-03-14 12:20:54.156250,28.0,20.0,55.0
008,2020-03-14 12:20:54.187500,13.0,22.0,47.0
008,2020-03-14 12:20:54.218750,9.0,24.0,49.0
008,2020-03-14 12:20:54.250000,25.0,19.0,54.0
008,2020-03-14 12:20:54.281250,33.0,20.0,49.0
008,2020-03-14 12:20:54.312500,32.0,21.0,47.0
008,2020-03-14 12:20:54.343750,27.0,19.0,47.0
008,2020-03-14 12:20:54.375000,26.0,19.0,48.0
008,2020-03-14 12:20:54.406250,27.0,18.0,49.0
008,2020-03-14 12:20:54.437500,32.0,17.0,51.0
008,2020-03-14 12:20:54.468750,34.0,16.0,52.0
008,2020-03-14 12:20:54.500000,40.0,14.0,53.0
008,2020-03-14 12:20:54.531250,41.0,15.0,54.0
008,2020-03-14 12:20:54.562500,40.0,14.0,55.0
008,2020-03-14 12:20:54.593750,30.0,13.0,54.0
008,2020-03-14 12:20:54.625000,28.0,13.0,55.0
008,2020-03-14 12:20:54.656250,31.0,14.0,54.0
008,2020-03-14 12:20:54.687500,32.0,14.0,54.0
008,2020-03-14 12:20:54.718750,33.0,13.0,53.0
008,2020-03-14 12:20:54.750000,30.0,13.0,51.0
008,2020-03-14 12:20:54.781250,30.0,13.0,51.0
008,2020-03-14 12:20:54.812500,28.0,12.0,52.0
008,2020-03-14 12:20:54.843750,29.0,12.0,53.0
008,2020-03-14 12:20:54.875000,29.0,11.0,54.0
008,2020-03-14 12:20:54.906250,29.0,11.0,55.0
008,2020-03-14 12:20:54.937500,31.0,11.0,55.0
008,2020-03-14 12:20:54.968750,31.0,13.0,54.0
008,2020-03-14 12:20:55.000000,30.0,13.0,54.0
008,2020-03-14 12:20:55.031250,30.0,12.0,54.0
008,2020-03-14 12:20:55.062500,31.0,12.0,55.0
008,2020-03-14 12:20:55.093750,32.0,12.0,55.0
008,2020-03-14 12:20:55.125000,31.0,11.0,53.0
008,2020-03-14 12:20:55.156250,30.0,11.0,53.0
008,2020-03-14 12:20:55.187500,29.0,13.0,53.0
008,2020-03-14 12:20:55.218750,31.0,10.0,53.0
008,2020-03-14 12:20:55.250000,34.0,10.0,55.0
008,2020-03-14 12:20:55.281250,35.0,15.0,55.0
008,2020-03-14 12:20:55.312500,33.0,15.0,55.0
008,2020-03-14 12:20:55.343750,24.0,15.0,55.0
008,2020-03-14 12:20:55.375000,45.0,21.0,47.0
008,2020-03-14 12:20:55.406250,48.0,20.0,43.0
008,2020-03-14 12:20:55.437500,49.0,24.0,46.0
008,2020-03-14 12:20:55.468750,44.0,24.0,42.0
008,2020-03-14 12:20:55.500000,39.0,26.0,38.0
008,2020-03-14 12:20:55.531250,41.0,27.0,32.0
008,2020-03-14 12:20:55.562500,45.0,28.0,28.0
008,2020-03-14 12:20:55.593750,55.0,28.0,27.0
008,2020-03-14 12:20:55.625000,49.0,28.0,26.0
008,2020-03-14 12:20:55.656250,18.0,29.0,40.0
008,2020-03-14 12:20:55.687500,24.0,26.0,47.0
008,2020-03-14 12:20:55.718750,35.0,28.0,47.0
008,2020-03-14 12:20:55.750000,37.0,32.0,47.0
008,2020-03-14 12:20:55.781250,43.0,31.0,47.0
008,2020-03-14 12:20:55.812500,42.0,30.0,45.0
008,2020-03-14 12:20:55.843750,33.0,33.0,41.0
008,2020-03-14 12:20:55.875000,33.0,33.0,39.0
008,2020-03-14 12:20:55.906250,39.0,33.0,35.0
008,2020-03-14 12:20:55.937500,38.0,33.0,36.0
008,2020-03-14 12:20:55.968750,21.0,31.0,41.0
008,2020-03-14 12:20:56.000000,12.0,27.0,45.0
008,2020-03-14 12:20:56.031250,19.0,29.0,52.0
008,2020-03-14 12:20:56.062500,31.0,30.0,50.0
008,2020-03-14 12:20:56.093750,30.0,31.0,49.0
008,2020-03-14 12:20:56.125000,27.0,31.0,48.0
008,2020-03-14 12:20:56.156250,23.0,29.0,47.0
008,2020-03-14 12:20:56.187500,23.0,28.0,48.0
008,2020-03-14 12:20:56.218750,26.0,23.0,54.0
008,2020-03-14 12:20:56.250000,29.0,21.0,58.0
008,2020-03-14 12:20:56.281250,24.0,13.0,53.0
008,2020-03-14 12:20:56.312500,20.0,15.0,56.0
008,2020-03-14 12:20:56.343750,17.0,15.0,56.0
008,2020-03-14 12:20:56.375000,25.0,11.0,54.0
008,2020-03-14 12:20:56.406250,25.0,11.0,48.0
008,2020-03-14 12:20:56.437500,23.0,12.0,51.0
008,2020-03-14 12:20:56.468750,21.0,16.0,49.0
008,2020-03-14 12:20:56.500000,29.0,17.0,49.0
008,2020-03-14 12:20:56.531250,33.0,20.0,54.0
008,2020-03-14 12:20:56.562500,30.0,21.0,50.0
008,2020-03-14 12:20:56.593750,31.0,23.0,46.0
008,2020-03-14 12:20:56.625000,32.0,24.0,45.0
008,2020-03-14 12:20:56.656250,37.0,27.0,49.0
008,2020-03-14 12:20:56.687500,47.0,29.0,59.0
008,2020-03-14 12:20:56.718750,57.0,30.0,59.0
008,2020-03-14 12:20:56.750000,48.0,30.0,58.0
008,2020-03-14 12:20:56.781250,38.0,33.0,63.0
008,2020-03-14 12:20:56.812500,35.0,36.0,64.0
008,2020-03-14 12:20:56.843750,25.0,36.0,57.0
008,2020-03-14 12:20:56.875000,22.0,36.0,56.0
008,2020-03-14 12:20:56.906250,14.0,36.0,52.0
008,2020-03-14 12:20:56.937500,15.0,34.0,56.0
008,2020-03-14 12:20:56.968750,5.0,33.0,52.0
008,2020-03-14 12:20:57.000000,18.0,38.0,35.0
008,2020-03-14 12:20:57.031250,27.0,40.0,29.0
008,2020-03-14 12:20:57.062500,40.0,35.0,24.0
008,2020-03-14 12:20:57.093750,43.0,35.0,25.0
008,2020-03-14 12:20:57.125000,40.0,40.0,16.0
008,2020-03-14 12:20:57.156250,31.0,40.0,18.0
008,2020-03-14 12:20:57.187500,19.0,38.0,21.0
008,2020-03-14 12:20:57.218750,23.0,35.0,23.0
008,2020-03-14 12:20:57.250000,35.0,35.0,23.0
008,2020-03-14 12:20:57.281250,49.0,41.0,22.0
008,2020-03-14 12:20:57.312500,45.0,45.0,30.0
008,2020-03-14 12:20:57.343750,40.0,46.0,34.0
008,2020-03-14 12:20:57.375000,29.0,47.0,36.0
008,2020-03-14 12:20:57.406250,24.0,47.0,33.0
008,2020-03-14 12:20:57.437500,18.0,45.0,29.0
008,2020-03-14 12:20:57.468750,35.0,40.0,20.0
008,2020-03-14 12:20:57.500000,46.0,40.0,16.0
008,2020-03-14 12:20:57.531250,50.0,43.0,16.0
008,2020-03-14 12:20:57.562500,47.0,44.0,19.0
008,2020-03-14 12:20:57.593750,32.0,44.0,26.0
008,2020-03-14 12:20:57.625000,26.0,41.0,24.0
008,2020-03-14 12:20:57.656250,27.0,39.0,22.0
008,2020-03-14 12:20:57.687500,35.0,34.0,27.0
008,2020-03-14 12:20:57.718750,33.0,33.0,27.0
008,2020-03-14 12:20:57.750000,31.0,29.0,24.0
008,2020-03-14 12:20:57.781250,45.0,25.0,17.0
008,2020-03-14 12:20:57.812500,51.0,24.0,17.0
008,2020-03-14 12:20:57.843750,61.0,27.0,22.0
008,2020-03-14 12:20:57.875000,58.0,29.0,20.0
008,2020-03-14 12:20:57.906250,53.0,25.0,17.0
008,2020-03-14 12:20:57.937500,53.0,23.0,35.0
008,2020-03-14 12:20:57.968750,49.0,23.0,41.0
008,2020-03-14 12:20:58.000000,36.0,20.0,50.0
008,2020-03-14 12:20:58.031250,28.0,19.0,50.0
008,2020-03-14 12:20:58.062500,28.0,9.0,52.0
008,2020-03-14 12:20:58.093750,30.0,5.0,55.0
008,2020-03-14 12:20:58.125000,28.0,4.0,55.0
008,2020-03-14 12:20:58.156250,48.0,-2.0,61.0
008,2020-03-14 12:20:58.187500,51.0,-4.0,60.0
008,2020-03-14 12:20:58.218750,39.0,-2.0,57.0
008,2020-03-14 12:20:58.250000,34.0,-5.0,50.0
008,2020-03-14 12:20:58.281250,33.0,-5.0,47.0
008,2020-03-14 12:20:58.312500,44.0,-6.0,54.0
008,2020-03-14 12:20:58.343750,51.0,-10.0,61.0
008,2020-03-14 12:20:58.375000,44.0,-11.0,62.0
008,2020-03-14 12:20:58.406250,24.0,-10.0,53.0
008,2020-03-14 12:20:58.437500,22.0,-10.0,50.0
008,2020-03-14 12:20:58.468750,29.0,-9.0,56.0
008,2020-03-14 12:20:58.500000,29.0,-8.0,60.0
008,2020-03-14 12:20:58.531250,25.0,-5.0,60.0
008,2020-03-14 12:20:58.562500,22.0,-6.0,58.0
008,2020-03-14 12:20:58.593750,21.0,-8.0,57.0
008,2020-03-14 12:20:58.625000,21.0,-11.0,59.0
008,2020-03-14 12:20:58.656250,20.0,-12.0,59.0
008,2020-03-14 12:20:58.687500,20.0,-13.0,58.0
008,2020-03-14 12:20:58.718750,19.0,-11.0,58.0
008,2020-03-14 12:20:58.750000,19.0,-11.0,59.0
008,2020-03-14 12:20:58.781250,20.0,-11.0,61.0
008,2020-03-14 12:20:58.812500,20.0,-11.0,60.0
008,2020-03-14 12:20:58.843750,20.0,-11.0,58.0
008,2020-03-14 12:20:58.875000,20.0,-11.0,59.0
008,2020-03-14 12:20:58.906250,20.0,-11.0,59.0
008,2020-03-14 12:20:58.937500,19.0,-11.0,58.0
008,2020-03-14 12:20:58.968750,20.0,-11.0,58.0
008,2020-03-14 12:20:59.000000,20.0,-11.0,59.0
008,2020-03-14 12:20:59.031250,20.0,-10.0,59.0
008,2020-03-14 12:20:59.062500,21.0,-10.0,59.0
008,2020-03-14 12:20:59.093750,21.0,-11.0,58.0
008,2020-03-14 12:20:59.125000,21.0,-12.0,58.0
008,2020-03-14 12:20:59.156250,21.0,-11.0,57.0
008,2020-03-14 12:20:59.187500,20.0,-11.0,58.0
008,2020-03-14 12:20:59.218750,21.0,-11.0,59.0
008,2020-03-14 12:20:59.250000,21.0,-11.0,58.0
008,2020-03-14 12:20:59.281250,20.0,-11.0,58.0
008,2020-03-14 12:20:59.312500,20.0,-11.0,59.0
008,2020-03-14 12:20:59.343750,19.0,-11.0,59.0
008,2020-03-14 12:20:59.375000,22.0,-11.0,59.0
008,2020-03-14 12:20:59.406250,22.0,-12.0,58.0
008,2020-03-14 12:20:59.437500,22.0,-12.0,58.0
008,2020-03-14 12:20:59.468750,22.0,-11.0,58.0
008,2020-03-14 12:20:59.500000,21.0,-11.0,58.0
008,2020-03-14 12:20:59.531250,21.0,-11.0,58.0
008,2020-03-14 12:20:59.562500,20.0,-11.0,58.0
008,2020-03-14 12:20:59.593750,21.0,-11.0,58.0
008,2020-03-14 12:20:59.625000,20.0,-11.0,58.0
008,2020-03-14 12:20:59.656250,20.0,-11.0,58.0
008,2020-03-14 12:20:59.687500,20.0,-11.0,58.0
008,2020-03-14 12:20:59.718750,21.0,-11.0,59.0
008,2020-03-14 12:20:59.750000,20.0,-11.0,59.0
008,2020-03-14 12:20:59.781250,20.0,-11.0,58.0
008,2020-03-14 12:20:59.812500,21.0,-11.0,58.0
008,2020-03-14 12:20:59.843750,20.0,-11.0,58.0
008,2020-03-14 12:20:59.875000,20.0,-11.0,58.0
008,2020-03-14 12:20:59.906250,20.0,-11.0,59.0
008,2020-03-14 12:20:59.937500,21.0,-11.0,59.0
008,2020-03-14 12:20:59.968750,21.0,-11.0,59.0
008,2020-03-14 12:21:00.000000,20.0,-11.0,58.0
008,2020-03-14 12:21:00.031250,20.0,-11.0,59.0
008,2020-03-14 12:21:00.062500,20.0,-11.0,58.0
008,2020-03-14 12:21:00.093750,20.0,-11.0,58.0
008,2020-03-14 12:21:00.125000,20.0,-11.0,59.0
008,2020-03-14 12:21:00.156250,20.0,-11.0,58.0
008,2020-03-14 12:21:00.187500,20.0,-11.0,58.0
008,2020-03-14 12:21:00.218750,20.0,-11.0,58.0
008,2020-03-14 12:21:00.250000,20.0,-11.0,59.0
008,2020-03-14 12:21:00.281250,20.0,-11.0,58.0
008,2020-03-14 12:21:00.312500,20.0,-11.0,58.0
008,2020-03-14 12:21:00.343750,20.0,-11.0,59.0
008,2020-03-14 12:21:00.375000,20.0,-11.0,58.0
008,2020-03-14 12:21:00.406250,20.0,-11.0,59.0
008,2020-03-14 12:21:00.437500,20.0,-11.0,58.0
008,2020-03-14 12:21:00.468750,21.0,-11.0,58.0
008,2020-03-14 12:21:00.500000,20.0,-11.0,59.0
008,2020-03-14 12:21:00.531250,21.0,-11.0,59.0
008,2020-03-14 12:21:00.562500,20.0,-11.0,58.0
008,2020-03-14 12:21:00.593750,21.0,-11.0,59.0
008,2020-03-14 12:21:00.625000,20.0,-11.0,58.0
008,2020-03-14 12:21:00.656250,20.0,-11.0,59.0
008,2020-03-14 12:21:00.687500,20.0,-11.0,59.0
008,2020-03-14 12:21:00.718750,20.0,-11.0,58.0
008,2020-03-14 12:21:00.750000,20.0,-11.0,58.0
008,2020-03-14 12:21:00.781250,20.0,-11.0,59.0
008,2020-03-14 12:21:00.812500,20.0,-11.0,58.0
008,2020-03-14 12:21:00.843750,21.0,-11.0,58.0
008,2020-03-14 12:21:00.875000,20.0,-11.0,59.0
008,2020-03-14 12:21:00.906250,20.0,-11.0,59.0
008,2020-03-14 12:21:00.937500,20.0,-11.0,58.0
008,2020-03-14 12:21:00.968750,20.0,-11.0,59.0
008,2020-03-14 12:21:01.000000,20.0,-11.0,59.0
008,2020-03-14 12:21:01.031250,20.0,-11.0,58.0
008,2020-03-14 12:21:01.062500,20.0,-11.0,58.0
008,2020-03-14 12:21:01.093750,20.0,-11.0,59.0
008,2020-03-14 12:21:01.125000,20.0,-11.0,59.0
008,2020-03-14 12:21:01.156250,20.0,-11.0,58.0
008,2020-03-14 12:21:01.187500,20.0,-11.0,59.0
008,2020-03-14 12:21:01.218750,20.0,-11.0,58.0
008,2020-03-14 12:21:01.250000,20.0,-11.0,59.0
008,2020-03-14 12:21:01.281250,20.0,-11.0,59.0
008,2020-03-14 12:21:01.312500,20.0,-11.0,59.0
008,2020-03-14 12:21:01.343750,20.0,-11.0,58.0
008,2020-03-14 12:21:01.375000,20.0,-11.0,58.0
008,2020-03-14 12:21:01.406250,20.0,-11.0,59.0
008,2020-03-14 12:21:01.437500,20.0,-11.0,58.0
008,2020-03-14 12:21:01.468750,21.0,-11.0,58.0
008,2020-03-14 12:21:01.500000,20.0,-11.0,59.0
008,2020-03-14 12:21:01.531250,19.0,-11.0,59.0
008,2020-03-14 12:21:01.562500,20.0,-11.0,59.0
008,2020-03-14 12:21:01.593750,20.0,-11.0,58.0
008,2020-03-14 12:21:01.625000,20.0,-11.0,58.0
008,2020-03-14 12:21:01.656250,20.0,-11.0,59.0
008,2020-03-14 12:21:01.687500,20.0,-11.0,59.0
008,2020-03-14 12:21:01.718750,20.0,-11.0,58.0
008,2020-03-14 12:21:01.750000,20.0,-11.0,59.0
008,2020-03-14 12:21:01.781250,20.0,-11.0,59.0
008,2020-03-14 12:21:01.812500,21.0,-11.0,59.0
008,2020-03-14 12:21:01.843750,20.0,-11.0,59.0
008,2020-03-14 12:21:01.875000,20.0,-12.0,58.0
008,2020-03-14 12:21:01.906250,20.0,-11.0,59.0
008,2020-03-14 12:21:01.937500,19.0,-12.0,59.0
008,2020-03-14 12:21:01.968750,19.0,-11.0,58.0
008,2020-03-14 12:21:02.000000,19.0,-10.0,58.0
008,2020-03-14 12:21:02.031250,20.0,-10.0,59.0
008,2020-03-14 12:21:02.062500,20.0,-11.0,59.0
008,2020-03-14 12:21:02.093750,20.0,-11.0,58.0
008,2020-03-14 12:21:02.125000,21.0,-11.0,58.0
008,2020-03-14 12:21:02.156250,20.0,-11.0,58.0
008,2020-03-14 12:21:02.187500,20.0,-11.0,58.0
008,2020-03-14 12:21:02.218750,20.0,-11.0,58.0
008,2020-03-14 12:21:02.250000,20.0,-11.0,59.0
008,2020-03-14 12:21:02.281250,20.0,-11.0,59.0
008,2020-03-14 12:21:02.312500,19.0,-11.0,59.0
008,2020-03-14 12:21:02.343750,20.0,-11.0,59.0
008,2020-03-14 12:21:02.375000,20.0,-11.0,59.0
008,2020-03-14 12:21:02.406250,20.0,-11.0,59.0
008,2020-03-14 12:21:02.437500,20.0,-12.0,59.0
008,2020-03-14 12:21:02.468750,20.0,-11.0,59.0
008,2020-03-14 12:21:02.500000,20.0,-11.0,59.0
008,2020-03-14 12:21:02.531250,20.0,-11.0,59.0
008,2020-03-14 12:21:02.562500,19.0,-11.0,59.0
009,2020-03-21 08:41:26.000000,-58.0,-3.0,29.0
009,2020-03-21 08:41:26.031250,-59.0,-3.0,29.0
009,2020-03-21 08:41:26.062500,-61.0,-4.0,30.0
009,2020-03-21 08:41:26.093750,-62.0,-2.0,30.0
009,2020-03-21 08:41:26.125000,-60.0,-2.0,28.0
009,2020-03-21 08:41:26.156250,-56.0,-3.0,27.0
009,2020-03-21 08:41:26.187500,-55.0,-2.0,28.0
009,2020-03-21 08:41:26.218750,-58.0,-2.0,30.0
009,2020-03-21 08:41:26.250000,-62.0,-3.0,30.0
009,2020-03-21 08:41:26.281250,-62.0,-5.0,29.0
009,2020-03-21 08:41:26.312500,-60.0,-3.0,30.0
009,2020-03-21 08:41:26.343750,-59.0,-3.0,29.0
009,2020-03-21 08:41:26.375000,-59.0,-4.0,29.0
009,2020-03-21 08:41:26.406250,-62.0,-2.0,35.0
009,2020-03-21 08:41:26.437500,-64.0,-7.0,37.0
009,2020-03-21 08:41:26.468750,-63.0,-1.0,38.0
009,2020-03-21 08:41:26.500000,-54.0,5.0,31.0
009,2020-03-21 08:41:26.531250,-52.0,2.0,31.0
009,2020-03-21 08:41:26.562500,-53.0,-10.0,32.0
009,2020-03-21 08:41:26.593750,-59.0,-7.0,35.0
009,2020-03-21 08:41:26.625000,-54.0,-5.0,26.0
009,2020-03-21 08:41:26.656250,-47.0,-15.0,23.0
009,2020-03-21 08:41:26.687500,-51.0,-15.0,26.0
009,2020-03-21 08:41:26.718750,-64.0,-9.0,32.0
009,2020-03-21 08:41:26.750000,-64.0,-7.0,32.0
009,2020-03-21 08:41:26.781250,-60.0,-10.0,29.0
009,2020-03-21 08:41:26.812500,-54.0,-12.0,26.0
009,2020-03-21 08:41:26.843750,-58.0,-11.0,28.0
009,2020-03-21 08:41:26.875000,-58.0,-8.0,30.0
009,2020-03-21 08:41:26.906250,-62.0,-5.0,33.0
009,2020-03-21 08:41:26.937500,-61.0,-3.0,31.0
009,2020-03-21 08:41:26.968750,-55.0,-14.0,27.0
009,2020-03-21 08:41:27.000000,-56.0,-18.0,27.0
009,2020-03-21 08:41:27.031250,-60.0,-21.0,29.0
009,2020-03-21 08:41:27.062500,-66.0,-10.0,33.0
009,2020-03-21 08:41:27.093750,-72.0,-26.0,32.0
009,2020-03-21 08:41:27.125000,-69.0,-20.0,34.0
009,2020-03-21 08:41:27.156250,-60.0,-23.0,25.0
009,2020-03-21 08:41:27.187500,-60.0,-24.0,30.0
009,2020-03-21 08:41:27.218750,-53.0,-29.0,28.0
009,2020-03-21 08:41:27.250000,-26.0,-21.0,39.0
009,2020-03-21 08:41:27.281250,-39.0,-21.0,46.0
009,2020-03-21 08:41:27.312500,10.0,-47.0,7.0
009,2020-03-21 08:41:27.343750,-28.0,-60.0,20.0
009,2020-03-21 08:41:27.375000,-52.0,-48.0,28.0
009,2020-03-21 08:41:27.406250,-45.0,-51.0,31.0
009,2020-03-21 08:41:27.437500,-44.0,-67.0,2.0
009,2020-03-21 08:41:27.468750,-19.0,-69.0,5.0
009,2020-03-21 08:41:27.500000,6.0,-84.0,56.0
009,2020-03-21 08:41:27.531250,8.0,-66.0,64.0
009,2020-03-21 08:41:27.562500,-64.0,-53.0,-11.0
009,2020-03-21 08:41:27.593750,-54.0,-22.0,16.0
009,2020-03-21 08:41:27.625000,6.0,-34.0,53.0
009,2020-03-21 08:41:27.656250,-38.0,-79.0,-16.0
009,2020-03-21 08:41:27.687500,-31.0,-39.0,-31.0
009,2020-03-21 08:41:27.718750,-28.0,61.0,-107.0
009,2020-03-21 08:41:27.750000,21.0,127.0,-128.0
009,2020-03-21 08:41:27.781250,5.0,127.0,-128.0
009,2020-03-21 08:41:27.812500,17.0,127.0,33.0
009,2020-03-21 08:41:27.843750,-12.0,95.0,-39.0
009,2020-03-21 08:41:27.875000,-18.0,-3.0,-96.0
009,2020-03-21 08:41:27.906250,-19.0,-39.0,-63.0
009,2020-03-21 08:41:27.937500,-10.0,85.0,-57.0
009,2020-03-21 08:41:27.968750,-12.0,112.0,-30.0
009,2020-03-21 08:41:28.000000,-12.0,67.0,-41.0
009,2020-03-21 08:41:28.031250,-17.0,9.0,-55.0
009,2020-03-21 08:41:28.062500,-14.0,12.0,-48.0
009,2020-03-21 08:41:28.093750,-30.0,59.0,-56.0
009,2020-03-21 08:41:28.125000,-16.0,62.0,-18.0
009,2020-03-21 08:41:28.156250,-17.0,57.0,-37.0
009,2020-03-21 08:41:28.187500,-12.0,44.0,-12.0
009,2020-03-21 08:41:28.218750,-22.0,57.0,-25.0
009,2020-03-21 08:41:28.250000,-19.0,61.0,-30.0
009,2020-03-21 08:41:28.281250,-13.0,61.0,-25.0
009,2020-03-21 08:41:28.312500,-19.0,52.0,-24.0
009,2020-03-21 08:41:28.343750,-17.0,56.0,-22.0
009,2020-03-21 08:41:28.375000,-11.0,68.0,-10.0
009,2020-03-21 08:41:28.406250,-19.0,63.0,-24.0
009,2020-03-21 08:41:28.437500,-21.0,58.0,-30.0
009,2020-03-21 08:41:28.468750,-12.0,61.0,-11.0
009,2020-03-21 08:41:28.500000,-18.0,65.0,-26.0
009,2020-03-21 08:41:28.531250,-18.0,61.0,-22.0
009,2020-03-21 08:41:28.562500,-19.0,64.0,-16.0
009,2020-03-21 08:41:28.593750,-20.0,57.0,-19.0
009,2020-03-21 08:41:28.625000,-17.0,55.0,-15.0
009,2020-03-21 08:41:28.656250,-18.0,59.0,-14.0
009,2020-03-21 08:41:28.687500,-15.0,62.0,-12.0
009,2020-03-21 08:41:28.718750,-16.0,60.0,-15.0
009,2020-03-21 08:41:28.750000,-21.0,59.0,-26.0
009,2020-03-21 08:41:28.781250,-18.0,61.0,-20.0
009,2020-03-21 08:41:28.812500,-17.0,62.0,-18.0
009,2020-03-21 08:41:28.843750,-16.0,60.0,-13.0
009,2020-03-21 08:41:28.875000,-17.0,55.0,-19.0
009,2020-03-21 08:41:28.906250,-17.0,55.0,-23.0
009,2020-03-21 08:41:28.937500,-16.0,62.0,-19.0
009,2020-03-21 08:41:28.968750,-16.0,63.0,-20.0
009,2020-03-21 08:41:29.000000,-14.0,61.0,-19.0
009,2020-03-21 08:41:29.031250,-17.0,55.0,-23.0
009,2020-03-21 08:41:29.062500,-16.0,59.0,-17.0
009,2020-03-21 08:41:29.093750,-15.0,58.0,-23.0
009,2020-03-21 08:41:29.125000,-17.0,62.0,-19.0
009,2020-03-21 08:41:29.156250,-16.0,60.0,-20.0
009,2020-03-21 08:41:29.187500,-18.0,57.0,-27.0
009,2020-03-21 08:41:29.218750,-19.0,54.0,-22.0
009,2020-03-21 08:41:29.250000,-18.0,60.0,-21.0
009,2020-03-21 08:41:29.281250,-17.0,61.0,-22.0
009,2020-03-21 08:41:29.312500,-18.0,60.0,-21.0
009,2020-03-21 08:41:29.343750,-19.0,59.0,-22.0
009,2020-03-21 08:41:29.375000,-22.0,60.0,-27.0
009,2020-03-21 08:41:29.406250,-18.0,56.0,-20.0
009,2020-03-21 08:41:29.437500,-18.0,60.0,-16.0
009,2020-03-21 08:41:29.468750,-18.0,60.0,-20.0
009,2020-03-21 08:41:29.500000,-20.0,57.0,-23.0
009,2020-03-21 08:41:29.531250,-19.0,59.0,-21.0
009,2020-03-21 08:41:29.562500,-18.0,58.0,-19.0
009,2020-03-21 08:41:29.593750,-18.0,58.0,-19.0
009,2020-03-21 08:41:29.625000,-21.0,60.0,-22.0
009,2020-03-21 08:41:29.656250,-19.0,61.0,-19.0
009,2020-03-21 08:41:29.687500,-19.0,58.0,-22.0
009,2020-03-21 08:41:29.718750,-18.0,59.0,-22.0
009,2020-03-21 08:41:29.750000,-16.0,59.0,-18.0
009,2020-03-21 08:41:29.781250,-19.0,57.0,-21.0
009,2020-03-21 08:41:29.812500,-19.0,59.0,-23.0
009,2020-03-21 08:41:29.843750,-17.0,61.0,-17.0
009,2020-03-21 08:41:29.875000,-19.0,58.0,-22.0
009,2020-03-21 08:41:29.906250,-19.0,57.0,-22.0
009,2020-03-21 08:41:29.937500,-18.0,61.0,-20.0
009,2020-03-21 08:41:29.968750,-17.0,59.0,-17.0
009,2020-03-21 08:41:30.000000,-20.0,58.0,-26.0
009,2020-03-21 08:41:30.031250,-21.0,59.0,-25.0
009,2020-03-21 08:41:30.062500,-19.0,66.0,-19.0
009,2020-03-21 08:41:30.093750,-19.0,68.0,-19.0
009,2020-03-21 08:41:30.125000,-18.0,56.0,-25.0
009,2020-03-21 08:41:30.156250,-17.0,55.0,-18.0
009,2020-03-21 08:41:30.187500,-18.0,57.0,-19.0
009,2020-03-21 08:41:30.218750,-23.0,53.0,-20.0
009,2020-03-21 08:41:30.250000,-19.0,52.0,-10.0
009,2020-03-21 08:41:30.281250,-17.0,51.0,-9.0
009,2020-03-21 08:41:30.312500,-15.0,56.0,-11.0
009,2020-03-21 08:41:30.343750,-20.0,61.0,-11.0
009,2020-03-21 08:41:30.375000,-24.0,70.0,-18.0
009,2020-03-21 08:41:30.406250,-19.0,79.0,-13.0
009,2020-03-21 08:41:30.437500,-20.0,62.0,-20.0
009,2020-03-21 08:41:30.468750,-20.0,53.0,-20.0
009,2020-03-21 08:41:30.500000,-17.0,56.0,-15.0
009,2020-03-21 08:41:30.531250,-20.0,58.0,-24.0
009,2020-03-21 08:41:30.562500,-18.0,57.0,-8.0
009,2020-03-21 08:41:30.593750,-15.0,61.0,-13.0
009,2020-03-21 08:41:30.625000,-20.0,62.0,-16.0
009,2020-03-21 08:41:30.656250,-23.0,65.0,-24.0
009,2020-03-21 08:41:30.687500,-16.0,61.0,-17.0
009,2020-03-21 08:41:30.718750,-20.0,54.0,-21.0
009,2020-03-21 08:41:30.750000,-17.0,51.0,-17.0
009,2020-03-21 08:41:30.781250,-14.0,59.0,-15.0
009,2020-03-21 08:41:30.812500,-15.0,63.0,-12.0
009,2020-03-21 08:41:30.843750,-16.0,64.0,-14.0
009,2020-03-21 08:41:30.875000,-19.0,60.0,-22.0
009,2020-03-21 08:41:30.906250,-24.0,60.0,-30.0
009,2020-03-21 08:41:30.937500,-22.0,66.0,-21.0
009,2020-03-21 08:41:30.968750,-23.0,82.0,-17.0
009,2020-03-21 08:41:31.000000,-34.0,79.0,-38.0
009,2020-03-21 08:41:31.031250,-21.0,65.0,-16.0
009,2020-03-21 08:41:31.062500,-24.0,44.0,-10.0
009,2020-03-21 08:41:31.093750,-29.0,34.0,-18.0
009,2020-03-21 08:41:31.125000,-26.0,39.0,-7.0
009,2020-03-21 08:41:31.156250,-22.0,55.0,0.0
009,2020-03-21 08:41:31.187500,-25.0,60.0,-7.0
009,2020-03-21 08:41:31.218750,-26.0,56.0,1.0
009,2020-03-21 08:41:31.250000,-22.0,48.0,1.0
009,2020-03-21 08:41:31.281250,-13.0,59.0,5.0
009,2020-03-21 08:41:31.312500,-14.0,65.0,14.0
009,2020-03-21 08:41:31.343750,-15.0,69.0,12.0
009,2020-03-21 08:41:31.375000,-27.0,75.0,-24.0
009,2020-03-21 08:41:31.406250,-13.0,72.0,13.0
009,2020-03-21 08:41:31.437500,-15.0,63.0,14.0
009,2020-03-21 08:41:31.468750,-16.0,57.0,5.0
009,2020-03-21 08:41:31.500000,-17.0,66.0,10.0
009,2020-03-21 08:41:31.531250,-16.0,74.0,20.0
009,2020-03-21 08:41:31.562500,-12.0,66.0,24.0
009,2020-03-21 08:41:31.593750,-9.0,54.0,29.0
009,2020-03-21 08:41:31.625000,-17.0,57.0,16.0
009,2020-03-21 08:41:31.656250,-17.0,58.0,22.0
009,2020-03-21 08:41:31.687500,-16.0,56.0,22.0
009,2020-03-21 08:41:31.718750,-8.0,57.0,38.0
009,2020-03-21 08:41:31.750000,-11.0,55.0,32.0
009,2020-03-21 08:41:31.781250,-16.0,53.0,22.0
009,2020-03-21 08:41:31.812500,-17.0,47.0,47.0
009,2020-03-21 08:41:31.843750,-7.0,45.0,55.0
009,2020-03-21 08:41:31.875000,-10.0,41.0,43.0
009,2020-03-21 08:41:31.906250,-14.0,24.0,41.0
009,2020-03-21 08:41:31.937500,-2.0,16.0,67.0
009,2020-03-21 08:41:31.968750,1.0,23.0,67.0
009,2020-03-21 08:41:32.000000,-9.0,22.0,55.0
009,2020-03-21 08:41:32.031250,-11.0,11.0,61.0
009,2020-03-21 08:41:32.062500,-10.0,8.0,58.0
009,2020-03-21 08:41:32.093750,-5.0,-17.0,59.0
009,2020-03-21 08:41:32.125000,-7.0,-20.0,69.0
009,2020-03-21 08:41:32.156250,-4.0,-5.0,87.0
009,2020-03-21 08:41:32.187500,-11.0,14.0,63.0
009,2020-03-21 08:41:32.218750,-18.0,34.0,59.0
009,2020-03-21 08:41:32.250000,-15.0,27.0,57.0
009,2020-03-21 08:41:32.281250,-30.0,12.0,63.0
009,2020-03-21 08:41:32.312500,-24.0,7.0,31.0
009,2020-03-21 08:41:32.343750,-21.0,-8.0,45.0
009,2020-03-21 08:41:32.375000,27.0,-40.0,92.0
009,2020-03-21 08:41:32.406250,-19.0,-13.0,47.0
009,2020-03-21 08:41:32.437500,-19.0,5.0,43.0
009,2020-03-21 08:41:32.468750,-7.0,-15.0,40.0
009,2020-03-21 08:41:32.500000,10.0,-23.0,80.0
009,2020-03-21 08:41:32.531250,7.0,-66.0,36.0
009,2020-03-21 08:41:32.562500,-22.0,-58.0,46.0
009,2020-03-21 08:41:32.593750,-28.0,-23.0,54.0
009,2020-03-21 08:41:32.625000,-25.0,-37.0,28.0
009,2020-03-21 08:41:32.656250,-19.0,-63.0,15.0
009,2020-03-21 08:41:32.687500,-18.0,-45.0,60.0
009,2020-03-21 08:41:32.718750,-20.0,-22.0,37.0
009,2020-03-21 08:41:32.750000,-14.0,-64.0,-8.0
009,2020-03-21 08:41:32.781250,-29.0,-71.0,27.0
009,2020-03-21 08:41:32.812500,-39.0,-66.0,29.0
009,2020-03-21 08:41:32.843750,-24.0,-51.0,10.0
009,2020-03-21 08:41:32.875000,-31.0,-40.0,12.0
009,2020-03-21 08:41:32.906250,-36.0,-41.0,19.0
009,2020-03-21 08:41:32.937500,-37.0,-69.0,8.0
009,2020-03-21 08:41:32.968750,-37.0,-39.0,4.0
009,2020-03-21 08:41:33.000000,-37.0,-45.0,4.0
009,2020-03-21 08:41:33.031250,-35.0,-73.0,8.0
009,2020-03-21 08:41:33.062500,-30.0,-73.0,4.0
009,2020-03-21 08:41:33.093750,-31.0,-58.0,-3.0
009,2020-03-21 08:41:33.125000,-27.0,-67.0,-2.0
009,2020-03-21 08:41:33.156250,-32.0,-87.0,-12.0
009,2020-03-21 08:41:33.187500,-46.0,-77.0,-1.0
009,2020-03-21 08:41:33.218750,-44.0,-40.0,12.0
009,2020-03-21 08:41:33.250000,-39.0,-39.0,9.0
009,2020-03-21 08:41:33.281250,-36.0,-42.0,4.0
009,2020-03-21 08:41:33.312500,-33.0,-34.0,22.0
009,2020-03-21 08:41:33.343750,-38.0,-1.0,42.0
009,2020-03-21 08:41:33.375000,-18.0,-7.0,62.0
009,2020-03-21 08:41:33.406250,-14.0,-19.0,70.0
009,2020-03-21 08:41:33.437500,-24.0,-5.0,65.0
009,2020-03-21 08:41:33.468750,-21.0,-12.0,61.0
009,2020-03-21 08:41:33.500000,-25.0,-18.0,62.0
009,2020-03-21 08:41:33.531250,-30.0,-19.0,58.0
009,2020-03-21 08:41:33.562500,-21.0,-32.0,61.0
009,2020-03-21 08:41:33.593750,-32.0,-44.0,55.0
009,2020-03-21 08:41:33.625000,-37.0,-33.0,50.0
009,2020-03-21 08:41:33.656250,-41.0,-36.0,40.0
009,2020-03-21 08:41:33.687500,-46.0,-51.0,22.0
009,2020-03-21 08:41:33.718750,-47.0,-41.0,32.0
009,2020-03-21 08:41:33.750000,-52.0,-27.0,29.0
009,2020-03-21 08:41:33.781250,-43.0,-45.0,25.0
009,2020-03-21 08:41:33.812500,-45.0,-39.0,25.0
009,2020-03-21 08:41:33.843750,-51.0,-18.0,29.0
009,2020-03-21 08:41:33.875000,-47.0,-17.0,19.0
009,2020-03-21 08:41:33.906250,-58.0,-14.0,16.0
009,2020-03-21 08:41:33.937500,-60.0,-37.0,18.0
009,2020-03-21 08:41:33.968750,-76.0,-27.0,32.0
009,2020-03-21 08:41:34.000000,-73.0,-26.0,23.0
009,2020-03-21 08:41:34.031250,-61.0,-45.0,15.0
009,2020-03-21 08:41:34.062500,-44.0,-35.0,13.0
009,2020-03-21 08:41:34.093750,-40.0,-38.0,3.0
009,2020-03-21 08:41:34.125000,-38.0,-51.0,-4.0
009,2020-03-21 08:41:34.156250,-23.0,-56.0,-13.0
009,2020-03-21 08:41:34.187500,-13.0,-58.0,-19.0
009,2020-03-21 08:41:34.218750,-29.0,-60.0,-8.0
009,2020-03-21 08:41:34.250000,-38.0,-47.0,-5.0
009,2020-03-21 08:41:34.281250,-40.0,-54.0,-3.0
009,2020-03-21 08:41:34.312500,-35.0,-52.0,-2.0
009,2020-03-21 08:41:34.343750,-33.0,-57.0,-1.0
009,2020-03-21 08:41:34.375000,-33.0,-56.0,-2.0
009,2020-03-21 08:41:34.406250,-33.0,-59.0,-2.0
009,2020-03-21 08:41:34.437500,-38.0,-94.0,-7.0
009,2020-03-21 08:41:34.468750,-32.0,-81.0,-10.0
009,2020-03-21 08:41:34.500000,-37.0,-49.0,3.0
009,2020-03-21 08:41:34.531250,-59.0,-18.0,23.0
009,2020-03-21 08:41:34.562500,-43.0,-6.0,18.0
009,2020-03-21 08:41:34.593750,-58.0,-6.0,43.0
009,2020-03-21 08:41:34.625000,-42.0,-4.0,36.0
009,2020-03-21 08:41:34.656250,-41.0,-10.0,39.0
009,2020-03-21 08:41:34.687500,-36.0,-5.0,41.0
009,2020-03-21 08:41:34.718750,-44.0,18.0,53.0
009,2020-03-21 08:41:34.750000,-49.0,20.0,52.0
009,2020-03-21 08:41:34.781250,-56.0,-13.0,42.0
009,2020-03-21 08:41:34.812500,-34.0,-13.0,21.0
009,2020-03-21 08:41:34.843750,-14.0,-30.0,-1.0
009,2020-03-21 08:41:34.875000,-24.0,-81.0,2.0
009,2020-03-21 08:41:34.906250,-19.0,-65.0,-9.0
009,2020-03-21 08:41:34.937500,-12.0,-65.0,-11.0
009,2020-03-21 08:41:34.968750,-18.0,-49.0,-5.0
009,2020-03-21 08:41:35.000000,-21.0,-60.0,-14.0
009,2020-03-21 08:41:35.031250,-28.0,-57.0,-10.0
009,2020-03-21 08:41:35.062500,-37.0,-67.0,-12.0
009,2020-03-21 08:41:35.093750,-30.0,-67.0,-16.0
009,2020-03-21 08:41:35.125000,-26.0,-64.0,-15.0
009,2020-03-21 08:41:35.156250,-29.0,-58.0,-11.0
009,2020-03-21 08:41:35.187500,-30.0,-63.0,-13.0
009,2020-03-21 08:41:35.218750,-28.0,-66.0,-13.0
009,2020-03-21 08:41:35.250000,-27.0,-64.0,-15.0
009,2020-03-21 08:41:35.281250,-31.0,-79.0,-21.0
009,2020-03-21 08:41:35.312500,-22.0,-85.0,-25.0
009,2020-03-21 08:41:35.343750,-26.0,-58.0,-14.0
009,2020-03-21 08:41:35.375000,-34.0,-26.0,-2.0
009,2020-03-21 08:41:35.406250,-34.0,-21.0,9.0
009,2020-03-21 08:41:35.437500,-60.0,3.0,31.0
009,2020-03-21 08:41:35.468750,-53.0,-23.0,27.0
009,2020-03-21 08:41:35.500000,-54.0,-32.0,26.0
009,2020-03-21 08:41:35.531250,-68.0,-19.0,31.0
009,2020-03-21 08:41:35.562500,-62.0,-21.0,31.0
009,2020-03-21 08:41:35.593750,-57.0,-30.0,29.0
009,2020-03-21 08:41:35.625000,-47.0,-37.0,24.0
009,2020-03-21 08:41:35.656250,-47.0,-36.0,23.0
009,2020-03-21 08:41:35.687500,-47.0,-38.0,24.0
009,2020-03-21 08:41:35.718750,-54.0,-34.0,27.0
009,2020-03-21 08:41:35.750000,-58.0,-32.0,26.0
009,2020-03-21 08:41:35.781250,-59.0,-30.0,24.0
009,2020-03-21 08:41:35.812500,-52.0,-32.0,23.0
009,2020-03-21 08:41:35.843750,-47.0,-38.0,22.0
009,2020-03-21 08:41:35.875000,-46.0,-38.0,20.0
009,2020-03-21 08:41:35.906250,-44.0,-37.0,17.0
009,2020-03-21 08:41:35.937500,-42.0,-40.0,18.0
009,2020-03-21 08:41:35.968750,-41.0,-44.0,18.0
009,2020-03-21 08:41:36.000000,-44.0,-39.0,20.0
009,2020-03-21 08:41:36.031250,-50.0,-55.0,23.0
009,2020-03-21 08:41:36.062500,-56.0,-57.0,24.0
009,2020-03-21 08:41:36.093750,-62.0,-43.0,28.0
009,2020-03-21 08:41:36.125000,-54.0,-39.0,24.0
009,2020-03-21 08:41:36.156250,-47.0,-39.0,21.0
009,2020-03-21 08:41:36.187500,-40.0,-36.0,18.0
009,2020-03-21 08:41:36.218750,-40.0,-29.0,18.0
009,2020-03-21 08:41:36.250000,-32.0,-29.0,16.0
009,2020-03-21 08:41:36.281250,-26.0,-60.0,6.0
009,2020-03-21 08:41:36.312500,-43.0,-58.0,16.0
009,2020-03-21 08:41:36.343750,-49.0,-57.0,19.0
009,2020-03-21 08:41:36.375000,-58.0,-55.0,22.0
009,2020-03-21 08:41:36.406250,-49.0,-57.0,19.0
009,2020-03-21 08:41:36.437500,-45.0,-58.0,16.0
009,2020-03-21 08:41:36.468750,-38.0,-52.0,15.0
009,2020-03-21 08:41:36.500000,-38.0,-51.0,3.0
009,2020-03-21 08:41:36.531250,-28.0,-50.0,5.0
009,2020-03-21 08:41:36.562500,-24.0,-62.0,7.0
009,2020-03-21 08:41:36.593750,-39.0,-47.0,11.0
009,2020-03-21 08:41:36.625000,-44.0,-34.0,20.0
009,2020-03-21 08:41:36.656250,-36.0,-69.0,18.0
009,2020-03-21 08:41:36.687500,-50.0,-47.0,32.0
009,2020-03-21 08:41:36.718750,-42.0,-37.0,27.0
009,2020-03-21 08:41:36.750000,-29.0,-37.0,20.0
009,2020-03-21 08:41:36.781250,-6.0,-51.0,12.0
009,2020-03-21 08:41:36.812500,-4.0,-59.0,8.0
009,2020-03-21 08:41:36.843750,-17.0,-59.0,13.0
009,2020-03-21 08:41:36.875000,-28.0,-60.0,15.0
009,2020-03-21 08:41:36.906250,-16.0,-106.0,10.0
009,2020-03-21 08:41:36.937500,-25.0,-53.0,28.0
009,2020-03-21 08:41:36.968750,-34.0,-19.0,38.0
009,2020-03-21 08:41:37.000000,-22.0,-37.0,26.0
009,2020-03-21 08:41:37.031250,-6.0,-60.0,26.0
009,2020-03-21 08:41:37.062500,-9.0,-55.0,35.0
009,2020-03-21 08:41:37.093750,-20.0,-38.0,49.0
009,2020-03-21 08:41:37.125000,-46.0,-5.0,41.0
009,2020-03-21 08:41:37.156250,-38.0,-28.0,29.0
009,2020-03-21 08:41:37.187500,-29.0,-4.0,24.0
009,2020-03-21 08:41:37.218750,-63.0,16.0,-1.0
009,2020-03-21 08:41:37.250000,-31.0,-23.0,-22.0
009,2020-03-21 08:41:37.281250,-33.0,-108.0,-21.0
009,2020-03-21 08:41:37.312500,-64.0,-75.0,4.0
009,2020-03-21 08:41:37.343750,-78.0,-54.0,-18.0
009,2020-03-21 08:41:37.375000,-57.0,-29.0,-39.0
009,2020-03-21 08:41:37.406250,-79.0,7.0,-10.0
009,2020-03-21 08:41:37.437500,-73.0,-23.0,-10.0
009,2020-03-21 08:41:37.468750,-60.0,-33.0,-28.0
009,2020-03-21 08:41:37.500000,-53.0,-38.0,-17.0
009,2020-03-21 08:41:37.531250,-57.0,-43.0,-5.0
009,2020-03-21 08:41:37.562500,-62.0,-48.0,0.0
009,2020-03-21 08:41:37.593750,-45.0,-55.0,-2.0
009,2020-03-21 08:41:37.625000,-42.0,-51.0,1.0
009,2020-03-21 08:41:37.656250,-67.0,-11.0,14.0
009,2020-03-21 08:41:37.687500,-52.0,-32.0,13.0
009,2020-03-21 08:41:37.718750,-52.0,-19.0,26.0
009,2020-03-21 08:41:37.750000,-44.0,-13.0,32.0
009,2020-03-21 08:41:37.781250,-44.0,-26.0,26.0
009,2020-03-21 08:41:37.812500,-37.0,-31.0,37.0
009,2020-03-21 08:41:37.843750,-33.0,-19.0,52.0
009,2020-03-21 08:41:37.875000,-44.0,-8.0,39.0
009,2020-03-21 08:41:37.906250,-41.0,-9.0,34.0
009,2020-03-21 08:41:37.937500,-19.0,-16.0,12.0
009,2020-03-21 08:41:37.968750,-38.0,-19.0,18.0
009,2020-03-21 08:41:38.000000,-96.0,-38.0,51.0
009,2020-03-21 08:41:38.031250,-97.0,-26.0,50.0
009,2020-03-21 08:41:38.062500,-86.0,-28.0,7.0
009,2020-03-21 08:41:38.093750,-75.0,-15.0,3.0
009,2020-03-21 08:41:38.125000,-63.0,-11.0,12.0
009,2020-03-21 08:41:38.156250,-61.0,-12.0,19.0
009,2020-03-21 08:41:38.187500,-57.0,-11.0,10.0
009,2020-03-21 08:41:38.218750,-54.0,-9.0,18.0
009,2020-03-21 08:41:38.250000,-57.0,-14.0,24.0
009,2020-03-21 08:41:38.281250,-57.0,-11.0,26.0
009,2020-03-21 08:41:38.312500,-57.0,-17.0,24.0
009,2020-03-21 08:41:38.343750,-62.0,-18.0,27.0
009,2020-03-21 08:41:38.375000,-63.0,-16.0,32.0
009,2020-03-21 08:41:38.406250,-61.0,-14.0,28.0
009,2020-03-21 08:41:38.437500,-60.0,-15.0,26.0
009,2020-03-21 08:41:38.468750,-61.0,-11.0,26.0
009,2020-03-21 08:41:38.500000,-61.0,-11.0,31.0
009,2020-03-21 08:41:38.531250,-63.0,-14.0,17.0
009,2020-03-21 08:41:38.562500,-58.0,-24.0,16.0
009,2020-03-21 08:41:38.593750,-50.0,-34.0,22.0
009,2020-03-21 08:41:38.625000,-59.0,-16.0,23.0
009,2020-03-21 08:41:38.656250,-55.0,-30.0,22.0
009,2020-03-21 08:41:38.687500,-56.0,-21.0,34.0
009,2020-03-21 08:41:38.718750,-55.0,-14.0,34.0
009,2020-03-21 08:41:38.750000,-56.0,-14.0,33.0
009,2020-03-21 08:41:38.781250,-52.0,-18.0,33.0
009,2020-03-21 08:41:38.812500,-51.0,-21.0,35.0
009,2020-03-21 08:41:38.843750,-55.0,-14.0,33.0
009,2020-03-21 08:41:38.875000,-54.0,-22.0,32.0
009,2020-03-21 08:41:38.906250,-55.0,-19.0,31.0
009,2020-03-21 08:41:38.937500,-57.0,-17.0,29.0
009,2020-03-21 08:41:38.968750,-60.0,-22.0,28.0
009,2020-03-21 08:41:39.000000,-59.0,-16.0,26.0
009,2020-03-21 08:41:39.031250,-57.0,-16.0,27.0
009,2020-03-21 08:41:39.062500,-56.0,-16.0,25.0
009,2020-03-21 08:41:39.093750,-56.0,-23.0,29.0
009,2020-03-21 08:41:39.125000,-57.0,-19.0,30.0
009,2020-03-21 08:41:39.156250,-57.0,-21.0,27.0
009,2020-03-21 08:41:39.187500,-57.0,-22.0,27.0
009,2020-03-21 08:41:39.218750,-58.0,-19.0,29.0
009,2020-03-21 08:41:39.250000,-59.0,-20.0,28.0
009,2020-03-21 08:41:39.281250,-55.0,-22.0,26.0
009,2020-03-21 08:41:39.312500,-55.0,-22.0,24.0
009,2020-03-21 08:41:39.343750,-58.0,-18.0,26.0
009,2020-03-21 08:41:39.375000,-58.0,-22.0,27.0
009,2020-03-21 08:41:39.406250,-57.0,-16.0,29.0
009,2020-03-21 08:41:39.437500,-62.0,-7.0,19.0
009,2020-03-21 08:41:39.468750,-51.0,-24.0,9.0
009,2020-03-21 08:41:39.500000,-56.0,-25.0,3.0
009,2020-03-21 08:41:39.531250,-28.0,-36.0,-4.0
009,2020-03-21 08:41:39.562500,-16.0,-38.0,-24.0
009,2020-03-21 08:41:39.593750,-14.0,-40.0,-32.0
009,2020-03-21 08:41:39.625000,-8.0,-61.0,-44.0
009,2020-03-21 08:41:39.656250,-9.0,-58.0,-39.0
009,2020-03-21 08:41:39.687500,-23.0,-60.0,-48.0
009,2020-03-21 08:41:39.718750,-14.0,-72.0,-43.0
009,2020-03-21 08:41:39.750000,-14.0,-46.0,-50.0
009,2020-03-21 08:41:39.781250,-18.0,-36.0,-46.0
009,2020-03-21 08:41:39.812500,-18.0,-36.0,-46.0
009,2020-03-21 08:41:39.843750,-18.0,-38.0,-54.0
009,2020-03-21 08:41:39.875000,-15.0,-46.0,-55.0
009,2020-03-21 08:41:39.906250,-20.0,-43.0,-53.0
009,2020-03-21 08:41:39.937500,-26.0,-42.0,-50.0
009,2020-03-21 08:41:39.968750,-26.0,-34.0,-51.0
009,2020-03-21 08:41:40.000000,-22.0,-42.0,-47.0
009,2020-03-21 08:41:40.031250,-22.0,-53.0,-50.0
009,2020-03-21 08:41:40.062500,-24.0,-52.0,-53.0
009,2020-03-21 08:41:40.093750,-25.0,-57.0,-53.0
009,2020-03-21 08:41:40.125000,-25.0,-54.0,-39.0
009,2020-03-21 08:41:40.156250,-35.0,-26.0,-19.0
009,2020-03-21 08:41:40.187500,-24.0,-53.0,-14.0
009,2020-03-21 08:41:40.218750,-38.0,-16.0,5.0
009,2020-03-21 08:41:40.250000,-27.0,-37.0,21.0
009,2020-03-21 08:41:40.281250,-35.0,-63.0,12.0
009,2020-03-21 08:41:40.312500,-34.0,-48.0,9.0
009,2020-03-21 08:41:40.343750,-30.0,-51.0,11.0
009,2020-03-21 08:41:40.375000,-28.0,-55.0,13.0
009,2020-03-21 08:41:40.406250,-41.0,-48.0,20.0
009,2020-03-21 08:41:40.437500,-35.0,-47.0,25.0
009,2020-03-21 08:41:40.468750,-28.0,-59.0,18.0
009,2020-03-21 08:41:40.500000,-28.0,-66.0,13.0
009,2020-03-21 08:41:40.531250,-27.0,-63.0,15.0
009,2020-03-21 08:41:40.562500,-25.0,-53.0,22.0
009,2020-03-21 08:41:40.593750,-23.0,-57.0,21.0
009,2020-03-21 08:41:40.625000,-27.0,-61.0,18.0
009,2020-03-21 08:41:40.656250,-25.0,-52.0,27.0
009,2020-03-21 08:41:40.687500,-27.0,-46.0,28.0
009,2020-03-21 08:41:40.718750,-28.0,-48.0,29.0
009,2020-03-21 08:41:40.750000,-25.0,-50.0,31.0
009,2020-03-21 08:41:40.781250,-20.0,-58.0,26.0
009,2020-03-21 08:41:40.812500,-26.0,-69.0,24.0
009,2020-03-21 08:41:40.843750,-26.0,-55.0,30.0
009,2020-03-21 08:41:40.875000,-34.0,-28.0,40.0
009,2020-03-21 08:41:40.906250,-35.0,-25.0,45.0
009,2020-03-21 08:41:40.937500,-36.0,-57.0,23.0
009,2020-03-21 08:41:40.968750,-27.0,-64.0,11.0
009,2020-03-21 08:41:41.000000,-24.0,-69.0,-1.0
009,2020-03-21 08:41:41.031250,-29.0,-48.0,2.0
009,2020-03-21 08:41:41.062500,-22.0,-43.0,4.0
009,2020-03-21 08:41:41.093750,-20.0,-50.0,4.0
009,2020-03-21 08:41:41.125000,-8.0,-63.0,-2.0
009,2020-03-21 08:41:41.156250,-14.0,-66.0,1.0
009,2020-03-21 08:41:41.187500,-16.0,-46.0,0.0
009,2020-03-21 08:41:41.218750,-26.0,-45.0,-11.0
009,2020-03-21 08:41:41.250000,-20.0,-58.0,-23.0
009,2020-03-21 08:41:41.281250,-11.0,-70.0,-31.0
009,2020-03-21 08:41:41.312500,-12.0,-49.0,-48.0
009,2020-03-21 08:41:41.343750,-19.0,-51.0,-41.0
009,2020-03-21 08:41:41.375000,-18.0,-65.0,-40.0
009,2020-03-21 08:41:41.406250,-19.0,-42.0,-40.0
009,2020-03-21 08:41:41.437500,-13.0,-36.0,-48.0
009,2020-03-21 08:41:41.468750,-17.0,-33.0,-55.0
009,2020-03-21 08:41:41.500000,-16.0,-24.0,-55.0
009,2020-03-21 08:41:41.531250,-12.0,-27.0,-55.0
009,2020-03-21 08:41:41.562500,-13.0,-15.0,-56.0
010,2020-03-22 10:06:55.000000,-16.0,-17.0,60.0
010,2020-03-22 10:06:55.031250,-15.0,-15.0,61.0
010,2020-03-22 10:06:55.062500,-14.0,-16.0,61.0
010,2020-03-22 10:06:55.093750,-14.0,-17.0,57.0
010,2020-03-22 10:06:55.125000,-14.0,-12.0,59.0
010,2020-03-22 10:06:55.156250,-15.0,-13.0,59.0
010,2020-03-22 10:06:55.187500,-16.0,-14.0,57.0
010,2020-03-22 10:06:55.218750,-16.0,-14.0,59.0
010,2020-03-22 10:06:55.250000,-18.0,-11.0,61.0
010,2020-03-22 10:06:55.281250,-18.0,-12.0,61.0
010,2020-03-22 10:06:55.312500,-16.0,-16.0,60.0
010,2020-03-22 10:06:55.343750,-16.0,-14.0,60.0
010,2020-03-22 10:06:55.375000,-14.0,-13.0,59.0
010,2020-03-22 10:06:55.406250,-15.0,-16.0,56.0
010,2020-03-22 10:06:55.437500,-14.0,-9.0,55.0
010,2020-03-22 10:06:55.468750,-17.0,-11.0,58.0
010,2020-03-22 10:06:55.500000,-17.0,-16.0,61.0
010,2020-03-22 10:06:55.531250,-13.0,-15.0,65.0
010,2020-03-22 10:06:55.562500,-14.0,-15.0,64.0
010,2020-03-22 10:06:55.593750,-14.0,-14.0,59.0
010,2020-03-22 10:06:55.625000,-13.0,-13.0,57.0
010,2020-03-22 10:06:55.656250,-14.0,-8.0,53.0
010,2020-03-22 10:06:55.687500,-15.0,-9.0,57.0
010,2020-03-22 10:06:55.718750,-17.0,-16.0,63.0
010,2020-03-22 10:06:55.750000,-18.0,-14.0,65.0
010,2020-03-22 10:06:55.781250,-18.0,-16.0,59.0
010,2020-03-22 10:06:55.812500,-15.0,-13.0,59.0
010,2020-03-22 10:06:55.843750,-13.0,-11.0,56.0
010,2020-03-22 10:06:55.875000,-12.0,-11.0,56.0
010,2020-03-22 10:06:55.906250,-13.0,-14.0,56.0
010,2020-03-22 10:06:55.937500,-16.0,-15.0,64.0
010,2020-03-22 10:06:55.968750,-17.0,-12.0,63.0
010,2020-03-22 10:06:56.000000,-16.0,-10.0,60.0
010,2020-03-22 10:06:56.031250,-14.0,-14.0,59.0
010,2020-03-22 10:06:56.062500,-13.0,-12.0,59.0
010,2020-03-22 10:06:56.093750,-14.0,-11.0,59.0
010,2020-03-22 10:06:56.125000,-16.0,-13.0,57.0
010,2020-03-22 10:06:56.156250,-17.0,-13.0,60.0
010,2020-03-22 10:06:56.187500,-19.0,-12.0,61.0
010,2020-03-22 10:06:56.218750,-18.0,-13.0,58.0
010,2020-03-22 10:06:56.250000,-16.0,-11.0,59.0
010,2020-03-22 10:06:56.281250,-13.0,-10.0,60.0
010,2020-03-22 10:06:56.312500,-13.0,-9.0,61.0
010,2020-03-22 10:06:56.343750,-14.0,-6.0,63.0
010,2020-03-22 10:06:56.375000,-15.0,-9.0,61.0
010,2020-03-22 10:06:56.406250,-20.0,-26.0,49.0
010,2020-03-22 10:06:56.437500,-20.0,-40.0,46.0
010,2020-03-22 10:06:56.468750,-18.0,-35.0,47.0
010,2020-03-22 10:06:56.500000,-19.0,-29.0,49.0
010,2020-03-22 10:06:56.531250,-14.0,-43.0,36.0
010,2020-03-22 10:06:56.562500,-23.0,-25.0,35.0
010,2020-03-22 10:06:56.593750,-12.0,-46.0,19.0
010,2020-03-22 10:06:56.625000,-12.0,-55.0,21.0
010,2020-03-22 10:06:56.656250,-37.0,-63.0,1.0
010,2020-03-22 10:06:56.687500,-18.0,-88.0,-10.0
010,2020-03-22 10:06:56.718750,-17.0,-69.0,11.0
010,2020-03-22 10:06:56.750000,-24.0,-62.0,7.0
010,2020-03-22 10:06:56.781250,-17.0,-50.0,-6.0
010,2020-03-22 10:06:56.812500,-17.0,-69.0,-6.0
010,2020-03-22 10:06:56.843750,-14.0,-60.0,-8.0
010,2020-03-22 10:06:56.875000,-17.0,-69.0,-11.0
010,2020-03-22 10:06:56.906250,-17.0,-64.0,-16.0
010,2020-03-22 10:06:56.937500,-15.0,-56.0,-9.0
010,2020-03-22 10:06:56.968750,-21.0,-70.0,-15.0
010,2020-03-22 10:06:57.000000,-19.0,-61.0,-14.0
010,2020-03-22 10:06:57.031250,-18.0,-57.0,-15.0
010,2020-03-22 10:06:57.062500,-17.0,-58.0,-12.0
010,2020-03-22 10:06:57.093750,-18.0,-71.0,-14.0
010,2020-03-22 10:06:57.125000,-18.0,-65.0,-14.0
010,2020-03-22 10:06:57.156250,-19.0,-65.0,-10.0
010,2020-03-22 10:06:57.187500,-14.0,-79.0,-9.0
010,2020-03-22 10:06:57.218750,-17.0,-53.0,-5.0
010,2020-03-22 10:06:57.250000,-20.0,-53.0,-1.0
010,2020-03-22 10:06:57.281250,-23.0,-55.0,1.0
010,2020-03-22 10:06:57.312500,-28.0,-44.0,9.0
010,2020-03-22 10:06:57.343750,-27.0,-36.0,30.0
010,2020-03-22 10:06:57.375000,-38.0,-3.0,49.0
010,2020-03-22 10:06:57.406250,-44.0,-19.0,14.0
010,2020-03-22 10:06:57.437500,-46.0,-75.0,-18.0
010,2020-03-22 10:06:57.468750,-50.0,-85.0,-8.0
010,2020-03-22 10:06:57.500000,-26.0,-27.0,26.0
010,2020-03-22 10:06:57.531250,-25.0,0.0,50.0
010,2020-03-22 10:06:57.562500,-10.0,7.0,80.0
010,2020-03-22 10:06:57.593750,-27.0,-1.0,82.0
010,2020-03-22 10:06:57.625000,-24.0,-29.0,40.0
010,2020-03-22 10:06:57.656250,-36.0,-34.0,18.0
010,2020-03-22 10:06:57.687500,-57.0,-25.0,-7.0
010,2020-03-22 10:06:57.718750,-71.0,-19.0,-6.0
010,2020-03-22 10:06:57.750000,-68.0,-6.0,-10.0
010,2020-03-22 10:06:57.781250,-83.0,1.0,-23.0
010,2020-03-22 10:06:57.812500,-77.0,-8.0,-29.0
010,2020-03-22 10:06:57.843750,-78.0,-17.0,-2.0
010,2020-03-22 10:06:57.875000,-96.0,-2.0,6.0
010,2020-03-22 10:06:57.906250,-58.0,5.0,1.0
010,2020-03-22 10:06:57.937500,-46.0,-2.0,15.0
010,2020-03-22 10:06:57.968750,-33.0,-2.0,38.0
010,2020-03-22 10:06:58.000000,-13.0,-10.0,52.0
010,2020-03-22 10:06:58.031250,-21.0,-23.0,54.0
010,2020-03-22 10:06:58.062500,-37.0,-20.0,47.0
010,2020-03-22 10:06:58.093750,-58.0,11.0,17.0
010,2020-03-22 10:06:58.125000,-111.0,20.0,14.0
010,2020-03-22 10:06:58.156250,-97.0,21.0,4.0
010,2020-03-22 10:06:58.187500,-63.0,30.0,-26.0
010,2020-03-22 10:06:58.218750,-69.0,57.0,-26.0
010,2020-03-22 10:06:58.250000,-72.0,89.0,-18.0
010,2020-03-22 10:06:58.281250,-59.0,58.0,-5.0
010,2020-03-22 10:06:58.312500,-43.0,17.0,11.0
010,2020-03-22 10:06:58.343750,-21.0,17.0,42.0
010,2020-03-22 10:06:58.375000,-9.0,43.0,66.0
010,2020-03-22 10:06:58.406250,-15.0,36.0,50.0
010,2020-03-22 10:06:58.437500,-33.0,16.0,33.0
010,2020-03-22 10:06:58.468750,-37.0,26.0,31.0
010,2020-03-22 10:06:58.500000,-44.0,44.0,31.0
010,2020-03-22 10:06:58.531250,-29.0,32.0,37.0
010,2020-03-22 10:06:58.562500,-23.0,32.0,46.0
010,2020-03-22 10:06:58.593750,-32.0,38.0,44.0
010,2020-03-22 10:06:58.625000,-34.0,44.0,45.0
010,2020-03-22 10:06:58.656250,-44.0,43.0,36.0
010,2020-03-22 10:06:58.687500,-39.0,46.0,34.0
010,2020-03-22 10:06:58.718750,-26.0,40.0,40.0
010,2020-03-22 10:06:58.750000,-29.0,37.0,40.0
010,2020-03-22 10:06:58.781250,-40.0,46.0,35.0
010,2020-03-22 10:06:58.812500,-42.0,44.0,36.0
010,2020-03-22 10:06:58.843750,-39.0,34.0,36.0
010,2020-03-22 10:06:58.875000,-36.0,46.0,37.0
010,2020-03-22 10:06:58.906250,-37.0,46.0,34.0
010,2020-03-22 10:06:58.937500,-33.0,34.0,36.0
010,2020-03-22 10:06:58.968750,-38.0,40.0,31.0
010,2020-03-22 10:06:59.000000,-41.0,43.0,33.0
010,2020-03-22 10:06:59.031250,-39.0,30.0,35.0
010,2020-03-22 10:06:59.062500,-43.0,38.0,29.0
010,2020-03-22 10:06:59.093750,-43.0,49.0,33.0
010,2020-03-22 10:06:59.125000,-39.0,35.0,33.0
010,2020-03-22 10:06:59.156250,-37.0,31.0,33.0
010,2020-03-22 10:06:59.187500,-41.0,43.0,33.0
010,2020-03-22 10:06:59.218750,-41.0,39.0,31.0
010,2020-03-22 10:06:59.250000,-41.0,40.0,31.0
010,2020-03-22 10:06:59.281250,-40.0,34.0,33.0
010,2020-03-22 10:06:59.312500,-39.0,35.0,33.0
010,2020-03-22 10:06:59.343750,-38.0,42.0,31.0
010,2020-03-22 10:06:59.375000,-40.0,42.0,31.0
010,2020-03-22 10:06:59.406250,-41.0,34.0,32.0
010,2020-03-22 10:06:59.437500,-39.0,33.0,33.0
010,2020-03-22 10:06:59.468750,-41.0,36.0,33.0
010,2020-03-22 10:06:59.500000,-43.0,37.0,33.0
010,2020-03-22 10:06:59.531250,-42.0,38.0,34.0
010,2020-03-22 10:06:59.562500,-44.0,37.0,33.0
010,2020-03-22 10:06:59.593750,-43.0,35.0,33.0
010,2020-03-22 10:06:59.625000,-42.0,32.0,33.0
010,2020-03-22 10:06:59.656250,-41.0,34.0,33.0
010,2020-03-22 10:06:59.687500,-43.0,39.0,32.0
010,2020-03-22 10:06:59.718750,-45.0,37.0,32.0
010,2020-03-22 10:06:59.750000,-43.0,33.0,34.0
010,2020-03-22 10:06:59.781250,-43.0,35.0,32.0
010,2020-03-22 10:06:59.812500,-48.0,36.0,32.0
010,2020-03-22 10:06:59.843750,-47.0,32.0,32.0
010,2020-03-22 10:06:59.875000,-43.0,30.0,32.0
010,2020-03-22 10:06:59.906250,-47.0,36.0,27.0
010,2020-03-22 10:06:59.937500,-46.0,36.0,30.0
010,2020-03-22 10:06:59.968750,-44.0,28.0,29.0
010,2020-03-22 10:07:00.000000,-47.0,28.0,29.0
010,2020-03-22 10:07:00.031250,-47.0,35.0,30.0
010,2020-03-22 10:07:00.062500,-44.0,31.0,30.0
010,2020-03-22 10:07:00.093750,-52.0,33.0,28.0
010,2020-03-22 10:07:00.125000,-54.0,36.0,29.0
010,2020-03-22 10:07:00.156250,-51.0,30.0,30.0
010,2020-03-22 10:07:00.187500,-50.0,25.0,31.0
010,2020-03-22 10:07:00.218750,-53.0,30.0,33.0
010,2020-03-22 10:07:00.250000,-54.0,39.0,36.0
010,2020-03-22 10:07:00.281250,-60.0,48.0,35.0
010,2020-03-22 10:07:00.312500,-62.0,43.0,33.0
010,2020-03-22 10:07:00.343750,-55.0,27.0,34.0
010,2020-03-22 10:07:00.375000,-56.0,25.0,36.0
010,2020-03-22 10:07:00.406250,-58.0,38.0,31.0
010,2020-03-22 10:07:00.437500,-56.0,38.0,33.0
010,2020-03-22 10:07:00.468750,-53.0,31.0,30.0
010,2020-03-22 10:07:00.500000,-50.0,30.0,21.0
010,2020-03-22 10:07:00.531250,-45.0,31.0,24.0
010,2020-03-22 10:07:00.562500,-48.0,19.0,27.0
010,2020-03-22 10:07:00.593750,-49.0,15.0,22.0
010,2020-03-22 10:07:00.625000,-48.0,16.0,24.0
010,2020-03-22 10:07:00.656250,-47.0,12.0,31.0
010,2020-03-22 10:07:00.687500,-50.0,9.0,34.0
010,2020-03-22 10:07:00.718750,-53.0,16.0,34.0
010,2020-03-22 10:07:00.750000,-44.0,17.0,39.0
010,2020-03-22 10:07:00.781250,-43.0,12.0,37.0
010,2020-03-22 10:07:00.812500,-49.0,19.0,31.0
010,2020-03-22 10:07:00.843750,-48.0,14.0,31.0
010,2020-03-22 10:07:00.875000,-42.0,7.0,32.0
010,2020-03-22 10:07:00.906250,-50.0,8.0,36.0
010,2020-03-22 10:07:00.937500,-52.0,8.0,39.0
010,2020-03-22 10:07:00.968750,-50.0,-3.0,39.0
010,2020-03-22 10:07:01.000000,-50.0,-2.0,31.0
010,2020-03-22 10:07:01.031250,-68.0,5.0,25.0
010,2020-03-22 10:07:01.062500,-64.0,7.0,24.0
010,2020-03-22 10:07:01.093750,-54.0,2.0,21.0
010,2020-03-22 10:07:01.125000,-71.0,-8.0,24.0
010,2020-03-22 10:07:01.156250,-62.0,-24.0,24.0
010,2020-03-22 10:07:01.187500,-47.0,-12.0,20.0
010,2020-03-22 10:07:01.218750,-49.0,-2.0,26.0
010,2020-03-22 10:07:01.250000,-59.0,-7.0,34.0
010,2020-03-22 10:07:01.281250,-61.0,-17.0,36.0
010,2020-03-22 10:07:01.312500,-46.0,-26.0,36.0
010,2020-03-22 10:07:01.343750,-48.0,-19.0,34.0
010,2020-03-22 10:07:01.375000,-57.0,-5.0,33.0
010,2020-03-22 10:07:01.406250,-51.0,-2.0,29.0
010,2020-03-22 10:07:01.437500,-63.0,3.0,20.0
010,2020-03-22 10:07:01.468750,-63.0,-6.0,18.0
010,2020-03-22 10:07:01.500000,-61.0,-25.0,18.0
010,2020-03-22 10:07:01.531250,-66.0,-11.0,22.0
010,2020-03-22 10:07:01.562500,-65.0,-7.0,25.0
010,2020-03-22 10:07:01.593750,-64.0,-14.0,30.0
010,2020-03-22 10:07:01.625000,-60.0,-19.0,33.0
010,2020-03-22 10:07:01.656250,-57.0,-15.0,35.0
010,2020-03-22 10:07:01.687500,-60.0,-16.0,35.0
010,2020-03-22 10:07:01.718750,-61.0,-30.0,18.0
010,2020-03-22 10:07:01.750000,-57.0,-27.0,8.0
010,2020-03-22 10:07:01.781250,-57.0,-35.0,0.0
010,2020-03-22 10:07:01.812500,-57.0,-33.0,-7.0
010,2020-03-22 10:07:01.843750,-67.0,-13.0,-14.0
010,2020-03-22 10:07:01.875000,-58.0,2.0,1.0
010,2020-03-22 10:07:01.906250,-50.0,7.0,7.0
010,2020-03-22 10:07:01.937500,-57.0,3.0,20.0
010,2020-03-22 10:07:01.968750,-49.0,-10.0,23.0
010,2020-03-22 10:07:02.000000,-42.0,-22.0,35.0
010,2020-03-22 10:07:02.031250,-31.0,-16.0,36.0
010,2020-03-22 10:07:02.062500,-36.0,-78.0,41.0
010,2020-03-22 10:07:02.093750,-45.0,-41.0,60.0
010,2020-03-22 10:07:02.125000,-48.0,-10.0,55.0
010,2020-03-22 10:07:02.156250,-53.0,-15.0,49.0
010,2020-03-22 10:07:02.187500,-40.0,-27.0,28.0
010,2020-03-22 10:07:02.218750,-27.0,-36.0,43.0
010,2020-03-22 10:07:02.250000,-24.0,-39.0,51.0
010,2020-03-22 10:07:02.281250,-36.0,-28.0,38.0
010,2020-03-22 10:07:02.312500,-32.0,-28.0,49.0
010,2020-03-22 10:07:02.343750,-17.0,-39.0,55.0
010,2020-03-22 10:07:02.375000,-26.0,-28.0,46.0
010,2020-03-22 10:07:02.406250,-37.0,-17.0,42.0
010,2020-03-22 10:07:02.437500,-27.0,-24.0,43.0
010,2020-03-22 10:07:02.468750,-32.0,-24.0,51.0
010,2020-03-22 10:07:02.500000,-40.0,-18.0,55.0
010,2020-03-22 10:07:02.531250,-18.0,-23.0,58.0
010,2020-03-22 10:07:02.562500,-11.0,-25.0,61.0
010,2020-03-22 10:07:02.593750,-25.0,-27.0,56.0
010,2020-03-22 10:07:02.625000,-27.0,-31.0,49.0
010,2020-03-22 10:07:02.656250,-21.0,-23.0,52.0
010,2020-03-22 10:07:02.687500,-24.0,-12.0,53.0
010,2020-03-22 10:07:02.718750,-20.0,-9.0,59.0
010,2020-03-22 10:07:02.750000,-7.0,-30.0,55.0
010,2020-03-22 10:07:02.781250,-20.0,-25.0,52.0
010,2020-03-22 10:07:02.812500,-16.0,-18.0,58.0
010,2020-03-22 10:07:02.843750,-12.0,-17.0,61.0
010,2020-03-22 10:07:02.875000,-10.0,-25.0,59.0
010,2020-03-22 10:07:02.906250,-17.0,-27.0,53.0
010,2020-03-22 10:07:02.937500,-24.0,-13.0,56.0
010,2020-03-22 10:07:02.968750,-24.0,-10.0,57.0
010,2020-03-22 10:07:03.000000,-27.0,-12.0,57.0
010,2020-03-22 10:07:03.031250,-24.0,-10.0,58.0
010,2020-03-22 10:07:03.062500,-25.0,3.0,61.0
010,2020-03-22 10:07:03.093750,-31.0,-3.0,48.0
010,2020-03-22 10:07:03.125000,-33.0,-12.0,51.0
010,2020-03-22 10:07:03.156250,-34.0,-6.0,52.0
010,2020-03-22 10:07:03.187500,-29.0,-5.0,57.0
010,2020-03-22 10:07:03.218750,-24.0,-12.0,57.0
010,2020-03-22 10:07:03.250000,-28.0,-5.0,51.0
010,2020-03-22 10:07:03.281250,-35.0,-5.0,52.0
010,2020-03-22 10:07:03.312500,-30.0,-13.0,54.0
010,2020-03-22 10:07:03.343750,-25.0,-11.0,57.0
010,2020-03-22 10:07:03.375000,-36.0,-4.0,54.0
010,2020-03-22 10:07:03.406250,-32.0,-9.0,57.0
010,2020-03-22 10:07:03.437500,-24.0,-12.0,55.0
010,2020-03-22 10:07:03.468750,-27.0,-11.0,52.0
010,2020-03-22 10:07:03.500000,-36.0,-8.0,51.0
010,2020-03-22 10:07:03.531250,-31.0,-12.0,53.0
010,2020-03-22 10:07:03.562500,-17.0,-2.0,57.0
010,2020-03-22 10:07:03.593750,-13.0,6.0,63.0
010,2020-03-22 10:07:03.625000,-7.0,7.0,66.0
010,2020-03-22 10:07:03.656250,-9.0,5.0,63.0
010,2020-03-22 10:07:03.687500,-15.0,0.0,60.0
010,2020-03-22 10:07:03.718750,-18.0,-1.0,63.0
010,2020-03-22 10:07:03.750000,-24.0,2.0,59.0
010,2020-03-22 10:07:03.781250,-26.0,5.0,60.0
010,2020-03-22 10:07:03.812500,-26.0,-3.0,58.0
010,2020-03-22 10:07:03.843750,-23.0,-5.0,54.0
010,2020-03-22 10:07:03.875000,-23.0,1.0,59.0
010,2020-03-22 10:07:03.906250,-18.0,5.0,58.0
010,2020-03-22 10:07:03.937500,-17.0,5.0,60.0
010,2020-03-22 10:07:03.968750,-14.0,1.0,61.0
010,2020-03-22 10:07:04.000000,-15.0,1.0,62.0
010,2020-03-22 10:07:04.031250,-17.0,7.0,61.0
010,2020-03-22 10:07:04.062500,-15.0,4.0,59.0
010,2020-03-22 10:07:04.093750,-13.0,-1.0,62.0
010,2020-03-22 10:07:04.125000,-14.0,2.0,61.0
010,2020-03-22 10:07:04.156250,-14.0,6.0,59.0
010,2020-03-22 10:07:04.187500,-11.0,0.0,60.0
010,2020-03-22 10:07:04.218750,-12.0,1.0,62.0
010,2020-03-22 10:07:04.250000,-13.0,7.0,61.0
010,2020-03-22 10:07:04.281250,-15.0,6.0,61.0
010,2020-03-22 10:07:04.312500,-13.0,3.0,61.0
010,2020-03-22 10:07:04.343750,-13.0,3.0,59.0
010,2020-03-22 10:07:04.375000,-19.0,1.0,58.0
010,2020-03-22 10:07:04.406250,-20.0,4.0,61.0
010,2020-03-22 10:07:04.437500,-15.0,5.0,62.0
010,2020-03-22 10:07:04.468750,-14.0,3.0,61.0
010,2020-03-22 10:07:04.500000,-16.0,1.0,60.0
010,2020-03-22 10:07:04.531250,-18.0,6.0,60.0
010,2020-03-22 10:07:04.562500,-16.0,4.0,60.0
010,2020-03-22 10:07:04.593750,-13.0,-1.0,61.0
010,2020-03-22 10:07:04.625000,-19.0,-1.0,59.0
010,2020-03-22 10:07:04.656250,-19.0,5.0,60.0
010,2020-03-22 10:07:04.687500,-12.0,8.0,63.0
010,2020-03-22 10:07:04.718750,-13.0,8.0,62.0
010,2020-03-22 10:07:04.750000,-17.0,7.0,59.0
010,2020-03-22 10:07:04.781250,-17.0,0.0,61.0
010,2020-03-22 10:07:04.812500,-12.0,1.0,63.0
010,2020-03-22 10:07:04.843750,-11.0,7.0,60.0
010,2020-03-22 10:07:04.875000,-16.0,3.0,57.0
010,2020-03-22 10:07:04.906250,-20.0,17.0,67.0
010,2020-03-22 10:07:04.937500,-10.0,-8.0,55.0
010,2020-03-22 10:07:04.968750,-22.0,-12.0,57.0
010,2020-03-22 10:07:05.000000,-15.0,3.0,57.0
010,2020-03-22 10:07:05.031250,-2.0,0.0,73.0
010,2020-03-22 10:07:05.062500,-22.0,23.0,65.0
010,2020-03-22 10:07:05.093750,-18.0,3.0,57.0
010,2020-03-22 10:07:05.125000,-6.0,-14.0,59.0
010,2020-03-22 10:07:05.156250,-17.0,-3.0,58.0
010,2020-03-22 10:07:05.187500,-12.0,5.0,66.0
010,2020-03-22 10:07:05.218750,-16.0,7.0,61.0
010,2020-03-22 10:07:05.250000,-23.0,-3.0,57.0
010,2020-03-22 10:07:05.281250,-21.0,-6.0,56.0
010,2020-03-22 10:07:05.312500,-16.0,1.0,62.0
010,2020-03-22 10:07:05.343750,-22.0,-7.0,59.0
010,2020-03-22 10:07:05.375000,-19.0,-9.0,61.0
010,2020-03-22 10:07:05.406250,-18.0,-5.0,59.0
010,2020-03-22 10:07:05.437500,-18.0,-11.0,58.0
010,2020-03-22 10:07:05.468750,-18.0,-3.0,60.0
010,2020-03-22 10:07:05.500000,-20.0,3.0,62.0
010,2020-03-22 10:07:05.531250,-19.0,-11.0,57.0
010,2020-03-22 10:07:05.562500,-18.0,-12.0,58.0
010,2020-03-22 10:07:05.593750,-22.0,2.0,61.0
010,2020-03-22 10:07:05.625000,-19.0,-7.0,58.0
010,2020-03-22 10:07:05.656250,-19.0,-2.0,60.0
010,2020-03-22 10:07:05.687500,-19.0,3.0,62.0
010,2020-03-22 10:07:05.718750,-18.0,-6.0,60.0
010,2020-03-22 10:07:05.750000,-22.0,-6.0,58.0
010,2020-03-22 10:07:05.781250,-19.0,-2.0,59.0
010,2020-03-22 10:07:05.812500,-18.0,-4.0,60.0
010,2020-03-22 10:07:05.843750,-22.0,-4.0,58.0
010,2020-03-22 10:07:05.875000,-20.0,-3.0,60.0
010,2020-03-22 10:07:05.906250,-20.0,-2.0,61.0
010,2020-03-22 10:07:05.937500,-18.0,-2.0,61.0
010,2020-03-22 10:07:05.968750,-19.0,-4.0,58.0
010,2020-03-22 10:07:06.000000,-19.0,-6.0,60.0
010,2020-03-22 10:07:06.031250,-19.0,-5.0,55.0
010,2020-03-22 10:07:06.062500,-20.0,1.0,61.0
010,2020-03-22 10:07:06.093750,-19.0,-7.0,59.0
010,2020-03-22 10:07:06.125000,-16.0,-12.0,60.0
010,2020-03-22 10:07:06.156250,-21.0,-4.0,60.0
010,2020-03-22 10:07:06.187500,-21.0,0.0,61.0
010,2020-03-22 10:07:06.218750,-19.0,-6.0,58.0
010,2020-03-22 10:07:06.250000,-19.0,-7.0,60.0
010,2020-03-22 10:07:06.281250,-18.0,-9.0,60.0
010,2020-03-22 10:07:06.312500,-19.0,-7.0,60.0
010,2020-03-22 10:07:06.343750,-20.0,-8.0,59.0
010,2020-03-22 10:07:06.375000,-18.0,-5.0,59.0
010,2020-03-22 10:07:06.406250,-14.0,8.0,62.0
010,2020-03-22 10:07:06.437500,-15.0,12.0,72.0
010,2020-03-22 10:07:06.468750,-10.0,-4.0,59.0
010,2020-03-22 10:07:06.500000,-6.0,-29.0,57.0
010,2020-03-22 10:07:06.531250,-15.0,-37.0,45.0
010,2020-03-22 10:07:06.562500,-23.0,-36.0,45.0
010,2020-03-22 10:07:06.593750,-17.0,-31.0,49.0
010,2020-03-22 10:07:06.625000,-25.0,-38.0,41.0
010,2020-03-22 10:07:06.656250,-24.0,-47.0,37.0
010,2020-03-22 10:07:06.687500,-23.0,-32.0,49.0
010,2020-03-22 10:07:06.718750,-18.0,-37.0,52.0
010,2020-03-22 10:07:06.750000,-15.0,-36.0,50.0
010,2020-03-22 10:07:06.781250,-16.0,-29.0,54.0
010,2020-03-22 10:07:06.812500,-14.0,-36.0,51.0
010,2020-03-22 10:07:06.843750,-21.0,-36.0,48.0
010,2020-03-22 10:07:06.875000,-22.0,-35.0,48.0
010,2020-03-22 10:07:06.906250,-20.0,-41.0,48.0
010,2020-03-22 10:07:06.937500,-18.0,-38.0,51.0
010,2020-03-22 10:07:06.968750,-20.0,-39.0,46.0
010,2020-03-22 10:07:07.000000,-22.0,-37.0,46.0
010,2020-03-22 10:07:07.031250,-18.0,-33.0,48.0
010,2020-03-22 10:07:07.062500,-21.0,-31.0,48.0
010,2020-03-22 10:07:07.093750,-18.0,-39.0,48.0
010,2020-03-22 10:07:07.125000,-19.0,-35.0,48.0
010,2020-03-22 10:07:07.156250,-19.0,-33.0,51.0
010,2020-03-22 10:07:07.187500,-23.0,-19.0,49.0
010,2020-03-22 10:07:07.218750,-31.0,2.0,42.0
010,2020-03-22 10:07:07.250000,2.0,-43.0,40.0
010,2020-03-22 10:07:07.281250,19.0,-58.0,-2.0
010,2020-03-22 10:07:07.312500,-32.0,-69.0,-10.0
010,2020-03-22 10:07:07.343750,-35.0,-62.0,-4.0
010,2020-03-22 10:07:07.375000,-9.0,-85.0,-14.0
010,2020-03-22 10:07:07.406250,-14.0,-69.0,-5.0
010,2020-03-22 10:07:07.437500,-25.0,-47.0,-23.0
010,2020-03-22 10:07:07.468750,-19.0,-69.0,-27.0
010,2020-03-22 10:07:07.500000,-23.0,-82.0,-30.0
010,2020-03-22 10:07:07.531250,-24.0,-67.0,-20.0
010,2020-03-22 10:07:07.562500,-24.0,-52.0,-15.0
010,2020-03-22 10:07:07.593750,-31.0,-48.0,-15.0
010,2020-03-22 10:07:07.625000,-31.0,-60.0,-18.0
010,2020-03-22 10:07:07.656250,-46.0,-63.0,-13.0
010,2020-03-22 10:07:07.687500,-43.0,-59.0,-22.0
010,2020-03-22 10:07:07.718750,-54.0,-11.0,7.0
010,2020-03-22 10:07:07.750000,-60.0,-12.0,13.0
010,2020-03-22 10:07:07.781250,-30.0,-56.0,-35.0
010,2020-03-22 10:07:07.812500,-82.0,-64.0,-20.0
010,2020-03-22 10:07:07.843750,-39.0,-57.0,-18.0
010,2020-03-22 10:07:07.875000,-51.0,-37.0,-9.0
010,2020-03-22 10:07:07.906250,-47.0,-30.0,7.0
010,2020-03-22 10:07:07.937500,-66.0,-20.0,22.0
010,2020-03-22 10:07:07.968750,-87.0,-37.0,8.0
010,2020-03-22 10:07:08.000000,-16.0,-23.0,-13.0
010,2020-03-22 10:07:08.031250,-31.0,-4.0,30.0
010,2020-03-22 10:07:08.062500,-4.0,31.0,45.0
010,2020-03-22 10:07:08.093750,-9.0,10.0,13.0
010,2020-03-22 10:07:08.125000,-98.0,-2.0,62.0
010,2020-03-22 10:07:08.156250,-104.0,-28.0,44.0
010,2020-03-22 10:07:08.187500,-60.0,-16.0,35.0
010,2020-03-22 10:07:08.218750,-53.0,-6.0,31.0
010,2020-03-22 10:07:08.250000,-47.0,-15.0,38.0
010,2020-03-22 10:07:08.281250,-39.0,-13.0,34.0
010,2020-03-22 10:07:08.312500,-39.0,-4.0,31.0
010,2020-03-22 10:07:08.343750,-45.0,-13.0,34.0
010,2020-03-22 10:07:08.375000,-53.0,-31.0,57.0
010,2020-03-22 10:07:08.406250,-56.0,-23.0,57.0
010,2020-03-22 10:07:08.437500,-32.0,-8.0,48.0
010,2020-03-22 10:07:08.468750,-23.0,-5.0,57.0
010,2020-03-22 10:07:08.500000,-27.0,-11.0,55.0
010,2020-03-22 10:07:08.531250,-25.0,-21.0,37.0
010,2020-03-22 10:07:08.562500,-25.0,-16.0,37.0
010,2020-03-22 10:07:08.593750,-9.0,-12.0,33.0
010,2020-03-22 10:07:08.625000,-4.0,-10.0,31.0
010,2020-03-22 10:07:08.656250,-14.0,-1.0,25.0
010,2020-03-22 10:07:08.687500,-38.0,6.0,30.0
010,2020-03-22 10:07:08.718750,-80.0,18.0,54.0
010,2020-03-22 10:07:08.750000,-69.0,3.0,49.0
010,2020-03-22 10:07:08.781250,-78.0,11.0,56.0
010,2020-03-22 10:07:08.812500,-97.0,0.0,66.0
010,2020-03-22 10:07:08.843750,-98.0,-10.0,43.0
010,2020-03-22 10:07:08.875000,-94.0,-6.0,45.0
010,2020-03-22 10:07:08.906250,-87.0,2.0,44.0
010,2020-03-22 10:07:08.937500,-40.0,6.0,23.0
010,2020-03-22 10:07:08.968750,-8.0,6.0,18.0
010,2020-03-22 10:07:09.000000,25.0,8.0,22.0
010,2020-03-22 10:07:09.031250,22.0,20.0,27.0
010,2020-03-22 10:07:09.062500,24.0,11.0,33.0
010,2020-03-22 10:07:09.093750,2.0,21.0,42.0
010,2020-03-22 10:07:09.125000,-58.0,12.0,70.0
010,2020-03-22 10:07:09.156250,-59.0,-21.0,62.0
010,2020-03-22 10:07:09.187500,-57.0,-14.0,64.0
010,2020-03-22 10:07:09.218750,-41.0,8.0,56.0
010,2020-03-22 10:07:09.250000,-40.0,7.0,54.0
010,2020-03-22 10:07:09.281250,-40.0,-6.0,49.0
010,2020-03-22 10:07:09.312500,-33.0,-6.0,48.0
010,2020-03-22 10:07:09.343750,-30.0,7.0,44.0
010,2020-03-22 10:07:09.375000,-25.0,7.0,33.0
010,2020-03-22 10:07:09.406250,-9.0,25.0,34.0
010,2020-03-22 10:07:09.437500,-38.0,15.0,32.0
010,2020-03-22 10:07:09.468750,-77.0,72.0,36.0
010,2020-03-22 10:07:09.500000,-43.0,-6.0,-8.0
010,2020-03-22 10:07:09.531250,-66.0,-68.0,0.0
010,2020-03-22 10:07:09.562500,-52.0,-35.0,23.0
010,2020-03-22 10:07:09.593750,-48.0,4.0,60.0
010,2020-03-22 10:07:09.625000,-47.0,44.0,108.0
010,2020-03-22 10:07:09.656250,-42.0,26.0,98.0
010,2020-03-22 10:07:09.687500,-28.0,-19.0,72.0
010,2020-03-22 10:07:09.718750,-21.0,4.0,85.0
010,2020-03-22 10:07:09.750000,-41.0,3.0,41.0
010,2020-03-22 10:07:09.781250,-58.0,-12.0,24.0
010,2020-03-22 10:07:09.812500,-81.0,-2.0,6.0
010,2020-03-22 10:07:09.843750,-66.0,-20.0,3.0
010,2020-03-22 10:07:09.875000,-44.0,-37.0,21.0
010,2020-03-22 10:07:09.906250,-51.0,-15.0,52.0
010,2020-03-22 10:07:09.937500,-40.0,-70.0,16.0
010,2020-03-22 10:07:09.968750,-61.0,-14.0,18.0
010,2020-03-22 10:07:10.000000,-66.0,2.0,-13.0
010,2020-03-22 10:07:10.031250,-29.0,-83.0,47.0
010,2020-03-22 10:07:10.062500,-29.0,-40.0,66.0
010,2020-03-22 10:07:10.093750,-50.0,-15.0,47.0
010,2020-03-22 10:07:10.125000,-45.0,-6.0,37.0
010,2020-03-22 10:07:10.156250,-65.0,-58.0,11.0
010,2020-03-22 10:07:10.187500,-44.0,-99.0,-11.0
010,2020-03-22 10:07:10.218750,-53.0,39.0,66.0
010,2020-03-22 10:07:10.250000,-44.0,43.0,56.0
010,2020-03-22 10:07:10.281250,-51.0,29.0,43.0
010,2020-03-22 10:07:10.312500,-61.0,-35.0,23.0
010,2020-03-22 10:07:10.343750,-55.0,-10.0,43.0
010,2020-03-22 10:07:10.375000,-45.0,21.0,50.0
010,2020-03-22 10:07:10.406250,-40.0,9.0,50.0
010,2020-03-22 10:07:10.437500,-44.0,-23.0,40.0
010,2020-03-22 10:07:10.468750,-56.0,-39.0,36.0
010,2020-03-22 10:07:10.500000,-30.0,-45.0,20.0
010,2020-03-22 10:07:10.531250,-17.0,-34.0,18.0
010,2020-03-22 10:07:10.562500,-43.0,-31.0,30.0
011,2020-04-06 08:24:55.000000,-16.0,-65.0,-1.0
011,2020-04-06 08:24:55.031250,-21.0,-66.0,-8.0
011,2020-04-06 08:24:55.062500,-20.0,-66.0,5.0
011,2020-04-06 08:24:55.093750,-8.0,-60.0,-1.0
011,2020-04-06 08:24:55.125000,1.0,-66.0,13.0
011,2020-04-06 08:24:55.156250,-2.0,-61.0,-21.0
011,2020-04-06 08:24:55.187500,13.0,-71.0,-10.0
011,2020-04-06 08:24:55.218750,21.0,-55.0,9.0
011,2020-04-06 08:24:55.250000,9.0,-68.0,-2.0
011,2020-04-06 08:24:55.281250,-11.0,-59.0,-5.0
011,2020-04-06 08:24:55.312500,3.0,-64.0,2.0
011,2020-04-06 08:24:55.343750,0.0,-63.0,5.0
011,2020-04-06 08:24:55.375000,-3.0,-61.0,6.0
011,2020-04-06 08:24:55.406250,2.0,-65.0,7.0
011,2020-04-06 08:24:55.437500,-2.0,-63.0,6.0
011,2020-04-06 08:24:55.468750,-1.0,-62.0,13.0
011,2020-04-06 08:24:55.500000,2.0,-65.0,2.0
011,2020-04-06 08:24:55.531250,12.0,-62.0,4.0
011,2020-04-06 08:24:55.562500,5.0,-63.0,8.0
011,2020-04-06 08:24:55.593750,2.0,-59.0,13.0
011,2020-04-06 08:24:55.625000,-5.0,-70.0,13.0
011,2020-04-06 08:24:55.656250,-9.0,-55.0,-7.0
011,2020-04-06 08:24:55.687500,-8.0,-63.0,-1.0
011,2020-04-06 08:24:55.718750,-17.0,-62.0,13.0
011,2020-04-06 08:24:55.750000,-1.0,-64.0,10.0
011,2020-04-06 08:24:55.781250,4.0,-66.0,8.0
011,2020-04-06 08:24:55.812500,0.0,-64.0,8.0
011,2020-04-06 08:24:55.843750,-4.0,-62.0,8.0
011,2020-04-06 08:24:55.875000,-2.0,-63.0,7.0
011,2020-04-06 08:24:55.906250,0.0,-64.0,8.0
011,2020-04-06 08:24:55.937500,-1.0,-64.0,7.0
011,2020-04-06 08:24:55.968750,-2.0,-63.0,7.0
011,2020-04-06 08:24:56.000000,-1.0,-64.0,7.0
011,2020-04-06 08:24:56.031250,-1.0,-64.0,7.0
011,2020-04-06 08:24:56.062500,-1.0,-64.0,7.0
011,2020-04-06 08:24:56.093750,-1.0,-64.0,7.0
011,2020-04-06 08:24:56.125000,-1.0,-64.0,7.0
011,2020-04-06 08:24:56.156250,-1.0,-64.0,7.0
011,2020-04-06 08:24:56.187500,-1.0,-64.0,7.0
011,2020-04-06 08:24:56.218750,-1.0,-64.0,7.0
011,2020-04-06 08:24:56.250000,-1.0,-64.0,7.0
011,2020-04-06 08:24:56.281250,-1.0,-64.0,7.0
011,2020-04-06 08:24:56.312500,-1.0,-64.0,7.0
011,2020-04-06 08:24:56.343750,-1.0,-64.0,7.0
011,2020-04-06 08:24:56.375000,-1.0,-64.0,7.0
011,2020-04-06 08:24:56.406250,-1.0,-64.0,7.0
011,2020-04-06 08:24:56.437500,-1.0,-64.0,7.0
011,2020-04-06 08:24:56.468750,-2.0,-64.0,7.0
011,2020-04-06 08:24:56.500000,-1.0,-64.0,7.0
011,2020-04-06 08:24:56.531250,-1.0,-64.0,7.0
011,2020-04-06 08:24:56.562500,-1.0,-64.0,7.0
011,2020-04-06 08:24:56.593750,-1.0,-64.0,7.0
011,2020-04-06 08:24:56.625000,-1.0,-64.0,7.0
011,2020-04-06 08:24:56.656250,-1.0,-64.0,7.0
011,2020-04-06 08:24:56.687500,-1.0,-64.0,7.0
011,2020-04-06 08:24:56.718750,-1.0,-64.0,7.0
011,2020-04-06 08:24:56.750000,-2.0,-64.0,7.0
011,2020-04-06 08:24:56.781250,-1.0,-64.0,7.0
011,2020-04-06 08:24:56.812500,-1.0,-64.0,7.0
011,2020-04-06 08:24:56.843750,-1.0,-64.0,7.0
011,2020-04-06 08:24:56.875000,-1.0,-64.0,7.0
011,2020-04-06 08:24:56.906250,-1.0,-64.0,7.0
011,2020-04-06 08:24:56.937500,-1.0,-64.0,7.0
011,2020-04-06 08:24:56.968750,-1.0,-64.0,7.0
011,2020-04-06 08:24:57.000000,-1.0,-64.0,7.0
011,2020-04-06 08:24:57.031250,-1.0,-64.0,7.0
011,2020-04-06 08:24:57.062500,-1.0,-64.0,7.0
011,2020-04-06 08:24:57.093750,-1.0,-64.0,7.0
011,2020-04-06 08:24:57.125000,-1.0,-64.0,7.0
011,2020-04-06 08:24:57.156250,-1.0,-64.0,7.0
011,2020-04-06 08:24:57.187500,-1.0,-64.0,7.0
011,2020-04-06 08:24:57.218750,-2.0,-64.0,7.0
011,2020-04-06 08:24:57.250000,-1.0,-64.0,7.0
011,2020-04-06 08:24:57.281250,-1.0,-64.0,7.0
011,2020-04-06 08:24:57.312500,-1.0,-64.0,7.0
011,2020-04-06 08:24:57.343750,-1.0,-64.0,7.0
011,2020-04-06 08:24:57.375000,-1.0,-64.0,7.0
011,2020-04-06 08:24:57.406250,-1.0,-64.0,7.0
011,2020-04-06 08:24:57.437500,-1.0,-64.0,7.0
011,2020-04-06 08:24:57.468750,-1.0,-64.0,7.0
011,2020-04-06 08:24:57.500000,-1.0,-64.0,7.0
011,2020-04-06 08:24:57.531250,-1.0,-64.0,7.0
011,2020-04-06 08:24:57.562500,-1.0,-64.0,7.0
011,2020-04-06 08:24:57.593750,-1.0,-64.0,7.0
011,2020-04-06 08:24:57.625000,-1.0,-64.0,7.0
011,2020-04-06 08:24:57.656250,-1.0,-64.0,7.0
011,2020-04-06 08:24:57.687500,-1.0,-64.0,7.0
011,2020-04-06 08:24:57.718750,-1.0,-64.0,7.0
011,2020-04-06 08:24:57.750000,-1.0,-64.0,7.0
011,2020-04-06 08:24:57.781250,-1.0,-64.0,7.0
011,2020-04-06 08:24:57.812500,-1.0,-64.0,7.0
011,2020-04-06 08:24:57.843750,-1.0,-64.0,7.0
011,2020-04-06 08:24:57.875000,-1.0,-64.0,7.0
011,2020-04-06 08:24:57.906250,-1.0,-64.0,7.0
011,2020-04-06 08:24:57.937500,-1.0,-64.0,7.0
011,2020-04-06 08:24:57.968750,-1.0,-64.0,7.0
011,2020-04-06 08:24:58.000000,-1.0,-64.0,7.0
011,2020-04-06 08:24:58.031250,-1.0,-64.0,7.0
011,2020-04-06 08:24:58.062500,-1.0,-64.0,7.0
011,2020-04-06 08:24:58.093750,-1.0,-64.0,7.0
011,2020-04-06 08:24:58.125000,-1.0,-64.0,7.0
011,2020-04-06 08:24:58.156250,-1.0,-64.0,7.0
011,2020-04-06 08:24:58.187500,-1.0,-64.0,7.0
011,2020-04-06 08:24:58.218750,-1.0,-64.0,7.0
011,2020-04-06 08:24:58.250000,-1.0,-64.0,7.0
011,2020-04-06 08:24:58.281250,-1.0,-64.0,7.0
011,2020-04-06 08:24:58.312500,-1.0,-64.0,7.0
011,2020-04-06 08:24:58.343750,-1.0,-64.0,7.0
011,2020-04-06 08:24:58.375000,-1.0,-64.0,7.0
011,2020-04-06 08:24:58.406250,-1.0,-64.0,7.0
011,2020-04-06 08:24:58.437500,-1.0,-64.0,7.0
011,2020-04-06 08:24:58.468750,-1.0,-64.0,7.0
011,2020-04-06 08:24:58.500000,-1.0,-64.0,7.0
011,2020-04-06 08:24:58.531250,-1.0,-64.0,7.0
011,2020-04-06 08:24:58.562500,-1.0,-64.0,7.0
011,2020-04-06 08:24:58.593750,-1.0,-64.0,7.0
011,2020-04-06 08:24:58.625000,-1.0,-63.0,7.0
011,2020-04-06 08:24:58.656250,-1.0,-64.0,7.0
011,2020-04-06 08:24:58.687500,-1.0,-64.0,7.0
011,2020-04-06 08:24:58.718750,-2.0,-64.0,7.0
011,2020-04-06 08:24:58.750000,-1.0,-64.0,7.0
011,2020-04-06 08:24:58.781250,-1.0,-64.0,7.0
011,2020-04-06 08:24:58.812500,-1.0,-64.0,7.0
011,2020-04-06 08:24:58.843750,-1.0,-64.0,7.0
011,2020-04-06 08:24:58.875000,-1.0,-64.0,7.0
011,2020-04-06 08:24:58.906250,-1.0,-64.0,7.0
011,2020-04-06 08:24:58.937500,-1.0,-64.0,7.0
011,2020-04-06 08:24:58.968750,-1.0,-64.0,7.0
011,2020-04-06 08:24:59.000000,-1.0,-64.0,7.0
011,2020-04-06 08:24:59.031250,-1.0,-64.0,7.0
011,2020-04-06 08:24:59.062500,-1.0,-63.0,7.0
011,2020-04-06 08:24:59.093750,-1.0,-64.0,7.0
011,2020-04-06 08:24:59.125000,-1.0,-64.0,7.0
011,2020-04-06 08:24:59.156250,-2.0,-64.0,7.0
011,2020-04-06 08:24:59.187500,-1.0,-64.0,7.0
011,2020-04-06 08:24:59.218750,-1.0,-64.0,7.0
011,2020-04-06 08:24:59.250000,-1.0,-64.0,7.0
011,2020-04-06 08:24:59.281250,-1.0,-64.0,7.0
011,2020-04-06 08:24:59.312500,-1.0,-64.0,7.0
011,2020-04-06 08:24:59.343750,-1.0,-64.0,7.0
011,2020-04-06 08:24:59.375000,-1.0,-64.0,7.0
011,2020-04-06 08:24:59.406250,-2.0,-64.0,7.0
011,2020-04-06 08:24:59.437500,-1.0,-64.0,7.0
011,2020-04-06 08:24:59.468750,-1.0,-64.0,7.0
011,2020-04-06 08:24:59.500000,-1.0,-64.0,7.0
011,2020-04-06 08:24:59.531250,-1.0,-64.0,7.0
011,2020-04-06 08:24:59.562500,-1.0,-64.0,7.0
011,2020-04-06 08:24:59.593750,-1.0,-64.0,7.0
011,2020-04-06 08:24:59.625000,-1.0,-64.0,7.0
011,2020-04-06 08:24:59.656250,-1.0,-64.0,7.0
011,2020-04-06 08:24:59.687500,-1.0,-64.0,7.0
011,2020-04-06 08:24:59.718750,-1.0,-64.0,7.0
011,2020-04-06 08:24:59.750000,-1.0,-64.0,7.0
011,2020-04-06 08:24:59.781250,-1.0,-64.0,7.0
011,2020-04-06 08:24:59.812500,-1.0,-64.0,7.0
011,2020-04-06 08:24:59.843750,-1.0,-64.0,7.0
011,2020-04-06 08:24:59.875000,-1.0,-64.0,7.0
011,2020-04-06 08:24:59.906250,-1.0,-64.0,7.0
011,2020-04-06 08:24:59.937500,-1.0,-64.0,7.0
011,2020-04-06 08:24:59.968750,-1.0,-64.0,7.0
011,2020-04-06 08:25:00.000000,-1.0,-64.0,7.0
011,2020-04-06 08:25:00.031250,-1.0,-64.0,7.0
011,2020-04-06 08:25:00.062500,-1.0,-64.0,7.0
011,2020-04-06 08:25:00.093750,-1.0,-64.0,7.0
011,2020-04-06 08:25:00.125000,-1.0,-64.0,7.0
011,2020-04-06 08:25:00.156250,-1.0,-64.0,7.0
011,2020-04-06 08:25:00.187500,-1.0,-64.0,7.0
011,2020-04-06 08:25:00.218750,-1.0,-64.0,7.0
011,2020-04-06 08:25:00.250000,-1.0,-64.0,7.0
011,2020-04-06 08:25:00.281250,-1.0,-64.0,7.0
011,2020-04-06 08:25:00.312500,-1.0,-64.0,7.0
011,2020-04-06 08:25:00.343750,-1.0,-64.0,7.0
011,2020-04-06 08:25:00.375000,-1.0,-64.0,7.0
011,2020-04-06 08:25:00.406250,-1.0,-64.0,7.0
011,2020-04-06 08:25:00.437500,-1.0,-64.0,7.0
011,2020-04-06 08:25:00.468750,-1.0,-64.0,7.0
011,2020-04-06 08:25:00.500000,-1.0,-64.0,7.0
011,2020-04-06 08:25:00.531250,-1.0,-64.0,7.0
011,2020-04-06 08:25:00.562500,-1.0,-64.0,7.0
011,2020-04-06 08:25:00.593750,-1.0,-64.0,7.0
011,2020-04-06 08:25:00.625000,-1.0,-64.0,7.0
011,2020-04-06 08:25:00.656250,-1.0,-64.0,7.0
011,2020-04-06 08:25:00.687500,-1.0,-64.0,7.0
011,2020-04-06 08:25:00.718750,-1.0,-64.0,7.0
011,2020-04-06 08:25:00.750000,-1.0,-64.0,7.0
011,2020-04-06 08:25:00.781250,-1.0,-64.0,7.0
011,2020-04-06 08:25:00.812500,-1.0,-64.0,7.0
011,2020-04-06 08:25:00.843750,-1.0,-64.0,7.0
011,2020-04-06 08:25:00.875000,-1.0,-64.0,7.0
011,2020-04-06 08:25:00.906250,-1.0,-64.0,7.0
011,2020-04-06 08:25:00.937500,-1.0,-64.0,7.0
011,2020-04-06 08:25:00.968750,-1.0,-64.0,7.0
011,2020-04-06 08:25:01.000000,-1.0,-64.0,7.0
011,2020-04-06 08:25:01.031250,-1.0,-64.0,7.0
011,2020-04-06 08:25:01.062500,-1.0,-64.0,7.0
011,2020-04-06 08:25:01.093750,-1.0,-64.0,7.0
011,2020-04-06 08:25:01.125000,-1.0,-64.0,7.0
011,2020-04-06 08:25:01.156250,-1.0,-64.0,7.0
011,2020-04-06 08:25:01.187500,-1.0,-64.0,7.0
011,2020-04-06 08:25:01.218750,-1.0,-64.0,7.0
011,2020-04-06 08:25:01.250000,-1.0,-64.0,7.0
011,2020-04-06 08:25:01.281250,-1.0,-64.0,7.0
011,2020-04-06 08:25:01.312500,-1.0,-64.0,7.0
011,2020-04-06 08:25:01.343750,-1.0,-64.0,7.0
011,2020-04-06 08:25:01.375000,-1.0,-63.0,7.0
011,2020-04-06 08:25:01.406250,-1.0,-64.0,7.0
011,2020-04-06 08:25:01.437500,-1.0,-64.0,7.0
011,2020-04-06 08:25:01.468750,-1.0,-64.0,7.0
011,2020-04-06 08:25:01.500000,-1.0,-64.0,7.0
011,2020-04-06 08:25:01.531250,-1.0,-64.0,7.0
011,2020-04-06 08:25:01.562500,-1.0,-64.0,7.0
011,2020-04-06 08:25:01.593750,-1.0,-64.0,7.0
011,2020-04-06 08:25:01.625000,-1.0,-64.0,7.0
011,2020-04-06 08:25:01.656250,-1.0,-64.0,7.0
011,2020-04-06 08:25:01.687500,-1.0,-64.0,7.0
011,2020-04-06 08:25:01.718750,-1.0,-64.0,7.0
011,2020-04-06 08:25:01.750000,-1.0,-64.0,7.0
011,2020-04-06 08:25:01.781250,-1.0,-64.0,7.0
011,2020-04-06 08:25:01.812500,-1.0,-64.0,7.0
011,2020-04-06 08:25:01.843750,-1.0,-64.0,7.0
011,2020-04-06 08:25:01.875000,-1.0,-64.0,7.0
011,2020-04-06 08:25:01.906250,-1.0,-64.0,7.0
011,2020-04-06 08:25:01.937500,-1.0,-64.0,7.0
011,2020-04-06 08:25:01.968750,-1.0,-64.0,7.0
011,2020-04-06 08:25:02.000000,-1.0,-64.0,7.0
011,2020-04-06 08:25:02.031250,-1.0,-64.0,7.0
011,2020-04-06 08:25:02.062500,-1.0,-64.0,7.0
011,2020-04-06 08:25:02.093750,-1.0,-64.0,7.0
011,2020-04-06 08:25:02.125000,-1.0,-64.0,7.0
011,2020-04-06 08:25:02.156250,-1.0,-64.0,7.0
011,2020-04-06 08:25:02.187500,-1.0,-64.0,7.0
011,2020-04-06 08:25:02.218750,-1.0,-64.0,7.0
011,2020-04-06 08:25:02.250000,-1.0,-64.0,7.0
011,2020-04-06 08:25:02.281250,-1.0,-64.0,7.0
011,2020-04-06 08:25:02.312500,-1.0,-64.0,7.0
011,2020-04-06 08:25:02.343750,-1.0,-64.0,7.0
011,2020-04-06 08:25:02.375000,-1.0,-64.0,7.0
011,2020-04-06 08:25:02.406250,-1.0,-64.0,7.0
011,2020-04-06 08:25:02.437500,-1.0,-64.0,7.0
011,2020-04-06 08:25:02.468750,-1.0,-64.0,7.0
011,2020-04-06 08:25:02.500000,-1.0,-64.0,7.0
011,2020-04-06 08:25:02.531250,-1.0,-64.0,7.0
011,2020-04-06 08:25:02.562500,-1.0,-64.0,7.0
011,2020-04-06 08:25:02.593750,-1.0,-64.0,7.0
011,2020-04-06 08:25:02.625000,-1.0,-64.0,7.0
011,2020-04-06 08:25:02.656250,-1.0,-64.0,7.0
011,2020-04-06 08:25:02.687500,-1.0,-64.0,7.0
011,2020-04-06 08:25:02.718750,-1.0,-64.0,7.0
011,2020-04-06 08:25:02.750000,-1.0,-64.0,7.0
011,2020-04-06 08:25:02.781250,-1.0,-64.0,7.0
011,2020-04-06 08:25:02.812500,-1.0,-64.0,7.0
011,2020-04-06 08:25:02.843750,-1.0,-64.0,7.0
011,2020-04-06 08:25:02.875000,-1.0,-64.0,7.0
011,2020-04-06 08:25:02.906250,-1.0,-64.0,7.0
011,2020-04-06 08:25:02.937500,-1.0,-64.0,7.0
011,2020-04-06 08:25:02.968750,-1.0,-64.0,7.0
011,2020-04-06 08:25:03.000000,-1.0,-64.0,7.0
011,2020-04-06 08:25:03.031250,-1.0,-64.0,7.0
011,2020-04-06 08:25:03.062500,-1.0,-64.0,7.0
011,2020-04-06 08:25:03.093750,-1.0,-64.0,7.0
011,2020-04-06 08:25:03.125000,-1.0,-64.0,7.0
011,2020-04-06 08:25:03.156250,-1.0,-64.0,7.0
011,2020-04-06 08:25:03.187500,-1.0,-64.0,7.0
011,2020-04-06 08:25:03.218750,-1.0,-64.0,7.0
011,2020-04-06 08:25:03.250000,-1.0,-64.0,7.0
011,2020-04-06 08:25:03.281250,-1.0,-64.0,7.0
011,2020-04-06 08:25:03.312500,-1.0,-64.0,7.0
011,2020-04-06 08:25:03.343750,-1.0,-64.0,7.0
011,2020-04-06 08:25:03.375000,-1.0,-64.0,7.0
011,2020-04-06 08:25:03.406250,-1.0,-64.0,7.0
011,2020-04-06 08:25:03.437500,-1.0,-64.0,7.0
011,2020-04-06 08:25:03.468750,0.0,-67.0,-3.0
011,2020-04-06 08:25:03.500000,-16.0,-55.0,3.0
011,2020-04-06 08:25:03.531250,5.0,-67.0,11.0
011,2020-04-06 08:25:03.562500,2.0,-65.0,9.0
011,2020-04-06 08:25:03.593750,-2.0,-62.0,9.0
011,2020-04-06 08:25:03.625000,3.0,-65.0,10.0
011,2020-04-06 08:25:03.656250,5.0,-67.0,-2.0
011,2020-04-06 08:25:03.687500,2.0,-65.0,6.0
011,2020-04-06 08:25:03.718750,-4.0,-60.0,8.0
011,2020-04-06 08:25:03.750000,5.0,-66.0,1.0
011,2020-04-06 08:25:03.781250,-1.0,-61.0,11.0
011,2020-04-06 08:25:03.812500,0.0,-63.0,6.0
011,2020-04-06 08:25:03.843750,5.0,-66.0,7.0
011,2020-04-06 08:25:03.875000,-4.0,-61.0,11.0
011,2020-04-06 08:25:03.906250,-1.0,-65.0,-1.0
011,2020-04-06 08:25:03.937500,-2.0,-64.0,-18.0
011,2020-04-06 08:25:03.968750,-22.0,-58.0,-14.0
011,2020-04-06 08:25:04.000000,-19.0,-70.0,7.0
011,2020-04-06 08:25:04.031250,-21.0,-61.0,-1.0
011,2020-04-06 08:25:04.062500,-7.0,-70.0,-24.0
011,2020-04-06 08:25:04.093750,8.0,-70.0,-25.0
011,2020-04-06 08:25:04.125000,7.0,-60.0,-22.0
011,2020-04-06 08:25:04.156250,29.0,-69.0,-21.0
011,2020-04-06 08:25:04.187500,39.0,-83.0,-7.0
011,2020-04-06 08:25:04.218750,33.0,-69.0,6.0
011,2020-04-06 08:25:04.250000,26.0,-67.0,2.0
011,2020-04-06 08:25:04.281250,20.0,-59.0,8.0
011,2020-04-06 08:25:04.312500,4.0,-59.0,17.0
011,2020-04-06 08:25:04.343750,16.0,-66.0,8.0
011,2020-04-06 08:25:04.375000,-1.0,-60.0,5.0
011,2020-04-06 08:25:04.406250,-5.0,-67.0,5.0
011,2020-04-06 08:25:04.437500,-5.0,-61.0,2.0
011,2020-04-06 08:25:04.468750,-9.0,-57.0,17.0
011,2020-04-06 08:25:04.500000,-2.0,-66.0,1.0
011,2020-04-06 08:25:04.531250,1.0,-64.0,6.0
011,2020-04-06 08:25:04.562500,2.0,-65.0,3.0
011,2020-04-06 08:25:04.593750,-2.0,-64.0,3.0
011,2020-04-06 08:25:04.625000,-3.0,-63.0,3.0
011,2020-04-06 08:25:04.656250,-1.0,-64.0,3.0
011,2020-04-06 08:25:04.687500,-1.0,-64.0,3.0
011,2020-04-06 08:25:04.718750,-2.0,-64.0,3.0
011,2020-04-06 08:25:04.750000,-1.0,-64.0,3.0
011,2020-04-06 08:25:04.781250,-2.0,-64.0,3.0
011,2020-04-06 08:25:04.812500,-2.0,-64.0,3.0
011,2020-04-06 08:25:04.843750,-15.0,-59.0,-2.0
011,2020-04-06 08:25:04.875000,13.0,-70.0,4.0
011,2020-04-06 08:25:04.906250,-10.0,-66.0,-5.0
011,2020-04-06 08:25:04.937500,-6.0,-65.0,-6.0
011,2020-04-06 08:25:04.968750,-2.0,-69.0,-5.0
011,2020-04-06 08:25:05.000000,12.0,-58.0,22.0
011,2020-04-06 08:25:05.031250,10.0,-69.0,7.0
011,2020-04-06 08:25:05.062500,-4.0,-65.0,-1.0
011,2020-04-06 08:25:05.093750,-9.0,-61.0,4.0
011,2020-04-06 08:25:05.125000,-2.0,-65.0,0.0
011,2020-04-06 08:25:05.156250,3.0,-66.0,5.0
011,2020-04-06 08:25:05.187500,-5.0,-63.0,2.0
011,2020-04-06 08:25:05.218750,-6.0,-63.0,2.0
011,2020-04-06 08:25:05.250000,-1.0,-65.0,3.0
011,2020-04-06 08:25:05.281250,-2.0,-64.0,3.0
011,2020-04-06 08:25:05.312500,-4.0,-64.0,3.0
011,2020-04-06 08:25:05.343750,-2.0,-64.0,3.0
011,2020-04-06 08:25:05.375000,-3.0,-64.0,3.0
011,2020-04-06 08:25:05.406250,-3.0,-64.0,3.0
011,2020-04-06 08:25:05.437500,-2.0,-64.0,3.0
011,2020-04-06 08:25:05.468750,-3.0,-64.0,3.0
011,2020-04-06 08:25:05.500000,-3.0,-64.0,3.0
011,2020-04-06 08:25:05.531250,-3.0,-64.0,3.0
011,2020-04-06 08:25:05.562500,-3.0,-64.0,3.0
011,2020-04-06 08:25:05.593750,-2.0,-64.0,3.0
011,2020-04-06 08:25:05.625000,-3.0,-64.0,3.0
011,2020-04-06 08:25:05.656250,-2.0,-64.0,3.0
011,2020-04-06 08:25:05.687500,-3.0,-64.0,3.0
011,2020-04-06 08:25:05.718750,-2.0,-64.0,3.0
011,2020-04-06 08:25:05.750000,-3.0,-64.0,3.0
011,2020-04-06 08:25:05.781250,-3.0,-64.0,3.0
011,2020-04-06 08:25:05.812500,-3.0,-64.0,3.0
011,2020-04-06 08:25:05.843750,-2.0,-64.0,3.0
011,2020-04-06 08:25:05.875000,-3.0,-64.0,3.0
011,2020-04-06 08:25:05.906250,-3.0,-64.0,3.0
011,2020-04-06 08:25:05.937500,-2.0,-64.0,3.0
011,2020-04-06 08:25:05.968750,-3.0,-64.0,3.0
011,2020-04-06 08:25:06.000000,-3.0,-64.0,3.0
011,2020-04-06 08:25:06.031250,-3.0,-64.0,3.0
011,2020-04-06 08:25:06.062500,-3.0,-64.0,3.0
011,2020-04-06 08:25:06.093750,-3.0,-64.0,3.0
011,2020-04-06 08:25:06.125000,-3.0,-64.0,3.0
011,2020-04-06 08:25:06.156250,-3.0,-64.0,3.0
011,2020-04-06 08:25:06.187500,-3.0,-64.0,3.0
011,2020-04-06 08:25:06.218750,-2.0,-64.0,3.0
011,2020-04-06 08:25:06.250000,-3.0,-64.0,3.0
011,2020-04-06 08:25:06.281250,-3.0,-64.0,3.0
011,2020-04-06 08:25:06.312500,-3.0,-64.0,3.0
011,2020-04-06 08:25:06.343750,-3.0,-64.0,3.0
011,2020-04-06 08:25:06.375000,-3.0,-64.0,3.0
011,2020-04-06 08:25:06.406250,-3.0,-64.0,3.0
011,2020-04-06 08:25:06.437500,-3.0,-64.0,3.0
011,2020-04-06 08:25:06.468750,-2.0,-64.0,3.0
011,2020-04-06 08:25:06.500000,-3.0,-64.0,3.0
011,2020-04-06 08:25:06.531250,-3.0,-64.0,3.0
011,2020-04-06 08:25:06.562500,-3.0,-64.0,3.0
011,2020-04-06 08:25:06.593750,-3.0,-64.0,3.0
011,2020-04-06 08:25:06.625000,-3.0,-64.0,3.0
011,2020-04-06 08:25:06.656250,-3.0,-64.0,3.0
011,2020-04-06 08:25:06.687500,-3.0,-64.0,3.0
011,2020-04-06 08:25:06.718750,-2.0,-64.0,3.0
011,2020-04-06 08:25:06.750000,-3.0,-64.0,3.0
011,2020-04-06 08:25:06.781250,-3.0,-64.0,3.0
011,2020-04-06 08:25:06.812500,-3.0,-64.0,3.0
011,2020-04-06 08:25:06.843750,-3.0,-64.0,3.0
011,2020-04-06 08:25:06.875000,-3.0,-64.0,3.0
011,2020-04-06 08:25:06.906250,-3.0,-64.0,3.0
011,2020-04-06 08:25:06.937500,-2.0,-64.0,3.0
011,2020-04-06 08:25:06.968750,-3.0,-64.0,3.0
011,2020-04-06 08:25:07.000000,-3.0,-64.0,3.0
011,2020-04-06 08:25:07.031250,-3.0,-64.0,3.0
011,2020-04-06 08:25:07.062500,-3.0,-64.0,3.0
011,2020-04-06 08:25:07.093750,-3.0,-64.0,3.0
011,2020-04-06 08:25:07.125000,-3.0,-64.0,3.0
011,2020-04-06 08:25:07.156250,-3.0,-64.0,3.0
011,2020-04-06 08:25:07.187500,-3.0,-64.0,3.0
011,2020-04-06 08:25:07.218750,-3.0,-64.0,3.0
011,2020-04-06 08:25:07.250000,-3.0,-64.0,3.0
011,2020-04-06 08:25:07.281250,-2.0,-64.0,3.0
011,2020-04-06 08:25:07.312500,-3.0,-64.0,3.0
011,2020-04-06 08:25:07.343750,-3.0,-64.0,3.0
011,2020-04-06 08:25:07.375000,-3.0,-64.0,3.0
011,2020-04-06 08:25:07.406250,-3.0,-64.0,3.0
011,2020-04-06 08:25:07.437500,-3.0,-64.0,3.0
011,2020-04-06 08:25:07.468750,-3.0,-64.0,3.0
011,2020-04-06 08:25:07.500000,-3.0,-64.0,3.0
011,2020-04-06 08:25:07.531250,-3.0,-64.0,3.0
011,2020-04-06 08:25:07.562500,-3.0,-64.0,3.0
011,2020-04-06 08:25:07.593750,-3.0,-64.0,3.0
011,2020-04-06 08:25:07.625000,-3.0,-64.0,3.0
011,2020-04-06 08:25:07.656250,-3.0,-64.0,3.0
011,2020-04-06 08:25:07.687500,-2.0,-64.0,3.0
011,2020-04-06 08:25:07.718750,-3.0,-64.0,3.0
011,2020-04-06 08:25:07.750000,-3.0,-64.0,3.0
011,2020-04-06 08:25:07.781250,-3.0,-64.0,3.0
011,2020-04-06 08:25:07.812500,-3.0,-64.0,3.0
011,2020-04-06 08:25:07.843750,-3.0,-64.0,3.0
011,2020-04-06 08:25:07.875000,-3.0,-64.0,3.0
011,2020-04-06 08:25:07.906250,-3.0,-64.0,3.0
011,2020-04-06 08:25:07.937500,-3.0,-64.0,3.0
011,2020-04-06 08:25:07.968750,-3.0,-64.0,3.0
011,2020-04-06 08:25:08.000000,-3.0,-64.0,3.0
011,2020-04-06 08:25:08.031250,-3.0,-64.0,3.0
011,2020-04-06 08:25:08.062500,-3.0,-64.0,3.0
011,2020-04-06 08:25:08.093750,-3.0,-64.0,3.0
011,2020-04-06 08:25:08.125000,-2.0,-64.0,3.0
011,2020-04-06 08:25:08.156250,-3.0,-64.0,3.0
011,2020-04-06 08:25:08.187500,-3.0,-64.0,3.0
011,2020-04-06 08:25:08.218750,-3.0,-64.0,3.0
011,2020-04-06 08:25:08.250000,-3.0,-64.0,3.0
011,2020-04-06 08:25:08.281250,-3.0,-64.0,3.0
011,2020-04-06 08:25:08.312500,-3.0,-64.0,3.0
011,2020-04-06 08:25:08.343750,-3.0,-64.0,3.0
011,2020-04-06 08:25:08.375000,-3.0,-64.0,3.0
011,2020-04-06 08:25:08.406250,-3.0,-64.0,3.0
011,2020-04-06 08:25:08.437500,-3.0,-64.0,3.0
011,2020-04-06 08:25:08.468750,-3.0,-64.0,3.0
011,2020-04-06 08:25:08.500000,-2.0,-64.0,3.0
011,2020-04-06 08:25:08.531250,-3.0,-64.0,3.0
011,2020-04-06 08:25:08.562500,-3.0,-64.0,3.0
011,2020-04-06 08:25:08.593750,-3.0,-64.0,3.0
011,2020-04-06 08:25:08.625000,-3.0,-64.0,3.0
011,2020-04-06 08:25:08.656250,-3.0,-64.0,3.0
011,2020-04-06 08:25:08.687500,-3.0,-64.0,3.0
011,2020-04-06 08:25:08.718750,-3.0,-64.0,3.0
011,2020-04-06 08:25:08.750000,-3.0,-64.0,3.0
011,2020-04-06 08:25:08.781250,-2.0,-64.0,3.0
011,2020-04-06 08:25:08.812500,-3.0,-64.0,3.0
011,2020-04-06 08:25:08.843750,-3.0,-64.0,3.0
011,2020-04-06 08:25:08.875000,-3.0,-64.0,3.0
011,2020-04-06 08:25:08.906250,-3.0,-64.0,3.0
011,2020-04-06 08:25:08.937500,-3.0,-64.0,3.0
011,2020-04-06 08:25:08.968750,-3.0,-64.0,3.0
011,2020-04-06 08:25:09.000000,-3.0,-64.0,3.0
011,2020-04-06 08:25:09.031250,-3.0,-64.0,3.0
011,2020-04-06 08:25:09.062500,-3.0,-64.0,3.0
011,2020-04-06 08:25:09.093750,-3.0,-64.0,3.0
011,2020-04-06 08:25:09.125000,-3.0,-64.0,3.0
011,2020-04-06 08:25:09.156250,-3.0,-64.0,3.0
011,2020-04-06 08:25:09.187500,-3.0,-64.0,3.0
011,2020-04-06 08:25:09.218750,-3.0,-64.0,3.0
011,2020-04-06 08:25:09.250000,-3.0,-64.0,3.0
011,2020-04-06 08:25:09.281250,-3.0,-64.0,3.0
011,2020-04-06 08:25:09.312500,-3.0,-64.0,3.0
011,2020-04-06 08:25:09.343750,-3.0,-64.0,3.0
011,2020-04-06 08:25:09.375000,-3.0,-64.0,3.0
011,2020-04-06 08:25:09.406250,-3.0,-64.0,3.0
011,2020-04-06 08:25:09.437500,-3.0,-64.0,3.0
011,2020-04-06 08:25:09.468750,-3.0,-64.0,3.0
011,2020-04-06 08:25:09.500000,-3.0,-64.0,3.0
011,2020-04-06 08:25:09.531250,-3.0,-64.0,3.0
011,2020-04-06 08:25:09.562500,-3.0,-64.0,3.0
011,2020-04-06 08:25:09.593750,-3.0,-64.0,3.0
011,2020-04-06 08:25:09.625000,-3.0,-64.0,3.0
011,2020-04-06 08:25:09.656250,-3.0,-64.0,3.0
011,2020-04-06 08:25:09.687500,-3.0,-64.0,3.0
011,2020-04-06 08:25:09.718750,-3.0,-64.0,3.0
011,2020-04-06 08:25:09.750000,-2.0,-64.0,3.0
011,2020-04-06 08:25:09.781250,-2.0,-64.0,3.0
011,2020-04-06 08:25:09.812500,-3.0,-64.0,3.0
011,2020-04-06 08:25:09.843750,-3.0,-64.0,3.0
011,2020-04-06 08:25:09.875000,-3.0,-64.0,3.0
011,2020-04-06 08:25:09.906250,-3.0,-64.0,3.0
011,2020-04-06 08:25:09.937500,-3.0,-64.0,3.0
011,2020-04-06 08:25:09.968750,-3.0,-64.0,3.0
011,2020-04-06 08:25:10.000000,-3.0,-64.0,3.0
011,2020-04-06 08:25:10.031250,-3.0,-64.0,3.0
011,2020-04-06 08:25:10.062500,-3.0,-64.0,3.0
011,2020-04-06 08:25:10.093750,-3.0,-64.0,3.0
011,2020-04-06 08:25:10.125000,-3.0,-64.0,3.0
011,2020-04-06 08:25:10.156250,-3.0,-64.0,3.0
011,2020-04-06 08:25:10.187500,-3.0,-64.0,3.0
011,2020-04-06 08:25:10.218750,-3.0,-64.0,3.0
011,2020-04-06 08:25:10.250000,-3.0,-64.0,3.0
011,2020-04-06 08:25:10.281250,-3.0,-64.0,3.0
011,2020-04-06 08:25:10.312500,-3.0,-64.0,3.0
011,2020-04-06 08:25:10.343750,-3.0,-64.0,3.0
011,2020-04-06 08:25:10.375000,-2.0,-64.0,3.0
011,2020-04-06 08:25:10.406250,-2.0,-64.0,3.0
011,2020-04-06 08:25:10.437500,-3.0,-64.0,3.0
011,2020-04-06 08:25:10.468750,-3.0,-64.0,3.0
011,2020-04-06 08:25:10.500000,-3.0,-64.0,3.0
011,2020-04-06 08:25:10.531250,-3.0,-64.0,3.0
011,2020-04-06 08:25:10.562500,-3.0,-64.0,3.0
012,2020-05-03 16:41:52.000000,-30.0,-47.0,18.0
012,2020-05-03 16:41:52.031250,-35.0,-58.0,17.0
012,2020-05-03 16:41:52.062500,-27.0,-58.0,21.0
012,2020-05-03 16:41:52.093750,-36.0,-47.0,30.0
012,2020-05-03 16:41:52.125000,-44.0,-37.0,28.0
012,2020-05-03 16:41:52.156250,-45.0,-29.0,32.0
012,2020-05-03 16:41:52.187500,-46.0,-19.0,33.0
012,2020-05-03 16:41:52.218750,-51.0,-33.0,38.0
012,2020-05-03 16:41:52.250000,-43.0,-35.0,35.0
012,2020-05-03 16:41:52.281250,-44.0,-32.0,41.0
012,2020-05-03 16:41:52.312500,-38.0,-21.0,43.0
012,2020-05-03 16:41:52.343750,-33.0,-21.0,48.0
012,2020-05-03 16:41:52.375000,-36.0,-17.0,49.0
012,2020-05-03 16:41:52.406250,-50.0,-21.0,53.0
012,2020-05-03 16:41:52.437500,-38.0,-38.0,46.0
012,2020-05-03 16:41:52.468750,-40.0,-36.0,43.0
012,2020-05-03 16:41:52.500000,-27.0,-34.0,42.0
012,2020-05-03 16:41:52.531250,-34.0,-24.0,48.0
012,2020-05-03 16:41:52.562500,-23.0,-22.0,55.0
012,2020-05-03 16:41:52.593750,-25.0,-11.0,56.0
012,2020-05-03 16:41:52.625000,-25.0,-2.0,60.0
012,2020-05-03 16:41:52.656250,-40.0,7.0,68.0
012,2020-05-03 16:41:52.687500,-42.0,0.0,54.0
012,2020-05-03 16:41:52.718750,-28.0,-11.0,58.0
012,2020-05-03 16:41:52.750000,-36.0,2.0,60.0
012,2020-05-03 16:41:52.781250,-40.0,4.0,56.0
012,2020-05-03 16:41:52.812500,-41.0,-5.0,48.0
012,2020-05-03 16:41:52.843750,-31.0,-19.0,47.0
012,2020-05-03 16:41:52.875000,-38.0,-19.0,55.0
012,2020-05-03 16:41:52.906250,-39.0,-32.0,48.0
012,2020-05-03 16:41:52.937500,-34.0,-31.0,46.0
012,2020-05-03 16:41:52.968750,-38.0,-25.0,51.0
012,2020-05-03 16:41:53.000000,-34.0,-17.0,49.0
012,2020-05-03 16:41:53.031250,-37.0,-20.0,48.0
012,2020-05-03 16:41:53.062500,-31.0,-28.0,46.0
012,2020-05-03 16:41:53.093750,-33.0,-25.0,47.0
012,2020-05-03 16:41:53.125000,-46.0,-27.0,39.0
012,2020-05-03 16:41:53.156250,-41.0,-32.0,53.0
012,2020-05-03 16:41:53.187500,-35.0,-13.0,47.0
012,2020-05-03 16:41:53.218750,-45.0,-30.0,33.0
012,2020-05-03 16:41:53.250000,-36.0,-15.0,47.0
012,2020-05-03 16:41:53.281250,-52.0,-3.0,50.0
012,2020-05-03 16:41:53.312500,-50.0,-7.0,45.0
012,2020-05-03 16:41:53.343750,-35.0,-21.0,34.0
012,2020-05-03 16:41:53.375000,-45.0,-12.0,45.0
012,2020-05-03 16:41:53.406250,-52.0,-14.0,48.0
012,2020-05-03 16:41:53.437500,-62.0,-20.0,41.0
012,2020-05-03 16:41:53.468750,-54.0,-18.0,44.0
012,2020-05-03 16:41:53.500000,-49.0,-10.0,42.0
012,2020-05-03 16:41:53.531250,-48.0,-14.0,40.0
012,2020-05-03 16:41:53.562500,-51.0,-16.0,40.0
012,2020-05-03 16:41:53.593750,-57.0,-8.0,40.0
012,2020-05-03 16:41:53.625000,-51.0,-10.0,41.0
012,2020-05-03 16:41:53.656250,-47.0,-8.0,39.0
012,2020-05-03 16:41:53.687500,-47.0,-10.0,37.0
012,2020-05-03 16:41:53.718750,-47.0,-15.0,36.0
012,2020-05-03 16:41:53.750000,-50.0,-14.0,38.0
012,2020-05-03 16:41:53.781250,-50.0,-17.0,37.0
012,2020-05-03 16:41:53.812500,-49.0,-14.0,40.0
012,2020-05-03 16:41:53.843750,-50.0,-12.0,41.0
012,2020-05-03 16:41:53.875000,-49.0,-23.0,41.0
012,2020-05-03 16:41:53.906250,-45.0,-28.0,38.0
012,2020-05-03 16:41:53.937500,-41.0,-32.0,40.0
012,2020-05-03 16:41:53.968750,-43.0,-35.0,40.0
012,2020-05-03 16:41:54.000000,-31.0,-29.0,41.0
012,2020-05-03 16:41:54.031250,-32.0,-21.0,41.0
012,2020-05-03 16:41:54.062500,-43.0,-26.0,45.0
012,2020-05-03 16:41:54.093750,-66.0,-18.0,47.0
012,2020-05-03 16:41:54.125000,-27.0,-35.0,42.0
012,2020-05-03 16:41:54.156250,-30.0,-55.0,36.0
012,2020-05-03 16:41:54.187500,-11.0,-40.0,31.0
012,2020-05-03 16:41:54.218750,-9.0,-41.0,37.0
012,2020-05-03 16:41:54.250000,-20.0,-8.0,19.0
012,2020-05-03 16:41:54.281250,-9.0,-9.0,57.0
012,2020-05-03 16:41:54.312500,14.0,-12.0,55.0
012,2020-05-03 16:41:54.343750,-2.0,25.0,48.0
012,2020-05-03 16:41:54.375000,3.0,31.0,26.0
012,2020-05-03 16:41:54.406250,0.0,56.0,22.0
012,2020-05-03 16:41:54.437500,8.0,68.0,-7.0
012,2020-05-03 16:41:54.468750,3.0,57.0,8.0
012,2020-05-03 16:41:54.500000,-14.0,71.0,-34.0
012,2020-05-03 16:41:54.531250,12.0,127.0,-30.0
012,2020-05-03 16:41:54.562500,8.0,75.0,11.0
012,2020-05-03 16:41:54.593750,-2.0,32.0,-17.0
012,2020-05-03 16:41:54.625000,-30.0,42.0,-65.0
012,2020-05-03 16:41:54.656250,4.0,77.0,10.0
012,2020-05-03 16:41:54.687500,-19.0,58.0,-50.0
012,2020-05-03 16:41:54.718750,-13.0,61.0,-32.0
012,2020-05-03 16:41:54.750000,-16.0,45.0,-41.0
012,2020-05-03 16:41:54.781250,-11.0,52.0,-49.0
012,2020-05-03 16:41:54.812500,-6.0,63.0,-33.0
012,2020-05-03 16:41:54.843750,-6.0,56.0,-25.0
012,2020-05-03 16:41:54.875000,-11.0,60.0,-27.0
012,2020-05-03 16:41:54.906250,-9.0,55.0,-31.0
012,2020-05-03 16:41:54.937500,-8.0,55.0,-40.0
012,2020-05-03 16:41:54.968750,-14.0,54.0,-40.0
012,2020-05-03 16:41:55.000000,-9.0,58.0,-37.0
012,2020-05-03 16:41:55.031250,-5.0,58.0,-30.0
012,2020-05-03 16:41:55.062500,-9.0,53.0,-33.0
012,2020-05-03 16:41:55.093750,-9.0,53.0,-35.0
012,2020-05-03 16:41:55.125000,-8.0,56.0,-35.0
012,2020-05-03 16:41:55.156250,-10.0,60.0,-32.0
012,2020-05-03 16:41:55.187500,-7.0,57.0,-30.0
012,2020-05-03 16:41:55.218750,-6.0,52.0,-24.0
012,2020-05-03 16:41:55.250000,-9.0,51.0,-33.0
012,2020-05-03 16:41:55.281250,-7.0,59.0,-34.0
012,2020-05-03 16:41:55.312500,-7.0,53.0,-31.0
012,2020-05-03 16:41:55.343750,-8.0,54.0,-32.0
012,2020-05-03 16:41:55.375000,-9.0,62.0,-33.0
012,2020-05-03 16:41:55.406250,-9.0,61.0,-33.0
012,2020-05-03 16:41:55.437500,-8.0,47.0,-32.0
012,2020-05-03 16:41:55.468750,-4.0,52.0,-23.0
012,2020-05-03 16:41:55.500000,-5.0,53.0,-27.0
012,2020-05-03 16:41:55.531250,-9.0,53.0,-30.0
012,2020-05-03 16:41:55.562500,-8.0,56.0,-28.0
012,2020-05-03 16:41:55.593750,-9.0,59.0,-35.0
012,2020-05-03 16:41:55.625000,-11.0,61.0,-35.0
012,2020-05-03 16:41:55.656250,-7.0,54.0,-32.0
012,2020-05-03 16:41:55.687500,-5.0,54.0,-24.0
012,2020-05-03 16:41:55.718750,-6.0,55.0,-27.0
012,2020-05-03 16:41:55.750000,-8.0,56.0,-30.0
012,2020-05-03 16:41:55.781250,-7.0,59.0,-33.0
012,2020-05-03 16:41:55.812500,-8.0,56.0,-31.0
012,2020-05-03 16:41:55.843750,-8.0,58.0,-28.0
012,2020-05-03 16:41:55.875000,-7.0,58.0,-28.0
012,2020-05-03 16:41:55.906250,-8.0,57.0,-30.0
012,2020-05-03 16:41:55.937500,-8.0,58.0,-28.0
012,2020-05-03 16:41:55.968750,-8.0,57.0,-27.0
012,2020-05-03 16:41:56.000000,-9.0,56.0,-29.0
012,2020-05-03 16:41:56.031250,-7.0,56.0,-26.0
012,2020-05-03 16:41:56.062500,-7.0,56.0,-26.0
012,2020-05-03 16:41:56.093750,-8.0,56.0,-30.0
012,2020-05-03 16:41:56.125000,-8.0,59.0,-27.0
012,2020-05-03 16:41:56.156250,-10.0,60.0,-35.0
012,2020-05-03 16:41:56.187500,-18.0,62.0,-50.0
012,2020-05-03 16:41:56.218750,-3.0,74.0,-37.0
012,2020-05-03 16:41:56.250000,-10.0,77.0,-53.0
012,2020-05-03 16:41:56.281250,-11.0,70.0,-45.0
012,2020-05-03 16:41:56.312500,-4.0,38.0,-28.0
012,2020-05-03 16:41:56.343750,-3.0,26.0,-23.0
012,2020-05-03 16:41:56.375000,-2.0,21.0,-10.0
012,2020-05-03 16:41:56.406250,-4.0,33.0,-10.0
012,2020-05-03 16:41:56.437500,-10.0,51.0,-22.0
012,2020-05-03 16:41:56.468750,-3.0,61.0,0.0
012,2020-05-03 16:41:56.500000,-7.0,66.0,-2.0
012,2020-05-03 16:41:56.531250,-8.0,85.0,12.0
012,2020-05-03 16:41:56.562500,-11.0,112.0,-11.0
012,2020-05-03 16:41:56.593750,-18.0,105.0,-19.0
012,2020-05-03 16:41:56.625000,2.0,56.0,-1.0
012,2020-05-03 16:41:56.656250,0.0,40.0,9.0
012,2020-05-03 16:41:56.687500,-5.0,27.0,7.0
012,2020-05-03 16:41:56.718750,-8.0,36.0,8.0
012,2020-05-03 16:41:56.750000,-10.0,85.0,19.0
012,2020-05-03 16:41:56.781250,-8.0,55.0,38.0
012,2020-05-03 16:41:56.812500,-8.0,53.0,36.0
012,2020-05-03 16:41:56.843750,-8.0,26.0,58.0
012,2020-05-03 16:41:56.875000,-12.0,26.0,57.0
012,2020-05-03 16:41:56.906250,5.0,23.0,68.0
012,2020-05-03 16:41:56.937500,-6.0,-16.0,51.0
012,2020-05-03 16:41:56.968750,-10.0,-24.0,48.0
012,2020-05-03 16:41:57.000000,-11.0,-16.0,53.0
012,2020-05-03 16:41:57.031250,-8.0,-4.0,58.0
012,2020-05-03 16:41:57.062500,5.0,-17.0,47.0
012,2020-05-03 16:41:57.093750,-11.0,-14.0,35.0
012,2020-05-03 16:41:57.125000,-4.0,-38.0,25.0
012,2020-05-03 16:41:57.156250,1.0,-53.0,55.0
012,2020-05-03 16:41:57.187500,9.0,-64.0,56.0
012,2020-05-03 16:41:57.218750,4.0,-87.0,34.0
012,2020-05-03 16:41:57.250000,-4.0,-70.0,41.0
012,2020-05-03 16:41:57.281250,11.0,-49.0,33.0
012,2020-05-03 16:41:57.312500,-2.0,-53.0,26.0
012,2020-05-03 16:41:57.343750,-3.0,-45.0,19.0
012,2020-05-03 16:41:57.375000,-21.0,-34.0,34.0
012,2020-05-03 16:41:57.406250,-14.0,-28.0,23.0
012,2020-05-03 16:41:57.437500,-5.0,-44.0,20.0
012,2020-05-03 16:41:57.468750,-14.0,-95.0,34.0
012,2020-05-03 16:41:57.500000,-4.0,-112.0,28.0
012,2020-05-03 16:41:57.531250,13.0,-75.0,21.0
012,2020-05-03 16:41:57.562500,8.0,-45.0,21.0
012,2020-05-03 16:41:57.593750,10.0,-36.0,23.0
012,2020-05-03 16:41:57.625000,10.0,-52.0,16.0
012,2020-05-03 16:41:57.656250,-1.0,-55.0,20.0
012,2020-05-03 16:41:57.687500,4.0,-56.0,26.0
012,2020-05-03 16:41:57.718750,4.0,-56.0,29.0
012,2020-05-03 16:41:57.750000,-13.0,-62.0,23.0
012,2020-05-03 16:41:57.781250,6.0,-68.0,20.0
012,2020-05-03 16:41:57.812500,6.0,-64.0,24.0
012,2020-05-03 16:41:57.843750,3.0,-47.0,27.0
012,2020-05-03 16:41:57.875000,3.0,-49.0,27.0
012,2020-05-03 16:41:57.906250,2.0,-55.0,22.0
012,2020-05-03 16:41:57.937500,6.0,-69.0,15.0
012,2020-05-03 16:41:57.968750,3.0,-67.0,19.0
012,2020-05-03 16:41:58.000000,0.0,-63.0,24.0
012,2020-05-03 16:41:58.031250,-3.0,-71.0,23.0
012,2020-05-03 16:41:58.062500,5.0,-63.0,30.0
012,2020-05-03 16:41:58.093750,-1.0,-69.0,32.0
012,2020-05-03 16:41:58.125000,-8.0,-76.0,24.0
012,2020-05-03 16:41:58.156250,4.0,-66.0,15.0
012,2020-05-03 16:41:58.187500,-5.0,-54.0,27.0
012,2020-05-03 16:41:58.218750,11.0,-26.0,28.0
012,2020-05-03 16:41:58.250000,18.0,-63.0,38.0
012,2020-05-03 16:41:58.281250,10.0,-73.0,34.0
012,2020-05-03 16:41:58.312500,16.0,-84.0,-4.0
012,2020-05-03 16:41:58.343750,25.0,-32.0,0.0
012,2020-05-03 16:41:58.375000,-100.0,-35.0,4.0
012,2020-05-03 16:41:58.406250,-63.0,-49.0,29.0
012,2020-05-03 16:41:58.437500,-58.0,-59.0,31.0
012,2020-05-03 16:41:58.468750,-30.0,-50.0,24.0
012,2020-05-03 16:41:58.500000,-18.0,-40.0,29.0
012,2020-05-03 16:41:58.531250,-30.0,-42.0,29.0
012,2020-05-03 16:41:58.562500,-58.0,-47.0,40.0
012,2020-05-03 16:41:58.593750,-55.0,-45.0,39.0
012,2020-05-03 16:41:58.625000,-34.0,-37.0,35.0
012,2020-05-03 16:41:58.656250,-24.0,-34.0,33.0
012,2020-05-03 16:41:58.687500,-15.0,-38.0,30.0
012,2020-05-03 16:41:58.718750,-18.0,-43.0,30.0
012,2020-05-03 16:41:58.750000,-23.0,-40.0,33.0
012,2020-05-03 16:41:58.781250,-28.0,-51.0,38.0
012,2020-05-03 16:41:58.812500,-33.0,-54.0,37.0
012,2020-05-03 16:41:58.843750,-35.0,-54.0,36.0
012,2020-05-03 16:41:58.875000,-33.0,-38.0,46.0
012,2020-05-03 16:41:58.906250,-30.0,-34.0,48.0
012,2020-05-03 16:41:58.937500,-37.0,-33.0,48.0
012,2020-05-03 16:41:58.968750,-41.0,-39.0,47.0
012,2020-05-03 16:41:59.000000,-31.0,-33.0,46.0
012,2020-05-03 16:41:59.031250,-22.0,-31.0,44.0
012,2020-05-03 16:41:59.062500,-31.0,-25.0,46.0
012,2020-05-03 16:41:59.093750,-42.0,-29.0,43.0
012,2020-05-03 16:41:59.125000,-44.0,-19.0,50.0
012,2020-05-03 16:41:59.156250,-49.0,-19.0,56.0
012,2020-05-03 16:41:59.187500,-53.0,-24.0,56.0
012,2020-05-03 16:41:59.218750,-52.0,-25.0,55.0
012,2020-05-03 16:41:59.250000,-47.0,-25.0,55.0
012,2020-05-03 16:41:59.281250,-36.0,-25.0,46.0
012,2020-05-03 16:41:59.312500,6.0,-30.0,35.0
012,2020-05-03 16:41:59.343750,10.0,-38.0,33.0
012,2020-05-03 16:41:59.375000,15.0,-40.0,29.0
012,2020-05-03 16:41:59.406250,27.0,-36.0,28.0
012,2020-05-03 16:41:59.437500,25.0,-33.0,30.0
012,2020-05-03 16:41:59.468750,11.0,-35.0,29.0
012,2020-05-03 16:41:59.500000,8.0,-35.0,31.0
012,2020-05-03 16:41:59.531250,14.0,-37.0,31.0
012,2020-05-03 16:41:59.562500,21.0,-57.0,28.0
012,2020-05-03 16:41:59.593750,14.0,-61.0,32.0
012,2020-05-03 16:41:59.625000,-7.0,-52.0,45.0
012,2020-05-03 16:41:59.656250,-11.0,-52.0,47.0
012,2020-05-03 16:41:59.687500,-11.0,-52.0,49.0
012,2020-05-03 16:41:59.718750,-7.0,-58.0,46.0
012,2020-05-03 16:41:59.750000,1.0,-55.0,44.0
012,2020-05-03 16:41:59.781250,-4.0,-49.0,48.0
012,2020-05-03 16:41:59.812500,-12.0,-52.0,51.0
012,2020-05-03 16:41:59.843750,-7.0,-47.0,47.0
012,2020-05-03 16:41:59.875000,-9.0,-40.0,48.0
012,2020-05-03 16:41:59.906250,-14.0,-39.0,49.0
012,2020-05-03 16:41:59.937500,-5.0,-39.0,49.0
012,2020-05-03 16:41:59.968750,-7.0,-35.0,47.0
012,2020-05-03 16:42:00.000000,-19.0,-34.0,51.0
012,2020-05-03 16:42:00.031250,-19.0,-29.0,49.0
012,2020-05-03 16:42:00.062500,-17.0,-27.0,49.0
012,2020-05-03 16:42:00.093750,-10.0,-24.0,49.0
012,2020-05-03 16:42:00.125000,-10.0,-19.0,48.0
012,2020-05-03 16:42:00.156250,-24.0,-13.0,50.0
012,2020-05-03 16:42:00.187500,-38.0,-13.0,57.0
012,2020-05-03 16:42:00.218750,-31.0,-13.0,63.0
012,2020-05-03 16:42:00.250000,-23.0,-16.0,57.0
012,2020-05-03 16:42:00.281250,-31.0,-17.0,61.0
012,2020-05-03 16:42:00.312500,-39.0,-21.0,62.0
012,2020-05-03 16:42:00.343750,-28.0,-15.0,57.0
012,2020-05-03 16:42:00.375000,-21.0,-14.0,53.0
012,2020-05-03 16:42:00.406250,-29.0,-11.0,51.0
012,2020-05-03 16:42:00.437500,-28.0,-7.0,54.0
012,2020-05-03 16:42:00.468750,-32.0,-2.0,50.0
012,2020-05-03 16:42:00.500000,-29.0,6.0,51.0
012,2020-05-03 16:42:00.531250,-33.0,-12.0,50.0
012,2020-05-03 16:42:00.562500,5.0,-36.0,45.0
012,2020-05-03 16:42:00.593750,-84.0,-33.0,34.0
012,2020-05-03 16:42:00.625000,-81.0,-19.0,49.0
012,2020-05-03 16:42:00.656250,-75.0,-6.0,60.0
012,2020-05-03 16:42:00.687500,-68.0,1.0,43.0
012,2020-05-03 16:42:00.718750,-39.0,-72.0,33.0
012,2020-05-03 16:42:00.750000,-47.0,-62.0,31.0
012,2020-05-03 16:42:00.781250,-42.0,-38.0,30.0
012,2020-05-03 16:42:00.812500,-46.0,-48.0,27.0
012,2020-05-03 16:42:00.843750,-18.0,-55.0,21.0
012,2020-05-03 16:42:00.875000,-11.0,-39.0,24.0
012,2020-05-03 16:42:00.906250,-15.0,-48.0,23.0
012,2020-05-03 16:42:00.937500,1.0,-64.0,17.0
012,2020-05-03 16:42:00.968750,-15.0,-58.0,18.0
012,2020-05-03 16:42:01.000000,-20.0,-60.0,18.0
012,2020-05-03 16:42:01.031250,-1.0,-43.0,14.0
012,2020-05-03 16:42:01.062500,-13.0,-43.0,19.0
012,2020-05-03 16:42:01.093750,-18.0,-81.0,11.0
012,2020-05-03 16:42:01.125000,3.0,-68.0,10.0
012,2020-05-03 16:42:01.156250,7.0,-57.0,12.0
012,2020-05-03 16:42:01.187500,-1.0,-76.0,7.0
012,2020-05-03 16:42:01.218750,5.0,-71.0,9.0
012,2020-05-03 16:42:01.250000,-14.0,-47.0,15.0
012,2020-05-03 16:42:01.281250,-20.0,-30.0,17.0
012,2020-05-03 16:42:01.312500,-35.0,12.0,31.0
012,2020-05-03 16:42:01.343750,-61.0,-1.0,29.0
012,2020-05-03 16:42:01.375000,-74.0,-13.0,31.0
012,2020-05-03 16:42:01.406250,-75.0,-21.0,31.0
012,2020-05-03 16:42:01.437500,-49.0,-23.0,30.0
012,2020-05-03 16:42:01.468750,-33.0,-21.0,35.0
012,2020-05-03 16:42:01.500000,-41.0,-39.0,35.0
012,2020-05-03 16:42:01.531250,-29.0,-43.0,34.0
012,2020-05-03 16:42:01.562500,-25.0,-51.0,34.0
012,2020-05-03 16:42:01.593750,-32.0,-49.0,37.0
012,2020-05-03 16:42:01.625000,-40.0,-55.0,37.0
012,2020-05-03 16:42:01.656250,-48.0,-59.0,41.0
012,2020-05-03 16:42:01.687500,-50.0,-70.0,37.0
012,2020-05-03 16:42:01.718750,-25.0,-66.0,31.0
012,2020-05-03 16:42:01.750000,-31.0,-68.0,31.0
012,2020-05-03 16:42:01.781250,-15.0,-66.0,23.0
012,2020-05-03 16:42:01.812500,11.0,-43.0,20.0
012,2020-05-03 16:42:01.843750,33.0,-33.0,19.0
012,2020-05-03 16:42:01.875000,35.0,-29.0,19.0
012,2020-05-03 16:42:01.906250,27.0,-24.0,22.0
012,2020-05-03 16:42:01.937500,-9.0,-25.0,29.0
012,2020-05-03 16:42:01.968750,-34.0,-50.0,35.0
012,2020-05-03 16:42:02.000000,-30.0,-71.0,31.0
012,2020-05-03 16:42:02.031250,-8.0,-70.0,31.0
012,2020-05-03 16:42:02.062500,-8.0,-65.0,33.0
012,2020-05-03 16:42:02.093750,-21.0,-82.0,37.0
012,2020-05-03 16:42:02.125000,-17.0,-66.0,37.0
012,2020-05-03 16:42:02.156250,-3.0,-52.0,37.0
012,2020-05-03 16:42:02.187500,12.0,-38.0,34.0
012,2020-05-03 16:42:02.218750,15.0,-36.0,29.0
012,2020-05-03 16:42:02.250000,36.0,-33.0,22.0
012,2020-05-03 16:42:02.281250,28.0,-35.0,23.0
012,2020-05-03 16:42:02.312500,18.0,-53.0,23.0
012,2020-05-03 16:42:02.343750,-1.0,-68.0,25.0
012,2020-05-03 16:42:02.375000,-9.0,-61.0,29.0
012,2020-05-03 16:42:02.406250,-21.0,-55.0,35.0
012,2020-05-03 16:42:02.437500,-10.0,-44.0,35.0
012,2020-05-03 16:42:02.468750,-6.0,-39.0,35.0
012,2020-05-03 16:42:02.500000,-17.0,-49.0,37.0
012,2020-05-03 16:42:02.531250,-14.0,-61.0,36.0
012,2020-05-03 16:42:02.562500,-7.0,-59.0,34.0
012,2020-05-03 16:42:02.593750,-5.0,-58.0,33.0
012,2020-05-03 16:42:02.625000,-6.0,-55.0,32.0
012,2020-05-03 16:42:02.656250,-9.0,-48.0,30.0
012,2020-05-03 16:42:02.687500,-18.0,-44.0,33.0
012,2020-05-03 16:42:02.718750,-28.0,-55.0,35.0
012,2020-05-03 16:42:02.750000,-42.0,-47.0,37.0
012,2020-05-03 16:42:02.781250,-50.0,-49.0,42.0
012,2020-05-03 16:42:02.812500,-61.0,-54.0,37.0
012,2020-05-03 16:42:02.843750,-50.0,-39.0,39.0
012,2020-05-03 16:42:02.875000,-30.0,-23.0,35.0
012,2020-05-03 16:42:02.906250,-19.0,-19.0,34.0
012,2020-05-03 16:42:02.937500,-18.0,-32.0,35.0
012,2020-05-03 16:42:02.968750,-27.0,-47.0,38.0
012,2020-05-03 16:42:03.000000,-28.0,-48.0,39.0
012,2020-05-03 16:42:03.031250,-15.0,-53.0,39.0
012,2020-05-03 16:42:03.062500,-4.0,-57.0,34.0
012,2020-05-03 16:42:03.093750,0.0,-52.0,34.0
012,2020-05-03 16:42:03.125000,-3.0,-48.0,34.0
012,2020-05-03 16:42:03.156250,1.0,-46.0,33.0
012,2020-05-03 16:42:03.187500,2.0,-45.0,34.0
012,2020-05-03 16:42:03.218750,5.0,-55.0,33.0
012,2020-05-03 16:42:03.250000,4.0,-52.0,35.0
012,2020-05-03 16:42:03.281250,-8.0,-51.0,39.0
012,2020-05-03 16:42:03.312500,-4.0,-56.0,36.0
012,2020-05-03 16:42:03.343750,-4.0,-51.0,34.0
012,2020-05-03 16:42:03.375000,-21.0,-46.0,36.0
012,2020-05-03 16:42:03.406250,-37.0,-41.0,37.0
012,2020-05-03 16:42:03.437500,-36.0,-44.0,35.0
012,2020-05-03 16:42:03.468750,-34.0,-41.0,33.0
012,2020-05-03 16:42:03.500000,-26.0,-39.0,30.0
012,2020-05-03 16:42:03.531250,-31.0,-38.0,33.0
012,2020-05-03 16:42:03.562500,-39.0,-34.0,35.0
012,2020-05-03 16:42:03.593750,-57.0,-29.0,40.0
012,2020-05-03 16:42:03.625000,-45.0,-46.0,36.0
012,2020-05-03 16:42:03.656250,-34.0,-47.0,28.0
012,2020-05-03 16:42:03.687500,-29.0,-58.0,28.0
012,2020-05-03 16:42:03.718750,-53.0,-28.0,41.0
012,2020-05-03 16:42:03.750000,-46.0,-34.0,34.0
012,2020-05-03 16:42:03.781250,-41.0,-36.0,30.0
012,2020-05-03 16:42:03.812500,-34.0,-45.0,26.0
012,2020-05-03 16:42:03.843750,-43.0,-35.0,33.0
012,2020-05-03 16:42:03.875000,-49.0,-29.0,40.0
012,2020-05-03 16:42:03.906250,-39.0,-30.0,42.0
012,2020-05-03 16:42:03.937500,-26.0,-37.0,40.0
012,2020-05-03 16:42:03.968750,-21.0,-48.0,43.0
012,2020-05-03 16:42:04.000000,-28.0,-47.0,47.0
012,2020-05-03 16:42:04.031250,-32.0,-42.0,47.0
012,2020-05-03 16:42:04.062500,-25.0,-21.0,50.0
012,2020-05-03 16:42:04.093750,-27.0,-18.0,47.0
012,2020-05-03 16:42:04.125000,-19.0,-25.0,45.0
012,2020-05-03 16:42:04.156250,-34.0,-30.0,49.0
012,2020-05-03 16:42:04.187500,-31.0,-21.0,46.0
012,2020-05-03 16:42:04.218750,-32.0,-39.0,49.0
012,2020-05-03 16:42:04.250000,-53.0,-58.0,45.0
012,2020-05-03 16:42:04.281250,-27.0,-29.0,50.0
012,2020-05-03 16:42:04.312500,-33.0,-37.0,48.0
012,2020-05-03 16:42:04.343750,-31.0,-27.0,49.0
012,2020-05-03 16:42:04.375000,-36.0,-39.0,43.0
012,2020-05-03 16:42:04.406250,-32.0,-45.0,38.0
012,2020-05-03 16:42:04.437500,-24.0,-20.0,44.0
012,2020-05-03 16:42:04.468750,-22.0,-25.0,38.0
012,2020-05-03 16:42:04.500000,-25.0,-36.0,44.0
012,2020-05-03 16:42:04.531250,-33.0,-43.0,47.0
012,2020-05-03 16:42:04.562500,-40.0,-45.0,46.0
012,2020-05-03 16:42:04.593750,-34.0,-30.0,46.0
012,2020-05-03 16:42:04.625000,-18.0,-40.0,44.0
012,2020-05-03 16:42:04.656250,-30.0,-44.0,43.0
012,2020-05-03 16:42:04.687500,-40.0,-26.0,55.0
012,2020-05-03 16:42:04.718750,-40.0,-33.0,47.0
012,2020-05-03 16:42:04.750000,-45.0,-32.0,47.0
012,2020-05-03 16:42:04.781250,-32.0,-27.0,45.0
012,2020-05-03 16:42:04.812500,-28.0,-28.0,44.0
012,2020-05-03 16:42:04.843750,-39.0,-27.0,43.0
012,2020-05-03 16:42:04.875000,-37.0,-30.0,42.0
012,2020-05-03 16:42:04.906250,-32.0,-31.0,42.0
012,2020-05-03 16:42:04.937500,-40.0,-27.0,43.0
012,2020-05-03 16:42:04.968750,-46.0,-33.0,44.0
012,2020-05-03 16:42:05.000000,-36.0,-47.0,42.0
012,2020-05-03 16:42:05.031250,-20.0,-56.0,34.0
012,2020-05-03 16:42:05.062500,-1.0,-54.0,32.0
012,2020-05-03 16:42:05.093750,4.0,-50.0,35.0
012,2020-05-03 16:42:05.125000,5.0,-40.0,39.0
012,2020-05-03 16:42:05.156250,0.0,-36.0,42.0
012,2020-05-03 16:42:05.187500,-12.0,-48.0,45.0
012,2020-05-03 16:42:05.218750,-13.0,-44.0,46.0
012,2020-05-03 16:42:05.250000,-7.0,-46.0,49.0
012,2020-05-03 16:42:05.281250,-17.0,-64.0,56.0
012,2020-05-03 16:42:05.312500,-32.0,-69.0,59.0
012,2020-05-03 16:42:05.343750,-43.0,-51.0,56.0
012,2020-05-03 16:42:05.375000,-30.0,-25.0,44.0
012,2020-05-03 16:42:05.406250,-11.0,-17.0,37.0
012,2020-05-03 16:42:05.437500,25.0,-14.0,28.0
012,2020-05-03 16:42:05.468750,35.0,-21.0,25.0
012,2020-05-03 16:42:05.500000,58.0,-64.0,20.0
012,2020-05-03 16:42:05.531250,24.0,-27.0,37.0
012,2020-05-03 16:42:05.562500,-11.0,-29.0,43.0
012,2020-05-03 16:42:05.593750,-42.0,-37.0,52.0
012,2020-05-03 16:42:05.625000,-36.0,-41.0,50.0
012,2020-05-03 16:42:05.656250,-15.0,-34.0,46.0
012,2020-05-03 16:42:05.687500,-18.0,-49.0,48.0
012,2020-05-03 16:42:05.718750,-30.0,-51.0,51.0
012,2020-05-03 16:42:05.750000,-47.0,-35.0,55.0
012,2020-05-03 16:42:05.781250,-41.0,-35.0,54.0
012,2020-05-03 16:42:05.812500,-33.0,-34.0,51.0
012,2020-05-03 16:42:05.843750,-33.0,-33.0,48.0
012,2020-05-03 16:42:05.875000,-33.0,-31.0,47.0
012,2020-05-03 16:42:05.906250,-26.0,-28.0,43.0
012,2020-05-03 16:42:05.937500,-24.0,-27.0,41.0
012,2020-05-03 16:42:05.968750,-2.0,-47.0,35.0
012,2020-05-03 16:42:06.000000,-9.0,-44.0,42.0
012,2020-05-03 16:42:06.031250,-22.0,-50.0,45.0
012,2020-05-03 16:42:06.062500,-36.0,-51.0,52.0
012,2020-05-03 16:42:06.093750,-45.0,-46.0,57.0
012,2020-05-03 16:42:06.125000,-45.0,-48.0,51.0
012,2020-05-03 16:42:06.156250,-40.0,-33.0,49.0
012,2020-05-03 16:42:06.187500,-37.0,-31.0,46.0
012,2020-05-03 16:42:06.218750,8.0,-41.0,33.0
012,2020-05-03 16:42:06.250000,29.0,-39.0,32.0
012,2020-05-03 16:42:06.281250,49.0,-36.0,35.0
012,2020-05-03 16:42:06.312500,40.0,-53.0,46.0
012,2020-05-03 16:42:06.343750,20.0,-60.0,51.0
012,2020-05-03 16:42:06.375000,-29.0,-61.0,60.0
012,2020-05-03 16:42:06.406250,-46.0,-65.0,58.0
012,2020-05-03 16:42:06.437500,-76.0,-55.0,60.0
012,2020-05-03 16:42:06.468750,-53.0,-37.0,44.0
012,2020-05-03 16:42:06.500000,-45.0,-41.0,40.0
012,2020-05-03 16:42:06.531250,-73.0,-36.0,42.0
012,2020-05-03 16:42:06.562500,-59.0,-26.0,39.0
012,2020-05-03 16:42:06.593750,-11.0,-41.0,30.0
012,2020-05-03 16:42:06.625000,5.0,-41.0,32.0
012,2020-05-03 16:42:06.656250,8.0,-36.0,36.0
012,2020-05-03 16:42:06.687500,-4.0,-32.0,48.0
012,2020-05-03 16:42:06.718750,-7.0,-46.0,50.0
012,2020-05-03 16:42:06.750000,13.0,-69.0,43.0
012,2020-05-03 16:42:06.781250,21.0,-53.0,47.0
012,2020-05-03 16:42:06.812500,13.0,-44.0,51.0
012,2020-05-03 16:42:06.843750,9.0,-35.0,54.0
012,2020-05-03 16:42:06.875000,16.0,-37.0,54.0
012,2020-05-03 16:42:06.906250,8.0,-36.0,62.0
012,2020-05-03 16:42:06.937500,-13.0,-36.0,57.0
012,2020-05-03 16:42:06.968750,8.0,-47.0,42.0
012,2020-05-03 16:42:07.000000,42.0,-51.0,32.0
012,2020-05-03 16:42:07.031250,34.0,-39.0,33.0
012,2020-05-03 16:42:07.062500,12.0,-31.0,32.0
012,2020-05-03 16:42:07.093750,17.0,-38.0,27.0
012,2020-05-03 16:42:07.125000,40.0,-28.0,24.0
012,2020-05-03 16:42:07.156250,23.0,-32.0,26.0
012,2020-05-03 16:42:07.187500,1.0,-38.0,31.0
012,2020-05-03 16:42:07.218750,-14.0,-50.0,30.0
012,2020-05-03 16:42:07.250000,5.0,-58.0,24.0
012,2020-05-03 16:42:07.281250,-6.0,-80.0,18.0
012,2020-05-03 16:42:07.312500,2.0,-93.0,17.0
012,2020-05-03 16:42:07.343750,-30.0,-88.0,21.0
012,2020-05-03 16:42:07.375000,-78.0,-86.0,37.0
012,2020-05-03 16:42:07.406250,-64.0,-67.0,45.0
012,2020-05-03 16:42:07.437500,-50.0,-38.0,52.0
012,2020-05-03 16:42:07.468750,-39.0,-54.0,50.0
012,2020-05-03 16:42:07.500000,-27.0,-59.0,46.0
012,2020-05-03 16:42:07.531250,-39.0,-52.0,48.0
012,2020-05-03 16:42:07.562500,-39.0,-41.0,51.0
