patientNumber,Index,Timestamp (YYYY-MM-DDThh:mm:ss),Event Type,Event Subtype,Patient Info,Device Info,Source Device ID,Glucose Value (mg/dL),Insulin Value (u),Carb Value (grams),Duration (hh:mm:ss),Glucose Rate of Change (mg/dL/min),Transmitter Time (Long Integer)
001,1,,FirstName,,2019,,,,,,,,
001,2,,LastName,,001,,,,,,,,
001,3,,PatientIdentifier,,2019-001,,,,,,,,
001,4,,DateOfBirth,,1990-01-01,,,,,,,,
001,5,,Device,,,Dexcom G6 Mobile App,iPhone G6,,,,,,
001,6,,Alert,Fall,,,iPhone G6,,,,,3.0,
001,7,,Alert,High,,,iPhone G6,200.0,,,,,
001,8,,Alert,Low,,,iPhone G6,80.0,,,,,
001,9,,Alert,Signal Loss,,,iPhone G6,,,,00:20:00,,
001,10,,Alert,Rise,,,iPhone G6,,,,,3.0,
001,11,,Alert,Urgent Low,,,iPhone G6,55.0,,,,,
001,12,,Alert,Urgent Low Soon,,,iPhone G6,55.0,,,,,
001,13,2020-02-13T17:23:32,EGV,,,,iPhone G6,61.0,,,,,11101.0
001,14,2020-02-13T17:28:32,EGV,,,,iPhone G6,59.0,,,,,11401.0
001,15,2020-02-13T17:33:32,EGV,,,,iPhone G6,58.0,,,,,11701.0
001,16,2020-02-13T17:38:32,EGV,,,,iPhone G6,59.0,,,,,12001.0
001,17,2020-02-13T17:43:31,EGV,,,,iPhone G6,63.0,,,,,12301.0
001,18,2020-02-13T17:48:31,EGV,,,,iPhone G6,67.0,,,,,12601.0
001,19,2020-02-13T17:53:31,EGV,,,,iPhone G6,68.0,,,,,12901.0
001,20,2020-02-13T17:58:31,EGV,,,,iPhone G6,63.0,,,,,13201.0
001,21,2020-02-13T18:03:32,EGV,,,,iPhone G6,59.0,,,,,13501.0
001,22,2020-02-13T18:08:32,EGV,,,,iPhone G6,60.0,,,,,13801.0
001,23,2020-02-13T18:13:32,EGV,,,,iPhone G6,70.0,,,,,14101.0
001,24,2020-02-13T18:18:32,EGV,,,,iPhone G6,86.0,,,,,14401.0
001,25,2020-02-13T18:23:32,EGV,,,,iPhone G6,105.0,,,,,14701.0
001,26,2020-02-13T18:28:31,EGV,,,,iPhone G6,118.0,,,,,15001.0
001,27,2020-02-13T18:33:31,EGV,,,,iPhone G6,127.0,,,,,15301.0
001,28,2020-02-13T18:38:32,EGV,,,,iPhone G6,133.0,,,,,15601.0
001,29,2020-02-13T18:43:32,EGV,,,,iPhone G6,139.0,,,,,15901.0
001,30,2020-02-13T18:48:32,EGV,,,,iPhone G6,143.0,,,,,16201.0
001,31,2020-02-13T18:53:32,EGV,,,,iPhone G6,141.0,,,,,16501.0
001,32,2020-02-13T18:58:32,EGV,,,,iPhone G6,132.0,,,,,16801.0
001,33,2020-02-13T19:03:31,EGV,,,,iPhone G6,122.0,,,,,17101.0
001,34,2020-02-13T19:08:31,EGV,,,,iPhone G6,116.0,,,,,17401.0
001,35,2020-02-13T19:13:32,EGV,,,,iPhone G6,114.0,,,,,17701.0
001,36,2020-02-13T19:18:32,EGV,,,,iPhone G6,113.0,,,,,18001.0
001,37,2020-02-13T19:23:31,EGV,,,,iPhone G6,111.0,,,,,18301.0
001,38,2020-02-13T19:28:31,EGV,,,,iPhone G6,110.0,,,,,18601.0
001,39,2020-02-13T19:33:32,EGV,,,,iPhone G6,110.0,,,,,18901.0
001,40,2020-02-13T19:38:31,EGV,,,,iPhone G6,115.0,,,,,19201.0
001,41,2020-02-13T19:43:32,EGV,,,,iPhone G6,119.0,,,,,19501.0
001,42,2020-02-13T19:48:32,EGV,,,,iPhone G6,123.0,,,,,19801.0
001,43,2020-02-13T19:53:31,EGV,,,,iPhone G6,123.0,,,,,20101.0
001,44,2020-02-13T19:58:31,EGV,,,,iPhone G6,124.0,,,,,20401.0
001,45,2020-02-13T20:03:32,EGV,,,,iPhone G6,123.0,,,,,20701.0
001,46,2020-02-13T20:08:32,EGV,,,,iPhone G6,123.0,,,,,21001.0
001,47,2020-02-13T20:13:32,EGV,,,,iPhone G6,120.0,,,,,21301.0
001,48,2020-02-13T20:18:32,EGV,,,,iPhone G6,117.0,,,,,21601.0
001,49,2020-02-13T20:23:31,EGV,,,,iPhone G6,113.0,,,,,21901.0
001,50,2020-02-13T20:28:31,EGV,,,,iPhone G6,108.0,,,,,22201.0
001,51,2020-02-13T20:33:31,EGV,,,,iPhone G6,104.0,,,,,22501.0
001,52,2020-02-13T20:38:32,EGV,,,,iPhone G6,104.0,,,,,22801.0
001,53,2020-02-13T20:43:31,EGV,,,,iPhone G6,106.0,,,,,23101.0
001,54,2020-02-13T20:48:32,EGV,,,,iPhone G6,104.0,,,,,23401.0
001,55,2020-02-13T20:53:31,EGV,,,,iPhone G6,100.0,,,,,23701.0
001,56,2020-02-13T20:58:31,EGV,,,,iPhone G6,98.0,,,,,24001.0
001,57,2020-02-13T21:03:32,EGV,,,,iPhone G6,95.0,,,,,24301.0
001,58,2020-02-13T21:08:31,EGV,,,,iPhone G6,89.0,,,,,24601.0
001,59,2020-02-13T21:13:32,EGV,,,,iPhone G6,83.0,,,,,24901.0
001,60,2020-02-13T21:18:31,EGV,,,,iPhone G6,82.0,,,,,25201.0
001,61,2020-02-13T21:23:32,EGV,,,,iPhone G6,86.0,,,,,25501.0
001,62,2020-02-13T21:28:32,EGV,,,,iPhone G6,90.0,,,,,25801.0
001,63,2020-02-13T21:33:32,EGV,,,,iPhone G6,93.0,,,,,26101.0
001,64,2020-02-13T21:38:32,EGV,,,,iPhone G6,93.0,,,,,26401.0
001,65,2020-02-13T21:43:32,EGV,,,,iPhone G6,91.0,,,,,26701.0
001,66,2020-02-13T21:48:32,EGV,,,,iPhone G6,90.0,,,,,27001.0
001,67,2020-02-13T21:53:31,EGV,,,,iPhone G6,89.0,,,,,27301.0
001,68,2020-02-13T21:58:31,EGV,,,,iPhone G6,89.0,,,,,27601.0
001,69,2020-02-13T22:03:31,EGV,,,,iPhone G6,88.0,,,,,27901.0
001,70,2020-02-13T22:08:32,EGV,,,,iPhone G6,86.0,,,,,28201.0
001,71,2020-02-13T22:13:31,EGV,,,,iPhone G6,85.0,,,,,28501.0
001,72,2020-02-13T22:18:31,EGV,,,,iPhone G6,90.0,,,,,28801.0
001,73,2020-02-13T22:23:31,EGV,,,,iPhone G6,96.0,,,,,29101.0
001,74,2020-02-13T22:28:32,EGV,,,,iPhone G6,103.0,,,,,29401.0
001,75,2020-02-13T22:33:32,EGV,,,,iPhone G6,103.0,,,,,29701.0
001,76,2020-02-13T22:38:31,EGV,,,,iPhone G6,102.0,,,,,30001.0
001,77,2020-02-13T22:43:32,EGV,,,,iPhone G6,102.0,,,,,30301.0
001,78,2020-02-13T22:48:31,EGV,,,,iPhone G6,103.0,,,,,30601.0
001,79,2020-02-13T22:53:31,EGV,,,,iPhone G6,106.0,,,,,30901.0
001,80,2020-02-13T22:58:31,EGV,,,,iPhone G6,110.0,,,,,31201.0
001,81,2020-02-13T23:03:32,EGV,,,,iPhone G6,112.0,,,,,31501.0
001,82,2020-02-13T23:08:33,EGV,,,,iPhone G6,111.0,,,,,31801.0
001,83,2020-02-13T23:13:33,EGV,,,,iPhone G6,110.0,,,,,32101.0
001,84,2020-02-13T23:18:33,EGV,,,,iPhone G6,110.0,,,,,32401.0
001,85,2020-02-13T23:23:32,EGV,,,,iPhone G6,110.0,,,,,32700.0
001,86,2020-02-13T23:28:32,EGV,,,,iPhone G6,111.0,,,,,33000.0
001,87,2020-02-13T23:33:32,EGV,,,,iPhone G6,112.0,,,,,33300.0
001,88,2020-02-13T23:38:31,EGV,,,,iPhone G6,113.0,,,,,33600.0
001,89,2020-02-13T23:43:31,EGV,,,,iPhone G6,114.0,,,,,33900.0
001,90,2020-02-13T23:48:31,EGV,,,,iPhone G6,113.0,,,,,34200.0
001,91,2020-02-13T23:53:31,EGV,,,,iPhone G6,113.0,,,,,34500.0
001,92,2020-02-13T23:58:32,EGV,,,,iPhone G6,112.0,,,,,34800.0
001,93,2020-02-14T00:03:32,EGV,,,,iPhone G6,111.0,,,,,35100.0
001,94,2020-02-14T00:08:32,EGV,,,,iPhone G6,110.0,,,,,35400.0
001,95,2020-02-14T00:13:31,EGV,,,,iPhone G6,110.0,,,,,35700.0
001,96,2020-02-14T00:18:31,EGV,,,,iPhone G6,110.0,,,,,36000.0
001,97,2020-02-14T00:23:32,EGV,,,,iPhone G6,111.0,,,,,36300.0
001,98,2020-02-14T00:28:32,EGV,,,,iPhone G6,110.0,,,,,36600.0
001,99,2020-02-14T00:33:32,EGV,,,,iPhone G6,109.0,,,,,36900.0
001,100,2020-02-14T00:38:31,EGV,,,,iPhone G6,107.0,,,,,37200.0
001,101,2020-02-14T00:43:32,EGV,,,,iPhone G6,106.0,,,,,37500.0
001,102,2020-02-14T00:48:32,EGV,,,,iPhone G6,106.0,,,,,37800.0
001,103,2020-02-14T00:53:31,EGV,,,,iPhone G6,105.0,,,,,38100.0
001,104,2020-02-14T00:58:32,EGV,,,,iPhone G6,103.0,,,,,38400.0
001,105,2020-02-14T01:03:31,EGV,,,,iPhone G6,102.0,,,,,38700.0
001,106,2020-02-14T01:08:31,EGV,,,,iPhone G6,102.0,,,,,39000.0
001,107,2020-02-14T01:13:31,EGV,,,,iPhone G6,103.0,,,,,39300.0
001,108,2020-02-14T01:18:31,EGV,,,,iPhone G6,102.0,,,,,39600.0
001,109,2020-02-14T01:23:31,EGV,,,,iPhone G6,101.0,,,,,39900.0
001,110,2020-02-14T01:28:32,EGV,,,,iPhone G6,98.0,,,,,40200.0
001,111,2020-02-14T01:33:32,EGV,,,,iPhone G6,96.0,,,,,40500.0
001,112,2020-02-14T01:38:32,EGV,,,,iPhone G6,95.0,,,,,40800.0
001,113,2020-02-14T01:43:31,EGV,,,,iPhone G6,94.0,,,,,41100.0
001,114,2020-02-14T01:48:31,EGV,,,,iPhone G6,92.0,,,,,41400.0
001,115,2020-02-14T01:53:31,EGV,,,,iPhone G6,91.0,,,,,41700.0
001,116,2020-02-14T01:58:31,EGV,,,,iPhone G6,91.0,,,,,42000.0
001,117,2020-02-14T02:03:32,EGV,,,,iPhone G6,90.0,,,,,42300.0
001,118,2020-02-14T02:08:32,EGV,,,,iPhone G6,90.0,,,,,42600.0
001,119,2020-02-14T02:13:31,EGV,,,,iPhone G6,89.0,,,,,42900.0
001,120,2020-02-14T02:18:31,EGV,,,,iPhone G6,88.0,,,,,43200.0
001,121,2020-02-14T02:23:32,EGV,,,,iPhone G6,87.0,,,,,43500.0
001,122,2020-02-14T02:28:32,EGV,,,,iPhone G6,86.0,,,,,43800.0
001,123,2020-02-14T02:33:31,EGV,,,,iPhone G6,86.0,,,,,44100.0
001,124,2020-02-14T02:38:31,EGV,,,,iPhone G6,83.0,,,,,44400.0
001,125,2020-02-14T02:43:32,EGV,,,,iPhone G6,81.0,,,,,44700.0
001,126,2020-02-14T02:48:31,EGV,,,,iPhone G6,80.0,,,,,45000.0
001,127,2020-02-14T02:53:32,EGV,,,,iPhone G6,82.0,,,,,45300.0
001,128,2020-02-14T02:58:31,EGV,,,,iPhone G6,85.0,,,,,45600.0
001,129,2020-02-14T03:03:31,EGV,,,,iPhone G6,86.0,,,,,45900.0
001,130,2020-02-14T03:08:32,EGV,,,,iPhone G6,83.0,,,,,46200.0
001,131,2020-02-14T03:13:31,EGV,,,,iPhone G6,81.0,,,,,46500.0
001,132,2020-02-14T03:18:31,EGV,,,,iPhone G6,79.0,,,,,46800.0
001,133,2020-02-14T03:23:31,EGV,,,,iPhone G6,79.0,,,,,47100.0
001,134,2020-02-14T03:28:31,EGV,,,,iPhone G6,78.0,,,,,47400.0
001,135,2020-02-14T03:33:32,EGV,,,,iPhone G6,79.0,,,,,47700.0
001,136,2020-02-14T03:38:31,EGV,,,,iPhone G6,80.0,,,,,48000.0
001,137,2020-02-14T03:43:31,EGV,,,,iPhone G6,82.0,,,,,48300.0
001,138,2020-02-14T03:48:31,EGV,,,,iPhone G6,85.0,,,,,48600.0
001,139,2020-02-14T03:53:32,EGV,,,,iPhone G6,87.0,,,,,48900.0
001,140,2020-02-14T03:58:31,EGV,,,,iPhone G6,89.0,,,,,49200.0
001,141,2020-02-14T04:03:31,EGV,,,,iPhone G6,91.0,,,,,49500.0
001,142,2020-02-14T04:08:31,EGV,,,,iPhone G6,91.0,,,,,49800.0
001,143,2020-02-14T04:13:31,EGV,,,,iPhone G6,88.0,,,,,50100.0
001,144,2020-02-14T04:18:31,EGV,,,,iPhone G6,79.0,,,,,50400.0
001,145,2020-02-14T04:23:31,EGV,,,,iPhone G6,68.0,,,,,50700.0
001,146,2020-02-14T04:28:32,EGV,,,,iPhone G6,66.0,,,,,51000.0
001,147,2020-02-14T04:33:32,EGV,,,,iPhone G6,76.0,,,,,51300.0
001,148,2020-02-14T04:38:32,EGV,,,,iPhone G6,89.0,,,,,51600.0
001,149,2020-02-14T04:43:32,EGV,,,,iPhone G6,93.0,,,,,51900.0
001,150,2020-02-14T04:48:31,EGV,,,,iPhone G6,90.0,,,,,52200.0
001,151,2020-02-14T04:53:31,EGV,,,,iPhone G6,86.0,,,,,52500.0
001,152,2020-02-14T04:58:32,EGV,,,,iPhone G6,83.0,,,,,52800.0
001,153,2020-02-14T05:03:31,EGV,,,,iPhone G6,81.0,,,,,53100.0
001,154,2020-02-14T05:08:31,EGV,,,,iPhone G6,78.0,,,,,53400.0
001,155,2020-02-14T05:13:31,EGV,,,,iPhone G6,79.0,,,,,53700.0
001,156,2020-02-14T05:18:32,EGV,,,,iPhone G6,85.0,,,,,54000.0
001,157,2020-02-14T05:23:32,EGV,,,,iPhone G6,93.0,,,,,54300.0
001,158,2020-02-14T05:28:31,EGV,,,,iPhone G6,98.0,,,,,54600.0
001,159,2020-02-14T05:33:31,EGV,,,,iPhone G6,96.0,,,,,54900.0
001,160,2020-02-14T05:38:32,EGV,,,,iPhone G6,92.0,,,,,55200.0
001,161,2020-02-14T05:43:31,EGV,,,,iPhone G6,88.0,,,,,55500.0
001,162,2020-02-14T05:48:32,EGV,,,,iPhone G6,84.0,,,,,55800.0
001,163,2020-02-14T05:53:31,EGV,,,,iPhone G6,81.0,,,,,56100.0
001,164,2020-02-14T05:58:31,EGV,,,,iPhone G6,81.0,,,,,56400.0
001,165,2020-02-14T06:03:32,EGV,,,,iPhone G6,83.0,,,,,56700.0
001,166,2020-02-14T06:08:31,EGV,,,,iPhone G6,85.0,,,,,57000.0
001,167,2020-02-14T06:13:32,EGV,,,,iPhone G6,87.0,,,,,57300.0
001,168,2020-02-14T06:18:32,EGV,,,,iPhone G6,89.0,,,,,57600.0
001,169,2020-02-14T06:23:32,EGV,,,,iPhone G6,91.0,,,,,57900.0
001,170,2020-02-14T06:28:32,EGV,,,,iPhone G6,93.0,,,,,58200.0
001,171,2020-02-14T06:33:31,EGV,,,,iPhone G6,94.0,,,,,58500.0
001,172,2020-02-14T06:38:32,EGV,,,,iPhone G6,94.0,,,,,58800.0
001,173,2020-02-14T06:43:31,EGV,,,,iPhone G6,94.0,,,,,59100.0
001,174,2020-02-14T06:48:32,EGV,,,,iPhone G6,95.0,,,,,59400.0
001,175,2020-02-14T06:53:32,EGV,,,,iPhone G6,97.0,,,,,59700.0
001,176,2020-02-14T06:58:32,EGV,,,,iPhone G6,97.0,,,,,60000.0
001,177,2020-02-14T07:03:32,EGV,,,,iPhone G6,95.0,,,,,60300.0
001,178,2020-02-14T07:08:32,EGV,,,,iPhone G6,93.0,,,,,60600.0
001,179,2020-02-14T07:13:32,EGV,,,,iPhone G6,92.0,,,,,60900.0
001,180,2020-02-14T07:18:32,EGV,,,,iPhone G6,93.0,,,,,61200.0
001,181,2020-02-14T07:23:32,EGV,,,,iPhone G6,98.0,,,,,61500.0
001,182,2020-02-14T07:28:32,EGV,,,,iPhone G6,104.0,,,,,61800.0
001,183,2020-02-14T07:33:31,EGV,,,,iPhone G6,110.0,,,,,62100.0
001,184,2020-02-14T07:38:32,EGV,,,,iPhone G6,114.0,,,,,62400.0
001,185,2020-02-14T07:43:31,EGV,,,,iPhone G6,115.0,,,,,62700.0
001,186,2020-02-14T07:48:32,EGV,,,,iPhone G6,117.0,,,,,63000.0
001,187,2020-02-14T07:53:32,EGV,,,,iPhone G6,115.0,,,,,63300.0
001,188,2020-02-14T07:58:32,EGV,,,,iPhone G6,113.0,,,,,63600.0
001,189,2020-02-14T08:03:32,EGV,,,,iPhone G6,114.0,,,,,63900.0
001,190,2020-02-14T08:08:31,EGV,,,,iPhone G6,117.0,,,,,64200.0
001,191,2020-02-14T08:13:31,EGV,,,,iPhone G6,121.0,,,,,64500.0
001,192,2020-02-14T08:18:31,EGV,,,,iPhone G6,122.0,,,,,64800.0
001,193,2020-02-14T08:23:32,EGV,,,,iPhone G6,122.0,,,,,65100.0
001,194,2020-02-14T08:28:32,EGV,,,,iPhone G6,121.0,,,,,65400.0
001,195,2020-02-14T08:33:31,EGV,,,,iPhone G6,119.0,,,,,65700.0
001,196,2020-02-14T08:38:32,EGV,,,,iPhone G6,114.0,,,,,66000.0
001,197,2020-02-14T08:43:31,EGV,,,,iPhone G6,106.0,,,,,66300.0
001,198,2020-02-14T08:48:31,EGV,,,,iPhone G6,99.0,,,,,66600.0
001,199,2020-02-14T08:53:31,EGV,,,,iPhone G6,92.0,,,,,66900.0
001,200,2020-02-14T08:58:31,EGV,,,,iPhone G6,89.0,,,,,67200.0
001,201,2020-02-14T09:03:32,EGV,,,,iPhone G6,86.0,,,,,67500.0
001,202,2020-02-14T09:08:31,EGV,,,,iPhone G6,84.0,,,,,67800.0
001,203,2020-02-14T09:13:32,EGV,,,,iPhone G6,83.0,,,,,68100.0
001,204,2020-02-14T09:18:32,EGV,,,,iPhone G6,85.0,,,,,68400.0
001,205,2020-02-14T09:23:32,EGV,,,,iPhone G6,87.0,,,,,68700.0
001,206,2020-02-14T09:28:31,EGV,,,,iPhone G6,89.0,,,,,69000.0
001,207,2020-02-14T09:33:31,EGV,,,,iPhone G6,90.0,,,,,69300.0
001,208,2020-02-14T09:38:31,EGV,,,,iPhone G6,89.0,,,,,69600.0
001,209,2020-02-14T09:43:32,EGV,,,,iPhone G6,89.0,,,,,69900.0
001,210,2020-02-14T09:48:31,EGV,,,,iPhone G6,91.0,,,,,70200.0
001,211,2020-02-14T09:53:31,EGV,,,,iPhone G6,95.0,,,,,70500.0
001,212,2020-02-14T09:58:31,EGV,,,,iPhone G6,99.0,,,,,70800.0
001,213,2020-02-14T10:03:31,EGV,,,,iPhone G6,100.0,,,,,71100.0
001,214,2020-02-14T10:08:32,EGV,,,,iPhone G6,98.0,,,,,71400.0
001,215,2020-02-14T10:13:32,EGV,,,,iPhone G6,95.0,,,,,71700.0
001,216,2020-02-14T10:18:31,EGV,,,,iPhone G6,95.0,,,,,72000.0
001,217,2020-02-14T10:23:31,EGV,,,,iPhone G6,99.0,,,,,72300.0
001,218,2020-02-14T10:28:31,EGV,,,,iPhone G6,105.0,,,,,72600.0
001,219,2020-02-14T10:33:32,EGV,,,,iPhone G6,110.0,,,,,72900.0
001,220,2020-02-14T10:38:31,EGV,,,,iPhone G6,110.0,,,,,73200.0
001,221,2020-02-14T10:43:32,EGV,,,,iPhone G6,105.0,,,,,73500.0
001,222,2020-02-14T10:48:31,EGV,,,,iPhone G6,99.0,,,,,73800.0
001,223,2020-02-14T10:53:32,EGV,,,,iPhone G6,93.0,,,,,74100.0
001,224,2020-02-14T10:58:32,EGV,,,,iPhone G6,91.0,,,,,74400.0
001,225,2020-02-14T11:03:32,EGV,,,,iPhone G6,90.0,,,,,74700.0
001,226,2020-02-14T11:08:31,EGV,,,,iPhone G6,90.0,,,,,75000.0
001,227,2020-02-14T11:13:31,EGV,,,,iPhone G6,91.0,,,,,75300.0
001,228,2020-02-14T11:18:31,EGV,,,,iPhone G6,92.0,,,,,75600.0
001,229,2020-02-14T11:23:31,EGV,,,,iPhone G6,94.0,,,,,75900.0
001,230,2020-02-14T11:28:31,EGV,,,,iPhone G6,96.0,,,,,76200.0
001,231,2020-02-14T11:33:31,EGV,,,,iPhone G6,97.0,,,,,76500.0
001,232,2020-02-14T11:38:31,EGV,,,,iPhone G6,97.0,,,,,76800.0
001,233,2020-02-14T11:43:31,EGV,,,,iPhone G6,95.0,,,,,77100.0
001,234,2020-02-14T11:48:31,EGV,,,,iPhone G6,92.0,,,,,77400.0
001,235,2020-02-14T11:53:32,EGV,,,,iPhone G6,90.0,,,,,77700.0
001,236,2020-02-14T11:58:31,EGV,,,,iPhone G6,89.0,,,,,78000.0
001,237,2020-02-14T12:03:31,EGV,,,,iPhone G6,88.0,,,,,78300.0
001,238,2020-02-14T12:08:31,EGV,,,,iPhone G6,90.0,,,,,78600.0
001,239,2020-02-14T12:13:31,EGV,,,,iPhone G6,92.0,,,,,78900.0
001,240,2020-02-14T12:18:31,EGV,,,,iPhone G6,94.0,,,,,79200.0
001,241,2020-02-14T12:23:32,EGV,,,,iPhone G6,94.0,,,,,79500.0
001,242,2020-02-14T12:28:31,EGV,,,,iPhone G6,96.0,,,,,79800.0
001,243,2020-02-14T12:33:31,EGV,,,,iPhone G6,101.0,,,,,80100.0
001,244,2020-02-14T12:38:31,EGV,,,,iPhone G6,105.0,,,,,80400.0
001,245,2020-02-14T12:43:31,EGV,,,,iPhone G6,105.0,,,,,80700.0
001,246,2020-02-14T12:48:31,EGV,,,,iPhone G6,101.0,,,,,81000.0
001,247,2020-02-14T12:53:31,EGV,,,,iPhone G6,97.0,,,,,81300.0
001,248,2020-02-14T12:58:31,EGV,,,,iPhone G6,99.0,,,,,81600.0
001,249,2020-02-14T13:03:30,EGV,,,,iPhone G6,108.0,,,,,81900.0
001,250,2020-02-14T13:08:31,EGV,,,,iPhone G6,119.0,,,,,82200.0
001,251,2020-02-14T13:13:30,EGV,,,,iPhone G6,124.0,,,,,82500.0
001,252,2020-02-14T13:18:30,EGV,,,,iPhone G6,122.0,,,,,82800.0
001,253,2020-02-14T13:23:30,EGV,,,,iPhone G6,116.0,,,,,83100.0
001,254,2020-02-14T13:28:31,EGV,,,,iPhone G6,111.0,,,,,83400.0
001,255,2020-02-14T13:33:30,EGV,,,,iPhone G6,107.0,,,,,83700.0
001,256,2020-02-14T13:38:31,EGV,,,,iPhone G6,103.0,,,,,84000.0
001,257,2020-02-14T13:43:31,EGV,,,,iPhone G6,101.0,,,,,84300.0
001,258,2020-02-14T13:48:31,EGV,,,,iPhone G6,99.0,,,,,84600.0
001,259,2020-02-14T13:53:30,EGV,,,,iPhone G6,99.0,,,,,84900.0
001,260,2020-02-14T13:58:30,EGV,,,,iPhone G6,99.0,,,,,85200.0
001,261,2020-02-14T14:03:31,EGV,,,,iPhone G6,96.0,,,,,85500.0
001,262,2020-02-14T14:08:30,EGV,,,,iPhone G6,95.0,,,,,85800.0
001,263,2020-02-14T14:13:30,EGV,,,,iPhone G6,93.0,,,,,86100.0
001,264,2020-02-14T14:18:30,EGV,,,,iPhone G6,93.0,,,,,86400.0
001,265,2020-02-14T14:23:30,EGV,,,,iPhone G6,93.0,,,,,86700.0
001,266,2020-02-14T14:28:31,EGV,,,,iPhone G6,93.0,,,,,87000.0
001,267,2020-02-14T14:33:30,EGV,,,,iPhone G6,93.0,,,,,87300.0
001,268,2020-02-14T14:38:30,EGV,,,,iPhone G6,92.0,,,,,87600.0
001,269,2020-02-14T14:43:30,EGV,,,,iPhone G6,89.0,,,,,87900.0
001,270,2020-02-14T14:48:30,EGV,,,,iPhone G6,87.0,,,,,88200.0
001,271,2020-02-14T14:53:30,EGV,,,,iPhone G6,86.0,,,,,88500.0
001,272,2020-02-14T14:58:30,EGV,,,,iPhone G6,88.0,,,,,88800.0
001,273,2020-02-14T15:03:30,EGV,,,,iPhone G6,90.0,,,,,89100.0
001,274,2020-02-14T15:08:30,EGV,,,,iPhone G6,91.0,,,,,89400.0
001,275,2020-02-14T15:13:30,EGV,,,,iPhone G6,93.0,,,,,89700.0
001,276,2020-02-14T15:18:30,EGV,,,,iPhone G6,94.0,,,,,90000.0
001,277,2020-02-14T15:23:30,EGV,,,,iPhone G6,95.0,,,,,90300.0
001,278,2020-02-14T15:28:30,EGV,,,,iPhone G6,94.0,,,,,90600.0
001,279,2020-02-14T15:33:30,EGV,,,,iPhone G6,93.0,,,,,90900.0
001,280,2020-02-14T15:38:30,EGV,,,,iPhone G6,92.0,,,,,91200.0
001,281,2020-02-14T15:43:30,EGV,,,,iPhone G6,92.0,,,,,91500.0
001,282,2020-02-14T15:48:30,EGV,,,,iPhone G6,92.0,,,,,91800.0
001,283,2020-02-14T15:53:30,EGV,,,,iPhone G6,92.0,,,,,92100.0
001,284,2020-02-14T15:58:30,EGV,,,,iPhone G6,93.0,,,,,92400.0
001,285,2020-02-14T16:03:31,EGV,,,,iPhone G6,94.0,,,,,92700.0
001,286,2020-02-14T16:08:30,EGV,,,,iPhone G6,96.0,,,,,93000.0
001,287,2020-02-14T16:13:30,EGV,,,,iPhone G6,96.0,,,,,93300.0
001,288,2020-02-14T16:18:30,EGV,,,,iPhone G6,96.0,,,,,93600.0
001,289,2020-02-14T16:23:30,EGV,,,,iPhone G6,96.0,,,,,93900.0
001,290,2020-02-14T16:28:30,EGV,,,,iPhone G6,95.0,,,,,94200.0
001,291,2020-02-14T16:33:30,EGV,,,,iPhone G6,93.0,,,,,94500.0
001,292,2020-02-14T16:38:30,EGV,,,,iPhone G6,91.0,,,,,94800.0
001,293,2020-02-14T16:43:30,EGV,,,,iPhone G6,90.0,,,,,95100.0
001,294,2020-02-14T16:48:30,EGV,,,,iPhone G6,91.0,,,,,95400.0
001,295,2020-02-14T16:53:31,EGV,,,,iPhone G6,94.0,,,,,95700.0
001,296,2020-02-14T16:58:30,EGV,,,,iPhone G6,97.0,,,,,96000.0
001,297,2020-02-14T17:03:30,EGV,,,,iPhone G6,98.0,,,,,96300.0
001,298,2020-02-14T17:08:30,EGV,,,,iPhone G6,98.0,,,,,96600.0
001,299,2020-02-14T17:13:30,EGV,,,,iPhone G6,98.0,,,,,96900.0
001,300,2020-02-14T17:18:30,EGV,,,,iPhone G6,97.0,,,,,97200.0
001,301,2020-02-14T17:23:30,EGV,,,,iPhone G6,96.0,,,,,97500.0
001,302,2020-02-14T17:28:30,EGV,,,,iPhone G6,95.0,,,,,97800.0
001,303,2020-02-14T17:33:30,EGV,,,,iPhone G6,95.0,,,,,98100.0
001,304,2020-02-14T17:38:30,EGV,,,,iPhone G6,95.0,,,,,98400.0
001,305,2020-02-14T17:43:30,EGV,,,,iPhone G6,95.0,,,,,98700.0
001,306,2020-02-14T17:48:31,EGV,,,,iPhone G6,92.0,,,,,99000.0
001,307,2020-02-14T17:53:30,EGV,,,,iPhone G6,88.0,,,,,99300.0
001,308,2020-02-14T17:58:30,EGV,,,,iPhone G6,84.0,,,,,99600.0
001,309,2020-02-14T18:03:30,EGV,,,,iPhone G6,85.0,,,,,99900.0
001,310,2020-02-14T18:08:30,EGV,,,,iPhone G6,89.0,,,,,100200.0
001,311,2020-02-14T18:13:30,EGV,,,,iPhone G6,93.0,,,,,100500.0
001,312,2020-02-14T18:18:30,EGV,,,,iPhone G6,95.0,,,,,100800.0
001,313,2020-02-14T18:23:30,EGV,,,,iPhone G6,96.0,,,,,101100.0
001,314,2020-02-14T18:28:31,EGV,,,,iPhone G6,96.0,,,,,101400.0
001,315,2020-02-14T18:33:30,EGV,,,,iPhone G6,98.0,,,,,101700.0
001,316,2020-02-14T18:38:31,EGV,,,,iPhone G6,99.0,,,,,102000.0
001,317,2020-02-14T18:43:30,EGV,,,,iPhone G6,97.0,,,,,102300.0
001,318,2020-02-14T18:48:30,EGV,,,,iPhone G6,95.0,,,,,102600.0
001,319,2020-02-14T18:53:30,EGV,,,,iPhone G6,92.0,,,,,102900.0
001,320,2020-02-14T18:58:30,EGV,,,,iPhone G6,92.0,,,,,103200.0
001,321,2020-02-14T19:03:30,EGV,,,,iPhone G6,90.0,,,,,103500.0
001,322,2020-02-14T19:08:30,EGV,,,,iPhone G6,91.0,,,,,103800.0
001,323,2020-02-14T19:13:30,EGV,,,,iPhone G6,91.0,,,,,104100.0
001,324,2020-02-14T19:18:30,EGV,,,,iPhone G6,94.0,,,,,104400.0
001,325,2020-02-14T19:23:31,EGV,,,,iPhone G6,95.0,,,,,104700.0
001,326,2020-02-14T19:28:31,EGV,,,,iPhone G6,97.0,,,,,105000.0
001,327,2020-02-14T19:33:31,EGV,,,,iPhone G6,98.0,,,,,105300.0
001,328,2020-02-14T19:38:30,EGV,,,,iPhone G6,98.0,,,,,105600.0
001,329,2020-02-14T19:43:30,EGV,,,,iPhone G6,100.0,,,,,105900.0
001,330,2020-02-14T19:48:30,EGV,,,,iPhone G6,104.0,,,,,106200.0
001,331,2020-02-14T19:53:30,EGV,,,,iPhone G6,109.0,,,,,106500.0
001,332,2020-02-14T19:58:30,EGV,,,,iPhone G6,114.0,,,,,106800.0
001,333,2020-02-14T20:03:30,EGV,,,,iPhone G6,118.0,,,,,107100.0
001,334,2020-02-14T20:08:30,EGV,,,,iPhone G6,123.0,,,,,107400.0
001,335,2020-02-14T20:13:30,EGV,,,,iPhone G6,132.0,,,,,107700.0
001,336,2020-02-14T20:18:30,EGV,,,,iPhone G6,140.0,,,,,108000.0
001,337,2020-02-14T20:23:30,EGV,,,,iPhone G6,143.0,,,,,108300.0
001,338,2020-02-14T20:28:30,EGV,,,,iPhone G6,142.0,,,,,108600.0
001,339,2020-02-14T20:33:31,EGV,,,,iPhone G6,137.0,,,,,108900.0
001,340,2020-02-14T20:38:30,EGV,,,,iPhone G6,135.0,,,,,109200.0
001,341,2020-02-14T20:43:30,EGV,,,,iPhone G6,133.0,,,,,109500.0
001,342,2020-02-14T20:48:30,EGV,,,,iPhone G6,131.0,,,,,109800.0
001,343,2020-02-14T20:53:30,EGV,,,,iPhone G6,132.0,,,,,110100.0
001,344,2020-02-14T20:58:30,EGV,,,,iPhone G6,135.0,,,,,110400.0
001,345,2020-02-14T21:03:31,EGV,,,,iPhone G6,139.0,,,,,110700.0
001,346,2020-02-14T21:08:30,EGV,,,,iPhone G6,141.0,,,,,111000.0
001,347,2020-02-14T21:13:30,EGV,,,,iPhone G6,141.0,,,,,111300.0
001,348,2020-02-14T21:18:31,EGV,,,,iPhone G6,140.0,,,,,111600.0
001,349,2020-02-14T21:23:30,EGV,,,,iPhone G6,140.0,,,,,111900.0
001,350,2020-02-14T21:28:30,EGV,,,,iPhone G6,139.0,,,,,112200.0
001,351,2020-02-14T21:33:31,EGV,,,,iPhone G6,138.0,,,,,112500.0
001,352,2020-02-14T21:38:30,EGV,,,,iPhone G6,138.0,,,,,112800.0
001,353,2020-02-14T21:43:30,EGV,,,,iPhone G6,140.0,,,,,113100.0
001,354,2020-02-14T21:48:30,EGV,,,,iPhone G6,144.0,,,,,113400.0
001,355,2020-02-14T21:53:31,EGV,,,,iPhone G6,146.0,,,,,113700.0
001,356,2020-02-14T21:58:30,EGV,,,,iPhone G6,145.0,,,,,114000.0
001,357,2020-02-14T22:03:30,EGV,,,,iPhone G6,141.0,,,,,114300.0
001,358,2020-02-14T22:08:30,EGV,,,,iPhone G6,132.0,,,,,114600.0
001,359,2020-02-14T22:13:30,EGV,,,,iPhone G6,125.0,,,,,114900.0
001,360,2020-02-14T22:18:30,EGV,,,,iPhone G6,118.0,,,,,115200.0
001,361,2020-02-14T22:23:30,EGV,,,,iPhone G6,115.0,,,,,115500.0
001,362,2020-02-14T22:28:30,EGV,,,,iPhone G6,113.0,,,,,115800.0
001,363,2020-02-14T22:33:30,EGV,,,,iPhone G6,112.0,,,,,116100.0
001,364,2020-02-14T22:38:30,EGV,,,,iPhone G6,112.0,,,,,116400.0
001,365,2020-02-14T22:43:30,EGV,,,,iPhone G6,113.0,,,,,116700.0
001,366,2020-02-14T22:48:30,EGV,,,,iPhone G6,113.0,,,,,117000.0
001,367,2020-02-14T22:53:30,EGV,,,,iPhone G6,114.0,,,,,117300.0
001,368,2020-02-14T22:58:30,EGV,,,,iPhone G6,113.0,,,,,117600.0
001,369,2020-02-14T23:03:30,EGV,,,,iPhone G6,112.0,,,,,117900.0
001,370,2020-02-14T23:08:30,EGV,,,,iPhone G6,110.0,,,,,118200.0
001,371,2020-02-14T23:13:31,EGV,,,,iPhone G6,109.0,,,,,118500.0
001,372,2020-02-14T23:18:31,EGV,,,,iPhone G6,107.0,,,,,118800.0
001,373,2020-02-14T23:23:30,EGV,,,,iPhone G6,105.0,,,,,119100.0
001,374,2020-02-14T23:28:30,EGV,,,,iPhone G6,103.0,,,,,119400.0
001,375,2020-02-14T23:33:30,EGV,,,,iPhone G6,102.0,,,,,119700.0
001,376,2020-02-14T23:38:30,EGV,,,,iPhone G6,101.0,,,,,120000.0
001,377,2020-02-14T23:43:30,EGV,,,,iPhone G6,100.0,,,,,120300.0
001,378,2020-02-14T23:48:30,EGV,,,,iPhone G6,99.0,,,,,120600.0
001,379,2020-02-14T23:53:30,EGV,,,,iPhone G6,98.0,,,,,120900.0
001,380,2020-02-14T23:58:30,EGV,,,,iPhone G6,97.0,,,,,121200.0
001,381,2020-02-15T00:03:30,EGV,,,,iPhone G6,96.0,,,,,121500.0
001,382,2020-02-15T00:08:31,EGV,,,,iPhone G6,93.0,,,,,121800.0
001,383,2020-02-15T00:13:30,EGV,,,,iPhone G6,91.0,,,,,122100.0
001,384,2020-02-15T00:18:30,EGV,,,,iPhone G6,91.0,,,,,122400.0
001,385,2020-02-15T00:23:31,EGV,,,,iPhone G6,92.0,,,,,122700.0
001,386,2020-02-15T00:28:30,EGV,,,,iPhone G6,94.0,,,,,123000.0
001,387,2020-02-15T00:33:31,EGV,,,,iPhone G6,95.0,,,,,123300.0
001,388,2020-02-15T00:38:30,EGV,,,,iPhone G6,95.0,,,,,123600.0
001,389,2020-02-15T00:43:30,EGV,,,,iPhone G6,95.0,,,,,123900.0
001,390,2020-02-15T00:48:30,EGV,,,,iPhone G6,95.0,,,,,124200.0
001,391,2020-02-15T00:53:30,EGV,,,,iPhone G6,96.0,,,,,124500.0
001,392,2020-02-15T00:58:30,EGV,,,,iPhone G6,96.0,,,,,124800.0
001,393,2020-02-15T01:03:30,EGV,,,,iPhone G6,94.0,,,,,125100.0
001,394,2020-02-15T01:08:31,EGV,,,,iPhone G6,92.0,,,,,125400.0
001,395,2020-02-15T01:13:31,EGV,,,,iPhone G6,91.0,,,,,125700.0
001,396,2020-02-15T01:18:30,EGV,,,,iPhone G6,91.0,,,,,126000.0
001,397,2020-02-15T01:23:30,EGV,,,,iPhone G6,92.0,,,,,126300.0
001,398,2020-02-15T01:28:30,EGV,,,,iPhone G6,93.0,,,,,126600.0
001,399,2020-02-15T01:33:30,EGV,,,,iPhone G6,93.0,,,,,126900.0
001,400,2020-02-15T01:38:30,EGV,,,,iPhone G6,92.0,,,,,127200.0
001,401,2020-02-15T01:43:30,EGV,,,,iPhone G6,92.0,,,,,127500.0
001,402,2020-02-15T01:48:31,EGV,,,,iPhone G6,92.0,,,,,127800.0
001,403,2020-02-15T01:53:30,EGV,,,,iPhone G6,92.0,,,,,128100.0
001,404,2020-02-15T01:58:31,EGV,,,,iPhone G6,92.0,,,,,128400.0
001,405,2020-02-15T02:03:30,EGV,,,,iPhone G6,93.0,,,,,128700.0
001,406,2020-02-15T02:08:30,EGV,,,,iPhone G6,94.0,,,,,129000.0
001,407,2020-02-15T02:13:31,EGV,,,,iPhone G6,95.0,,,,,129300.0
001,408,2020-02-15T02:18:31,EGV,,,,iPhone G6,95.0,,,,,129600.0
001,409,2020-02-15T02:23:31,EGV,,,,iPhone G6,96.0,,,,,129900.0
001,410,2020-02-15T02:28:30,EGV,,,,iPhone G6,96.0,,,,,130200.0
001,411,2020-02-15T02:33:30,EGV,,,,iPhone G6,95.0,,,,,130500.0
001,412,2020-02-15T02:38:30,EGV,,,,iPhone G6,94.0,,,,,130800.0
001,413,2020-02-15T02:43:30,EGV,,,,iPhone G6,93.0,,,,,131100.0
001,414,2020-02-15T02:48:30,EGV,,,,iPhone G6,93.0,,,,,131400.0
001,415,2020-02-15T02:53:30,EGV,,,,iPhone G6,93.0,,,,,131700.0
001,416,2020-02-15T02:58:30,EGV,,,,iPhone G6,93.0,,,,,132000.0
001,417,2020-02-15T03:03:31,EGV,,,,iPhone G6,93.0,,,,,132300.0
001,418,2020-02-15T03:08:30,EGV,,,,iPhone G6,93.0,,,,,132600.0
001,419,2020-02-15T03:13:31,EGV,,,,iPhone G6,92.0,,,,,132900.0
001,420,2020-02-15T03:18:30,EGV,,,,iPhone G6,91.0,,,,,133200.0
001,421,2020-02-15T03:23:30,EGV,,,,iPhone G6,90.0,,,,,133500.0
001,422,2020-02-15T03:28:31,EGV,,,,iPhone G6,90.0,,,,,133800.0
001,423,2020-02-15T03:33:30,EGV,,,,iPhone G6,91.0,,,,,134100.0
001,424,2020-02-15T03:38:30,EGV,,,,iPhone G6,92.0,,,,,134400.0
001,425,2020-02-15T03:43:30,EGV,,,,iPhone G6,92.0,,,,,134700.0
001,426,2020-02-15T03:48:31,EGV,,,,iPhone G6,93.0,,,,,135000.0
001,427,2020-02-15T03:53:30,EGV,,,,iPhone G6,93.0,,,,,135300.0
001,428,2020-02-15T03:58:30,EGV,,,,iPhone G6,93.0,,,,,135600.0
001,429,2020-02-15T04:03:30,EGV,,,,iPhone G6,93.0,,,,,135900.0
001,430,2020-02-15T04:08:30,EGV,,,,iPhone G6,93.0,,,,,136200.0
001,431,2020-02-15T04:13:30,EGV,,,,iPhone G6,92.0,,,,,136500.0
001,432,2020-02-15T04:18:30,EGV,,,,iPhone G6,91.0,,,,,136800.0
001,433,2020-02-15T04:23:30,EGV,,,,iPhone G6,91.0,,,,,137100.0
001,434,2020-02-15T04:28:30,EGV,,,,iPhone G6,90.0,,,,,137400.0
001,435,2020-02-15T04:33:30,EGV,,,,iPhone G6,89.0,,,,,137700.0
001,436,2020-02-15T04:38:31,EGV,,,,iPhone G6,89.0,,,,,138000.0
001,437,2020-02-15T04:43:30,EGV,,,,iPhone G6,89.0,,,,,138300.0
001,438,2020-02-15T04:48:30,EGV,,,,iPhone G6,89.0,,,,,138600.0
001,439,2020-02-15T04:53:31,EGV,,,,iPhone G6,90.0,,,,,138900.0
001,440,2020-02-15T04:58:30,EGV,,,,iPhone G6,90.0,,,,,139200.0
001,441,2020-02-15T05:03:30,EGV,,,,iPhone G6,90.0,,,,,139500.0
001,442,2020-02-15T05:08:30,EGV,,,,iPhone G6,91.0,,,,,139800.0
001,443,2020-02-15T05:13:30,EGV,,,,iPhone G6,91.0,,,,,140100.0
001,444,2020-02-15T05:18:31,EGV,,,,iPhone G6,91.0,,,,,140400.0
001,445,2020-02-15T05:23:30,EGV,,,,iPhone G6,91.0,,,,,140700.0
001,446,2020-02-15T05:28:30,EGV,,,,iPhone G6,91.0,,,,,141000.0
001,447,2020-02-15T05:33:30,EGV,,,,iPhone G6,91.0,,,,,141300.0
001,448,2020-02-15T05:38:30,EGV,,,,iPhone G6,91.0,,,,,141600.0
001,449,2020-02-15T05:43:30,EGV,,,,iPhone G6,91.0,,,,,141900.0
001,450,2020-02-15T05:48:30,EGV,,,,iPhone G6,90.0,,,,,142200.0
001,451,2020-02-15T05:53:30,EGV,,,,iPhone G6,89.0,,,,,142500.0
001,452,2020-02-15T05:58:31,EGV,,,,iPhone G6,89.0,,,,,142800.0
001,453,2020-02-15T06:03:30,EGV,,,,iPhone G6,89.0,,,,,143100.0
001,454,2020-02-15T06:08:30,EGV,,,,iPhone G6,89.0,,,,,143400.0
001,455,2020-02-15T06:13:30,EGV,,,,iPhone G6,87.0,,,,,143700.0
001,456,2020-02-15T06:18:31,EGV,,,,iPhone G6,84.0,,,,,144000.0
001,457,2020-02-15T06:23:30,EGV,,,,iPhone G6,83.0,,,,,144300.0
001,458,2020-02-15T06:28:30,EGV,,,,iPhone G6,83.0,,,,,144600.0
001,459,2020-02-15T06:33:30,EGV,,,,iPhone G6,85.0,,,,,144900.0
001,460,2020-02-15T06:38:30,EGV,,,,iPhone G6,85.0,,,,,145200.0
001,461,2020-02-15T06:43:30,EGV,,,,iPhone G6,86.0,,,,,145500.0
001,462,2020-02-15T06:48:31,EGV,,,,iPhone G6,87.0,,,,,145800.0
001,463,2020-02-15T06:53:30,EGV,,,,iPhone G6,88.0,,,,,146100.0
001,464,2020-02-15T06:58:30,EGV,,,,iPhone G6,88.0,,,,,146400.0
001,465,2020-02-15T07:03:30,EGV,,,,iPhone G6,86.0,,,,,146700.0
001,466,2020-02-15T07:08:30,EGV,,,,iPhone G6,85.0,,,,,147000.0
001,467,2020-02-15T07:13:30,EGV,,,,iPhone G6,84.0,,,,,147300.0
001,468,2020-02-15T07:18:30,EGV,,,,iPhone G6,85.0,,,,,147600.0
001,469,2020-02-15T07:23:30,EGV,,,,iPhone G6,86.0,,,,,147900.0
001,470,2020-02-15T07:28:30,EGV,,,,iPhone G6,86.0,,,,,148200.0
001,471,2020-02-15T07:33:31,EGV,,,,iPhone G6,85.0,,,,,148500.0
001,472,2020-02-15T07:38:31,EGV,,,,iPhone G6,84.0,,,,,148800.0
001,473,2020-02-15T07:43:30,EGV,,,,iPhone G6,85.0,,,,,149100.0
001,474,2020-02-15T07:48:30,EGV,,,,iPhone G6,88.0,,,,,149400.0
001,475,2020-02-15T07:53:30,EGV,,,,iPhone G6,92.0,,,,,149700.0
001,476,2020-02-15T07:58:30,EGV,,,,iPhone G6,96.0,,,,,150000.0
001,477,2020-02-15T08:03:30,EGV,,,,iPhone G6,100.0,,,,,150300.0
001,478,2020-02-15T08:08:30,EGV,,,,iPhone G6,102.0,,,,,150600.0
001,479,2020-02-15T08:13:30,EGV,,,,iPhone G6,99.0,,,,,150900.0
001,480,2020-02-15T08:18:30,EGV,,,,iPhone G6,94.0,,,,,151200.0
001,481,2020-02-15T08:23:31,EGV,,,,iPhone G6,87.0,,,,,151500.0
001,482,2020-02-15T08:28:30,EGV,,,,iPhone G6,79.0,,,,,151800.0
001,483,2020-02-15T08:33:30,EGV,,,,iPhone G6,70.0,,,,,152100.0
001,484,2020-02-15T08:38:30,EGV,,,,iPhone G6,64.0,,,,,152400.0
001,485,2020-02-15T08:43:30,EGV,,,,iPhone G6,62.0,,,,,152700.0
001,486,2020-02-15T08:48:30,EGV,,,,iPhone G6,65.0,,,,,153000.0
001,487,2020-02-15T08:53:30,EGV,,,,iPhone G6,69.0,,,,,153300.0
001,488,2020-02-15T08:58:31,EGV,,,,iPhone G6,74.0,,,,,153600.0
001,489,2020-02-15T09:03:30,EGV,,,,iPhone G6,77.0,,,,,153900.0
001,490,2020-02-15T09:13:30,EGV,,,,iPhone G6,83.0,,,,,154500.0
001,491,2020-02-15T09:18:30,EGV,,,,iPhone G6,86.0,,,,,154800.0
001,492,2020-02-15T09:23:30,EGV,,,,iPhone G6,88.0,,,,,155100.0
001,493,2020-02-15T09:28:31,EGV,,,,iPhone G6,91.0,,,,,155400.0
001,494,2020-02-15T09:33:29,EGV,,,,iPhone G6,95.0,,,,,155699.0
001,495,2020-02-15T09:38:29,EGV,,,,iPhone G6,97.0,,,,,155999.0
001,496,2020-02-15T09:43:29,EGV,,,,iPhone G6,98.0,,,,,156299.0
001,497,2020-02-15T09:48:29,EGV,,,,iPhone G6,97.0,,,,,156599.0
001,498,2020-02-15T09:53:29,EGV,,,,iPhone G6,96.0,,,,,156899.0
001,499,2020-02-15T09:58:29,EGV,,,,iPhone G6,96.0,,,,,157199.0
002,1,,FirstName,,2019,,,,,,,,
002,2,,LastName,,002,,,,,,,,
002,3,,PatientIdentifier,,2019-002,,,,,,,,
002,4,,DateOfBirth,,1970-01-01,,,,,,,,
002,5,,Device,,,Dexcom G6 Mobile App,Android G6,,,,,,
002,6,,Alert,Fall,,,Android G6,,,,,3.0,
002,7,,Alert,High,,,Android G6,200.0,,,,,
002,8,,Alert,Low,,,Android G6,70.0,,,,,
002,9,,Alert,Signal Loss,,,Android G6,,,,00:20:00,,
002,10,,Alert,Rise,,,Android G6,,,,,3.0,
002,11,,Alert,Urgent Low,,,Android G6,55.0,,,,,
002,12,,Alert,Urgent Low Soon,,,Android G6,55.0,,,,,
002,13,2020-02-21T11:08:36,EGV,,,,Android G6,186.0,,,,,9901.0
002,14,2020-02-21T11:13:36,EGV,,,,Android G6,181.0,,,,,10201.0
002,15,2020-02-21T11:18:36,EGV,,,,Android G6,175.0,,,,,10501.0
002,16,2020-02-21T11:23:35,EGV,,,,Android G6,168.0,,,,,10801.0
002,17,2020-02-21T11:28:36,EGV,,,,Android G6,163.0,,,,,11101.0
002,18,2020-02-21T11:33:35,EGV,,,,Android G6,160.0,,,,,11401.0
002,19,2020-02-21T11:38:35,EGV,,,,Android G6,157.0,,,,,11701.0
002,20,2020-02-21T11:43:35,EGV,,,,Android G6,155.0,,,,,12001.0
002,21,2020-02-21T11:48:35,EGV,,,,Android G6,151.0,,,,,12301.0
002,22,2020-02-21T11:53:34,EGV,,,,Android G6,146.0,,,,,12600.0
002,23,2020-02-21T11:58:34,EGV,,,,Android G6,144.0,,,,,12900.0
002,24,2020-02-21T12:03:34,EGV,,,,Android G6,142.0,,,,,13200.0
002,25,2020-02-21T12:08:34,EGV,,,,Android G6,140.0,,,,,13500.0
002,26,2020-02-21T12:13:34,EGV,,,,Android G6,134.0,,,,,13800.0
002,27,2020-02-21T12:18:34,EGV,,,,Android G6,130.0,,,,,14100.0
002,28,2020-02-21T12:23:34,EGV,,,,Android G6,128.0,,,,,14400.0
002,29,2020-02-21T12:28:34,EGV,,,,Android G6,132.0,,,,,14700.0
002,30,2020-02-21T12:33:34,EGV,,,,Android G6,136.0,,,,,15000.0
002,31,2020-02-21T12:38:34,EGV,,,,Android G6,137.0,,,,,15300.0
002,32,2020-02-21T12:43:34,EGV,,,,Android G6,134.0,,,,,15600.0
002,33,2020-02-21T12:48:34,EGV,,,,Android G6,130.0,,,,,15900.0
002,34,2020-02-21T12:53:34,EGV,,,,Android G6,125.0,,,,,16200.0
002,35,2020-02-21T12:58:34,EGV,,,,Android G6,124.0,,,,,16500.0
002,36,2020-02-21T13:03:34,EGV,,,,Android G6,124.0,,,,,16800.0
002,37,2020-02-21T13:08:34,EGV,,,,Android G6,125.0,,,,,17100.0
002,38,2020-02-21T13:13:34,EGV,,,,Android G6,126.0,,,,,17400.0
002,39,2020-02-21T13:18:34,EGV,,,,Android G6,126.0,,,,,17700.0
002,40,2020-02-21T13:23:34,EGV,,,,Android G6,125.0,,,,,18000.0
002,41,2020-02-21T13:28:35,EGV,,,,Android G6,122.0,,,,,18300.0
002,42,2020-02-21T13:33:35,EGV,,,,Android G6,121.0,,,,,18600.0
002,43,2020-02-21T13:38:35,EGV,,,,Android G6,121.0,,,,,18900.0
002,44,2020-02-21T13:43:35,EGV,,,,Android G6,123.0,,,,,19200.0
002,45,2020-02-21T13:48:35,EGV,,,,Android G6,124.0,,,,,19500.0
002,46,2020-02-21T13:53:35,EGV,,,,Android G6,123.0,,,,,19800.0
002,47,2020-02-21T13:58:35,EGV,,,,Android G6,119.0,,,,,20100.0
002,48,2020-02-21T14:03:34,EGV,,,,Android G6,113.0,,,,,20400.0
002,49,2020-02-21T14:08:34,EGV,,,,Android G6,109.0,,,,,20700.0
002,50,2020-02-21T14:13:34,EGV,,,,Android G6,106.0,,,,,21000.0
002,51,2020-02-21T14:18:34,EGV,,,,Android G6,103.0,,,,,21300.0
002,52,2020-02-21T14:23:35,EGV,,,,Android G6,100.0,,,,,21600.0
002,53,2020-02-21T14:28:35,EGV,,,,Android G6,99.0,,,,,21900.0
002,54,2020-02-21T14:33:35,EGV,,,,Android G6,99.0,,,,,22200.0
002,55,2020-02-21T14:38:34,EGV,,,,Android G6,104.0,,,,,22500.0
002,56,2020-02-21T14:43:34,EGV,,,,Android G6,112.0,,,,,22800.0
002,57,2020-02-21T14:48:34,EGV,,,,Android G6,121.0,,,,,23100.0
002,58,2020-02-21T14:53:34,EGV,,,,Android G6,128.0,,,,,23400.0
002,59,2020-02-21T14:58:34,EGV,,,,Android G6,132.0,,,,,23700.0
002,60,2020-02-21T15:03:34,EGV,,,,Android G6,134.0,,,,,24000.0
002,61,2020-02-21T15:08:34,EGV,,,,Android G6,135.0,,,,,24300.0
002,62,2020-02-21T15:13:34,EGV,,,,Android G6,135.0,,,,,24600.0
002,63,2020-02-21T15:18:34,EGV,,,,Android G6,132.0,,,,,24900.0
002,64,2020-02-21T15:23:34,EGV,,,,Android G6,129.0,,,,,25200.0
002,65,2020-02-21T15:28:34,EGV,,,,Android G6,126.0,,,,,25500.0
002,66,2020-02-21T15:33:35,EGV,,,,Android G6,125.0,,,,,25800.0
002,67,2020-02-21T15:38:34,EGV,,,,Android G6,127.0,,,,,26100.0
002,68,2020-02-21T15:43:34,EGV,,,,Android G6,130.0,,,,,26400.0
002,69,2020-02-21T15:48:34,EGV,,,,Android G6,133.0,,,,,26700.0
002,70,2020-02-21T15:53:34,EGV,,,,Android G6,134.0,,,,,27000.0
002,71,2020-02-21T15:58:34,EGV,,,,Android G6,135.0,,,,,27300.0
002,72,2020-02-21T16:03:34,EGV,,,,Android G6,136.0,,,,,27600.0
002,73,2020-02-21T16:08:34,EGV,,,,Android G6,139.0,,,,,27900.0
002,74,2020-02-21T16:13:34,EGV,,,,Android G6,143.0,,,,,28200.0
002,75,2020-02-21T16:18:34,EGV,,,,Android G6,148.0,,,,,28500.0
002,76,2020-02-21T16:23:34,EGV,,,,Android G6,151.0,,,,,28800.0
002,77,2020-02-21T16:28:34,EGV,,,,Android G6,153.0,,,,,29100.0
002,78,2020-02-21T16:33:34,EGV,,,,Android G6,154.0,,,,,29400.0
002,79,2020-02-21T16:38:35,EGV,,,,Android G6,155.0,,,,,29700.0
002,80,2020-02-21T16:43:34,EGV,,,,Android G6,154.0,,,,,30000.0
002,81,2020-02-21T16:48:34,EGV,,,,Android G6,151.0,,,,,30300.0
002,82,2020-02-21T16:53:34,EGV,,,,Android G6,148.0,,,,,30600.0
002,83,2020-02-21T16:58:34,EGV,,,,Android G6,145.0,,,,,30900.0
002,84,2020-02-21T17:03:35,EGV,,,,Android G6,144.0,,,,,31200.0
002,85,2020-02-21T17:08:34,EGV,,,,Android G6,143.0,,,,,31500.0
002,86,2020-02-21T17:13:34,EGV,,,,Android G6,144.0,,,,,31800.0
002,87,2020-02-21T17:18:35,EGV,,,,Android G6,146.0,,,,,32100.0
002,88,2020-02-21T17:23:35,EGV,,,,Android G6,146.0,,,,,32400.0
002,89,2020-02-21T17:28:35,EGV,,,,Android G6,145.0,,,,,32700.0
002,90,2020-02-21T17:33:35,EGV,,,,Android G6,143.0,,,,,33000.0
002,91,2020-02-21T17:38:34,EGV,,,,Android G6,144.0,,,,,33300.0
002,92,2020-02-21T17:43:34,EGV,,,,Android G6,145.0,,,,,33600.0
002,93,2020-02-21T17:48:34,EGV,,,,Android G6,143.0,,,,,33900.0
002,94,2020-02-21T17:53:34,EGV,,,,Android G6,140.0,,,,,34200.0
002,95,2020-02-21T17:58:34,EGV,,,,Android G6,136.0,,,,,34500.0
002,96,2020-02-21T18:03:34,EGV,,,,Android G6,133.0,,,,,34800.0
002,97,2020-02-21T18:08:34,EGV,,,,Android G6,128.0,,,,,35100.0
002,98,2020-02-21T18:13:34,EGV,,,,Android G6,123.0,,,,,35400.0
002,99,2020-02-21T18:18:35,EGV,,,,Android G6,120.0,,,,,35700.0
002,100,2020-02-21T18:23:34,EGV,,,,Android G6,118.0,,,,,36000.0
002,101,2020-02-21T18:28:34,EGV,,,,Android G6,117.0,,,,,36300.0
002,102,2020-02-21T18:33:34,EGV,,,,Android G6,115.0,,,,,36600.0
002,103,2020-02-21T18:38:34,EGV,,,,Android G6,117.0,,,,,36900.0
002,104,2020-02-21T18:43:35,EGV,,,,Android G6,123.0,,,,,37200.0
002,105,2020-02-21T18:48:35,EGV,,,,Android G6,133.0,,,,,37500.0
002,106,2020-02-21T18:53:35,EGV,,,,Android G6,142.0,,,,,37800.0
002,107,2020-02-21T18:58:35,EGV,,,,Android G6,148.0,,,,,38100.0
002,108,2020-02-21T19:03:35,EGV,,,,Android G6,150.0,,,,,38400.0
002,109,2020-02-21T19:08:34,EGV,,,,Android G6,149.0,,,,,38700.0
002,110,2020-02-21T19:13:35,EGV,,,,Android G6,146.0,,,,,39000.0
002,111,2020-02-21T19:18:35,EGV,,,,Android G6,143.0,,,,,39300.0
002,112,2020-02-21T19:23:34,EGV,,,,Android G6,141.0,,,,,39600.0
002,113,2020-02-21T19:28:35,EGV,,,,Android G6,137.0,,,,,39900.0
002,114,2020-02-21T19:33:35,EGV,,,,Android G6,131.0,,,,,40200.0
002,115,2020-02-21T19:38:35,EGV,,,,Android G6,124.0,,,,,40500.0
002,116,2020-02-21T19:43:35,EGV,,,,Android G6,117.0,,,,,40800.0
002,117,2020-02-21T19:48:35,EGV,,,,Android G6,111.0,,,,,41100.0
002,118,2020-02-21T19:53:35,EGV,,,,Android G6,105.0,,,,,41400.0
002,119,2020-02-21T19:58:34,EGV,,,,Android G6,101.0,,,,,41700.0
002,120,2020-02-21T20:03:35,EGV,,,,Android G6,98.0,,,,,42000.0
002,121,2020-02-21T20:08:34,EGV,,,,Android G6,97.0,,,,,42300.0
002,122,2020-02-21T20:13:34,EGV,,,,Android G6,98.0,,,,,42600.0
002,123,2020-02-21T20:18:35,EGV,,,,Android G6,100.0,,,,,42900.0
002,124,2020-02-21T20:23:34,EGV,,,,Android G6,101.0,,,,,43200.0
002,125,2020-02-21T20:28:35,EGV,,,,Android G6,104.0,,,,,43500.0
002,126,2020-02-21T20:33:35,EGV,,,,Android G6,107.0,,,,,43800.0
002,127,2020-02-21T20:38:35,EGV,,,,Android G6,111.0,,,,,44100.0
002,128,2020-02-21T20:43:35,EGV,,,,Android G6,113.0,,,,,44400.0
002,129,2020-02-21T20:48:35,EGV,,,,Android G6,116.0,,,,,44700.0
002,130,2020-02-21T20:53:35,EGV,,,,Android G6,119.0,,,,,45000.0
002,131,2020-02-21T20:58:35,EGV,,,,Android G6,122.0,,,,,45300.0
002,132,2020-02-21T21:03:35,EGV,,,,Android G6,126.0,,,,,45600.0
002,133,2020-02-21T21:08:35,EGV,,,,Android G6,131.0,,,,,45900.0
002,134,2020-02-21T21:13:35,EGV,,,,Android G6,136.0,,,,,46200.0
002,135,2020-02-21T21:18:35,EGV,,,,Android G6,138.0,,,,,46500.0
002,136,2020-02-21T21:23:35,EGV,,,,Android G6,138.0,,,,,46800.0
002,137,2020-02-21T21:28:35,EGV,,,,Android G6,136.0,,,,,47100.0
002,138,2020-02-21T21:33:35,EGV,,,,Android G6,134.0,,,,,47400.0
002,139,2020-02-21T21:38:35,EGV,,,,Android G6,131.0,,,,,47700.0
002,140,2020-02-21T21:43:35,EGV,,,,Android G6,130.0,,,,,48000.0
002,141,2020-02-21T21:48:35,EGV,,,,Android G6,131.0,,,,,48300.0
002,142,2020-02-21T21:53:35,EGV,,,,Android G6,132.0,,,,,48600.0
002,143,2020-02-21T21:58:35,EGV,,,,Android G6,130.0,,,,,48900.0
002,144,2020-02-21T22:03:35,EGV,,,,Android G6,124.0,,,,,49200.0
002,145,2020-02-21T22:08:35,EGV,,,,Android G6,119.0,,,,,49500.0
002,146,2020-02-21T22:13:35,EGV,,,,Android G6,113.0,,,,,49800.0
002,147,2020-02-21T22:18:35,EGV,,,,Android G6,110.0,,,,,50100.0
002,148,2020-02-21T22:23:35,EGV,,,,Android G6,109.0,,,,,50400.0
002,149,2020-02-21T22:28:35,EGV,,,,Android G6,111.0,,,,,50700.0
002,150,2020-02-21T22:33:35,EGV,,,,Android G6,115.0,,,,,51000.0
002,151,2020-02-21T22:38:35,EGV,,,,Android G6,120.0,,,,,51300.0
002,152,2020-02-21T22:43:35,EGV,,,,Android G6,126.0,,,,,51600.0
002,153,2020-02-21T22:48:35,EGV,,,,Android G6,133.0,,,,,51900.0
002,154,2020-02-21T22:53:35,EGV,,,,Android G6,139.0,,,,,52200.0
002,155,2020-02-21T22:58:34,EGV,,,,Android G6,144.0,,,,,52500.0
002,156,2020-02-21T23:03:34,EGV,,,,Android G6,146.0,,,,,52800.0
002,157,2020-02-21T23:08:35,EGV,,,,Android G6,148.0,,,,,53100.0
002,158,2020-02-21T23:13:35,EGV,,,,Android G6,146.0,,,,,53400.0
002,159,2020-02-21T23:18:34,EGV,,,,Android G6,142.0,,,,,53700.0
002,160,2020-02-21T23:23:35,EGV,,,,Android G6,137.0,,,,,54000.0
002,161,2020-02-21T23:28:35,EGV,,,,Android G6,135.0,,,,,54300.0
002,162,2020-02-21T23:33:35,EGV,,,,Android G6,135.0,,,,,54600.0
002,163,2020-02-21T23:38:35,EGV,,,,Android G6,135.0,,,,,54900.0
002,164,2020-02-21T23:43:34,EGV,,,,Android G6,137.0,,,,,55200.0
002,165,2020-02-21T23:48:35,EGV,,,,Android G6,141.0,,,,,55500.0
002,166,2020-02-21T23:53:35,EGV,,,,Android G6,147.0,,,,,55800.0
002,167,2020-02-21T23:58:34,EGV,,,,Android G6,155.0,,,,,56100.0
002,168,2020-02-22T00:03:35,EGV,,,,Android G6,158.0,,,,,56400.0
002,169,2020-02-22T00:08:34,EGV,,,,Android G6,157.0,,,,,56700.0
002,170,2020-02-22T00:13:35,EGV,,,,Android G6,149.0,,,,,57000.0
002,171,2020-02-22T00:18:34,EGV,,,,Android G6,142.0,,,,,57300.0
002,172,2020-02-22T00:23:35,EGV,,,,Android G6,144.0,,,,,57600.0
002,173,2020-02-22T00:28:35,EGV,,,,Android G6,148.0,,,,,57900.0
002,174,2020-02-22T00:33:35,EGV,,,,Android G6,156.0,,,,,58200.0
002,175,2020-02-22T00:38:35,EGV,,,,Android G6,158.0,,,,,58500.0
002,176,2020-02-22T00:43:35,EGV,,,,Android G6,158.0,,,,,58800.0
002,177,2020-02-22T00:48:35,EGV,,,,Android G6,156.0,,,,,59100.0
002,178,2020-02-22T00:53:35,EGV,,,,Android G6,151.0,,,,,59400.0
002,179,2020-02-22T00:58:35,EGV,,,,Android G6,147.0,,,,,59700.0
002,180,2020-02-22T01:03:34,EGV,,,,Android G6,142.0,,,,,59999.0
002,181,2020-02-22T01:08:33,EGV,,,,Android G6,138.0,,,,,60299.0
002,182,2020-02-22T01:13:34,EGV,,,,Android G6,134.0,,,,,60599.0
002,183,2020-02-22T01:18:34,EGV,,,,Android G6,133.0,,,,,60899.0
002,184,2020-02-22T01:23:33,EGV,,,,Android G6,134.0,,,,,61199.0
002,185,2020-02-22T01:28:33,EGV,,,,Android G6,137.0,,,,,61499.0
002,186,2020-02-22T01:33:33,EGV,,,,Android G6,141.0,,,,,61799.0
002,187,2020-02-22T01:38:33,EGV,,,,Android G6,143.0,,,,,62099.0
002,188,2020-02-22T01:43:33,EGV,,,,Android G6,143.0,,,,,62399.0
002,189,2020-02-22T01:48:33,EGV,,,,Android G6,142.0,,,,,62699.0
002,190,2020-02-22T01:53:34,EGV,,,,Android G6,140.0,,,,,62999.0
002,191,2020-02-22T01:58:34,EGV,,,,Android G6,138.0,,,,,63299.0
002,192,2020-02-22T02:03:34,EGV,,,,Android G6,138.0,,,,,63599.0
002,193,2020-02-22T02:08:34,EGV,,,,Android G6,142.0,,,,,63899.0
002,194,2020-02-22T02:13:33,EGV,,,,Android G6,148.0,,,,,64199.0
002,195,2020-02-22T02:18:34,EGV,,,,Android G6,154.0,,,,,64499.0
002,196,2020-02-22T02:23:34,EGV,,,,Android G6,157.0,,,,,64799.0
002,197,2020-02-22T02:28:34,EGV,,,,Android G6,161.0,,,,,65099.0
002,198,2020-02-22T02:33:33,EGV,,,,Android G6,164.0,,,,,65399.0
002,199,2020-02-22T02:38:34,EGV,,,,Android G6,166.0,,,,,65699.0
002,200,2020-02-22T02:43:34,EGV,,,,Android G6,167.0,,,,,65999.0
002,201,2020-02-22T02:48:34,EGV,,,,Android G6,167.0,,,,,66299.0
002,202,2020-02-22T02:53:34,EGV,,,,Android G6,168.0,,,,,66599.0
002,203,2020-02-22T02:58:34,EGV,,,,Android G6,165.0,,,,,66899.0
002,204,2020-02-22T03:03:34,EGV,,,,Android G6,162.0,,,,,67199.0
002,205,2020-02-22T03:08:34,EGV,,,,Android G6,159.0,,,,,67499.0
002,206,2020-02-22T03:13:34,EGV,,,,Android G6,159.0,,,,,67799.0
002,207,2020-02-22T03:18:34,EGV,,,,Android G6,160.0,,,,,68099.0
002,208,2020-02-22T03:23:34,EGV,,,,Android G6,159.0,,,,,68399.0
002,209,2020-02-22T03:28:35,EGV,,,,Android G6,159.0,,,,,68699.0
002,210,2020-02-22T03:33:34,EGV,,,,Android G6,159.0,,,,,68999.0
002,211,2020-02-22T03:38:34,EGV,,,,Android G6,160.0,,,,,69299.0
002,212,2020-02-22T03:43:34,EGV,,,,Android G6,158.0,,,,,69599.0
002,213,2020-02-22T03:48:34,EGV,,,,Android G6,156.0,,,,,69899.0
002,214,2020-02-22T03:53:34,EGV,,,,Android G6,155.0,,,,,70199.0
002,215,2020-02-22T03:58:33,EGV,,,,Android G6,156.0,,,,,70499.0
002,216,2020-02-22T04:03:33,EGV,,,,Android G6,155.0,,,,,70799.0
002,217,2020-02-22T04:08:33,EGV,,,,Android G6,154.0,,,,,71099.0
002,218,2020-02-22T04:13:34,EGV,,,,Android G6,152.0,,,,,71399.0
002,219,2020-02-22T04:18:34,EGV,,,,Android G6,150.0,,,,,71699.0
002,220,2020-02-22T04:23:34,EGV,,,,Android G6,148.0,,,,,71999.0
002,221,2020-02-22T04:28:34,EGV,,,,Android G6,147.0,,,,,72299.0
002,222,2020-02-22T04:33:34,EGV,,,,Android G6,148.0,,,,,72599.0
002,223,2020-02-22T04:38:34,EGV,,,,Android G6,151.0,,,,,72899.0
002,224,2020-02-22T04:43:34,EGV,,,,Android G6,153.0,,,,,73199.0
002,225,2020-02-22T04:48:34,EGV,,,,Android G6,153.0,,,,,73499.0
002,226,2020-02-22T04:53:34,EGV,,,,Android G6,154.0,,,,,73799.0
002,227,2020-02-22T04:58:34,EGV,,,,Android G6,154.0,,,,,74099.0
002,228,2020-02-22T05:03:34,EGV,,,,Android G6,155.0,,,,,74399.0
002,229,2020-02-22T05:08:34,EGV,,,,Android G6,153.0,,,,,74699.0
002,230,2020-02-22T05:13:34,EGV,,,,Android G6,151.0,,,,,74999.0
002,231,2020-02-22T05:18:34,EGV,,,,Android G6,149.0,,,,,75299.0
002,232,2020-02-22T05:23:34,EGV,,,,Android G6,148.0,,,,,75599.0
002,233,2020-02-22T05:28:34,EGV,,,,Android G6,148.0,,,,,75899.0
002,234,2020-02-22T05:33:34,EGV,,,,Android G6,146.0,,,,,76199.0
002,235,2020-02-22T05:38:34,EGV,,,,Android G6,143.0,,,,,76499.0
002,236,2020-02-22T05:43:34,EGV,,,,Android G6,138.0,,,,,76799.0
002,237,2020-02-22T05:48:34,EGV,,,,Android G6,132.0,,,,,77099.0
002,238,2020-02-22T05:53:33,EGV,,,,Android G6,128.0,,,,,77399.0
002,239,2020-02-22T05:58:34,EGV,,,,Android G6,123.0,,,,,77699.0
002,240,2020-02-22T06:03:34,EGV,,,,Android G6,123.0,,,,,77999.0
002,241,2020-02-22T06:08:34,EGV,,,,Android G6,125.0,,,,,78299.0
002,242,2020-02-22T06:13:34,EGV,,,,Android G6,129.0,,,,,78599.0
002,243,2020-02-22T06:18:34,EGV,,,,Android G6,136.0,,,,,78899.0
002,244,2020-02-22T06:23:34,EGV,,,,Android G6,145.0,,,,,79199.0
002,245,2020-02-22T06:28:34,EGV,,,,Android G6,155.0,,,,,79499.0
002,246,2020-02-22T06:33:33,EGV,,,,Android G6,166.0,,,,,79799.0
002,247,2020-02-22T06:38:33,EGV,,,,Android G6,177.0,,,,,80099.0
002,248,2020-02-22T06:43:34,EGV,,,,Android G6,189.0,,,,,80399.0
002,249,2020-02-22T06:48:34,EGV,,,,Android G6,195.0,,,,,80699.0
002,250,2020-02-22T06:53:34,EGV,,,,Android G6,197.0,,,,,80999.0
002,251,2020-02-22T06:58:33,EGV,,,,Android G6,191.0,,,,,81299.0
002,252,2020-02-22T07:03:34,EGV,,,,Android G6,177.0,,,,,81599.0
002,253,2020-02-22T07:08:33,EGV,,,,Android G6,155.0,,,,,81899.0
002,254,2020-02-22T07:13:34,EGV,,,,Android G6,127.0,,,,,82199.0
002,255,2020-02-22T07:18:34,EGV,,,,Android G6,104.0,,,,,82499.0
002,256,2020-02-22T07:23:34,EGV,,,,Android G6,88.0,,,,,82799.0
002,257,2020-02-22T07:28:34,EGV,,,,Android G6,84.0,,,,,83099.0
002,258,2020-02-22T07:33:34,EGV,,,,Android G6,87.0,,,,,83399.0
002,259,2020-02-22T07:38:34,EGV,,,,Android G6,95.0,,,,,83699.0
002,260,2020-02-22T07:43:35,EGV,,,,Android G6,107.0,,,,,83999.0
002,261,2020-02-22T07:48:35,EGV,,,,Android G6,119.0,,,,,84299.0
002,262,2020-02-22T07:53:35,EGV,,,,Android G6,130.0,,,,,84599.0
002,263,2020-02-22T07:58:35,EGV,,,,Android G6,136.0,,,,,84899.0
002,264,2020-02-22T08:03:35,EGV,,,,Android G6,138.0,,,,,85199.0
002,265,2020-02-22T08:08:35,EGV,,,,Android G6,137.0,,,,,85499.0
002,266,2020-02-22T08:13:35,EGV,,,,Android G6,136.0,,,,,85799.0
002,267,2020-02-22T08:18:34,EGV,,,,Android G6,134.0,,,,,86099.0
002,268,2020-02-22T08:23:34,EGV,,,,Android G6,129.0,,,,,86399.0
002,269,2020-02-22T08:28:34,EGV,,,,Android G6,121.0,,,,,86699.0
002,270,2020-02-22T08:33:34,EGV,,,,Android G6,113.0,,,,,86999.0
002,271,2020-02-22T08:38:34,EGV,,,,Android G6,107.0,,,,,87299.0
002,272,2020-02-22T08:43:34,EGV,,,,Android G6,108.0,,,,,87599.0
002,273,2020-02-22T08:48:34,EGV,,,,Android G6,114.0,,,,,87899.0
002,274,2020-02-22T08:53:34,EGV,,,,Android G6,122.0,,,,,88199.0
002,275,2020-02-22T08:58:34,EGV,,,,Android G6,125.0,,,,,88499.0
002,276,2020-02-22T09:03:34,EGV,,,,Android G6,122.0,,,,,88799.0
002,277,2020-02-22T09:08:34,EGV,,,,Android G6,115.0,,,,,89099.0
002,278,2020-02-22T09:13:34,EGV,,,,Android G6,110.0,,,,,89399.0
002,279,2020-02-22T09:18:34,EGV,,,,Android G6,108.0,,,,,89699.0
002,280,2020-02-22T09:23:34,EGV,,,,Android G6,108.0,,,,,89999.0
002,281,2020-02-22T09:28:34,EGV,,,,Android G6,108.0,,,,,90299.0
002,282,2020-02-22T09:33:34,EGV,,,,Android G6,108.0,,,,,90599.0
002,283,2020-02-22T09:38:35,EGV,,,,Android G6,108.0,,,,,90899.0
002,284,2020-02-22T09:43:34,EGV,,,,Android G6,108.0,,,,,91199.0
002,285,2020-02-22T09:48:33,EGV,,,,Android G6,109.0,,,,,91499.0
002,286,2020-02-22T09:53:33,EGV,,,,Android G6,111.0,,,,,91799.0
002,287,2020-02-22T09:58:33,EGV,,,,Android G6,113.0,,,,,92099.0
002,288,2020-02-22T10:03:33,EGV,,,,Android G6,113.0,,,,,92399.0
002,289,2020-02-22T10:08:33,EGV,,,,Android G6,111.0,,,,,92699.0
002,290,2020-02-22T10:13:32,EGV,,,,Android G6,109.0,,,,,92999.0
002,291,2020-02-22T10:18:35,EGV,,,,Android G6,107.0,,,,,93299.0
002,292,2020-02-22T10:23:33,EGV,,,,Android G6,104.0,,,,,93599.0
002,293,2020-02-22T10:28:33,EGV,,,,Android G6,101.0,,,,,93899.0
002,294,2020-02-22T10:33:33,EGV,,,,Android G6,100.0,,,,,94199.0
002,295,2020-02-22T10:38:34,EGV,,,,Android G6,99.0,,,,,94499.0
002,296,2020-02-22T10:43:34,EGV,,,,Android G6,100.0,,,,,94799.0
002,297,2020-02-22T10:48:34,EGV,,,,Android G6,101.0,,,,,95099.0
002,298,2020-02-22T10:53:34,EGV,,,,Android G6,103.0,,,,,95399.0
002,299,2020-02-22T10:58:34,EGV,,,,Android G6,105.0,,,,,95699.0
002,300,2020-02-22T11:03:34,EGV,,,,Android G6,108.0,,,,,95999.0
002,301,2020-02-22T11:08:34,EGV,,,,Android G6,110.0,,,,,96299.0
002,302,2020-02-22T11:13:34,EGV,,,,Android G6,111.0,,,,,96599.0
002,303,2020-02-22T11:18:34,EGV,,,,Android G6,109.0,,,,,96899.0
002,304,2020-02-22T11:23:34,EGV,,,,Android G6,107.0,,,,,97199.0
002,305,2020-02-22T11:28:34,EGV,,,,Android G6,106.0,,,,,97499.0
002,306,2020-02-22T11:33:34,EGV,,,,Android G6,106.0,,,,,97799.0
002,307,2020-02-22T11:38:35,EGV,,,,Android G6,105.0,,,,,98099.0
002,308,2020-02-22T11:43:34,EGV,,,,Android G6,104.0,,,,,98399.0
002,309,2020-02-22T11:48:34,EGV,,,,Android G6,104.0,,,,,98699.0
002,310,2020-02-22T11:53:33,EGV,,,,Android G6,105.0,,,,,98999.0
002,311,2020-02-22T11:58:33,EGV,,,,Android G6,105.0,,,,,99299.0
002,312,2020-02-22T12:03:33,EGV,,,,Android G6,105.0,,,,,99599.0
002,313,2020-02-22T12:08:35,EGV,,,,Android G6,105.0,,,,,99899.0
002,314,2020-02-22T12:13:34,EGV,,,,Android G6,106.0,,,,,100199.0
002,315,2020-02-22T12:18:33,EGV,,,,Android G6,107.0,,,,,100499.0
002,316,2020-02-22T12:23:33,EGV,,,,Android G6,107.0,,,,,100799.0
002,317,2020-02-22T12:28:34,EGV,,,,Android G6,107.0,,,,,101099.0
002,318,2020-02-22T12:33:34,EGV,,,,Android G6,109.0,,,,,101399.0
002,319,2020-02-22T12:38:34,EGV,,,,Android G6,111.0,,,,,101699.0
002,320,2020-02-22T12:43:33,EGV,,,,Android G6,112.0,,,,,101999.0
002,321,2020-02-22T12:48:32,EGV,,,,Android G6,114.0,,,,,102299.0
002,322,2020-02-22T12:53:33,EGV,,,,Android G6,114.0,,,,,102599.0
002,323,2020-02-22T12:58:33,EGV,,,,Android G6,115.0,,,,,102899.0
002,324,2020-02-22T13:03:33,EGV,,,,Android G6,116.0,,,,,103199.0
002,325,2020-02-22T13:08:32,EGV,,,,Android G6,117.0,,,,,103499.0
002,326,2020-02-22T13:13:32,EGV,,,,Android G6,117.0,,,,,103799.0
002,327,2020-02-22T13:18:33,EGV,,,,Android G6,116.0,,,,,104099.0
002,328,2020-02-22T13:23:33,EGV,,,,Android G6,114.0,,,,,104399.0
002,329,2020-02-22T13:28:32,EGV,,,,Android G6,113.0,,,,,104699.0
002,330,2020-02-22T13:33:33,EGV,,,,Android G6,112.0,,,,,104999.0
002,331,2020-02-22T13:38:32,EGV,,,,Android G6,112.0,,,,,105299.0
002,332,2020-02-22T13:43:33,EGV,,,,Android G6,111.0,,,,,105599.0
002,333,2020-02-22T13:48:32,EGV,,,,Android G6,110.0,,,,,105899.0
002,334,2020-02-22T13:53:34,EGV,,,,Android G6,111.0,,,,,106199.0
002,335,2020-02-22T13:58:35,EGV,,,,Android G6,118.0,,,,,106499.0
002,336,2020-02-22T14:03:34,EGV,,,,Android G6,133.0,,,,,106799.0
002,337,2020-02-22T14:08:34,EGV,,,,Android G6,153.0,,,,,107098.0
002,338,2020-02-22T14:13:33,EGV,,,,Android G6,174.0,,,,,107398.0
002,339,2020-02-22T14:18:33,EGV,,,,Android G6,186.0,,,,,107698.0
002,340,2020-02-22T14:23:34,EGV,,,,Android G6,193.0,,,,,107998.0
002,341,2020-02-22T14:28:33,EGV,,,,Android G6,190.0,,,,,108298.0
002,342,2020-02-22T14:33:34,EGV,,,,Android G6,180.0,,,,,108598.0
002,343,2020-02-22T14:38:33,EGV,,,,Android G6,161.0,,,,,108898.0
002,344,2020-02-22T14:43:33,EGV,,,,Android G6,138.0,,,,,109198.0
002,345,2020-02-22T14:48:34,EGV,,,,Android G6,118.0,,,,,109498.0
002,346,2020-02-22T14:53:33,EGV,,,,Android G6,105.0,,,,,109798.0
002,347,2020-02-22T14:58:34,EGV,,,,Android G6,98.0,,,,,110098.0
002,348,2020-02-22T15:03:34,EGV,,,,Android G6,94.0,,,,,110398.0
002,349,2020-02-22T15:08:33,EGV,,,,Android G6,93.0,,,,,110698.0
002,350,2020-02-22T15:13:34,EGV,,,,Android G6,94.0,,,,,110998.0
002,351,2020-02-22T15:18:33,EGV,,,,Android G6,97.0,,,,,111298.0
002,352,2020-02-22T15:23:33,EGV,,,,Android G6,98.0,,,,,111598.0
002,353,2020-02-22T15:28:33,EGV,,,,Android G6,99.0,,,,,111898.0
002,354,2020-02-22T15:33:34,EGV,,,,Android G6,100.0,,,,,112198.0
002,355,2020-02-22T15:38:34,EGV,,,,Android G6,101.0,,,,,112498.0
002,356,2020-02-22T15:43:34,EGV,,,,Android G6,102.0,,,,,112798.0
002,357,2020-02-22T15:48:33,EGV,,,,Android G6,104.0,,,,,113098.0
002,358,2020-02-22T15:53:33,EGV,,,,Android G6,105.0,,,,,113398.0
002,359,2020-02-22T15:58:33,EGV,,,,Android G6,105.0,,,,,113698.0
002,360,2020-02-22T16:03:34,EGV,,,,Android G6,104.0,,,,,113998.0
002,361,2020-02-22T16:08:33,EGV,,,,Android G6,103.0,,,,,114298.0
002,362,2020-02-22T16:13:33,EGV,,,,Android G6,103.0,,,,,114598.0
002,363,2020-02-22T16:18:33,EGV,,,,Android G6,105.0,,,,,114898.0
002,364,2020-02-22T16:23:33,EGV,,,,Android G6,112.0,,,,,115198.0
002,365,2020-02-22T16:28:33,EGV,,,,Android G6,124.0,,,,,115498.0
002,366,2020-02-22T16:33:33,EGV,,,,Android G6,137.0,,,,,115798.0
002,367,2020-02-22T16:38:33,EGV,,,,Android G6,149.0,,,,,116098.0
002,368,2020-02-22T16:43:33,EGV,,,,Android G6,156.0,,,,,116398.0
002,369,2020-02-22T16:48:33,EGV,,,,Android G6,155.0,,,,,116698.0
002,370,2020-02-22T16:53:33,EGV,,,,Android G6,147.0,,,,,116998.0
002,371,2020-02-22T16:58:33,EGV,,,,Android G6,133.0,,,,,117298.0
002,372,2020-02-22T17:03:33,EGV,,,,Android G6,119.0,,,,,117598.0
002,373,2020-02-22T17:08:33,EGV,,,,Android G6,107.0,,,,,117898.0
002,374,2020-02-22T17:13:33,EGV,,,,Android G6,98.0,,,,,118198.0
002,375,2020-02-22T17:18:33,EGV,,,,Android G6,95.0,,,,,118498.0
002,376,2020-02-22T17:23:33,EGV,,,,Android G6,96.0,,,,,118798.0
002,377,2020-02-22T17:28:33,EGV,,,,Android G6,100.0,,,,,119098.0
002,378,2020-02-22T17:33:33,EGV,,,,Android G6,103.0,,,,,119398.0
002,379,2020-02-22T17:38:33,EGV,,,,Android G6,106.0,,,,,119698.0
002,380,2020-02-22T17:43:33,EGV,,,,Android G6,109.0,,,,,119998.0
002,381,2020-02-22T17:48:33,EGV,,,,Android G6,112.0,,,,,120298.0
002,382,2020-02-22T17:53:33,EGV,,,,Android G6,114.0,,,,,120598.0
002,383,2020-02-22T17:58:33,EGV,,,,Android G6,113.0,,,,,120898.0
002,384,2020-02-22T18:03:33,EGV,,,,Android G6,110.0,,,,,121198.0
002,385,2020-02-22T18:08:33,EGV,,,,Android G6,104.0,,,,,121498.0
002,386,2020-02-22T18:13:33,EGV,,,,Android G6,97.0,,,,,121798.0
002,387,2020-02-22T18:18:33,EGV,,,,Android G6,92.0,,,,,122098.0
002,388,2020-02-22T18:23:33,EGV,,,,Android G6,89.0,,,,,122398.0
002,389,2020-02-22T18:28:33,EGV,,,,Android G6,87.0,,,,,122698.0
002,390,2020-02-22T18:33:33,EGV,,,,Android G6,87.0,,,,,122998.0
002,391,2020-02-22T18:38:34,EGV,,,,Android G6,90.0,,,,,123298.0
002,392,2020-02-22T18:43:34,EGV,,,,Android G6,98.0,,,,,123598.0
002,393,2020-02-22T18:48:34,EGV,,,,Android G6,106.0,,,,,123898.0
002,394,2020-02-22T18:53:34,EGV,,,,Android G6,115.0,,,,,124198.0
002,395,2020-02-22T18:58:33,EGV,,,,Android G6,123.0,,,,,124498.0
002,396,2020-02-22T19:03:34,EGV,,,,Android G6,130.0,,,,,124798.0
002,397,2020-02-22T19:08:34,EGV,,,,Android G6,136.0,,,,,125098.0
002,398,2020-02-22T19:13:33,EGV,,,,Android G6,139.0,,,,,125398.0
002,399,2020-02-22T19:18:33,EGV,,,,Android G6,140.0,,,,,125698.0
002,400,2020-02-22T19:23:34,EGV,,,,Android G6,137.0,,,,,125998.0
002,401,2020-02-22T19:28:34,EGV,,,,Android G6,133.0,,,,,126298.0
002,402,2020-02-22T19:33:34,EGV,,,,Android G6,128.0,,,,,126598.0
002,403,2020-02-22T19:38:33,EGV,,,,Android G6,125.0,,,,,126898.0
002,404,2020-02-22T19:43:34,EGV,,,,Android G6,122.0,,,,,127198.0
002,405,2020-02-22T19:48:33,EGV,,,,Android G6,120.0,,,,,127498.0
002,406,2020-02-22T19:53:33,EGV,,,,Android G6,119.0,,,,,127798.0
002,407,2020-02-22T19:58:33,EGV,,,,Android G6,119.0,,,,,128098.0
002,408,2020-02-22T20:03:33,EGV,,,,Android G6,120.0,,,,,128398.0
002,409,2020-02-22T20:08:33,EGV,,,,Android G6,121.0,,,,,128698.0
002,410,2020-02-22T20:13:33,EGV,,,,Android G6,121.0,,,,,128998.0
002,411,2020-02-22T20:18:33,EGV,,,,Android G6,121.0,,,,,129298.0
002,412,2020-02-22T20:23:33,EGV,,,,Android G6,121.0,,,,,129598.0
002,413,2020-02-22T20:28:33,EGV,,,,Android G6,122.0,,,,,129898.0
002,414,2020-02-22T20:33:32,EGV,,,,Android G6,122.0,,,,,130198.0
002,415,2020-02-22T20:38:33,EGV,,,,Android G6,121.0,,,,,130498.0
002,416,2020-02-22T20:43:33,EGV,,,,Android G6,117.0,,,,,130798.0
002,417,2020-02-22T20:48:33,EGV,,,,Android G6,109.0,,,,,131098.0
002,418,2020-02-22T20:53:34,EGV,,,,Android G6,101.0,,,,,131398.0
002,419,2020-02-22T20:58:33,EGV,,,,Android G6,95.0,,,,,131698.0
002,420,2020-02-22T21:03:33,EGV,,,,Android G6,96.0,,,,,131998.0
002,421,2020-02-22T21:08:33,EGV,,,,Android G6,103.0,,,,,132298.0
002,422,2020-02-22T21:13:33,EGV,,,,Android G6,113.0,,,,,132598.0
002,423,2020-02-22T21:18:34,EGV,,,,Android G6,122.0,,,,,132898.0
002,424,2020-02-22T21:23:33,EGV,,,,Android G6,127.0,,,,,133198.0
002,425,2020-02-22T21:28:34,EGV,,,,Android G6,128.0,,,,,133498.0
002,426,2020-02-22T21:33:34,EGV,,,,Android G6,128.0,,,,,133798.0
002,427,2020-02-22T21:38:33,EGV,,,,Android G6,128.0,,,,,134098.0
002,428,2020-02-22T21:43:34,EGV,,,,Android G6,128.0,,,,,134398.0
002,429,2020-02-22T21:48:34,EGV,,,,Android G6,127.0,,,,,134698.0
002,430,2020-02-22T21:53:34,EGV,,,,Android G6,125.0,,,,,134998.0
002,431,2020-02-22T21:58:34,EGV,,,,Android G6,121.0,,,,,135298.0
002,432,2020-02-22T22:03:33,EGV,,,,Android G6,117.0,,,,,135598.0
002,433,2020-02-22T22:08:34,EGV,,,,Android G6,114.0,,,,,135898.0
002,434,2020-02-22T22:13:34,EGV,,,,Android G6,112.0,,,,,136198.0
002,435,2020-02-22T22:18:34,EGV,,,,Android G6,111.0,,,,,136498.0
002,436,2020-02-22T22:23:34,EGV,,,,Android G6,109.0,,,,,136798.0
002,437,2020-02-22T22:28:34,EGV,,,,Android G6,104.0,,,,,137098.0
002,438,2020-02-22T22:33:33,EGV,,,,Android G6,100.0,,,,,137398.0
002,439,2020-02-22T22:38:34,EGV,,,,Android G6,96.0,,,,,137698.0
002,440,2020-02-22T22:43:34,EGV,,,,Android G6,96.0,,,,,137998.0
002,441,2020-02-22T22:48:34,EGV,,,,Android G6,98.0,,,,,138298.0
002,442,2020-02-22T22:53:34,EGV,,,,Android G6,100.0,,,,,138598.0
002,443,2020-02-22T22:58:34,EGV,,,,Android G6,101.0,,,,,138898.0
002,444,2020-02-22T23:03:34,EGV,,,,Android G6,103.0,,,,,139198.0
002,445,2020-02-22T23:08:34,EGV,,,,Android G6,105.0,,,,,139498.0
002,446,2020-02-22T23:13:34,EGV,,,,Android G6,106.0,,,,,139798.0
002,447,2020-02-22T23:18:34,EGV,,,,Android G6,109.0,,,,,140098.0
002,448,2020-02-22T23:23:34,EGV,,,,Android G6,111.0,,,,,140398.0
002,449,2020-02-22T23:28:34,EGV,,,,Android G6,112.0,,,,,140698.0
002,450,2020-02-22T23:33:34,EGV,,,,Android G6,112.0,,,,,140998.0
002,451,2020-02-22T23:38:34,EGV,,,,Android G6,112.0,,,,,141298.0
002,452,2020-02-22T23:43:34,EGV,,,,Android G6,111.0,,,,,141598.0
002,453,2020-02-22T23:48:33,EGV,,,,Android G6,109.0,,,,,141898.0
002,454,2020-02-22T23:53:33,EGV,,,,Android G6,107.0,,,,,142198.0
002,455,2020-02-22T23:58:34,EGV,,,,Android G6,108.0,,,,,142498.0
002,456,2020-02-23T00:03:34,EGV,,,,Android G6,109.0,,,,,142798.0
002,457,2020-02-23T00:08:34,EGV,,,,Android G6,111.0,,,,,143098.0
002,458,2020-02-23T00:13:33,EGV,,,,Android G6,112.0,,,,,143398.0
002,459,2020-02-23T00:18:33,EGV,,,,Android G6,114.0,,,,,143698.0
002,460,2020-02-23T00:23:34,EGV,,,,Android G6,118.0,,,,,143998.0
002,461,2020-02-23T00:28:34,EGV,,,,Android G6,122.0,,,,,144298.0
002,462,2020-02-23T00:33:33,EGV,,,,Android G6,126.0,,,,,144598.0
002,463,2020-02-23T00:38:34,EGV,,,,Android G6,128.0,,,,,144898.0
002,464,2020-02-23T00:43:34,EGV,,,,Android G6,130.0,,,,,145198.0
002,465,2020-02-23T00:48:34,EGV,,,,Android G6,133.0,,,,,145498.0
002,466,2020-02-23T00:53:34,EGV,,,,Android G6,135.0,,,,,145798.0
002,467,2020-02-23T00:58:34,EGV,,,,Android G6,138.0,,,,,146098.0
002,468,2020-02-23T01:03:33,EGV,,,,Android G6,140.0,,,,,146398.0
002,469,2020-02-23T01:08:33,EGV,,,,Android G6,142.0,,,,,146698.0
002,470,2020-02-23T01:13:34,EGV,,,,Android G6,143.0,,,,,146998.0
002,471,2020-02-23T01:18:33,EGV,,,,Android G6,142.0,,,,,147298.0
002,472,2020-02-23T01:23:33,EGV,,,,Android G6,141.0,,,,,147598.0
002,473,2020-02-23T01:28:33,EGV,,,,Android G6,140.0,,,,,147898.0
002,474,2020-02-23T01:33:33,EGV,,,,Android G6,142.0,,,,,148198.0
002,475,2020-02-23T01:38:33,EGV,,,,Android G6,145.0,,,,,148498.0
002,476,2020-02-23T01:43:33,EGV,,,,Android G6,148.0,,,,,148798.0
002,477,2020-02-23T01:48:33,EGV,,,,Android G6,150.0,,,,,149098.0
002,478,2020-02-23T01:53:34,EGV,,,,Android G6,153.0,,,,,149398.0
002,479,2020-02-23T01:58:34,EGV,,,,Android G6,156.0,,,,,149698.0
002,480,2020-02-23T02:03:34,EGV,,,,Android G6,158.0,,,,,149998.0
002,481,2020-02-23T02:08:34,EGV,,,,Android G6,158.0,,,,,150298.0
002,482,2020-02-23T02:13:34,EGV,,,,Android G6,155.0,,,,,150598.0
002,483,2020-02-23T02:18:34,EGV,,,,Android G6,149.0,,,,,150898.0
002,484,2020-02-23T02:23:34,EGV,,,,Android G6,143.0,,,,,151198.0
002,485,2020-02-23T02:28:34,EGV,,,,Android G6,139.0,,,,,151498.0
002,486,2020-02-23T02:33:34,EGV,,,,Android G6,137.0,,,,,151798.0
002,487,2020-02-23T02:38:34,EGV,,,,Android G6,136.0,,,,,152098.0
002,488,2020-02-23T02:43:34,EGV,,,,Android G6,137.0,,,,,152398.0
002,489,2020-02-23T02:48:35,EGV,,,,Android G6,137.0,,,,,152698.0
002,490,2020-02-23T02:53:34,EGV,,,,Android G6,137.0,,,,,152998.0
002,491,2020-02-23T02:58:34,EGV,,,,Android G6,137.0,,,,,153298.0
002,492,2020-02-23T03:03:34,EGV,,,,Android G6,138.0,,,,,153598.0
002,493,2020-02-23T03:08:34,EGV,,,,Android G6,139.0,,,,,153898.0
002,494,2020-02-23T03:13:34,EGV,,,,Android G6,140.0,,,,,154198.0
002,495,2020-02-23T03:18:33,EGV,,,,Android G6,141.0,,,,,154497.0
002,496,2020-02-23T03:23:33,EGV,,,,Android G6,141.0,,,,,154797.0
002,497,2020-02-23T03:28:34,EGV,,,,Android G6,141.0,,,,,155097.0
002,498,2020-02-23T03:33:34,EGV,,,,Android G6,142.0,,,,,155397.0
002,499,2020-02-23T03:38:34,EGV,,,,Android G6,144.0,,,,,155697.0
003,1,,FirstName,,2019,,,,,,,,
003,2,,LastName,,003,,,,,,,,
003,3,,PatientIdentifier,,2019-003,,,,,,,,
003,4,,DateOfBirth,,1970-01-01,,,,,,,,
003,5,,Device,,,Dexcom G6 Mobile App,iPhone G6,,,,,,
003,6,,Alert,Fall,,,iPhone G6,,,,,3.0,
003,7,,Alert,High,,,iPhone G6,200.0,,,,,
003,8,,Alert,Low,,,iPhone G6,80.0,,,,,
003,9,,Alert,Signal Loss,,,iPhone G6,,,,00:20:00,,
003,10,,Alert,Rise,,,iPhone G6,,,,,3.0,
003,11,,Alert,Urgent Low,,,iPhone G6,55.0,,,,,
003,12,,Alert,Urgent Low Soon,,,iPhone G6,55.0,,,,,
003,13,2020-02-22T10:51:44,EGV,,,,iPhone G6,108.0,,,,,9001.0
003,14,2020-02-22T10:56:44,EGV,,,,iPhone G6,108.0,,,,,9301.0
003,15,2020-02-22T11:01:45,EGV,,,,iPhone G6,113.0,,,,,9601.0
003,16,2020-02-22T11:06:45,EGV,,,,iPhone G6,123.0,,,,,9901.0
003,17,2020-02-22T11:11:45,EGV,,,,iPhone G6,134.0,,,,,10201.0
003,18,2020-02-22T11:16:45,EGV,,,,iPhone G6,138.0,,,,,10501.0
003,19,2020-02-22T11:21:44,EGV,,,,iPhone G6,134.0,,,,,10801.0
003,20,2020-02-22T11:26:45,EGV,,,,iPhone G6,125.0,,,,,11101.0
003,21,2020-02-22T11:31:44,EGV,,,,iPhone G6,116.0,,,,,11401.0
003,22,2020-02-22T11:36:44,EGV,,,,iPhone G6,109.0,,,,,11701.0
003,23,2020-02-22T11:41:44,EGV,,,,iPhone G6,106.0,,,,,12001.0
003,24,2020-02-22T11:46:43,EGV,,,,iPhone G6,103.0,,,,,12300.0
003,25,2020-02-22T11:51:43,EGV,,,,iPhone G6,101.0,,,,,12600.0
003,26,2020-02-22T11:56:43,EGV,,,,iPhone G6,98.0,,,,,12900.0
003,27,2020-02-22T12:01:43,EGV,,,,iPhone G6,97.0,,,,,13200.0
003,28,2020-02-22T12:06:44,EGV,,,,iPhone G6,97.0,,,,,13500.0
003,29,2020-02-22T12:11:44,EGV,,,,iPhone G6,100.0,,,,,13800.0
003,30,2020-02-22T12:16:45,EGV,,,,iPhone G6,103.0,,,,,14100.0
003,31,2020-02-22T12:21:45,EGV,,,,iPhone G6,107.0,,,,,14400.0
003,32,2020-02-22T12:26:45,EGV,,,,iPhone G6,110.0,,,,,14700.0
003,33,2020-02-22T12:31:45,EGV,,,,iPhone G6,108.0,,,,,15000.0
003,34,2020-02-22T12:36:45,EGV,,,,iPhone G6,106.0,,,,,15300.0
003,35,2020-02-22T12:41:45,EGV,,,,iPhone G6,104.0,,,,,15600.0
003,36,2020-02-22T12:46:45,EGV,,,,iPhone G6,106.0,,,,,15900.0
003,37,2020-02-22T12:51:45,EGV,,,,iPhone G6,105.0,,,,,16200.0
003,38,2020-02-22T12:56:45,EGV,,,,iPhone G6,101.0,,,,,16500.0
003,39,2020-02-22T13:01:45,EGV,,,,iPhone G6,96.0,,,,,16800.0
003,40,2020-02-22T13:06:45,EGV,,,,iPhone G6,94.0,,,,,17100.0
003,41,2020-02-22T13:11:44,EGV,,,,iPhone G6,94.0,,,,,17400.0
003,42,2020-02-22T13:16:44,EGV,,,,iPhone G6,94.0,,,,,17700.0
003,43,2020-02-22T13:21:45,EGV,,,,iPhone G6,94.0,,,,,18000.0
003,44,2020-02-22T13:26:45,EGV,,,,iPhone G6,96.0,,,,,18300.0
003,45,2020-02-22T13:31:44,EGV,,,,iPhone G6,103.0,,,,,18600.0
003,46,2020-02-22T13:36:44,EGV,,,,iPhone G6,111.0,,,,,18900.0
003,47,2020-02-22T13:41:45,EGV,,,,iPhone G6,117.0,,,,,19200.0
003,48,2020-02-22T13:46:44,EGV,,,,iPhone G6,119.0,,,,,19500.0
003,49,2020-02-22T13:51:44,EGV,,,,iPhone G6,118.0,,,,,19800.0
003,50,2020-02-22T13:56:45,EGV,,,,iPhone G6,117.0,,,,,20100.0
003,51,2020-02-22T14:01:44,EGV,,,,iPhone G6,116.0,,,,,20400.0
003,52,2020-02-22T14:06:44,EGV,,,,iPhone G6,117.0,,,,,20700.0
003,53,2020-02-22T14:11:45,EGV,,,,iPhone G6,117.0,,,,,21000.0
003,54,2020-02-22T14:16:44,EGV,,,,iPhone G6,116.0,,,,,21300.0
003,55,2020-02-22T14:21:44,EGV,,,,iPhone G6,115.0,,,,,21600.0
003,56,2020-02-22T14:26:45,EGV,,,,iPhone G6,116.0,,,,,21900.0
003,57,2020-02-22T14:31:45,EGV,,,,iPhone G6,116.0,,,,,22200.0
003,58,2020-02-22T14:36:45,EGV,,,,iPhone G6,119.0,,,,,22500.0
003,59,2020-02-22T14:41:44,EGV,,,,iPhone G6,122.0,,,,,22800.0
003,60,2020-02-22T14:46:45,EGV,,,,iPhone G6,124.0,,,,,23100.0
003,61,2020-02-22T14:51:45,EGV,,,,iPhone G6,121.0,,,,,23400.0
003,62,2020-02-22T14:56:44,EGV,,,,iPhone G6,121.0,,,,,23700.0
003,63,2020-02-22T15:01:45,EGV,,,,iPhone G6,124.0,,,,,24000.0
003,64,2020-02-22T15:06:45,EGV,,,,iPhone G6,132.0,,,,,24300.0
003,65,2020-02-22T15:11:45,EGV,,,,iPhone G6,141.0,,,,,24600.0
003,66,2020-02-22T15:16:44,EGV,,,,iPhone G6,150.0,,,,,24900.0
003,67,2020-02-22T15:21:44,EGV,,,,iPhone G6,159.0,,,,,25200.0
003,68,2020-02-22T15:26:44,EGV,,,,iPhone G6,171.0,,,,,25500.0
003,69,2020-02-22T15:31:45,EGV,,,,iPhone G6,184.0,,,,,25800.0
003,70,2020-02-22T15:36:45,EGV,,,,iPhone G6,190.0,,,,,26100.0
003,71,2020-02-22T15:41:44,EGV,,,,iPhone G6,191.0,,,,,26400.0
003,72,2020-02-22T15:46:44,EGV,,,,iPhone G6,191.0,,,,,26700.0
003,73,2020-02-22T15:51:45,EGV,,,,iPhone G6,193.0,,,,,27000.0
003,74,2020-02-22T15:56:45,EGV,,,,iPhone G6,197.0,,,,,27300.0
003,75,2020-02-22T16:01:45,EGV,,,,iPhone G6,196.0,,,,,27600.0
003,76,2020-02-22T16:06:45,EGV,,,,iPhone G6,190.0,,,,,27900.0
003,77,2020-02-22T16:11:45,EGV,,,,iPhone G6,177.0,,,,,28200.0
003,78,2020-02-22T16:16:45,EGV,,,,iPhone G6,160.0,,,,,28500.0
003,79,2020-02-22T16:21:45,EGV,,,,iPhone G6,140.0,,,,,28800.0
003,80,2020-02-22T16:26:45,EGV,,,,iPhone G6,121.0,,,,,29100.0
003,81,2020-02-22T16:31:45,EGV,,,,iPhone G6,106.0,,,,,29400.0
003,82,2020-02-22T16:36:45,EGV,,,,iPhone G6,94.0,,,,,29700.0
003,83,2020-02-22T16:41:45,EGV,,,,iPhone G6,88.0,,,,,30000.0
003,84,2020-02-22T16:46:45,EGV,,,,iPhone G6,88.0,,,,,30300.0
003,85,2020-02-22T16:51:45,EGV,,,,iPhone G6,94.0,,,,,30600.0
003,86,2020-02-22T16:56:45,EGV,,,,iPhone G6,98.0,,,,,30900.0
003,87,2020-02-22T17:01:45,EGV,,,,iPhone G6,99.0,,,,,31200.0
003,88,2020-02-22T17:06:45,EGV,,,,iPhone G6,97.0,,,,,31500.0
003,89,2020-02-22T17:11:43,EGV,,,,iPhone G6,95.0,,,,,31800.0
003,90,2020-02-22T17:16:43,EGV,,,,iPhone G6,89.0,,,,,32100.0
003,91,2020-02-22T17:21:43,EGV,,,,iPhone G6,87.0,,,,,32400.0
003,92,2020-02-22T17:26:43,EGV,,,,iPhone G6,85.0,,,,,32700.0
003,93,2020-02-22T17:31:43,EGV,,,,iPhone G6,83.0,,,,,33000.0
003,94,2020-02-22T17:36:43,EGV,,,,iPhone G6,79.0,,,,,33300.0
003,95,2020-02-22T17:41:43,EGV,,,,iPhone G6,80.0,,,,,33600.0
003,96,2020-02-22T17:46:43,EGV,,,,iPhone G6,82.0,,,,,33900.0
003,97,2020-02-22T17:51:43,EGV,,,,iPhone G6,86.0,,,,,34200.0
003,98,2020-02-22T17:56:43,EGV,,,,iPhone G6,87.0,,,,,34500.0
003,99,2020-02-22T18:01:43,EGV,,,,iPhone G6,90.0,,,,,34800.0
003,100,2020-02-22T18:06:43,EGV,,,,iPhone G6,92.0,,,,,35100.0
003,101,2020-02-22T18:11:43,EGV,,,,iPhone G6,96.0,,,,,35400.0
003,102,2020-02-22T18:16:43,EGV,,,,iPhone G6,99.0,,,,,35700.0
003,103,2020-02-22T18:21:44,EGV,,,,iPhone G6,101.0,,,,,36000.0
003,104,2020-02-22T18:26:43,EGV,,,,iPhone G6,102.0,,,,,36300.0
003,105,2020-02-22T18:31:44,EGV,,,,iPhone G6,103.0,,,,,36600.0
003,106,2020-02-22T18:36:43,EGV,,,,iPhone G6,105.0,,,,,36900.0
003,107,2020-02-22T18:41:43,EGV,,,,iPhone G6,106.0,,,,,37200.0
003,108,2020-02-22T18:46:44,EGV,,,,iPhone G6,106.0,,,,,37500.0
003,109,2020-02-22T18:51:44,EGV,,,,iPhone G6,105.0,,,,,37800.0
003,110,2020-02-22T18:56:43,EGV,,,,iPhone G6,106.0,,,,,38100.0
003,111,2020-02-22T19:01:43,EGV,,,,iPhone G6,107.0,,,,,38400.0
003,112,2020-02-22T19:06:44,EGV,,,,iPhone G6,111.0,,,,,38700.0
003,113,2020-02-22T19:11:44,EGV,,,,iPhone G6,115.0,,,,,39000.0
003,114,2020-02-22T19:16:43,EGV,,,,iPhone G6,121.0,,,,,39300.0
003,115,2020-02-22T19:21:44,EGV,,,,iPhone G6,121.0,,,,,39600.0
003,116,2020-02-22T19:26:44,EGV,,,,iPhone G6,120.0,,,,,39900.0
003,117,2020-02-22T19:31:44,EGV,,,,iPhone G6,117.0,,,,,40200.0
003,118,2020-02-22T19:36:43,EGV,,,,iPhone G6,116.0,,,,,40500.0
003,119,2020-02-22T19:41:43,EGV,,,,iPhone G6,113.0,,,,,40800.0
003,120,2020-02-22T19:46:43,EGV,,,,iPhone G6,112.0,,,,,41100.0
003,121,2020-02-22T19:51:43,EGV,,,,iPhone G6,111.0,,,,,41400.0
003,122,2020-02-22T19:56:43,EGV,,,,iPhone G6,111.0,,,,,41700.0
003,123,2020-02-22T20:01:43,EGV,,,,iPhone G6,111.0,,,,,42000.0
003,124,2020-02-22T20:06:43,EGV,,,,iPhone G6,112.0,,,,,42300.0
003,125,2020-02-22T20:11:44,EGV,,,,iPhone G6,114.0,,,,,42600.0
003,126,2020-02-22T20:16:43,EGV,,,,iPhone G6,115.0,,,,,42900.0
003,127,2020-02-22T20:21:44,EGV,,,,iPhone G6,115.0,,,,,43200.0
003,128,2020-02-22T20:26:44,EGV,,,,iPhone G6,114.0,,,,,43500.0
003,129,2020-02-22T20:31:43,EGV,,,,iPhone G6,115.0,,,,,43800.0
003,130,2020-02-22T20:36:44,EGV,,,,iPhone G6,117.0,,,,,44100.0
003,131,2020-02-22T20:41:44,EGV,,,,iPhone G6,118.0,,,,,44400.0
003,132,2020-02-22T20:46:44,EGV,,,,iPhone G6,119.0,,,,,44700.0
003,133,2020-02-22T20:51:43,EGV,,,,iPhone G6,122.0,,,,,45000.0
003,134,2020-02-22T20:56:44,EGV,,,,iPhone G6,126.0,,,,,45300.0
003,135,2020-02-22T21:01:44,EGV,,,,iPhone G6,132.0,,,,,45600.0
003,136,2020-02-22T21:06:44,EGV,,,,iPhone G6,132.0,,,,,45900.0
003,137,2020-02-22T21:11:43,EGV,,,,iPhone G6,127.0,,,,,46200.0
003,138,2020-02-22T21:16:43,EGV,,,,iPhone G6,118.0,,,,,46500.0
003,139,2020-02-22T21:21:44,EGV,,,,iPhone G6,110.0,,,,,46800.0
003,140,2020-02-22T21:26:44,EGV,,,,iPhone G6,105.0,,,,,47100.0
003,141,2020-02-22T21:31:44,EGV,,,,iPhone G6,104.0,,,,,47400.0
003,142,2020-02-22T21:36:44,EGV,,,,iPhone G6,107.0,,,,,47700.0
003,143,2020-02-22T21:41:44,EGV,,,,iPhone G6,111.0,,,,,48000.0
003,144,2020-02-22T21:46:44,EGV,,,,iPhone G6,116.0,,,,,48300.0
003,145,2020-02-22T21:51:45,EGV,,,,iPhone G6,119.0,,,,,48600.0
003,146,2020-02-22T21:56:44,EGV,,,,iPhone G6,121.0,,,,,48900.0
003,147,2020-02-22T22:01:44,EGV,,,,iPhone G6,121.0,,,,,49200.0
003,148,2020-02-22T22:06:44,EGV,,,,iPhone G6,119.0,,,,,49500.0
003,149,2020-02-22T22:11:44,EGV,,,,iPhone G6,118.0,,,,,49800.0
003,150,2020-02-22T22:16:45,EGV,,,,iPhone G6,116.0,,,,,50100.0
003,151,2020-02-22T22:21:44,EGV,,,,iPhone G6,116.0,,,,,50400.0
003,152,2020-02-22T22:26:45,EGV,,,,iPhone G6,114.0,,,,,50700.0
003,153,2020-02-22T22:31:45,EGV,,,,iPhone G6,110.0,,,,,51000.0
003,154,2020-02-22T22:36:45,EGV,,,,iPhone G6,105.0,,,,,51300.0
003,155,2020-02-22T22:41:44,EGV,,,,iPhone G6,100.0,,,,,51600.0
003,156,2020-02-22T22:46:45,EGV,,,,iPhone G6,96.0,,,,,51900.0
003,157,2020-02-22T22:51:45,EGV,,,,iPhone G6,95.0,,,,,52200.0
003,158,2020-02-22T22:56:44,EGV,,,,iPhone G6,97.0,,,,,52500.0
003,159,2020-02-22T23:01:44,EGV,,,,iPhone G6,100.0,,,,,52800.0
003,160,2020-02-22T23:06:44,EGV,,,,iPhone G6,102.0,,,,,53100.0
003,161,2020-02-22T23:11:45,EGV,,,,iPhone G6,104.0,,,,,53400.0
003,162,2020-02-22T23:16:44,EGV,,,,iPhone G6,105.0,,,,,53700.0
003,163,2020-02-22T23:21:44,EGV,,,,iPhone G6,106.0,,,,,54000.0
003,164,2020-02-22T23:26:44,EGV,,,,iPhone G6,108.0,,,,,54300.0
003,165,2020-02-22T23:31:44,EGV,,,,iPhone G6,108.0,,,,,54600.0
003,166,2020-02-22T23:36:45,EGV,,,,iPhone G6,109.0,,,,,54900.0
003,167,2020-02-22T23:41:44,EGV,,,,iPhone G6,108.0,,,,,55200.0
003,168,2020-02-22T23:46:44,EGV,,,,iPhone G6,107.0,,,,,55500.0
003,169,2020-02-22T23:51:44,EGV,,,,iPhone G6,106.0,,,,,55800.0
003,170,2020-02-22T23:56:44,EGV,,,,iPhone G6,106.0,,,,,56100.0
003,171,2020-02-23T00:01:44,EGV,,,,iPhone G6,106.0,,,,,56400.0
003,172,2020-02-23T00:06:44,EGV,,,,iPhone G6,105.0,,,,,56700.0
003,173,2020-02-23T00:11:44,EGV,,,,iPhone G6,103.0,,,,,57000.0
003,174,2020-02-23T00:16:44,EGV,,,,iPhone G6,101.0,,,,,57300.0
003,175,2020-02-23T00:21:44,EGV,,,,iPhone G6,102.0,,,,,57600.0
003,176,2020-02-23T00:26:44,EGV,,,,iPhone G6,105.0,,,,,57900.0
003,177,2020-02-23T00:31:44,EGV,,,,iPhone G6,109.0,,,,,58200.0
003,178,2020-02-23T00:36:44,EGV,,,,iPhone G6,111.0,,,,,58500.0
003,179,2020-02-23T00:41:44,EGV,,,,iPhone G6,115.0,,,,,58800.0
003,180,2020-02-23T00:46:44,EGV,,,,iPhone G6,119.0,,,,,59099.0
003,181,2020-02-23T00:51:43,EGV,,,,iPhone G6,125.0,,,,,59399.0
003,182,2020-02-23T00:56:44,EGV,,,,iPhone G6,126.0,,,,,59699.0
003,183,2020-02-23T01:01:44,EGV,,,,iPhone G6,125.0,,,,,59999.0
003,184,2020-02-23T01:06:43,EGV,,,,iPhone G6,122.0,,,,,60299.0
003,185,2020-02-23T01:11:44,EGV,,,,iPhone G6,122.0,,,,,60599.0
003,186,2020-02-23T01:16:43,EGV,,,,iPhone G6,124.0,,,,,60899.0
003,187,2020-02-23T01:21:43,EGV,,,,iPhone G6,128.0,,,,,61199.0
003,188,2020-02-23T01:26:43,EGV,,,,iPhone G6,130.0,,,,,61499.0
003,189,2020-02-23T01:31:44,EGV,,,,iPhone G6,132.0,,,,,61799.0
003,190,2020-02-23T01:36:44,EGV,,,,iPhone G6,132.0,,,,,62099.0
003,191,2020-02-23T01:41:44,EGV,,,,iPhone G6,131.0,,,,,62399.0
003,192,2020-02-23T01:46:44,EGV,,,,iPhone G6,129.0,,,,,62699.0
003,193,2020-02-23T01:51:43,EGV,,,,iPhone G6,128.0,,,,,62999.0
003,194,2020-02-23T01:56:44,EGV,,,,iPhone G6,128.0,,,,,63299.0
003,195,2020-02-23T02:01:44,EGV,,,,iPhone G6,127.0,,,,,63599.0
003,196,2020-02-23T02:06:44,EGV,,,,iPhone G6,125.0,,,,,63899.0
003,197,2020-02-23T02:11:44,EGV,,,,iPhone G6,122.0,,,,,64199.0
003,198,2020-02-23T02:16:43,EGV,,,,iPhone G6,119.0,,,,,64499.0
003,199,2020-02-23T02:21:43,EGV,,,,iPhone G6,115.0,,,,,64799.0
003,200,2020-02-23T02:26:44,EGV,,,,iPhone G6,109.0,,,,,65099.0
003,201,2020-02-23T02:31:44,EGV,,,,iPhone G6,103.0,,,,,65399.0
003,202,2020-02-23T02:36:43,EGV,,,,iPhone G6,99.0,,,,,65699.0
003,203,2020-02-23T02:41:43,EGV,,,,iPhone G6,96.0,,,,,65999.0
003,204,2020-02-23T02:46:44,EGV,,,,iPhone G6,94.0,,,,,66299.0
003,205,2020-02-23T02:51:44,EGV,,,,iPhone G6,93.0,,,,,66599.0
003,206,2020-02-23T02:56:44,EGV,,,,iPhone G6,92.0,,,,,66899.0
003,207,2020-02-23T03:01:44,EGV,,,,iPhone G6,92.0,,,,,67199.0
003,208,2020-02-23T03:06:44,EGV,,,,iPhone G6,91.0,,,,,67499.0
003,209,2020-02-23T03:11:43,EGV,,,,iPhone G6,92.0,,,,,67799.0
003,210,2020-02-23T03:16:43,EGV,,,,iPhone G6,93.0,,,,,68099.0
003,211,2020-02-23T03:21:43,EGV,,,,iPhone G6,98.0,,,,,68399.0
003,212,2020-02-23T03:26:43,EGV,,,,iPhone G6,104.0,,,,,68699.0
003,213,2020-02-23T03:31:44,EGV,,,,iPhone G6,110.0,,,,,68999.0
003,214,2020-02-23T03:36:43,EGV,,,,iPhone G6,114.0,,,,,69299.0
003,215,2020-02-23T03:41:43,EGV,,,,iPhone G6,116.0,,,,,69599.0
003,216,2020-02-23T03:46:43,EGV,,,,iPhone G6,119.0,,,,,69899.0
003,217,2020-02-23T03:51:44,EGV,,,,iPhone G6,121.0,,,,,70199.0
003,218,2020-02-23T03:56:44,EGV,,,,iPhone G6,120.0,,,,,70499.0
003,219,2020-02-23T04:01:43,EGV,,,,iPhone G6,116.0,,,,,70799.0
003,220,2020-02-23T04:06:44,EGV,,,,iPhone G6,112.0,,,,,71099.0
003,221,2020-02-23T04:11:44,EGV,,,,iPhone G6,113.0,,,,,71399.0
003,222,2020-02-23T04:16:43,EGV,,,,iPhone G6,118.0,,,,,71699.0
003,223,2020-02-23T04:21:43,EGV,,,,iPhone G6,125.0,,,,,71999.0
003,224,2020-02-23T04:26:44,EGV,,,,iPhone G6,129.0,,,,,72299.0
003,225,2020-02-23T04:31:43,EGV,,,,iPhone G6,129.0,,,,,72599.0
003,226,2020-02-23T04:36:44,EGV,,,,iPhone G6,125.0,,,,,72899.0
003,227,2020-02-23T04:41:44,EGV,,,,iPhone G6,123.0,,,,,73199.0
003,228,2020-02-23T04:46:44,EGV,,,,iPhone G6,123.0,,,,,73499.0
003,229,2020-02-23T04:51:43,EGV,,,,iPhone G6,125.0,,,,,73799.0
003,230,2020-02-23T04:56:43,EGV,,,,iPhone G6,128.0,,,,,74099.0
003,231,2020-02-23T05:01:43,EGV,,,,iPhone G6,132.0,,,,,74399.0
003,232,2020-02-23T05:06:44,EGV,,,,iPhone G6,135.0,,,,,74699.0
003,233,2020-02-23T05:11:43,EGV,,,,iPhone G6,136.0,,,,,74999.0
003,234,2020-02-23T05:16:43,EGV,,,,iPhone G6,136.0,,,,,75299.0
003,235,2020-02-23T05:21:44,EGV,,,,iPhone G6,135.0,,,,,75599.0
003,236,2020-02-23T05:26:43,EGV,,,,iPhone G6,133.0,,,,,75899.0
003,237,2020-02-23T05:31:44,EGV,,,,iPhone G6,131.0,,,,,76199.0
003,238,2020-02-23T05:36:43,EGV,,,,iPhone G6,127.0,,,,,76499.0
003,239,2020-02-23T05:41:43,EGV,,,,iPhone G6,122.0,,,,,76799.0
003,240,2020-02-23T05:46:43,EGV,,,,iPhone G6,119.0,,,,,77099.0
003,241,2020-02-23T05:51:44,EGV,,,,iPhone G6,122.0,,,,,77399.0
003,242,2020-02-23T05:56:43,EGV,,,,iPhone G6,130.0,,,,,77699.0
003,243,2020-02-23T06:01:44,EGV,,,,iPhone G6,138.0,,,,,77999.0
003,244,2020-02-23T06:06:44,EGV,,,,iPhone G6,142.0,,,,,78299.0
003,245,2020-02-23T06:11:44,EGV,,,,iPhone G6,141.0,,,,,78599.0
003,246,2020-02-23T06:16:44,EGV,,,,iPhone G6,140.0,,,,,78899.0
003,247,2020-02-23T06:21:44,EGV,,,,iPhone G6,136.0,,,,,79199.0
003,248,2020-02-23T06:26:44,EGV,,,,iPhone G6,130.0,,,,,79499.0
003,249,2020-02-23T06:31:43,EGV,,,,iPhone G6,122.0,,,,,79799.0
003,250,2020-02-23T06:36:44,EGV,,,,iPhone G6,115.0,,,,,80099.0
003,251,2020-02-23T06:41:43,EGV,,,,iPhone G6,110.0,,,,,80399.0
003,252,2020-02-23T06:46:44,EGV,,,,iPhone G6,107.0,,,,,80699.0
003,253,2020-02-23T06:51:43,EGV,,,,iPhone G6,105.0,,,,,80999.0
003,254,2020-02-23T06:56:44,EGV,,,,iPhone G6,105.0,,,,,81299.0
003,255,2020-02-23T07:01:43,EGV,,,,iPhone G6,105.0,,,,,81599.0
003,256,2020-02-23T07:06:44,EGV,,,,iPhone G6,102.0,,,,,81899.0
003,257,2020-02-23T07:11:44,EGV,,,,iPhone G6,97.0,,,,,82199.0
003,258,2020-02-23T07:16:43,EGV,,,,iPhone G6,93.0,,,,,82499.0
003,259,2020-02-23T07:21:44,EGV,,,,iPhone G6,87.0,,,,,82799.0
003,260,2020-02-23T07:26:43,EGV,,,,iPhone G6,82.0,,,,,83099.0
003,261,2020-02-23T07:31:43,EGV,,,,iPhone G6,78.0,,,,,83399.0
003,262,2020-02-23T07:36:43,EGV,,,,iPhone G6,77.0,,,,,83699.0
003,263,2020-02-23T07:41:43,EGV,,,,iPhone G6,77.0,,,,,83999.0
003,264,2020-02-23T07:46:43,EGV,,,,iPhone G6,78.0,,,,,84299.0
003,265,2020-02-23T07:51:42,EGV,,,,iPhone G6,79.0,,,,,84599.0
003,266,2020-02-23T07:56:43,EGV,,,,iPhone G6,82.0,,,,,84899.0
003,267,2020-02-23T08:01:42,EGV,,,,iPhone G6,83.0,,,,,85199.0
003,268,2020-02-23T08:06:42,EGV,,,,iPhone G6,85.0,,,,,85499.0
003,269,2020-02-23T08:11:43,EGV,,,,iPhone G6,87.0,,,,,85799.0
003,270,2020-02-23T08:16:43,EGV,,,,iPhone G6,91.0,,,,,86099.0
003,271,2020-02-23T08:21:43,EGV,,,,iPhone G6,93.0,,,,,86399.0
003,272,2020-02-23T08:26:43,EGV,,,,iPhone G6,93.0,,,,,86699.0
003,273,2020-02-23T08:31:43,EGV,,,,iPhone G6,92.0,,,,,86999.0
003,274,2020-02-23T08:36:43,EGV,,,,iPhone G6,91.0,,,,,87299.0
003,275,2020-02-23T08:41:43,EGV,,,,iPhone G6,91.0,,,,,87599.0
003,276,2020-02-23T08:46:43,EGV,,,,iPhone G6,92.0,,,,,87899.0
003,277,2020-02-23T08:51:43,EGV,,,,iPhone G6,93.0,,,,,88199.0
003,278,2020-02-23T08:56:43,EGV,,,,iPhone G6,94.0,,,,,88499.0
003,279,2020-02-23T09:01:43,EGV,,,,iPhone G6,93.0,,,,,88799.0
003,280,2020-02-23T09:06:43,EGV,,,,iPhone G6,91.0,,,,,89099.0
003,281,2020-02-23T09:11:43,EGV,,,,iPhone G6,89.0,,,,,89399.0
003,282,2020-02-23T09:16:43,EGV,,,,iPhone G6,89.0,,,,,89699.0
003,283,2020-02-23T09:21:43,EGV,,,,iPhone G6,89.0,,,,,89999.0
003,284,2020-02-23T09:26:43,EGV,,,,iPhone G6,90.0,,,,,90299.0
003,285,2020-02-23T09:31:43,EGV,,,,iPhone G6,91.0,,,,,90599.0
003,286,2020-02-23T09:36:43,EGV,,,,iPhone G6,93.0,,,,,90899.0
003,287,2020-02-23T09:41:43,EGV,,,,iPhone G6,95.0,,,,,91199.0
003,288,2020-02-23T09:46:43,EGV,,,,iPhone G6,97.0,,,,,91499.0
003,289,2020-02-23T09:51:43,EGV,,,,iPhone G6,98.0,,,,,91799.0
003,290,2020-02-23T09:56:43,EGV,,,,iPhone G6,97.0,,,,,92099.0
003,291,2020-02-23T10:01:43,EGV,,,,iPhone G6,96.0,,,,,92399.0
003,292,2020-02-23T10:06:43,EGV,,,,iPhone G6,95.0,,,,,92699.0
003,293,2020-02-23T10:11:44,EGV,,,,iPhone G6,95.0,,,,,92999.0
003,294,2020-02-23T10:16:43,EGV,,,,iPhone G6,96.0,,,,,93299.0
003,295,2020-02-23T10:21:44,EGV,,,,iPhone G6,96.0,,,,,93599.0
003,296,2020-02-23T10:26:44,EGV,,,,iPhone G6,96.0,,,,,93899.0
003,297,2020-02-23T10:31:43,EGV,,,,iPhone G6,96.0,,,,,94199.0
003,298,2020-02-23T10:36:43,EGV,,,,iPhone G6,97.0,,,,,94499.0
003,299,2020-02-23T10:41:43,EGV,,,,iPhone G6,97.0,,,,,94799.0
003,300,2020-02-23T10:46:44,EGV,,,,iPhone G6,97.0,,,,,95099.0
003,301,2020-02-23T10:51:44,EGV,,,,iPhone G6,96.0,,,,,95399.0
003,302,2020-02-23T10:56:44,EGV,,,,iPhone G6,96.0,,,,,95699.0
003,303,2020-02-23T11:01:43,EGV,,,,iPhone G6,95.0,,,,,95999.0
003,304,2020-02-23T11:06:44,EGV,,,,iPhone G6,94.0,,,,,96299.0
003,305,2020-02-23T11:11:43,EGV,,,,iPhone G6,93.0,,,,,96599.0
003,306,2020-02-23T11:16:43,EGV,,,,iPhone G6,93.0,,,,,96899.0
003,307,2020-02-23T11:21:44,EGV,,,,iPhone G6,94.0,,,,,97199.0
003,308,2020-02-23T11:26:44,EGV,,,,iPhone G6,95.0,,,,,97499.0
003,309,2020-02-23T11:31:44,EGV,,,,iPhone G6,96.0,,,,,97799.0
003,310,2020-02-23T11:36:44,EGV,,,,iPhone G6,96.0,,,,,98099.0
003,311,2020-02-23T11:41:44,EGV,,,,iPhone G6,95.0,,,,,98399.0
003,312,2020-02-23T11:46:43,EGV,,,,iPhone G6,94.0,,,,,98699.0
003,313,2020-02-23T11:51:44,EGV,,,,iPhone G6,93.0,,,,,98999.0
003,314,2020-02-23T11:56:44,EGV,,,,iPhone G6,92.0,,,,,99299.0
003,315,2020-02-23T12:01:44,EGV,,,,iPhone G6,90.0,,,,,99599.0
003,316,2020-02-23T12:06:44,EGV,,,,iPhone G6,90.0,,,,,99899.0
003,317,2020-02-23T12:11:44,EGV,,,,iPhone G6,91.0,,,,,100199.0
003,318,2020-02-23T12:16:44,EGV,,,,iPhone G6,94.0,,,,,100499.0
003,319,2020-02-23T12:21:44,EGV,,,,iPhone G6,100.0,,,,,100799.0
003,320,2020-02-23T12:26:44,EGV,,,,iPhone G6,108.0,,,,,101099.0
003,321,2020-02-23T12:31:44,EGV,,,,iPhone G6,117.0,,,,,101399.0
003,322,2020-02-23T12:36:44,EGV,,,,iPhone G6,123.0,,,,,101699.0
003,323,2020-02-23T12:41:44,EGV,,,,iPhone G6,126.0,,,,,101999.0
003,324,2020-02-23T12:46:44,EGV,,,,iPhone G6,126.0,,,,,102299.0
003,325,2020-02-23T12:51:44,EGV,,,,iPhone G6,128.0,,,,,102599.0
003,326,2020-02-23T12:56:43,EGV,,,,iPhone G6,130.0,,,,,102899.0
003,327,2020-02-23T13:01:43,EGV,,,,iPhone G6,132.0,,,,,103199.0
003,328,2020-02-23T13:06:43,EGV,,,,iPhone G6,133.0,,,,,103499.0
003,329,2020-02-23T13:11:43,EGV,,,,iPhone G6,131.0,,,,,103799.0
003,330,2020-02-23T13:16:43,EGV,,,,iPhone G6,128.0,,,,,104099.0
003,331,2020-02-23T13:21:43,EGV,,,,iPhone G6,123.0,,,,,104399.0
003,332,2020-02-23T13:26:43,EGV,,,,iPhone G6,118.0,,,,,104699.0
003,333,2020-02-23T13:31:43,EGV,,,,iPhone G6,114.0,,,,,104999.0
003,334,2020-02-23T13:36:43,EGV,,,,iPhone G6,110.0,,,,,105299.0
003,335,2020-02-23T13:41:43,EGV,,,,iPhone G6,110.0,,,,,105599.0
003,336,2020-02-23T13:46:42,EGV,,,,iPhone G6,109.0,,,,,105898.0
003,337,2020-02-23T13:51:42,EGV,,,,iPhone G6,108.0,,,,,106198.0
003,338,2020-02-23T13:56:42,EGV,,,,iPhone G6,107.0,,,,,106498.0
003,339,2020-02-23T14:01:42,EGV,,,,iPhone G6,108.0,,,,,106798.0
003,340,2020-02-23T14:06:42,EGV,,,,iPhone G6,109.0,,,,,107098.0
003,341,2020-02-23T14:11:42,EGV,,,,iPhone G6,110.0,,,,,107398.0
003,342,2020-02-23T14:16:42,EGV,,,,iPhone G6,110.0,,,,,107698.0
003,343,2020-02-23T14:21:42,EGV,,,,iPhone G6,111.0,,,,,107998.0
003,344,2020-02-23T14:26:42,EGV,,,,iPhone G6,111.0,,,,,108298.0
003,345,2020-02-23T14:31:42,EGV,,,,iPhone G6,112.0,,,,,108598.0
003,346,2020-02-23T14:36:42,EGV,,,,iPhone G6,113.0,,,,,108898.0
003,347,2020-02-23T14:41:42,EGV,,,,iPhone G6,114.0,,,,,109198.0
003,348,2020-02-23T14:46:42,EGV,,,,iPhone G6,114.0,,,,,109498.0
003,349,2020-02-23T14:51:42,EGV,,,,iPhone G6,115.0,,,,,109798.0
003,350,2020-02-23T14:56:42,EGV,,,,iPhone G6,114.0,,,,,110098.0
003,351,2020-02-23T15:01:42,EGV,,,,iPhone G6,113.0,,,,,110398.0
003,352,2020-02-23T15:06:42,EGV,,,,iPhone G6,113.0,,,,,110698.0
003,353,2020-02-23T15:11:42,EGV,,,,iPhone G6,114.0,,,,,110998.0
003,354,2020-02-23T15:16:42,EGV,,,,iPhone G6,115.0,,,,,111298.0
003,355,2020-02-23T15:21:42,EGV,,,,iPhone G6,115.0,,,,,111598.0
003,356,2020-02-23T15:26:42,EGV,,,,iPhone G6,116.0,,,,,111898.0
003,357,2020-02-23T15:31:42,EGV,,,,iPhone G6,117.0,,,,,112198.0
003,358,2020-02-23T15:36:42,EGV,,,,iPhone G6,116.0,,,,,112498.0
003,359,2020-02-23T15:41:42,EGV,,,,iPhone G6,114.0,,,,,112798.0
003,360,2020-02-23T15:46:42,EGV,,,,iPhone G6,111.0,,,,,113098.0
003,361,2020-02-23T15:51:42,EGV,,,,iPhone G6,110.0,,,,,113398.0
003,362,2020-02-23T15:56:41,EGV,,,,iPhone G6,112.0,,,,,113698.0
003,363,2020-02-23T16:01:42,EGV,,,,iPhone G6,116.0,,,,,113998.0
003,364,2020-02-23T16:06:41,EGV,,,,iPhone G6,118.0,,,,,114298.0
003,365,2020-02-23T16:11:41,EGV,,,,iPhone G6,120.0,,,,,114598.0
003,366,2020-02-23T16:16:41,EGV,,,,iPhone G6,119.0,,,,,114898.0
003,367,2020-02-23T16:21:42,EGV,,,,iPhone G6,116.0,,,,,115198.0
003,368,2020-02-23T16:26:42,EGV,,,,iPhone G6,111.0,,,,,115498.0
003,369,2020-02-23T16:31:42,EGV,,,,iPhone G6,106.0,,,,,115798.0
003,370,2020-02-23T16:36:42,EGV,,,,iPhone G6,103.0,,,,,116098.0
003,371,2020-02-23T16:41:41,EGV,,,,iPhone G6,102.0,,,,,116398.0
003,372,2020-02-23T16:46:42,EGV,,,,iPhone G6,105.0,,,,,116698.0
003,373,2020-02-23T16:51:42,EGV,,,,iPhone G6,109.0,,,,,116998.0
003,374,2020-02-23T16:56:42,EGV,,,,iPhone G6,111.0,,,,,117298.0
003,375,2020-02-23T17:01:42,EGV,,,,iPhone G6,111.0,,,,,117598.0
003,376,2020-02-23T17:06:41,EGV,,,,iPhone G6,107.0,,,,,117898.0
003,377,2020-02-23T17:11:41,EGV,,,,iPhone G6,103.0,,,,,118198.0
003,378,2020-02-23T17:16:41,EGV,,,,iPhone G6,99.0,,,,,118498.0
003,379,2020-02-23T17:21:42,EGV,,,,iPhone G6,95.0,,,,,118798.0
003,380,2020-02-23T17:26:42,EGV,,,,iPhone G6,93.0,,,,,119098.0
003,381,2020-02-23T17:31:42,EGV,,,,iPhone G6,92.0,,,,,119398.0
003,382,2020-02-23T17:36:42,EGV,,,,iPhone G6,93.0,,,,,119698.0
003,383,2020-02-23T17:41:42,EGV,,,,iPhone G6,95.0,,,,,119998.0
003,384,2020-02-23T17:46:42,EGV,,,,iPhone G6,98.0,,,,,120298.0
003,385,2020-02-23T17:51:42,EGV,,,,iPhone G6,102.0,,,,,120598.0
003,386,2020-02-23T17:56:41,EGV,,,,iPhone G6,106.0,,,,,120898.0
003,387,2020-02-23T18:01:41,EGV,,,,iPhone G6,110.0,,,,,121198.0
003,388,2020-02-23T18:06:41,EGV,,,,iPhone G6,112.0,,,,,121498.0
003,389,2020-02-23T18:11:42,EGV,,,,iPhone G6,110.0,,,,,121798.0
003,390,2020-02-23T18:16:42,EGV,,,,iPhone G6,105.0,,,,,122098.0
003,391,2020-02-23T18:21:41,EGV,,,,iPhone G6,99.0,,,,,122398.0
003,392,2020-02-23T18:26:41,EGV,,,,iPhone G6,93.0,,,,,122698.0
003,393,2020-02-23T18:31:41,EGV,,,,iPhone G6,90.0,,,,,122998.0
003,394,2020-02-23T18:36:41,EGV,,,,iPhone G6,88.0,,,,,123298.0
003,395,2020-02-23T18:41:42,EGV,,,,iPhone G6,90.0,,,,,123598.0
003,396,2020-02-23T18:46:42,EGV,,,,iPhone G6,93.0,,,,,123898.0
003,397,2020-02-23T18:51:42,EGV,,,,iPhone G6,96.0,,,,,124198.0
003,398,2020-02-23T18:56:42,EGV,,,,iPhone G6,99.0,,,,,124498.0
003,399,2020-02-23T19:01:42,EGV,,,,iPhone G6,101.0,,,,,124798.0
003,400,2020-02-23T19:06:41,EGV,,,,iPhone G6,101.0,,,,,125098.0
003,401,2020-02-23T19:11:41,EGV,,,,iPhone G6,100.0,,,,,125398.0
003,402,2020-02-23T19:16:42,EGV,,,,iPhone G6,99.0,,,,,125698.0
003,403,2020-02-23T19:21:41,EGV,,,,iPhone G6,98.0,,,,,125998.0
003,404,2020-02-23T19:26:42,EGV,,,,iPhone G6,99.0,,,,,126298.0
003,405,2020-02-23T19:31:42,EGV,,,,iPhone G6,103.0,,,,,126598.0
003,406,2020-02-23T19:36:42,EGV,,,,iPhone G6,108.0,,,,,126898.0
003,407,2020-02-23T19:41:41,EGV,,,,iPhone G6,114.0,,,,,127198.0
003,408,2020-02-23T19:46:41,EGV,,,,iPhone G6,118.0,,,,,127498.0
003,409,2020-02-23T19:51:41,EGV,,,,iPhone G6,120.0,,,,,127798.0
003,410,2020-02-23T19:56:42,EGV,,,,iPhone G6,117.0,,,,,128098.0
003,411,2020-02-23T20:01:43,EGV,,,,iPhone G6,110.0,,,,,128398.0
003,412,2020-02-23T20:06:43,EGV,,,,iPhone G6,102.0,,,,,128698.0
003,413,2020-02-23T20:11:43,EGV,,,,iPhone G6,94.0,,,,,128998.0
003,414,2020-02-23T20:16:43,EGV,,,,iPhone G6,90.0,,,,,129298.0
003,415,2020-02-23T20:21:43,EGV,,,,iPhone G6,87.0,,,,,129598.0
003,416,2020-02-23T20:26:43,EGV,,,,iPhone G6,86.0,,,,,129898.0
003,417,2020-02-23T20:31:43,EGV,,,,iPhone G6,85.0,,,,,130198.0
003,418,2020-02-23T20:36:43,EGV,,,,iPhone G6,88.0,,,,,130498.0
003,419,2020-02-23T20:41:43,EGV,,,,iPhone G6,91.0,,,,,130798.0
003,420,2020-02-23T20:46:43,EGV,,,,iPhone G6,96.0,,,,,131098.0
003,421,2020-02-23T20:51:42,EGV,,,,iPhone G6,98.0,,,,,131398.0
003,422,2020-02-23T20:56:42,EGV,,,,iPhone G6,98.0,,,,,131698.0
003,423,2020-02-23T21:01:43,EGV,,,,iPhone G6,97.0,,,,,131998.0
003,424,2020-02-23T21:06:43,EGV,,,,iPhone G6,97.0,,,,,132298.0
003,425,2020-02-23T21:11:42,EGV,,,,iPhone G6,97.0,,,,,132598.0
003,426,2020-02-23T21:16:42,EGV,,,,iPhone G6,98.0,,,,,132898.0
003,427,2020-02-23T21:21:42,EGV,,,,iPhone G6,100.0,,,,,133198.0
003,428,2020-02-23T21:26:43,EGV,,,,iPhone G6,102.0,,,,,133498.0
003,429,2020-02-23T21:31:43,EGV,,,,iPhone G6,105.0,,,,,133798.0
003,430,2020-02-23T21:36:43,EGV,,,,iPhone G6,109.0,,,,,134098.0
003,431,2020-02-23T21:41:42,EGV,,,,iPhone G6,111.0,,,,,134398.0
003,432,2020-02-23T21:46:43,EGV,,,,iPhone G6,113.0,,,,,134698.0
003,433,2020-02-23T21:51:42,EGV,,,,iPhone G6,112.0,,,,,134998.0
003,434,2020-02-23T21:56:43,EGV,,,,iPhone G6,109.0,,,,,135298.0
003,435,2020-02-23T22:01:42,EGV,,,,iPhone G6,107.0,,,,,135598.0
003,436,2020-02-23T22:06:43,EGV,,,,iPhone G6,105.0,,,,,135898.0
003,437,2020-02-23T22:11:42,EGV,,,,iPhone G6,105.0,,,,,136198.0
003,438,2020-02-23T22:16:43,EGV,,,,iPhone G6,105.0,,,,,136498.0
003,439,2020-02-23T22:21:43,EGV,,,,iPhone G6,106.0,,,,,136798.0
003,440,2020-02-23T22:26:43,EGV,,,,iPhone G6,109.0,,,,,137098.0
003,441,2020-02-23T22:31:43,EGV,,,,iPhone G6,115.0,,,,,137398.0
003,442,2020-02-23T22:36:43,EGV,,,,iPhone G6,125.0,,,,,137698.0
003,443,2020-02-23T22:41:43,EGV,,,,iPhone G6,138.0,,,,,137998.0
003,444,2020-02-23T22:46:43,EGV,,,,iPhone G6,152.0,,,,,138298.0
003,445,2020-02-23T22:51:43,EGV,,,,iPhone G6,165.0,,,,,138598.0
003,446,2020-02-23T22:56:43,EGV,,,,iPhone G6,176.0,,,,,138898.0
003,447,2020-02-23T23:01:43,EGV,,,,iPhone G6,182.0,,,,,139198.0
003,448,2020-02-23T23:06:43,EGV,,,,iPhone G6,184.0,,,,,139498.0
003,449,2020-02-23T23:11:43,EGV,,,,iPhone G6,181.0,,,,,139798.0
003,450,2020-02-23T23:16:42,EGV,,,,iPhone G6,173.0,,,,,140098.0
003,451,2020-02-23T23:21:42,EGV,,,,iPhone G6,159.0,,,,,140398.0
003,452,2020-02-23T23:26:42,EGV,,,,iPhone G6,142.0,,,,,140698.0
003,453,2020-02-23T23:31:42,EGV,,,,iPhone G6,125.0,,,,,140998.0
003,454,2020-02-23T23:36:42,EGV,,,,iPhone G6,114.0,,,,,141298.0
003,455,2020-02-23T23:41:42,EGV,,,,iPhone G6,111.0,,,,,141598.0
003,456,2020-02-23T23:46:42,EGV,,,,iPhone G6,110.0,,,,,141898.0
003,457,2020-02-23T23:51:42,EGV,,,,iPhone G6,108.0,,,,,142198.0
003,458,2020-02-23T23:56:43,EGV,,,,iPhone G6,109.0,,,,,142498.0
003,459,2020-02-24T00:01:43,EGV,,,,iPhone G6,111.0,,,,,142798.0
003,460,2020-02-24T00:06:43,EGV,,,,iPhone G6,120.0,,,,,143098.0
003,461,2020-02-24T00:11:42,EGV,,,,iPhone G6,134.0,,,,,143398.0
003,462,2020-02-24T00:16:42,EGV,,,,iPhone G6,149.0,,,,,143698.0
003,463,2020-02-24T00:21:42,EGV,,,,iPhone G6,160.0,,,,,143998.0
003,464,2020-02-24T00:26:42,EGV,,,,iPhone G6,163.0,,,,,144298.0
003,465,2020-02-24T00:31:42,EGV,,,,iPhone G6,163.0,,,,,144598.0
003,466,2020-02-24T00:36:41,EGV,,,,iPhone G6,161.0,,,,,144898.0
003,467,2020-02-24T00:41:42,EGV,,,,iPhone G6,162.0,,,,,145198.0
003,468,2020-02-24T00:46:42,EGV,,,,iPhone G6,164.0,,,,,145498.0
003,469,2020-02-24T00:51:42,EGV,,,,iPhone G6,166.0,,,,,145798.0
003,470,2020-02-24T00:56:41,EGV,,,,iPhone G6,167.0,,,,,146098.0
003,471,2020-02-24T01:01:42,EGV,,,,iPhone G6,167.0,,,,,146398.0
003,472,2020-02-24T01:06:41,EGV,,,,iPhone G6,167.0,,,,,146698.0
003,473,2020-02-24T01:11:42,EGV,,,,iPhone G6,168.0,,,,,146998.0
003,474,2020-02-24T01:16:41,EGV,,,,iPhone G6,170.0,,,,,147298.0
003,475,2020-02-24T01:21:42,EGV,,,,iPhone G6,171.0,,,,,147598.0
003,476,2020-02-24T01:26:42,EGV,,,,iPhone G6,170.0,,,,,147898.0
003,477,2020-02-24T01:31:41,EGV,,,,iPhone G6,166.0,,,,,148198.0
003,478,2020-02-24T01:36:42,EGV,,,,iPhone G6,159.0,,,,,148498.0
003,479,2020-02-24T01:41:42,EGV,,,,iPhone G6,151.0,,,,,148798.0
003,480,2020-02-24T01:46:42,EGV,,,,iPhone G6,144.0,,,,,149098.0
003,481,2020-02-24T01:51:41,EGV,,,,iPhone G6,138.0,,,,,149398.0
003,482,2020-02-24T01:56:42,EGV,,,,iPhone G6,131.0,,,,,149698.0
003,483,2020-02-24T02:01:42,EGV,,,,iPhone G6,125.0,,,,,149998.0
003,484,2020-02-24T02:06:42,EGV,,,,iPhone G6,119.0,,,,,150298.0
003,485,2020-02-24T02:11:42,EGV,,,,iPhone G6,116.0,,,,,150598.0
003,486,2020-02-24T02:16:42,EGV,,,,iPhone G6,114.0,,,,,150898.0
003,487,2020-02-24T02:21:41,EGV,,,,iPhone G6,114.0,,,,,151198.0
003,488,2020-02-24T02:26:42,EGV,,,,iPhone G6,116.0,,,,,151498.0
003,489,2020-02-24T02:31:42,EGV,,,,iPhone G6,118.0,,,,,151798.0
003,490,2020-02-24T02:36:42,EGV,,,,iPhone G6,119.0,,,,,152098.0
003,491,2020-02-24T02:41:42,EGV,,,,iPhone G6,118.0,,,,,152398.0
003,492,2020-02-24T02:46:41,EGV,,,,iPhone G6,117.0,,,,,152697.0
003,493,2020-02-24T02:51:41,EGV,,,,iPhone G6,117.0,,,,,152997.0
003,494,2020-02-24T02:56:41,EGV,,,,iPhone G6,117.0,,,,,153297.0
003,495,2020-02-24T03:01:41,EGV,,,,iPhone G6,117.0,,,,,153597.0
003,496,2020-02-24T03:06:41,EGV,,,,iPhone G6,118.0,,,,,153897.0
003,497,2020-02-24T03:11:41,EGV,,,,iPhone G6,118.0,,,,,154197.0
003,498,2020-02-24T03:16:40,EGV,,,,iPhone G6,118.0,,,,,154497.0
003,499,2020-02-24T03:21:41,EGV,,,,iPhone G6,116.0,,,,,154797.0
004,1,,FirstName,,2019,,,,,,,,
004,2,,LastName,,004,,,,,,,,
004,3,,DateOfBirth,,1970-01-01,,,,,,,,
004,4,,Device,,,Dexcom G6 Mobile App,Android G6,,,,,,
004,5,,Alert,Fall,,,Android G6,,,,,3.0,
004,6,,Alert,High,,,Android G6,200.0,,,,,
004,7,,Alert,Low,,,Android G6,80.0,,,,,
004,8,,Alert,Signal Loss,,,Android G6,,,,00:20:00,,
004,9,,Alert,Rise,,,Android G6,,,,,3.0,
004,10,,Alert,Urgent Low,,,Android G6,55.0,,,,,
004,11,,Alert,Urgent Low Soon,,,Android G6,55.0,,,,,
004,12,2020-02-27T10:51:20,EGV,,,,Android G6,124.0,,,,,8100.0
004,13,2020-02-27T10:56:20,EGV,,,,Android G6,118.0,,,,,8400.0
004,14,2020-02-27T11:01:20,EGV,,,,Android G6,113.0,,,,,8700.0
004,15,2020-02-27T11:06:20,EGV,,,,Android G6,110.0,,,,,9000.0
004,16,2020-02-27T11:11:20,EGV,,,,Android G6,107.0,,,,,9300.0
004,17,2020-02-27T11:16:19,EGV,,,,Android G6,105.0,,,,,9600.0
004,18,2020-02-27T11:21:20,EGV,,,,Android G6,104.0,,,,,9900.0
004,19,2020-02-27T11:26:20,EGV,,,,Android G6,105.0,,,,,10200.0
004,20,2020-02-27T11:31:20,EGV,,,,Android G6,106.0,,,,,10500.0
004,21,2020-02-27T11:36:20,EGV,,,,Android G6,106.0,,,,,10800.0
004,22,2020-02-27T11:41:20,EGV,,,,Android G6,105.0,,,,,11100.0
004,23,2020-02-27T11:46:20,EGV,,,,Android G6,105.0,,,,,11400.0
004,24,2020-02-27T11:51:20,EGV,,,,Android G6,105.0,,,,,11700.0
004,25,2020-02-27T11:56:20,EGV,,,,Android G6,105.0,,,,,12000.0
004,26,2020-02-27T12:01:20,EGV,,,,Android G6,106.0,,,,,12300.0
004,27,2020-02-27T12:06:20,EGV,,,,Android G6,107.0,,,,,12600.0
004,28,2020-02-27T12:11:20,EGV,,,,Android G6,107.0,,,,,12900.0
004,29,2020-02-27T12:16:20,EGV,,,,Android G6,105.0,,,,,13200.0
004,30,2020-02-27T12:21:20,EGV,,,,Android G6,102.0,,,,,13500.0
004,31,2020-02-27T12:26:20,EGV,,,,Android G6,99.0,,,,,13800.0
004,32,2020-02-27T12:31:20,EGV,,,,Android G6,97.0,,,,,14100.0
004,33,2020-02-27T12:36:20,EGV,,,,Android G6,96.0,,,,,14400.0
004,34,2020-02-27T12:41:20,EGV,,,,Android G6,95.0,,,,,14700.0
004,35,2020-02-27T12:46:20,EGV,,,,Android G6,97.0,,,,,15000.0
004,36,2020-02-27T12:51:21,EGV,,,,Android G6,98.0,,,,,15300.0
004,37,2020-02-27T12:56:20,EGV,,,,Android G6,100.0,,,,,15600.0
004,38,2020-02-27T13:01:20,EGV,,,,Android G6,101.0,,,,,15900.0
004,39,2020-02-27T13:06:21,EGV,,,,Android G6,101.0,,,,,16200.0
004,40,2020-02-27T13:11:20,EGV,,,,Android G6,100.0,,,,,16500.0
004,41,2020-02-27T13:16:20,EGV,,,,Android G6,99.0,,,,,16800.0
004,42,2020-02-27T13:21:20,EGV,,,,Android G6,97.0,,,,,17100.0
004,43,2020-02-27T13:26:20,EGV,,,,Android G6,96.0,,,,,17400.0
004,44,2020-02-27T13:31:21,EGV,,,,Android G6,96.0,,,,,17700.0
004,45,2020-02-27T13:36:20,EGV,,,,Android G6,98.0,,,,,18000.0
004,46,2020-02-27T13:41:20,EGV,,,,Android G6,100.0,,,,,18300.0
004,47,2020-02-27T13:46:20,EGV,,,,Android G6,102.0,,,,,18600.0
004,48,2020-02-27T13:51:20,EGV,,,,Android G6,102.0,,,,,18900.0
004,49,2020-02-27T13:56:21,EGV,,,,Android G6,101.0,,,,,19200.0
004,50,2020-02-27T14:01:20,EGV,,,,Android G6,100.0,,,,,19500.0
004,51,2020-02-27T14:06:20,EGV,,,,Android G6,100.0,,,,,19800.0
004,52,2020-02-27T14:11:21,EGV,,,,Android G6,98.0,,,,,20100.0
004,53,2020-02-27T14:16:20,EGV,,,,Android G6,96.0,,,,,20400.0
004,54,2020-02-27T14:21:20,EGV,,,,Android G6,94.0,,,,,20700.0
004,55,2020-02-27T14:26:21,EGV,,,,Android G6,92.0,,,,,21000.0
004,56,2020-02-27T14:31:21,EGV,,,,Android G6,92.0,,,,,21300.0
004,57,2020-02-27T14:36:21,EGV,,,,Android G6,94.0,,,,,21600.0
004,58,2020-02-27T14:41:20,EGV,,,,Android G6,98.0,,,,,21900.0
004,59,2020-02-27T14:46:20,EGV,,,,Android G6,102.0,,,,,22200.0
004,60,2020-02-27T14:51:20,EGV,,,,Android G6,108.0,,,,,22500.0
004,61,2020-02-27T14:56:20,EGV,,,,Android G6,111.0,,,,,22800.0
004,62,2020-02-27T15:01:20,EGV,,,,Android G6,110.0,,,,,23100.0
004,63,2020-02-27T15:06:20,EGV,,,,Android G6,107.0,,,,,23400.0
004,64,2020-02-27T15:11:20,EGV,,,,Android G6,102.0,,,,,23700.0
004,65,2020-02-27T15:16:20,EGV,,,,Android G6,98.0,,,,,24000.0
004,66,2020-02-27T15:21:20,EGV,,,,Android G6,97.0,,,,,24300.0
004,67,2020-02-27T15:26:20,EGV,,,,Android G6,98.0,,,,,24600.0
004,68,2020-02-27T15:31:20,EGV,,,,Android G6,98.0,,,,,24900.0
004,69,2020-02-27T15:36:20,EGV,,,,Android G6,99.0,,,,,25200.0
004,70,2020-02-27T15:41:20,EGV,,,,Android G6,101.0,,,,,25500.0
004,71,2020-02-27T15:46:20,EGV,,,,Android G6,103.0,,,,,25800.0
004,72,2020-02-27T15:51:21,EGV,,,,Android G6,104.0,,,,,26100.0
004,73,2020-02-27T15:56:20,EGV,,,,Android G6,103.0,,,,,26400.0
004,74,2020-02-27T16:01:21,EGV,,,,Android G6,103.0,,,,,26700.0
004,75,2020-02-27T16:06:20,EGV,,,,Android G6,103.0,,,,,27000.0
004,76,2020-02-27T16:11:21,EGV,,,,Android G6,101.0,,,,,27300.0
004,77,2020-02-27T16:16:20,EGV,,,,Android G6,100.0,,,,,27600.0
004,78,2020-02-27T16:21:20,EGV,,,,Android G6,101.0,,,,,27900.0
004,79,2020-02-27T16:26:21,EGV,,,,Android G6,101.0,,,,,28200.0
004,80,2020-02-27T16:31:21,EGV,,,,Android G6,100.0,,,,,28500.0
004,81,2020-02-27T16:36:21,EGV,,,,Android G6,97.0,,,,,28800.0
004,82,2020-02-27T16:41:21,EGV,,,,Android G6,95.0,,,,,29100.0
004,83,2020-02-27T16:46:21,EGV,,,,Android G6,94.0,,,,,29400.0
004,84,2020-02-27T16:51:20,EGV,,,,Android G6,90.0,,,,,29700.0
004,85,2020-02-27T16:56:21,EGV,,,,Android G6,87.0,,,,,30000.0
004,86,2020-02-27T17:01:20,EGV,,,,Android G6,85.0,,,,,30300.0
004,87,2020-02-27T17:06:20,EGV,,,,Android G6,88.0,,,,,30600.0
004,88,2020-02-27T17:11:20,EGV,,,,Android G6,90.0,,,,,30900.0
004,89,2020-02-27T17:16:21,EGV,,,,Android G6,91.0,,,,,31200.0
004,90,2020-02-27T17:21:21,EGV,,,,Android G6,90.0,,,,,31500.0
004,91,2020-02-27T17:26:21,EGV,,,,Android G6,90.0,,,,,31800.0
004,92,2020-02-27T17:31:21,EGV,,,,Android G6,90.0,,,,,32100.0
004,93,2020-02-27T17:36:20,EGV,,,,Android G6,90.0,,,,,32400.0
004,94,2020-02-27T17:41:21,EGV,,,,Android G6,87.0,,,,,32700.0
004,95,2020-02-27T17:46:20,EGV,,,,Android G6,82.0,,,,,33000.0
004,96,2020-02-27T17:51:21,EGV,,,,Android G6,78.0,,,,,33300.0
004,97,2020-02-27T17:56:21,EGV,,,,Android G6,78.0,,,,,33600.0
004,98,2020-02-27T18:01:21,EGV,,,,Android G6,79.0,,,,,33900.0
004,99,2020-02-27T18:06:21,EGV,,,,Android G6,77.0,,,,,34200.0
004,100,2020-02-27T18:11:20,EGV,,,,Android G6,72.0,,,,,34500.0
004,101,2020-02-27T18:16:21,EGV,,,,Android G6,64.0,,,,,34800.0
004,102,2020-02-27T18:21:21,EGV,,,,Android G6,58.0,,,,,35100.0
004,103,2020-02-27T18:26:21,EGV,,,,Android G6,60.0,,,,,35400.0
004,104,2020-02-27T18:31:21,EGV,,,,Android G6,69.0,,,,,35700.0
004,105,2020-02-27T18:36:20,EGV,,,,Android G6,80.0,,,,,36000.0
004,106,2020-02-27T18:41:21,EGV,,,,Android G6,90.0,,,,,36300.0
004,107,2020-02-27T18:46:21,EGV,,,,Android G6,98.0,,,,,36600.0
004,108,2020-02-27T18:51:21,EGV,,,,Android G6,108.0,,,,,36900.0
004,109,2020-02-27T18:56:20,EGV,,,,Android G6,113.0,,,,,37199.0
004,110,2020-02-27T19:01:20,EGV,,,,Android G6,116.0,,,,,37499.0
004,111,2020-02-27T19:06:19,EGV,,,,Android G6,114.0,,,,,37799.0
004,112,2020-02-27T19:11:20,EGV,,,,Android G6,110.0,,,,,38099.0
004,113,2020-02-27T19:16:20,EGV,,,,Android G6,106.0,,,,,38399.0
004,114,2020-02-27T19:21:20,EGV,,,,Android G6,106.0,,,,,38699.0
004,115,2020-02-27T19:26:20,EGV,,,,Android G6,108.0,,,,,38999.0
004,116,2020-02-27T19:31:19,EGV,,,,Android G6,112.0,,,,,39299.0
004,117,2020-02-27T19:36:20,EGV,,,,Android G6,112.0,,,,,39599.0
004,118,2020-02-27T19:41:19,EGV,,,,Android G6,110.0,,,,,39899.0
004,119,2020-02-27T19:46:19,EGV,,,,Android G6,109.0,,,,,40199.0
004,120,2020-02-27T19:51:19,EGV,,,,Android G6,112.0,,,,,40499.0
004,121,2020-02-27T19:56:19,EGV,,,,Android G6,116.0,,,,,40799.0
004,122,2020-02-27T20:01:20,EGV,,,,Android G6,117.0,,,,,41099.0
004,123,2020-02-27T20:06:19,EGV,,,,Android G6,117.0,,,,,41399.0
004,124,2020-02-27T20:11:19,EGV,,,,Android G6,117.0,,,,,41699.0
004,125,2020-02-27T20:16:20,EGV,,,,Android G6,112.0,,,,,41999.0
004,126,2020-02-27T20:21:20,EGV,,,,Android G6,105.0,,,,,42299.0
004,127,2020-02-27T20:26:20,EGV,,,,Android G6,102.0,,,,,42599.0
004,128,2020-02-27T20:31:20,EGV,,,,Android G6,104.0,,,,,42899.0
004,129,2020-02-27T20:36:19,EGV,,,,Android G6,109.0,,,,,43199.0
004,130,2020-02-27T20:41:19,EGV,,,,Android G6,112.0,,,,,43499.0
004,131,2020-02-27T20:46:19,EGV,,,,Android G6,113.0,,,,,43799.0
004,132,2020-02-27T20:51:19,EGV,,,,Android G6,109.0,,,,,44099.0
004,133,2020-02-27T20:56:19,EGV,,,,Android G6,104.0,,,,,44399.0
004,134,2020-02-27T21:01:19,EGV,,,,Android G6,101.0,,,,,44699.0
004,135,2020-02-27T21:06:19,EGV,,,,Android G6,103.0,,,,,44999.0
004,136,2020-02-27T21:11:19,EGV,,,,Android G6,106.0,,,,,45299.0
004,137,2020-02-27T21:16:19,EGV,,,,Android G6,116.0,,,,,45599.0
004,138,2020-02-27T21:21:20,EGV,,,,Android G6,127.0,,,,,45899.0
004,139,2020-02-27T21:26:19,EGV,,,,Android G6,136.0,,,,,46199.0
004,140,2020-02-27T21:31:19,EGV,,,,Android G6,139.0,,,,,46499.0
004,141,2020-02-27T21:36:20,EGV,,,,Android G6,138.0,,,,,46799.0
004,142,2020-02-27T21:41:20,EGV,,,,Android G6,131.0,,,,,47099.0
004,143,2020-02-27T21:46:19,EGV,,,,Android G6,122.0,,,,,47399.0
004,144,2020-02-27T21:51:19,EGV,,,,Android G6,113.0,,,,,47699.0
004,145,2020-02-27T21:56:20,EGV,,,,Android G6,112.0,,,,,47999.0
004,146,2020-02-27T22:01:19,EGV,,,,Android G6,113.0,,,,,48299.0
004,147,2020-02-27T22:06:20,EGV,,,,Android G6,114.0,,,,,48599.0
004,148,2020-02-27T22:11:19,EGV,,,,Android G6,109.0,,,,,48899.0
004,149,2020-02-27T22:16:20,EGV,,,,Android G6,106.0,,,,,49199.0
004,150,2020-02-27T22:21:20,EGV,,,,Android G6,106.0,,,,,49499.0
004,151,2020-02-27T22:26:19,EGV,,,,Android G6,110.0,,,,,49799.0
004,152,2020-02-27T22:31:20,EGV,,,,Android G6,114.0,,,,,50099.0
004,153,2020-02-27T22:36:20,EGV,,,,Android G6,116.0,,,,,50399.0
004,154,2020-02-27T22:41:19,EGV,,,,Android G6,119.0,,,,,50699.0
004,155,2020-02-27T22:46:20,EGV,,,,Android G6,121.0,,,,,50999.0
004,156,2020-02-27T22:51:20,EGV,,,,Android G6,123.0,,,,,51299.0
004,157,2020-02-27T22:56:19,EGV,,,,Android G6,124.0,,,,,51599.0
004,158,2020-02-27T23:01:20,EGV,,,,Android G6,125.0,,,,,51899.0
004,159,2020-02-27T23:06:19,EGV,,,,Android G6,126.0,,,,,52199.0
004,160,2020-02-27T23:11:19,EGV,,,,Android G6,126.0,,,,,52499.0
004,161,2020-02-27T23:16:20,EGV,,,,Android G6,125.0,,,,,52799.0
004,162,2020-02-27T23:21:20,EGV,,,,Android G6,125.0,,,,,53099.0
004,163,2020-02-27T23:26:20,EGV,,,,Android G6,125.0,,,,,53399.0
004,164,2020-02-27T23:31:20,EGV,,,,Android G6,124.0,,,,,53699.0
004,165,2020-02-27T23:36:20,EGV,,,,Android G6,121.0,,,,,53999.0
004,166,2020-02-27T23:41:20,EGV,,,,Android G6,118.0,,,,,54299.0
004,167,2020-02-27T23:46:21,EGV,,,,Android G6,117.0,,,,,54599.0
004,168,2020-02-27T23:51:20,EGV,,,,Android G6,117.0,,,,,54899.0
004,169,2020-02-27T23:56:21,EGV,,,,Android G6,118.0,,,,,55199.0
004,170,2020-02-28T00:01:20,EGV,,,,Android G6,118.0,,,,,55499.0
004,171,2020-02-28T00:06:20,EGV,,,,Android G6,115.0,,,,,55799.0
004,172,2020-02-28T00:11:20,EGV,,,,Android G6,111.0,,,,,56099.0
004,173,2020-02-28T00:16:20,EGV,,,,Android G6,112.0,,,,,56399.0
004,174,2020-02-28T00:21:20,EGV,,,,Android G6,117.0,,,,,56699.0
004,175,2020-02-28T00:26:20,EGV,,,,Android G6,124.0,,,,,56999.0
004,176,2020-02-28T00:31:20,EGV,,,,Android G6,127.0,,,,,57299.0
004,177,2020-02-28T00:36:20,EGV,,,,Android G6,125.0,,,,,57599.0
004,178,2020-02-28T00:41:20,EGV,,,,Android G6,122.0,,,,,57899.0
004,179,2020-02-28T00:46:20,EGV,,,,Android G6,118.0,,,,,58199.0
004,180,2020-02-28T00:51:20,EGV,,,,Android G6,117.0,,,,,58499.0
004,181,2020-02-28T00:56:20,EGV,,,,Android G6,119.0,,,,,58799.0
004,182,2020-02-28T01:01:19,EGV,,,,Android G6,121.0,,,,,59099.0
004,183,2020-02-28T01:06:20,EGV,,,,Android G6,123.0,,,,,59399.0
004,184,2020-02-28T01:11:19,EGV,,,,Android G6,125.0,,,,,59699.0
004,185,2020-02-28T01:16:20,EGV,,,,Android G6,127.0,,,,,59999.0
004,186,2020-02-28T01:21:20,EGV,,,,Android G6,127.0,,,,,60299.0
004,187,2020-02-28T01:26:20,EGV,,,,Android G6,126.0,,,,,60599.0
004,188,2020-02-28T01:31:20,EGV,,,,Android G6,125.0,,,,,60899.0
004,189,2020-02-28T01:36:19,EGV,,,,Android G6,124.0,,,,,61199.0
004,190,2020-02-28T01:41:20,EGV,,,,Android G6,123.0,,,,,61499.0
004,191,2020-02-28T01:46:20,EGV,,,,Android G6,122.0,,,,,61799.0
004,192,2020-02-28T01:51:20,EGV,,,,Android G6,123.0,,,,,62099.0
004,193,2020-02-28T01:56:20,EGV,,,,Android G6,124.0,,,,,62399.0
004,194,2020-02-28T02:01:19,EGV,,,,Android G6,123.0,,,,,62699.0
004,195,2020-02-28T02:06:20,EGV,,,,Android G6,114.0,,,,,62999.0
004,196,2020-02-28T02:11:20,EGV,,,,Android G6,104.0,,,,,63299.0
004,197,2020-02-28T02:16:19,EGV,,,,Android G6,95.0,,,,,63599.0
004,198,2020-02-28T02:21:19,EGV,,,,Android G6,96.0,,,,,63899.0
004,199,2020-02-28T02:26:19,EGV,,,,Android G6,98.0,,,,,64199.0
004,200,2020-02-28T02:31:20,EGV,,,,Android G6,100.0,,,,,64499.0
004,201,2020-02-28T02:36:19,EGV,,,,Android G6,102.0,,,,,64799.0
004,202,2020-02-28T02:41:20,EGV,,,,Android G6,110.0,,,,,65099.0
004,203,2020-02-28T02:46:20,EGV,,,,Android G6,118.0,,,,,65399.0
004,204,2020-02-28T02:51:20,EGV,,,,Android G6,120.0,,,,,65699.0
004,205,2020-02-28T02:56:20,EGV,,,,Android G6,110.0,,,,,65999.0
004,206,2020-02-28T03:01:20,EGV,,,,Android G6,100.0,,,,,66298.0
004,207,2020-02-28T03:06:19,EGV,,,,Android G6,96.0,,,,,66598.0
004,208,2020-02-28T03:11:19,EGV,,,,Android G6,98.0,,,,,66898.0
004,209,2020-02-28T03:16:19,EGV,,,,Android G6,100.0,,,,,67198.0
004,210,2020-02-28T03:21:19,EGV,,,,Android G6,104.0,,,,,67498.0
004,211,2020-02-28T03:26:19,EGV,,,,Android G6,112.0,,,,,67798.0
004,212,2020-02-28T03:31:19,EGV,,,,Android G6,120.0,,,,,68098.0
004,213,2020-02-28T03:36:19,EGV,,,,Android G6,125.0,,,,,68398.0
004,214,2020-02-28T03:41:19,EGV,,,,Android G6,119.0,,,,,68698.0
004,215,2020-02-28T03:46:19,EGV,,,,Android G6,108.0,,,,,68998.0
004,216,2020-02-28T03:51:19,EGV,,,,Android G6,98.0,,,,,69298.0
004,217,2020-02-28T03:56:19,EGV,,,,Android G6,98.0,,,,,69598.0
004,218,2020-02-28T04:01:19,EGV,,,,Android G6,106.0,,,,,69898.0
004,219,2020-02-28T04:06:19,EGV,,,,Android G6,107.0,,,,,70198.0
004,220,2020-02-28T04:11:19,EGV,,,,Android G6,105.0,,,,,70498.0
004,221,2020-02-28T04:16:19,EGV,,,,Android G6,103.0,,,,,70798.0
004,222,2020-02-28T04:21:19,EGV,,,,Android G6,104.0,,,,,71098.0
004,223,2020-02-28T04:26:19,EGV,,,,Android G6,105.0,,,,,71398.0
004,224,2020-02-28T04:31:18,EGV,,,,Android G6,102.0,,,,,71698.0
004,225,2020-02-28T04:36:19,EGV,,,,Android G6,102.0,,,,,71998.0
004,226,2020-02-28T04:41:18,EGV,,,,Android G6,104.0,,,,,72298.0
004,227,2020-02-28T04:46:19,EGV,,,,Android G6,109.0,,,,,72598.0
004,228,2020-02-28T04:51:19,EGV,,,,Android G6,114.0,,,,,72898.0
004,229,2020-02-28T04:56:18,EGV,,,,Android G6,118.0,,,,,73198.0
004,230,2020-02-28T05:01:19,EGV,,,,Android G6,117.0,,,,,73498.0
004,231,2020-02-28T05:06:18,EGV,,,,Android G6,114.0,,,,,73798.0
004,232,2020-02-28T05:11:18,EGV,,,,Android G6,114.0,,,,,74098.0
004,233,2020-02-28T05:16:18,EGV,,,,Android G6,114.0,,,,,74398.0
004,234,2020-02-28T05:21:18,EGV,,,,Android G6,115.0,,,,,74698.0
004,235,2020-02-28T05:26:19,EGV,,,,Android G6,116.0,,,,,74998.0
004,236,2020-02-28T05:31:18,EGV,,,,Android G6,114.0,,,,,75298.0
004,237,2020-02-28T05:36:19,EGV,,,,Android G6,111.0,,,,,75598.0
004,238,2020-02-28T05:41:19,EGV,,,,Android G6,109.0,,,,,75898.0
004,239,2020-02-28T05:46:19,EGV,,,,Android G6,110.0,,,,,76198.0
004,240,2020-02-28T05:51:19,EGV,,,,Android G6,117.0,,,,,76498.0
004,241,2020-02-28T05:56:18,EGV,,,,Android G6,124.0,,,,,76798.0
004,242,2020-02-28T06:01:19,EGV,,,,Android G6,127.0,,,,,77098.0
004,243,2020-02-28T06:06:19,EGV,,,,Android G6,125.0,,,,,77398.0
004,244,2020-02-28T06:11:19,EGV,,,,Android G6,124.0,,,,,77698.0
004,245,2020-02-28T06:16:20,EGV,,,,Android G6,124.0,,,,,77998.0
004,246,2020-02-28T06:21:19,EGV,,,,Android G6,124.0,,,,,78298.0
004,247,2020-02-28T06:26:20,EGV,,,,Android G6,123.0,,,,,78598.0
004,248,2020-02-28T06:31:20,EGV,,,,Android G6,123.0,,,,,78898.0
004,249,2020-02-28T06:36:19,EGV,,,,Android G6,123.0,,,,,79198.0
004,250,2020-02-28T06:41:19,EGV,,,,Android G6,124.0,,,,,79498.0
004,251,2020-02-28T06:46:19,EGV,,,,Android G6,121.0,,,,,79798.0
004,252,2020-02-28T06:51:20,EGV,,,,Android G6,116.0,,,,,80098.0
004,253,2020-02-28T06:56:20,EGV,,,,Android G6,111.0,,,,,80398.0
004,254,2020-02-28T07:01:20,EGV,,,,Android G6,109.0,,,,,80698.0
004,255,2020-02-28T07:06:20,EGV,,,,Android G6,110.0,,,,,80998.0
004,256,2020-02-28T07:11:19,EGV,,,,Android G6,111.0,,,,,81298.0
004,257,2020-02-28T07:16:20,EGV,,,,Android G6,111.0,,,,,81598.0
004,258,2020-02-28T07:21:20,EGV,,,,Android G6,114.0,,,,,81898.0
004,259,2020-02-28T07:26:20,EGV,,,,Android G6,117.0,,,,,82198.0
004,260,2020-02-28T07:31:20,EGV,,,,Android G6,119.0,,,,,82498.0
004,261,2020-02-28T07:36:19,EGV,,,,Android G6,118.0,,,,,82798.0
004,262,2020-02-28T07:41:20,EGV,,,,Android G6,116.0,,,,,83098.0
004,263,2020-02-28T07:46:20,EGV,,,,Android G6,115.0,,,,,83398.0
004,264,2020-02-28T07:51:19,EGV,,,,Android G6,114.0,,,,,83698.0
004,265,2020-02-28T07:56:19,EGV,,,,Android G6,115.0,,,,,83998.0
004,266,2020-02-28T08:01:19,EGV,,,,Android G6,115.0,,,,,84298.0
004,267,2020-02-28T08:06:19,EGV,,,,Android G6,116.0,,,,,84598.0
004,268,2020-02-28T08:11:19,EGV,,,,Android G6,117.0,,,,,84898.0
004,269,2020-02-28T08:16:19,EGV,,,,Android G6,118.0,,,,,85198.0
004,270,2020-02-28T08:21:19,EGV,,,,Android G6,119.0,,,,,85498.0
004,271,2020-02-28T08:26:19,EGV,,,,Android G6,119.0,,,,,85798.0
004,272,2020-02-28T08:31:19,EGV,,,,Android G6,119.0,,,,,86098.0
004,273,2020-02-28T08:36:20,EGV,,,,Android G6,119.0,,,,,86398.0
004,274,2020-02-28T08:41:19,EGV,,,,Android G6,118.0,,,,,86698.0
004,275,2020-02-28T08:46:19,EGV,,,,Android G6,117.0,,,,,86998.0
004,276,2020-02-28T08:51:19,EGV,,,,Android G6,115.0,,,,,87298.0
004,277,2020-02-28T08:56:19,EGV,,,,Android G6,114.0,,,,,87598.0
004,278,2020-02-28T09:01:19,EGV,,,,Android G6,116.0,,,,,87898.0
004,279,2020-02-28T09:06:19,EGV,,,,Android G6,123.0,,,,,88198.0
004,280,2020-02-28T09:11:19,EGV,,,,Android G6,138.0,,,,,88498.0
004,281,2020-02-28T09:16:19,EGV,,,,Android G6,154.0,,,,,88798.0
004,282,2020-02-28T09:21:19,EGV,,,,Android G6,169.0,,,,,89098.0
004,283,2020-02-28T09:26:19,EGV,,,,Android G6,179.0,,,,,89398.0
004,284,2020-02-28T09:31:19,EGV,,,,Android G6,185.0,,,,,89698.0
004,285,2020-02-28T09:36:19,EGV,,,,Android G6,188.0,,,,,89998.0
004,286,2020-02-28T09:41:19,EGV,,,,Android G6,188.0,,,,,90298.0
004,287,2020-02-28T09:46:19,EGV,,,,Android G6,184.0,,,,,90598.0
004,288,2020-02-28T09:51:19,EGV,,,,Android G6,178.0,,,,,90898.0
004,289,2020-02-28T09:56:19,EGV,,,,Android G6,167.0,,,,,91198.0
004,290,2020-02-28T10:01:19,EGV,,,,Android G6,155.0,,,,,91498.0
004,291,2020-02-28T10:06:19,EGV,,,,Android G6,146.0,,,,,91798.0
004,292,2020-02-28T10:11:19,EGV,,,,Android G6,140.0,,,,,92098.0
004,293,2020-02-28T10:16:19,EGV,,,,Android G6,137.0,,,,,92398.0
004,294,2020-02-28T10:21:19,EGV,,,,Android G6,134.0,,,,,92698.0
004,295,2020-02-28T10:26:19,EGV,,,,Android G6,132.0,,,,,92998.0
004,296,2020-02-28T10:31:19,EGV,,,,Android G6,126.0,,,,,93298.0
004,297,2020-02-28T10:36:19,EGV,,,,Android G6,118.0,,,,,93598.0
004,298,2020-02-28T10:41:19,EGV,,,,Android G6,112.0,,,,,93898.0
004,299,2020-02-28T10:46:19,EGV,,,,Android G6,111.0,,,,,94198.0
004,300,2020-02-28T10:51:19,EGV,,,,Android G6,114.0,,,,,94498.0
004,301,2020-02-28T10:56:19,EGV,,,,Android G6,117.0,,,,,94798.0
004,302,2020-02-28T11:01:19,EGV,,,,Android G6,120.0,,,,,95098.0
004,303,2020-02-28T11:06:19,EGV,,,,Android G6,120.0,,,,,95398.0
004,304,2020-02-28T11:11:19,EGV,,,,Android G6,119.0,,,,,95697.0
004,305,2020-02-28T11:16:18,EGV,,,,Android G6,116.0,,,,,95997.0
004,306,2020-02-28T11:21:19,EGV,,,,Android G6,115.0,,,,,96297.0
004,307,2020-02-28T11:26:18,EGV,,,,Android G6,113.0,,,,,96597.0
004,308,2020-02-28T11:31:18,EGV,,,,Android G6,108.0,,,,,96897.0
004,309,2020-02-28T11:36:19,EGV,,,,Android G6,101.0,,,,,97197.0
004,310,2020-02-28T11:41:18,EGV,,,,Android G6,93.0,,,,,97497.0
004,311,2020-02-28T11:46:19,EGV,,,,Android G6,91.0,,,,,97797.0
004,312,2020-02-28T11:51:18,EGV,,,,Android G6,90.0,,,,,98097.0
004,313,2020-02-28T11:56:19,EGV,,,,Android G6,91.0,,,,,98397.0
004,314,2020-02-28T12:01:18,EGV,,,,Android G6,89.0,,,,,98697.0
004,315,2020-02-28T12:06:18,EGV,,,,Android G6,87.0,,,,,98997.0
004,316,2020-02-28T12:11:19,EGV,,,,Android G6,84.0,,,,,99297.0
004,317,2020-02-28T12:16:19,EGV,,,,Android G6,82.0,,,,,99597.0
004,318,2020-02-28T12:21:18,EGV,,,,Android G6,81.0,,,,,99897.0
004,319,2020-02-28T12:26:18,EGV,,,,Android G6,83.0,,,,,100197.0
004,320,2020-02-28T12:31:19,EGV,,,,Android G6,84.0,,,,,100497.0
004,321,2020-02-28T12:36:19,EGV,,,,Android G6,84.0,,,,,100797.0
004,322,2020-02-28T12:41:18,EGV,,,,Android G6,84.0,,,,,101097.0
004,323,2020-02-28T12:46:19,EGV,,,,Android G6,84.0,,,,,101397.0
004,324,2020-02-28T12:51:19,EGV,,,,Android G6,83.0,,,,,101697.0
004,325,2020-02-28T12:56:18,EGV,,,,Android G6,81.0,,,,,101997.0
004,326,2020-02-28T13:01:18,EGV,,,,Android G6,78.0,,,,,102297.0
004,327,2020-02-28T13:06:18,EGV,,,,Android G6,77.0,,,,,102597.0
004,328,2020-02-28T13:11:19,EGV,,,,Android G6,75.0,,,,,102897.0
004,329,2020-02-28T13:16:18,EGV,,,,Android G6,74.0,,,,,103197.0
004,330,2020-02-28T13:21:18,EGV,,,,Android G6,73.0,,,,,103497.0
004,331,2020-02-28T13:26:19,EGV,,,,Android G6,73.0,,,,,103797.0
004,332,2020-02-28T13:31:19,EGV,,,,Android G6,76.0,,,,,104097.0
004,333,2020-02-28T13:36:19,EGV,,,,Android G6,78.0,,,,,104397.0
004,334,2020-02-28T13:41:19,EGV,,,,Android G6,80.0,,,,,104697.0
004,335,2020-02-28T13:46:19,EGV,,,,Android G6,83.0,,,,,104997.0
004,336,2020-02-28T13:51:18,EGV,,,,Android G6,87.0,,,,,105297.0
004,337,2020-02-28T13:56:18,EGV,,,,Android G6,89.0,,,,,105597.0
004,338,2020-02-28T14:01:18,EGV,,,,Android G6,91.0,,,,,105897.0
004,339,2020-02-28T14:06:19,EGV,,,,Android G6,93.0,,,,,106197.0
004,340,2020-02-28T14:11:19,EGV,,,,Android G6,95.0,,,,,106497.0
004,341,2020-02-28T14:16:18,EGV,,,,Android G6,96.0,,,,,106797.0
004,342,2020-02-28T14:21:19,EGV,,,,Android G6,95.0,,,,,107097.0
004,343,2020-02-28T14:26:19,EGV,,,,Android G6,93.0,,,,,107397.0
004,344,2020-02-28T14:31:18,EGV,,,,Android G6,92.0,,,,,107697.0
004,345,2020-02-28T14:36:18,EGV,,,,Android G6,91.0,,,,,107997.0
004,346,2020-02-28T14:41:18,EGV,,,,Android G6,92.0,,,,,108297.0
004,347,2020-02-28T14:46:19,EGV,,,,Android G6,93.0,,,,,108597.0
004,348,2020-02-28T14:51:19,EGV,,,,Android G6,97.0,,,,,108897.0
004,349,2020-02-28T14:56:19,EGV,,,,Android G6,98.0,,,,,109197.0
004,350,2020-02-28T15:01:19,EGV,,,,Android G6,99.0,,,,,109497.0
004,351,2020-02-28T15:06:20,EGV,,,,Android G6,98.0,,,,,109797.0
004,352,2020-02-28T15:11:19,EGV,,,,Android G6,98.0,,,,,110097.0
004,353,2020-02-28T15:16:18,EGV,,,,Android G6,99.0,,,,,110397.0
004,354,2020-02-28T15:21:19,EGV,,,,Android G6,99.0,,,,,110697.0
004,355,2020-02-28T15:26:18,EGV,,,,Android G6,100.0,,,,,110997.0
004,356,2020-02-28T15:31:19,EGV,,,,Android G6,101.0,,,,,111297.0
004,357,2020-02-28T15:36:18,EGV,,,,Android G6,102.0,,,,,111597.0
004,358,2020-02-28T15:41:18,EGV,,,,Android G6,102.0,,,,,111897.0
004,359,2020-02-28T15:46:18,EGV,,,,Android G6,103.0,,,,,112197.0
004,360,2020-02-28T15:51:19,EGV,,,,Android G6,103.0,,,,,112497.0
004,361,2020-02-28T15:56:19,EGV,,,,Android G6,102.0,,,,,112797.0
004,362,2020-02-28T16:01:18,EGV,,,,Android G6,102.0,,,,,113097.0
004,363,2020-02-28T16:06:18,EGV,,,,Android G6,102.0,,,,,113397.0
004,364,2020-02-28T16:11:18,EGV,,,,Android G6,103.0,,,,,113697.0
004,365,2020-02-28T16:16:18,EGV,,,,Android G6,104.0,,,,,113997.0
004,366,2020-02-28T16:21:19,EGV,,,,Android G6,103.0,,,,,114297.0
004,367,2020-02-28T16:26:19,EGV,,,,Android G6,104.0,,,,,114597.0
004,368,2020-02-28T16:31:20,EGV,,,,Android G6,105.0,,,,,114897.0
004,369,2020-02-28T16:36:18,EGV,,,,Android G6,106.0,,,,,115197.0
004,370,2020-02-28T16:41:18,EGV,,,,Android G6,107.0,,,,,115497.0
004,371,2020-02-28T16:46:18,EGV,,,,Android G6,108.0,,,,,115797.0
004,372,2020-02-28T16:51:18,EGV,,,,Android G6,108.0,,,,,116097.0
004,373,2020-02-28T16:56:19,EGV,,,,Android G6,107.0,,,,,116397.0
004,374,2020-02-28T17:01:19,EGV,,,,Android G6,106.0,,,,,116697.0
004,375,2020-02-28T17:06:19,EGV,,,,Android G6,106.0,,,,,116997.0
004,376,2020-02-28T17:11:18,EGV,,,,Android G6,105.0,,,,,117297.0
004,377,2020-02-28T17:16:18,EGV,,,,Android G6,105.0,,,,,117597.0
004,378,2020-02-28T17:21:19,EGV,,,,Android G6,106.0,,,,,117897.0
004,379,2020-02-28T17:26:18,EGV,,,,Android G6,107.0,,,,,118197.0
004,380,2020-02-28T17:31:18,EGV,,,,Android G6,108.0,,,,,118497.0
004,381,2020-02-28T17:36:18,EGV,,,,Android G6,109.0,,,,,118797.0
004,382,2020-02-28T17:41:19,EGV,,,,Android G6,109.0,,,,,119097.0
004,383,2020-02-28T17:46:18,EGV,,,,Android G6,110.0,,,,,119397.0
004,384,2020-02-28T17:51:19,EGV,,,,Android G6,111.0,,,,,119697.0
004,385,2020-02-28T17:56:19,EGV,,,,Android G6,113.0,,,,,119997.0
004,386,2020-02-28T18:01:19,EGV,,,,Android G6,113.0,,,,,120297.0
004,387,2020-02-28T18:06:19,EGV,,,,Android G6,112.0,,,,,120597.0
004,388,2020-02-28T18:11:19,EGV,,,,Android G6,112.0,,,,,120897.0
004,389,2020-02-28T18:16:19,EGV,,,,Android G6,112.0,,,,,121197.0
004,390,2020-02-28T18:21:19,EGV,,,,Android G6,109.0,,,,,121497.0
004,391,2020-02-28T18:26:19,EGV,,,,Android G6,105.0,,,,,121797.0
004,392,2020-02-28T18:31:18,EGV,,,,Android G6,103.0,,,,,122097.0
004,393,2020-02-28T18:36:19,EGV,,,,Android G6,104.0,,,,,122397.0
004,394,2020-02-28T18:41:18,EGV,,,,Android G6,106.0,,,,,122697.0
004,395,2020-02-28T18:46:18,EGV,,,,Android G6,109.0,,,,,122997.0
004,396,2020-02-28T18:51:19,EGV,,,,Android G6,110.0,,,,,123297.0
004,397,2020-02-28T18:56:19,EGV,,,,Android G6,111.0,,,,,123597.0
004,398,2020-02-28T19:01:19,EGV,,,,Android G6,111.0,,,,,123897.0
004,399,2020-02-28T19:06:19,EGV,,,,Android G6,112.0,,,,,124197.0
004,400,2020-02-28T19:11:19,EGV,,,,Android G6,112.0,,,,,124497.0
004,401,2020-02-28T19:16:19,EGV,,,,Android G6,112.0,,,,,124797.0
004,402,2020-02-28T19:21:17,EGV,,,,Android G6,112.0,,,,,125096.0
004,403,2020-02-28T19:26:17,EGV,,,,Android G6,112.0,,,,,125396.0
004,404,2020-02-28T19:31:17,EGV,,,,Android G6,112.0,,,,,125696.0
004,405,2020-02-28T19:36:17,EGV,,,,Android G6,111.0,,,,,125996.0
004,406,2020-02-28T19:41:17,EGV,,,,Android G6,110.0,,,,,126296.0
004,407,2020-02-28T19:46:17,EGV,,,,Android G6,109.0,,,,,126596.0
004,408,2020-02-28T19:51:17,EGV,,,,Android G6,108.0,,,,,126896.0
004,409,2020-02-28T19:56:17,EGV,,,,Android G6,106.0,,,,,127196.0
004,410,2020-02-28T20:01:18,EGV,,,,Android G6,105.0,,,,,127496.0
004,411,2020-02-28T20:06:18,EGV,,,,Android G6,104.0,,,,,127796.0
004,412,2020-02-28T20:11:17,EGV,,,,Android G6,103.0,,,,,128096.0
004,413,2020-02-28T20:16:17,EGV,,,,Android G6,102.0,,,,,128396.0
004,414,2020-02-28T20:21:18,EGV,,,,Android G6,101.0,,,,,128696.0
004,415,2020-02-28T20:26:17,EGV,,,,Android G6,101.0,,,,,128996.0
004,416,2020-02-28T20:31:18,EGV,,,,Android G6,102.0,,,,,129296.0
004,417,2020-02-28T20:36:18,EGV,,,,Android G6,108.0,,,,,129596.0
004,418,2020-02-28T20:41:18,EGV,,,,Android G6,116.0,,,,,129896.0
004,419,2020-02-28T20:46:17,EGV,,,,Android G6,124.0,,,,,130196.0
004,420,2020-02-28T20:51:18,EGV,,,,Android G6,131.0,,,,,130496.0
004,421,2020-02-28T20:56:17,EGV,,,,Android G6,134.0,,,,,130796.0
004,422,2020-02-28T21:01:17,EGV,,,,Android G6,135.0,,,,,131096.0
004,423,2020-02-28T21:06:18,EGV,,,,Android G6,133.0,,,,,131396.0
004,424,2020-02-28T21:11:18,EGV,,,,Android G6,128.0,,,,,131696.0
004,425,2020-02-28T21:16:17,EGV,,,,Android G6,122.0,,,,,131996.0
004,426,2020-02-28T21:21:18,EGV,,,,Android G6,116.0,,,,,132296.0
004,427,2020-02-28T21:26:17,EGV,,,,Android G6,114.0,,,,,132596.0
004,428,2020-02-28T21:31:17,EGV,,,,Android G6,115.0,,,,,132896.0
004,429,2020-02-28T21:36:18,EGV,,,,Android G6,115.0,,,,,133196.0
004,430,2020-02-28T21:41:17,EGV,,,,Android G6,114.0,,,,,133496.0
004,431,2020-02-28T21:46:18,EGV,,,,Android G6,113.0,,,,,133796.0
004,432,2020-02-28T21:51:18,EGV,,,,Android G6,112.0,,,,,134096.0
004,433,2020-02-28T21:56:18,EGV,,,,Android G6,111.0,,,,,134396.0
004,434,2020-02-28T22:01:18,EGV,,,,Android G6,108.0,,,,,134696.0
004,435,2020-02-28T22:06:18,EGV,,,,Android G6,105.0,,,,,134996.0
004,436,2020-02-28T22:11:18,EGV,,,,Android G6,102.0,,,,,135296.0
004,437,2020-02-28T22:16:18,EGV,,,,Android G6,102.0,,,,,135596.0
004,438,2020-02-28T22:21:18,EGV,,,,Android G6,102.0,,,,,135896.0
004,439,2020-02-28T22:26:17,EGV,,,,Android G6,102.0,,,,,136196.0
004,440,2020-02-28T22:31:17,EGV,,,,Android G6,102.0,,,,,136496.0
004,441,2020-02-28T22:36:18,EGV,,,,Android G6,103.0,,,,,136796.0
004,442,2020-02-28T22:41:18,EGV,,,,Android G6,104.0,,,,,137096.0
004,443,2020-02-28T22:46:17,EGV,,,,Android G6,103.0,,,,,137396.0
004,444,2020-02-28T22:51:18,EGV,,,,Android G6,100.0,,,,,137696.0
004,445,2020-02-28T22:56:18,EGV,,,,Android G6,99.0,,,,,137996.0
004,446,2020-02-28T23:01:18,EGV,,,,Android G6,99.0,,,,,138296.0
004,447,2020-02-28T23:06:18,EGV,,,,Android G6,100.0,,,,,138596.0
004,448,2020-02-28T23:11:18,EGV,,,,Android G6,101.0,,,,,138896.0
004,449,2020-02-28T23:16:18,EGV,,,,Android G6,101.0,,,,,139196.0
004,450,2020-02-28T23:21:18,EGV,,,,Android G6,101.0,,,,,139496.0
004,451,2020-02-28T23:26:18,EGV,,,,Android G6,101.0,,,,,139796.0
004,452,2020-02-28T23:31:18,EGV,,,,Android G6,101.0,,,,,140096.0
004,453,2020-02-28T23:36:18,EGV,,,,Android G6,103.0,,,,,140396.0
004,454,2020-02-28T23:41:18,EGV,,,,Android G6,104.0,,,,,140696.0
004,455,2020-02-28T23:46:18,EGV,,,,Android G6,105.0,,,,,140996.0
004,456,2020-02-28T23:51:18,EGV,,,,Android G6,107.0,,,,,141296.0
004,457,2020-02-28T23:56:18,EGV,,,,Android G6,110.0,,,,,141596.0
004,458,2020-02-29T00:01:18,EGV,,,,Android G6,114.0,,,,,141896.0
004,459,2020-02-29T00:06:18,EGV,,,,Android G6,117.0,,,,,142196.0
004,460,2020-02-29T00:11:18,EGV,,,,Android G6,122.0,,,,,142496.0
004,461,2020-02-29T00:16:18,EGV,,,,Android G6,127.0,,,,,142796.0
004,462,2020-02-29T00:21:18,EGV,,,,Android G6,132.0,,,,,143096.0
004,463,2020-02-29T00:26:18,EGV,,,,Android G6,138.0,,,,,143396.0
004,464,2020-02-29T00:31:18,EGV,,,,Android G6,146.0,,,,,143696.0
004,465,2020-02-29T00:36:18,EGV,,,,Android G6,154.0,,,,,143996.0
004,466,2020-02-29T00:41:18,EGV,,,,Android G6,160.0,,,,,144296.0
004,467,2020-02-29T00:46:18,EGV,,,,Android G6,160.0,,,,,144596.0
004,468,2020-02-29T00:51:18,EGV,,,,Android G6,155.0,,,,,144896.0
004,469,2020-02-29T00:56:17,EGV,,,,Android G6,150.0,,,,,145196.0
004,470,2020-02-29T01:01:17,EGV,,,,Android G6,146.0,,,,,145496.0
004,471,2020-02-29T01:06:18,EGV,,,,Android G6,145.0,,,,,145796.0
004,472,2020-02-29T01:11:18,EGV,,,,Android G6,145.0,,,,,146096.0
004,473,2020-02-29T01:16:18,EGV,,,,Android G6,147.0,,,,,146396.0
004,474,2020-02-29T01:21:18,EGV,,,,Android G6,148.0,,,,,146696.0
004,475,2020-02-29T01:26:17,EGV,,,,Android G6,146.0,,,,,146996.0
004,476,2020-02-29T01:31:18,EGV,,,,Android G6,141.0,,,,,147296.0
004,477,2020-02-29T01:36:17,EGV,,,,Android G6,137.0,,,,,147596.0
004,478,2020-02-29T01:41:18,EGV,,,,Android G6,133.0,,,,,147896.0
004,479,2020-02-29T01:46:18,EGV,,,,Android G6,130.0,,,,,148196.0
004,480,2020-02-29T01:51:18,EGV,,,,Android G6,127.0,,,,,148496.0
004,481,2020-02-29T01:56:18,EGV,,,,Android G6,123.0,,,,,148796.0
004,482,2020-02-29T02:01:17,EGV,,,,Android G6,119.0,,,,,149096.0
004,483,2020-02-29T02:06:17,EGV,,,,Android G6,117.0,,,,,149396.0
004,484,2020-02-29T02:11:18,EGV,,,,Android G6,116.0,,,,,149696.0
004,485,2020-02-29T02:16:18,EGV,,,,Android G6,115.0,,,,,149996.0
004,486,2020-02-29T02:21:18,EGV,,,,Android G6,115.0,,,,,150296.0
004,487,2020-02-29T02:26:17,EGV,,,,Android G6,115.0,,,,,150596.0
004,488,2020-02-29T02:31:17,EGV,,,,Android G6,115.0,,,,,150896.0
004,489,2020-02-29T02:36:18,EGV,,,,Android G6,114.0,,,,,151196.0
004,490,2020-02-29T02:41:17,EGV,,,,Android G6,114.0,,,,,151496.0
004,491,2020-02-29T02:46:18,EGV,,,,Android G6,115.0,,,,,151796.0
004,492,2020-02-29T02:51:17,EGV,,,,Android G6,116.0,,,,,152096.0
004,493,2020-02-29T02:56:17,EGV,,,,Android G6,115.0,,,,,152396.0
004,494,2020-02-29T03:01:17,EGV,,,,Android G6,115.0,,,,,152696.0
004,495,2020-02-29T03:06:17,EGV,,,,Android G6,115.0,,,,,152996.0
004,496,2020-02-29T03:11:18,EGV,,,,Android G6,115.0,,,,,153296.0
004,497,2020-02-29T03:16:17,EGV,,,,Android G6,115.0,,,,,153596.0
004,498,2020-02-29T03:21:18,EGV,,,,Android G6,114.0,,,,,153896.0
004,499,2020-02-29T03:26:18,EGV,,,,Android G6,113.0,,,,,154196.0
005,1,,FirstName,,2019,,,,,,,,
005,2,,LastName,,005,,,,,,,,
005,3,,DateOfBirth,,1970-01-01,,,,,,,,
005,4,,Device,,,Dexcom Receiver with G6,MX84702427,,,,,,
005,5,,Alert,Fall,,,MX84702427,,,,,3.0,
005,6,,Alert,High,,,MX84702427,170.0,,,,,
005,7,,Alert,Low,,,MX84702427,70.0,,,,,
005,8,,Alert,Signal Loss,,,MX84702427,,,,00:20:00,,
005,9,,Alert,Rise,,,MX84702427,,,,,3.0,
005,10,,Alert,Urgent Low,,,MX84702427,55.0,,,,,
005,11,,Alert,Urgent Low Soon,,,MX84702427,55.0,,,,,
005,12,2020-02-27T13:30:13,EGV,,,,MX84702427,135.0,,,,,9900.0
005,13,2020-02-27T13:35:12,EGV,,,,MX84702427,132.0,,,,,10200.0
005,14,2020-02-27T13:40:13,EGV,,,,MX84702427,133.0,,,,,10500.0
005,15,2020-02-27T13:45:12,EGV,,,,MX84702427,139.0,,,,,10800.0
005,16,2020-02-27T13:50:13,EGV,,,,MX84702427,146.0,,,,,11100.0
005,17,2020-02-27T13:55:12,EGV,,,,MX84702427,154.0,,,,,11400.0
005,18,2020-02-27T14:00:13,EGV,,,,MX84702427,161.0,,,,,11700.0
005,19,2020-02-27T14:05:13,EGV,,,,MX84702427,167.0,,,,,12000.0
005,20,2020-02-27T14:10:13,EGV,,,,MX84702427,170.0,,,,,12300.0
005,21,2020-02-27T14:15:13,EGV,,,,MX84702427,171.0,,,,,12600.0
005,22,2020-02-27T14:20:14,EGV,,,,MX84702427,170.0,,,,,12900.0
005,23,2020-02-27T14:25:13,EGV,,,,MX84702427,168.0,,,,,13200.0
005,24,2020-02-27T14:30:13,EGV,,,,MX84702427,164.0,,,,,13500.0
005,25,2020-02-27T14:35:13,EGV,,,,MX84702427,158.0,,,,,13800.0
005,26,2020-02-27T14:40:13,EGV,,,,MX84702427,151.0,,,,,14100.0
005,27,2020-02-27T14:45:14,EGV,,,,MX84702427,139.0,,,,,14400.0
005,28,2020-02-27T14:50:13,EGV,,,,MX84702427,127.0,,,,,14700.0
005,29,2020-02-27T14:55:13,EGV,,,,MX84702427,117.0,,,,,15000.0
005,30,2020-02-27T15:00:13,EGV,,,,MX84702427,111.0,,,,,15300.0
005,31,2020-02-27T15:05:12,EGV,,,,MX84702427,104.0,,,,,15600.0
005,32,2020-02-27T15:10:13,EGV,,,,MX84702427,98.0,,,,,15900.0
005,33,2020-02-27T15:15:13,EGV,,,,MX84702427,91.0,,,,,16200.0
005,34,2020-02-27T15:20:13,EGV,,,,MX84702427,87.0,,,,,16500.0
005,35,2020-02-27T15:25:13,EGV,,,,MX84702427,85.0,,,,,16800.0
005,36,2020-02-27T15:30:13,EGV,,,,MX84702427,96.0,,,,,17100.0
005,37,2020-02-27T15:35:13,EGV,,,,MX84702427,111.0,,,,,17400.0
005,38,2020-02-27T15:40:13,EGV,,,,MX84702427,127.0,,,,,17700.0
005,39,2020-02-27T15:45:12,EGV,,,,MX84702427,130.0,,,,,18000.0
005,40,2020-02-27T15:50:13,EGV,,,,MX84702427,126.0,,,,,18300.0
005,41,2020-02-27T15:55:13,EGV,,,,MX84702427,117.0,,,,,18600.0
005,42,2020-02-27T16:00:13,EGV,,,,MX84702427,107.0,,,,,18900.0
005,43,2020-02-27T16:05:15,EGV,,,,MX84702427,100.0,,,,,19200.0
005,44,2020-02-27T16:10:14,EGV,,,,MX84702427,95.0,,,,,19500.0
005,45,2020-02-27T16:15:15,EGV,,,,MX84702427,93.0,,,,,19800.0
005,46,2020-02-27T16:20:14,EGV,,,,MX84702427,90.0,,,,,20100.0
005,47,2020-02-27T16:25:14,EGV,,,,MX84702427,88.0,,,,,20400.0
005,48,2020-02-27T16:30:14,EGV,,,,MX84702427,87.0,,,,,20700.0
005,49,2020-02-27T16:35:14,EGV,,,,MX84702427,87.0,,,,,21000.0
005,50,2020-02-27T16:40:13,EGV,,,,MX84702427,86.0,,,,,21300.0
005,51,2020-02-27T16:45:12,EGV,,,,MX84702427,85.0,,,,,21600.0
005,52,2020-02-27T16:50:12,EGV,,,,MX84702427,84.0,,,,,21900.0
005,53,2020-02-27T16:55:12,EGV,,,,MX84702427,84.0,,,,,22200.0
005,54,2020-02-27T17:00:15,EGV,,,,MX84702427,84.0,,,,,22500.0
005,55,2020-02-27T17:05:13,EGV,,,,MX84702427,86.0,,,,,22800.0
005,56,2020-02-27T17:10:13,EGV,,,,MX84702427,89.0,,,,,23100.0
005,57,2020-02-27T17:15:14,EGV,,,,MX84702427,93.0,,,,,23400.0
005,58,2020-02-27T17:20:14,EGV,,,,MX84702427,96.0,,,,,23700.0
005,59,2020-02-27T17:25:13,EGV,,,,MX84702427,98.0,,,,,24000.0
005,60,2020-02-27T17:30:14,EGV,,,,MX84702427,96.0,,,,,24300.0
005,61,2020-02-27T17:35:14,EGV,,,,MX84702427,92.0,,,,,24600.0
005,62,2020-02-27T17:40:12,EGV,,,,MX84702427,88.0,,,,,24900.0
005,63,2020-02-27T17:45:13,EGV,,,,MX84702427,87.0,,,,,25200.0
005,64,2020-02-27T17:50:14,EGV,,,,MX84702427,88.0,,,,,25500.0
005,65,2020-02-27T17:55:13,EGV,,,,MX84702427,91.0,,,,,25800.0
005,66,2020-02-27T18:00:13,EGV,,,,MX84702427,97.0,,,,,26100.0
005,67,2020-02-27T18:05:13,EGV,,,,MX84702427,103.0,,,,,26400.0
005,68,2020-02-27T18:10:14,EGV,,,,MX84702427,110.0,,,,,26700.0
005,69,2020-02-27T18:15:14,EGV,,,,MX84702427,114.0,,,,,27000.0
005,70,2020-02-27T18:20:13,EGV,,,,MX84702427,116.0,,,,,27300.0
005,71,2020-02-27T18:25:14,EGV,,,,MX84702427,114.0,,,,,27600.0
005,72,2020-02-27T18:30:12,EGV,,,,MX84702427,112.0,,,,,27899.0
005,73,2020-02-27T18:35:12,EGV,,,,MX84702427,112.0,,,,,28199.0
005,74,2020-02-27T18:40:12,EGV,,,,MX84702427,113.0,,,,,28499.0
005,75,2020-02-27T18:45:12,EGV,,,,MX84702427,114.0,,,,,28799.0
005,76,2020-02-27T18:50:12,EGV,,,,MX84702427,114.0,,,,,29099.0
005,77,2020-02-27T18:55:12,EGV,,,,MX84702427,113.0,,,,,29399.0
005,78,2020-02-27T19:00:11,EGV,,,,MX84702427,110.0,,,,,29699.0
005,79,2020-02-27T19:05:11,EGV,,,,MX84702427,108.0,,,,,29999.0
005,80,2020-02-27T19:10:11,EGV,,,,MX84702427,109.0,,,,,30299.0
005,81,2020-02-27T19:15:12,EGV,,,,MX84702427,114.0,,,,,30599.0
005,82,2020-02-27T19:20:13,EGV,,,,MX84702427,120.0,,,,,30899.0
005,83,2020-02-27T19:25:12,EGV,,,,MX84702427,127.0,,,,,31199.0
005,84,2020-02-27T19:30:12,EGV,,,,MX84702427,137.0,,,,,31499.0
005,85,2020-02-27T19:35:12,EGV,,,,MX84702427,149.0,,,,,31799.0
005,86,2020-02-27T19:40:12,EGV,,,,MX84702427,159.0,,,,,32099.0
005,87,2020-02-27T19:45:12,EGV,,,,MX84702427,167.0,,,,,32399.0
005,88,2020-02-27T19:50:12,EGV,,,,MX84702427,173.0,,,,,32699.0
005,89,2020-02-27T19:55:11,EGV,,,,MX84702427,179.0,,,,,32999.0
005,90,2020-02-27T20:00:12,EGV,,,,MX84702427,181.0,,,,,33299.0
005,91,2020-02-27T20:05:12,EGV,,,,MX84702427,178.0,,,,,33599.0
005,92,2020-02-27T20:10:12,EGV,,,,MX84702427,172.0,,,,,33899.0
005,93,2020-02-27T20:15:11,EGV,,,,MX84702427,164.0,,,,,34199.0
005,94,2020-02-27T20:20:12,EGV,,,,MX84702427,155.0,,,,,34499.0
005,95,2020-02-27T20:25:11,EGV,,,,MX84702427,147.0,,,,,34799.0
005,96,2020-02-27T20:30:12,EGV,,,,MX84702427,141.0,,,,,35099.0
005,97,2020-02-27T20:35:12,EGV,,,,MX84702427,137.0,,,,,35399.0
005,98,2020-02-27T20:40:13,EGV,,,,MX84702427,135.0,,,,,35699.0
005,99,2020-02-27T20:45:11,EGV,,,,MX84702427,134.0,,,,,35999.0
005,100,2020-02-27T20:50:12,EGV,,,,MX84702427,135.0,,,,,36299.0
005,101,2020-02-27T20:55:11,EGV,,,,MX84702427,134.0,,,,,36599.0
005,102,2020-02-27T21:00:12,EGV,,,,MX84702427,126.0,,,,,36899.0
005,103,2020-02-27T21:05:12,EGV,,,,MX84702427,122.0,,,,,37199.0
005,104,2020-02-27T21:10:13,EGV,,,,MX84702427,121.0,,,,,37499.0
005,105,2020-02-27T21:15:12,EGV,,,,MX84702427,129.0,,,,,37799.0
005,106,2020-02-27T21:20:12,EGV,,,,MX84702427,136.0,,,,,38099.0
005,107,2020-02-27T21:25:12,EGV,,,,MX84702427,136.0,,,,,38399.0
005,108,2020-02-27T21:30:12,EGV,,,,MX84702427,137.0,,,,,38699.0
005,109,2020-02-27T21:35:12,EGV,,,,MX84702427,134.0,,,,,38999.0
005,110,2020-02-27T21:40:13,EGV,,,,MX84702427,134.0,,,,,39299.0
005,111,2020-02-27T21:45:11,EGV,,,,MX84702427,128.0,,,,,39599.0
005,112,2020-02-27T21:50:13,EGV,,,,MX84702427,122.0,,,,,39899.0
005,113,2020-02-27T21:55:12,EGV,,,,MX84702427,115.0,,,,,40199.0
005,114,2020-02-27T22:00:13,EGV,,,,MX84702427,110.0,,,,,40499.0
005,115,2020-02-27T22:05:12,EGV,,,,MX84702427,104.0,,,,,40799.0
005,116,2020-02-27T22:10:13,EGV,,,,MX84702427,106.0,,,,,41099.0
005,117,2020-02-27T22:15:11,EGV,,,,MX84702427,115.0,,,,,41399.0
005,118,2020-02-27T22:20:12,EGV,,,,MX84702427,125.0,,,,,41699.0
005,119,2020-02-27T22:25:13,EGV,,,,MX84702427,128.0,,,,,41999.0
005,120,2020-02-27T22:30:12,EGV,,,,MX84702427,124.0,,,,,42299.0
005,121,2020-02-27T22:35:12,EGV,,,,MX84702427,116.0,,,,,42599.0
005,122,2020-02-27T22:40:12,EGV,,,,MX84702427,107.0,,,,,42899.0
005,123,2020-02-27T22:45:12,EGV,,,,MX84702427,100.0,,,,,43199.0
005,124,2020-02-27T22:50:12,EGV,,,,MX84702427,96.0,,,,,43499.0
005,125,2020-02-27T22:55:12,EGV,,,,MX84702427,97.0,,,,,43799.0
005,126,2020-02-27T23:00:13,EGV,,,,MX84702427,102.0,,,,,44099.0
005,127,2020-02-27T23:05:13,EGV,,,,MX84702427,108.0,,,,,44399.0
005,128,2020-02-27T23:10:13,EGV,,,,MX84702427,112.0,,,,,44699.0
005,129,2020-02-27T23:15:13,EGV,,,,MX84702427,114.0,,,,,44999.0
005,130,2020-02-27T23:20:13,EGV,,,,MX84702427,116.0,,,,,45299.0
005,131,2020-02-27T23:25:12,EGV,,,,MX84702427,116.0,,,,,45599.0
005,132,2020-02-27T23:30:12,EGV,,,,MX84702427,115.0,,,,,45899.0
005,133,2020-02-27T23:35:12,EGV,,,,MX84702427,113.0,,,,,46199.0
005,134,2020-02-27T23:40:13,EGV,,,,MX84702427,112.0,,,,,46499.0
005,135,2020-02-27T23:45:12,EGV,,,,MX84702427,110.0,,,,,46799.0
005,136,2020-02-27T23:50:13,EGV,,,,MX84702427,109.0,,,,,47099.0
005,137,2020-02-27T23:55:12,EGV,,,,MX84702427,108.0,,,,,47399.0
005,138,2020-02-28T00:00:13,EGV,,,,MX84702427,107.0,,,,,47699.0
005,139,2020-02-28T00:05:12,EGV,,,,MX84702427,107.0,,,,,47999.0
005,140,2020-02-28T00:10:12,EGV,,,,MX84702427,108.0,,,,,48299.0
005,141,2020-02-28T00:15:12,EGV,,,,MX84702427,111.0,,,,,48599.0
005,142,2020-02-28T00:20:12,EGV,,,,MX84702427,114.0,,,,,48899.0
005,143,2020-02-28T00:25:12,EGV,,,,MX84702427,115.0,,,,,49198.0
005,144,2020-02-28T00:30:11,EGV,,,,MX84702427,115.0,,,,,49498.0
005,145,2020-02-28T00:35:12,EGV,,,,MX84702427,114.0,,,,,49798.0
005,146,2020-02-28T00:40:11,EGV,,,,MX84702427,114.0,,,,,50098.0
005,147,2020-02-28T00:45:11,EGV,,,,MX84702427,113.0,,,,,50398.0
005,148,2020-02-28T00:50:11,EGV,,,,MX84702427,112.0,,,,,50698.0
005,149,2020-02-28T00:55:11,EGV,,,,MX84702427,111.0,,,,,50998.0
005,150,2020-02-28T01:00:12,EGV,,,,MX84702427,111.0,,,,,51298.0
005,151,2020-02-28T01:05:12,EGV,,,,MX84702427,111.0,,,,,51598.0
005,152,2020-02-28T01:10:11,EGV,,,,MX84702427,110.0,,,,,51898.0
005,153,2020-02-28T01:15:11,EGV,,,,MX84702427,109.0,,,,,52198.0
005,154,2020-02-28T01:20:10,EGV,,,,MX84702427,108.0,,,,,52498.0
005,155,2020-02-28T01:25:11,EGV,,,,MX84702427,107.0,,,,,52798.0
005,156,2020-02-28T01:30:12,EGV,,,,MX84702427,107.0,,,,,53098.0
005,157,2020-02-28T01:35:11,EGV,,,,MX84702427,108.0,,,,,53398.0
005,158,2020-02-28T01:40:12,EGV,,,,MX84702427,108.0,,,,,53698.0
005,159,2020-02-28T01:45:11,EGV,,,,MX84702427,110.0,,,,,53998.0
005,160,2020-02-28T01:50:10,EGV,,,,MX84702427,110.0,,,,,54298.0
005,161,2020-02-28T01:55:12,EGV,,,,MX84702427,111.0,,,,,54598.0
005,162,2020-02-28T02:00:11,EGV,,,,MX84702427,112.0,,,,,54898.0
005,163,2020-02-28T02:05:12,EGV,,,,MX84702427,113.0,,,,,55198.0
005,164,2020-02-28T02:10:10,EGV,,,,MX84702427,114.0,,,,,55498.0
005,165,2020-02-28T02:15:12,EGV,,,,MX84702427,115.0,,,,,55798.0
005,166,2020-02-28T02:20:10,EGV,,,,MX84702427,115.0,,,,,56098.0
005,167,2020-02-28T02:25:12,EGV,,,,MX84702427,115.0,,,,,56398.0
005,168,2020-02-28T02:30:10,EGV,,,,MX84702427,115.0,,,,,56698.0
005,169,2020-02-28T02:35:12,EGV,,,,MX84702427,115.0,,,,,56998.0
005,170,2020-02-28T02:40:10,EGV,,,,MX84702427,115.0,,,,,57298.0
005,171,2020-02-28T02:45:11,EGV,,,,MX84702427,115.0,,,,,57598.0
005,172,2020-02-28T02:50:11,EGV,,,,MX84702427,115.0,,,,,57898.0
005,173,2020-02-28T02:55:11,EGV,,,,MX84702427,116.0,,,,,58198.0
005,174,2020-02-28T03:00:11,EGV,,,,MX84702427,116.0,,,,,58498.0
005,175,2020-02-28T03:05:12,EGV,,,,MX84702427,116.0,,,,,58798.0
005,176,2020-02-28T03:10:11,EGV,,,,MX84702427,117.0,,,,,59098.0
005,177,2020-02-28T03:15:12,EGV,,,,MX84702427,118.0,,,,,59398.0
005,178,2020-02-28T03:20:11,EGV,,,,MX84702427,117.0,,,,,59698.0
005,179,2020-02-28T03:25:12,EGV,,,,MX84702427,114.0,,,,,59998.0
005,180,2020-02-28T03:30:10,EGV,,,,MX84702427,112.0,,,,,60298.0
005,181,2020-02-28T03:35:11,EGV,,,,MX84702427,112.0,,,,,60598.0
005,182,2020-02-28T03:40:11,EGV,,,,MX84702427,112.0,,,,,60898.0
005,183,2020-02-28T03:45:11,EGV,,,,MX84702427,113.0,,,,,61198.0
005,184,2020-02-28T03:50:11,EGV,,,,MX84702427,113.0,,,,,61498.0
005,185,2020-02-28T03:55:11,EGV,,,,MX84702427,114.0,,,,,61798.0
005,186,2020-02-28T04:00:11,EGV,,,,MX84702427,114.0,,,,,62098.0
005,187,2020-02-28T04:05:11,EGV,,,,MX84702427,114.0,,,,,62398.0
005,188,2020-02-28T04:10:11,EGV,,,,MX84702427,115.0,,,,,62698.0
005,189,2020-02-28T04:15:12,EGV,,,,MX84702427,116.0,,,,,62998.0
005,190,2020-02-28T04:20:11,EGV,,,,MX84702427,117.0,,,,,63298.0
005,191,2020-02-28T04:25:12,EGV,,,,MX84702427,117.0,,,,,63598.0
005,192,2020-02-28T04:30:11,EGV,,,,MX84702427,117.0,,,,,63898.0
005,193,2020-02-28T04:35:12,EGV,,,,MX84702427,117.0,,,,,64198.0
005,194,2020-02-28T04:40:12,EGV,,,,MX84702427,118.0,,,,,64498.0
005,195,2020-02-28T04:45:11,EGV,,,,MX84702427,118.0,,,,,64798.0
005,196,2020-02-28T04:50:11,EGV,,,,MX84702427,118.0,,,,,65098.0
005,197,2020-02-28T04:55:10,EGV,,,,MX84702427,118.0,,,,,65398.0
005,198,2020-02-28T05:00:11,EGV,,,,MX84702427,118.0,,,,,65698.0
005,199,2020-02-28T05:05:10,EGV,,,,MX84702427,118.0,,,,,65998.0
005,200,2020-02-28T05:10:11,EGV,,,,MX84702427,118.0,,,,,66298.0
005,201,2020-02-28T05:15:10,EGV,,,,MX84702427,117.0,,,,,66598.0
005,202,2020-02-28T05:20:12,EGV,,,,MX84702427,115.0,,,,,66898.0
005,203,2020-02-28T05:25:11,EGV,,,,MX84702427,114.0,,,,,67198.0
005,204,2020-02-28T05:30:12,EGV,,,,MX84702427,114.0,,,,,67498.0
005,205,2020-02-28T05:35:11,EGV,,,,MX84702427,114.0,,,,,67798.0
005,206,2020-02-28T05:40:11,EGV,,,,MX84702427,114.0,,,,,68098.0
005,207,2020-02-28T05:45:12,EGV,,,,MX84702427,114.0,,,,,68398.0
005,208,2020-02-28T05:50:12,EGV,,,,MX84702427,112.0,,,,,68698.0
005,209,2020-02-28T05:55:11,EGV,,,,MX84702427,110.0,,,,,68998.0
005,210,2020-02-28T06:00:11,EGV,,,,MX84702427,106.0,,,,,69298.0
005,211,2020-02-28T06:05:11,EGV,,,,MX84702427,103.0,,,,,69598.0
005,212,2020-02-28T06:10:11,EGV,,,,MX84702427,100.0,,,,,69898.0
005,213,2020-02-28T06:15:11,EGV,,,,MX84702427,100.0,,,,,70198.0
005,214,2020-02-28T06:20:09,EGV,,,,MX84702427,99.0,,,,,70497.0
005,215,2020-02-28T06:25:10,EGV,,,,MX84702427,99.0,,,,,70797.0
005,216,2020-02-28T06:30:10,EGV,,,,MX84702427,99.0,,,,,71097.0
005,217,2020-02-28T06:35:11,EGV,,,,MX84702427,99.0,,,,,71397.0
005,218,2020-02-28T06:40:10,EGV,,,,MX84702427,100.0,,,,,71697.0
005,219,2020-02-28T06:45:10,EGV,,,,MX84702427,99.0,,,,,71997.0
005,220,2020-02-28T06:50:11,EGV,,,,MX84702427,98.0,,,,,72297.0
005,221,2020-02-28T06:55:10,EGV,,,,MX84702427,96.0,,,,,72597.0
005,222,2020-02-28T07:00:10,EGV,,,,MX84702427,96.0,,,,,72897.0
005,223,2020-02-28T07:05:10,EGV,,,,MX84702427,95.0,,,,,73197.0
005,224,2020-02-28T07:10:10,EGV,,,,MX84702427,94.0,,,,,73497.0
005,225,2020-02-28T07:15:11,EGV,,,,MX84702427,94.0,,,,,73797.0
005,226,2020-02-28T07:20:11,EGV,,,,MX84702427,95.0,,,,,74097.0
005,227,2020-02-28T07:25:13,EGV,,,,MX84702427,95.0,,,,,74397.0
005,228,2020-02-28T07:30:10,EGV,,,,MX84702427,95.0,,,,,74697.0
005,229,2020-02-28T07:35:10,EGV,,,,MX84702427,95.0,,,,,74997.0
005,230,2020-02-28T07:40:09,EGV,,,,MX84702427,94.0,,,,,75297.0
005,231,2020-02-28T07:45:11,EGV,,,,MX84702427,95.0,,,,,75597.0
005,232,2020-02-28T07:50:10,EGV,,,,MX84702427,96.0,,,,,75897.0
005,233,2020-02-28T07:55:10,EGV,,,,MX84702427,97.0,,,,,76197.0
005,234,2020-02-28T08:00:10,EGV,,,,MX84702427,96.0,,,,,76497.0
005,235,2020-02-28T08:05:09,EGV,,,,MX84702427,94.0,,,,,76797.0
005,236,2020-02-28T08:10:10,EGV,,,,MX84702427,93.0,,,,,77097.0
005,237,2020-02-28T08:15:10,EGV,,,,MX84702427,93.0,,,,,77397.0
005,238,2020-02-28T08:20:09,EGV,,,,MX84702427,93.0,,,,,77697.0
005,239,2020-02-28T08:25:10,EGV,,,,MX84702427,95.0,,,,,77997.0
005,240,2020-02-28T08:30:10,EGV,,,,MX84702427,96.0,,,,,78297.0
005,241,2020-02-28T08:35:10,EGV,,,,MX84702427,97.0,,,,,78597.0
005,242,2020-02-28T08:40:10,EGV,,,,MX84702427,98.0,,,,,78897.0
005,243,2020-02-28T08:45:10,EGV,,,,MX84702427,98.0,,,,,79197.0
005,244,2020-02-28T08:50:10,EGV,,,,MX84702427,98.0,,,,,79497.0
005,245,2020-02-28T08:55:09,EGV,,,,MX84702427,97.0,,,,,79797.0
005,246,2020-02-28T09:00:10,EGV,,,,MX84702427,96.0,,,,,80097.0
005,247,2020-02-28T09:05:10,EGV,,,,MX84702427,97.0,,,,,80397.0
005,248,2020-02-28T09:10:10,EGV,,,,MX84702427,101.0,,,,,80697.0
005,249,2020-02-28T09:15:10,EGV,,,,MX84702427,110.0,,,,,80997.0
005,250,2020-02-28T09:20:10,EGV,,,,MX84702427,124.0,,,,,81297.0
005,251,2020-02-28T09:25:09,EGV,,,,MX84702427,138.0,,,,,81597.0
005,252,2020-02-28T09:30:10,EGV,,,,MX84702427,151.0,,,,,81897.0
005,253,2020-02-28T09:35:10,EGV,,,,MX84702427,160.0,,,,,82197.0
005,254,2020-02-28T09:40:10,EGV,,,,MX84702427,164.0,,,,,82497.0
005,255,2020-02-28T09:45:10,EGV,,,,MX84702427,166.0,,,,,82797.0
005,256,2020-02-28T09:50:10,EGV,,,,MX84702427,164.0,,,,,83097.0
005,257,2020-02-28T09:55:09,EGV,,,,MX84702427,161.0,,,,,83397.0
005,258,2020-02-28T10:00:10,EGV,,,,MX84702427,158.0,,,,,83697.0
005,259,2020-02-28T10:05:10,EGV,,,,MX84702427,152.0,,,,,83997.0
005,260,2020-02-28T10:10:11,EGV,,,,MX84702427,144.0,,,,,84297.0
005,261,2020-02-28T10:15:10,EGV,,,,MX84702427,135.0,,,,,84597.0
005,262,2020-02-28T10:20:10,EGV,,,,MX84702427,127.0,,,,,84897.0
005,263,2020-02-28T10:25:10,EGV,,,,MX84702427,121.0,,,,,85197.0
005,264,2020-02-28T10:30:08,EGV,,,,MX84702427,116.0,,,,,85497.0
005,265,2020-02-28T10:35:09,EGV,,,,MX84702427,112.0,,,,,85797.0
005,266,2020-02-28T10:40:10,EGV,,,,MX84702427,107.0,,,,,86097.0
005,267,2020-02-28T10:45:09,EGV,,,,MX84702427,102.0,,,,,86397.0
005,268,2020-02-28T10:50:10,EGV,,,,MX84702427,99.0,,,,,86697.0
005,269,2020-02-28T10:55:11,EGV,,,,MX84702427,96.0,,,,,86997.0
005,270,2020-02-28T11:00:10,EGV,,,,MX84702427,94.0,,,,,87297.0
005,271,2020-02-28T11:05:09,EGV,,,,MX84702427,89.0,,,,,87597.0
005,272,2020-02-28T11:10:10,EGV,,,,MX84702427,86.0,,,,,87897.0
005,273,2020-02-28T11:15:09,EGV,,,,MX84702427,84.0,,,,,88197.0
005,274,2020-02-28T11:20:10,EGV,,,,MX84702427,85.0,,,,,88497.0
005,275,2020-02-28T11:25:10,EGV,,,,MX84702427,88.0,,,,,88797.0
005,276,2020-02-28T11:30:10,EGV,,,,MX84702427,91.0,,,,,89097.0
005,277,2020-02-28T11:35:11,EGV,,,,MX84702427,94.0,,,,,89397.0
005,278,2020-02-28T11:40:10,EGV,,,,MX84702427,94.0,,,,,89697.0
005,279,2020-02-28T11:45:10,EGV,,,,MX84702427,94.0,,,,,89997.0
005,280,2020-02-28T11:50:10,EGV,,,,MX84702427,91.0,,,,,90297.0
005,281,2020-02-28T11:55:10,EGV,,,,MX84702427,88.0,,,,,90597.0
005,282,2020-02-28T12:00:10,EGV,,,,MX84702427,85.0,,,,,90897.0
005,283,2020-02-28T12:05:10,EGV,,,,MX84702427,83.0,,,,,91197.0
005,284,2020-02-28T12:10:09,EGV,,,,MX84702427,83.0,,,,,91496.0
005,285,2020-02-28T12:15:09,EGV,,,,MX84702427,86.0,,,,,91796.0
005,286,2020-02-28T12:20:09,EGV,,,,MX84702427,89.0,,,,,92096.0
005,287,2020-02-28T12:25:09,EGV,,,,MX84702427,91.0,,,,,92396.0
005,288,2020-02-28T12:30:09,EGV,,,,MX84702427,90.0,,,,,92696.0
005,289,2020-02-28T12:35:10,EGV,,,,MX84702427,88.0,,,,,92996.0
005,290,2020-02-28T12:40:09,EGV,,,,MX84702427,86.0,,,,,93296.0
005,291,2020-02-28T12:45:08,EGV,,,,MX84702427,85.0,,,,,93596.0
005,292,2020-02-28T12:50:09,EGV,,,,MX84702427,83.0,,,,,93896.0
005,293,2020-02-28T12:55:08,EGV,,,,MX84702427,81.0,,,,,94196.0
005,294,2020-02-28T13:00:09,EGV,,,,MX84702427,79.0,,,,,94496.0
005,295,2020-02-28T13:05:08,EGV,,,,MX84702427,78.0,,,,,94796.0
005,296,2020-02-28T13:10:09,EGV,,,,MX84702427,78.0,,,,,95096.0
005,297,2020-02-28T13:15:08,EGV,,,,MX84702427,79.0,,,,,95396.0
005,298,2020-02-28T13:20:09,EGV,,,,MX84702427,82.0,,,,,95696.0
005,299,2020-02-28T13:25:09,EGV,,,,MX84702427,84.0,,,,,95996.0
005,300,2020-02-28T13:30:09,EGV,,,,MX84702427,84.0,,,,,96296.0
005,301,2020-02-28T13:35:08,EGV,,,,MX84702427,82.0,,,,,96596.0
005,302,2020-02-28T13:40:09,EGV,,,,MX84702427,80.0,,,,,96896.0
005,303,2020-02-28T13:45:09,EGV,,,,MX84702427,78.0,,,,,97196.0
005,304,2020-02-28T13:50:08,EGV,,,,MX84702427,79.0,,,,,97496.0
005,305,2020-02-28T13:55:09,EGV,,,,MX84702427,82.0,,,,,97796.0
005,306,2020-02-28T14:00:09,EGV,,,,MX84702427,85.0,,,,,98096.0
005,307,2020-02-28T14:05:09,EGV,,,,MX84702427,87.0,,,,,98396.0
005,308,2020-02-28T14:10:09,EGV,,,,MX84702427,87.0,,,,,98696.0
005,309,2020-02-28T14:15:09,EGV,,,,MX84702427,86.0,,,,,98996.0
005,310,2020-02-28T14:20:09,EGV,,,,MX84702427,86.0,,,,,99296.0
005,311,2020-02-28T14:25:08,EGV,,,,MX84702427,86.0,,,,,99596.0
005,312,2020-02-28T14:30:09,EGV,,,,MX84702427,89.0,,,,,99896.0
005,313,2020-02-28T14:35:09,EGV,,,,MX84702427,95.0,,,,,100196.0
005,314,2020-02-28T14:40:10,EGV,,,,MX84702427,103.0,,,,,100496.0
005,315,2020-02-28T14:45:09,EGV,,,,MX84702427,110.0,,,,,100796.0
005,316,2020-02-28T14:50:08,EGV,,,,MX84702427,114.0,,,,,101096.0
005,317,2020-02-28T14:55:09,EGV,,,,MX84702427,117.0,,,,,101396.0
005,318,2020-02-28T15:00:08,EGV,,,,MX84702427,118.0,,,,,101696.0
005,319,2020-02-28T15:05:08,EGV,,,,MX84702427,119.0,,,,,101996.0
005,320,2020-02-28T15:10:09,EGV,,,,MX84702427,119.0,,,,,102296.0
005,321,2020-02-28T15:15:09,EGV,,,,MX84702427,118.0,,,,,102596.0
005,322,2020-02-28T15:20:08,EGV,,,,MX84702427,117.0,,,,,102896.0
005,323,2020-02-28T15:25:09,EGV,,,,MX84702427,115.0,,,,,103196.0
005,324,2020-02-28T15:30:07,EGV,,,,MX84702427,112.0,,,,,103496.0
005,325,2020-02-28T15:35:08,EGV,,,,MX84702427,108.0,,,,,103796.0
005,326,2020-02-28T15:40:07,EGV,,,,MX84702427,105.0,,,,,104096.0
005,327,2020-02-28T15:45:08,EGV,,,,MX84702427,103.0,,,,,104396.0
005,328,2020-02-28T15:50:09,EGV,,,,MX84702427,101.0,,,,,104696.0
005,329,2020-02-28T15:55:09,EGV,,,,MX84702427,99.0,,,,,104996.0
005,330,2020-02-28T16:00:08,EGV,,,,MX84702427,96.0,,,,,105296.0
005,331,2020-02-28T16:05:08,EGV,,,,MX84702427,95.0,,,,,105596.0
005,332,2020-02-28T16:10:09,EGV,,,,MX84702427,94.0,,,,,105896.0
005,333,2020-02-28T16:15:07,EGV,,,,MX84702427,94.0,,,,,106196.0
005,334,2020-02-28T16:20:09,EGV,,,,MX84702427,95.0,,,,,106496.0
005,335,2020-02-28T16:25:08,EGV,,,,MX84702427,95.0,,,,,106796.0
005,336,2020-02-28T16:30:09,EGV,,,,MX84702427,95.0,,,,,107096.0
005,337,2020-02-28T16:35:09,EGV,,,,MX84702427,95.0,,,,,107396.0
005,338,2020-02-28T16:40:08,EGV,,,,MX84702427,95.0,,,,,107696.0
005,339,2020-02-28T16:45:09,EGV,,,,MX84702427,95.0,,,,,107996.0
005,340,2020-02-28T16:50:08,EGV,,,,MX84702427,94.0,,,,,108296.0
005,341,2020-02-28T16:55:09,EGV,,,,MX84702427,93.0,,,,,108596.0
005,342,2020-02-28T17:00:08,EGV,,,,MX84702427,93.0,,,,,108896.0
005,343,2020-02-28T17:05:09,EGV,,,,MX84702427,93.0,,,,,109196.0
005,344,2020-02-28T17:10:08,EGV,,,,MX84702427,93.0,,,,,109496.0
005,345,2020-02-28T17:15:08,EGV,,,,MX84702427,93.0,,,,,109796.0
005,346,2020-02-28T17:20:09,EGV,,,,MX84702427,94.0,,,,,110096.0
005,347,2020-02-28T17:25:08,EGV,,,,MX84702427,95.0,,,,,110396.0
005,348,2020-02-28T17:30:09,EGV,,,,MX84702427,95.0,,,,,110696.0
005,349,2020-02-28T17:35:08,EGV,,,,MX84702427,95.0,,,,,110996.0
005,350,2020-02-28T17:40:10,EGV,,,,MX84702427,96.0,,,,,111296.0
005,351,2020-02-28T17:45:08,EGV,,,,MX84702427,96.0,,,,,111596.0
005,352,2020-02-28T17:50:10,EGV,,,,MX84702427,95.0,,,,,111896.0
005,353,2020-02-28T17:55:09,EGV,,,,MX84702427,92.0,,,,,112196.0
005,354,2020-02-28T18:00:09,EGV,,,,MX84702427,90.0,,,,,112495.0
005,355,2020-02-28T18:05:09,EGV,,,,MX84702427,90.0,,,,,112795.0
005,356,2020-02-28T18:10:09,EGV,,,,MX84702427,95.0,,,,,113095.0
005,357,2020-02-28T18:15:09,EGV,,,,MX84702427,100.0,,,,,113395.0
005,358,2020-02-28T18:20:08,EGV,,,,MX84702427,104.0,,,,,113695.0
005,359,2020-02-28T18:25:08,EGV,,,,MX84702427,107.0,,,,,113995.0
005,360,2020-02-28T18:30:08,EGV,,,,MX84702427,108.0,,,,,114295.0
005,361,2020-02-28T18:35:08,EGV,,,,MX84702427,107.0,,,,,114595.0
005,362,2020-02-28T18:40:08,EGV,,,,MX84702427,102.0,,,,,114895.0
005,363,2020-02-28T18:45:08,EGV,,,,MX84702427,96.0,,,,,115195.0
005,364,2020-02-28T18:50:08,EGV,,,,MX84702427,91.0,,,,,115495.0
005,365,2020-02-28T18:55:09,EGV,,,,MX84702427,91.0,,,,,115795.0
005,366,2020-02-28T19:00:08,EGV,,,,MX84702427,92.0,,,,,116095.0
005,367,2020-02-28T19:05:08,EGV,,,,MX84702427,93.0,,,,,116395.0
005,368,2020-02-28T19:10:08,EGV,,,,MX84702427,92.0,,,,,116695.0
005,369,2020-02-28T19:15:08,EGV,,,,MX84702427,91.0,,,,,116995.0
005,370,2020-02-28T19:20:08,EGV,,,,MX84702427,90.0,,,,,117295.0
005,371,2020-02-28T19:25:08,EGV,,,,MX84702427,91.0,,,,,117595.0
005,372,2020-02-28T19:30:07,EGV,,,,MX84702427,93.0,,,,,117895.0
005,373,2020-02-28T19:35:08,EGV,,,,MX84702427,93.0,,,,,118195.0
005,374,2020-02-28T19:40:09,EGV,,,,MX84702427,93.0,,,,,118495.0
005,375,2020-02-28T19:45:08,EGV,,,,MX84702427,92.0,,,,,118795.0
005,376,2020-02-28T19:50:08,EGV,,,,MX84702427,93.0,,,,,119095.0
005,377,2020-02-28T19:55:07,EGV,,,,MX84702427,96.0,,,,,119395.0
005,378,2020-02-28T20:00:08,EGV,,,,MX84702427,99.0,,,,,119695.0
005,379,2020-02-28T20:05:07,EGV,,,,MX84702427,102.0,,,,,119995.0
005,380,2020-02-28T20:10:07,EGV,,,,MX84702427,108.0,,,,,120295.0
005,381,2020-02-28T20:15:07,EGV,,,,MX84702427,114.0,,,,,120595.0
005,382,2020-02-28T20:20:07,EGV,,,,MX84702427,118.0,,,,,120895.0
005,383,2020-02-28T20:25:07,EGV,,,,MX84702427,121.0,,,,,121195.0
005,384,2020-02-28T20:30:08,EGV,,,,MX84702427,123.0,,,,,121495.0
005,385,2020-02-28T20:35:08,EGV,,,,MX84702427,124.0,,,,,121795.0
005,386,2020-02-28T20:40:08,EGV,,,,MX84702427,124.0,,,,,122095.0
005,387,2020-02-28T20:45:07,EGV,,,,MX84702427,124.0,,,,,122395.0
005,388,2020-02-28T20:50:07,EGV,,,,MX84702427,120.0,,,,,122695.0
005,389,2020-02-28T20:55:08,EGV,,,,MX84702427,114.0,,,,,122995.0
005,390,2020-02-28T21:00:07,EGV,,,,MX84702427,107.0,,,,,123295.0
005,391,2020-02-28T21:05:08,EGV,,,,MX84702427,102.0,,,,,123595.0
005,392,2020-02-28T21:10:07,EGV,,,,MX84702427,99.0,,,,,123895.0
005,393,2020-02-28T21:15:07,EGV,,,,MX84702427,100.0,,,,,124195.0
005,394,2020-02-28T21:20:06,EGV,,,,MX84702427,105.0,,,,,124495.0
005,395,2020-02-28T21:25:08,EGV,,,,MX84702427,112.0,,,,,124795.0
005,396,2020-02-28T21:30:06,EGV,,,,MX84702427,119.0,,,,,125095.0
005,397,2020-02-28T21:35:07,EGV,,,,MX84702427,126.0,,,,,125395.0
005,398,2020-02-28T21:40:07,EGV,,,,MX84702427,132.0,,,,,125695.0
005,399,2020-02-28T21:45:08,EGV,,,,MX84702427,137.0,,,,,125995.0
005,400,2020-02-28T21:50:07,EGV,,,,MX84702427,141.0,,,,,126295.0
005,401,2020-02-28T21:55:09,EGV,,,,MX84702427,143.0,,,,,126595.0
005,402,2020-02-28T22:00:08,EGV,,,,MX84702427,144.0,,,,,126895.0
005,403,2020-02-28T22:05:08,EGV,,,,MX84702427,141.0,,,,,127195.0
005,404,2020-02-28T22:10:07,EGV,,,,MX84702427,134.0,,,,,127495.0
005,405,2020-02-28T22:15:07,EGV,,,,MX84702427,125.0,,,,,127795.0
005,406,2020-02-28T22:20:07,EGV,,,,MX84702427,114.0,,,,,128095.0
005,407,2020-02-28T22:25:07,EGV,,,,MX84702427,104.0,,,,,128395.0
005,408,2020-02-28T22:30:07,EGV,,,,MX84702427,96.0,,,,,128695.0
005,409,2020-02-28T22:35:07,EGV,,,,MX84702427,91.0,,,,,128995.0
005,410,2020-02-28T22:40:07,EGV,,,,MX84702427,87.0,,,,,129295.0
005,411,2020-02-28T22:45:07,EGV,,,,MX84702427,85.0,,,,,129595.0
005,412,2020-02-28T22:50:07,EGV,,,,MX84702427,85.0,,,,,129895.0
005,413,2020-02-28T22:55:07,EGV,,,,MX84702427,87.0,,,,,130195.0
005,414,2020-02-28T23:00:08,EGV,,,,MX84702427,89.0,,,,,130495.0
005,415,2020-02-28T23:05:07,EGV,,,,MX84702427,90.0,,,,,130795.0
005,416,2020-02-28T23:10:07,EGV,,,,MX84702427,90.0,,,,,131095.0
005,417,2020-02-28T23:15:07,EGV,,,,MX84702427,92.0,,,,,131395.0
005,418,2020-02-28T23:20:08,EGV,,,,MX84702427,95.0,,,,,131695.0
005,419,2020-02-28T23:25:08,EGV,,,,MX84702427,100.0,,,,,131995.0
005,420,2020-02-28T23:30:07,EGV,,,,MX84702427,104.0,,,,,132295.0
005,421,2020-02-28T23:35:08,EGV,,,,MX84702427,107.0,,,,,132595.0
005,422,2020-02-28T23:40:07,EGV,,,,MX84702427,108.0,,,,,132895.0
005,423,2020-02-28T23:45:07,EGV,,,,MX84702427,108.0,,,,,133195.0
005,424,2020-02-28T23:50:07,EGV,,,,MX84702427,108.0,,,,,133494.0
005,425,2020-02-28T23:55:06,EGV,,,,MX84702427,110.0,,,,,133794.0
005,426,2020-02-29T00:00:07,EGV,,,,MX84702427,113.0,,,,,134094.0
005,427,2020-02-29T00:05:06,EGV,,,,MX84702427,116.0,,,,,134394.0
005,428,2020-02-29T00:10:08,EGV,,,,MX84702427,117.0,,,,,134694.0
005,429,2020-02-29T00:15:07,EGV,,,,MX84702427,118.0,,,,,134994.0
005,430,2020-02-29T00:20:08,EGV,,,,MX84702427,118.0,,,,,135294.0
005,431,2020-02-29T00:25:07,EGV,,,,MX84702427,119.0,,,,,135594.0
005,432,2020-02-29T00:30:07,EGV,,,,MX84702427,119.0,,,,,135894.0
005,433,2020-02-29T00:35:07,EGV,,,,MX84702427,119.0,,,,,136194.0
005,434,2020-02-29T00:40:06,EGV,,,,MX84702427,119.0,,,,,136494.0
005,435,2020-02-29T00:45:07,EGV,,,,MX84702427,120.0,,,,,136794.0
005,436,2020-02-29T00:50:07,EGV,,,,MX84702427,122.0,,,,,137094.0
005,437,2020-02-29T00:55:06,EGV,,,,MX84702427,124.0,,,,,137394.0
005,438,2020-02-29T01:00:07,EGV,,,,MX84702427,126.0,,,,,137694.0
005,439,2020-02-29T01:05:07,EGV,,,,MX84702427,125.0,,,,,137994.0
005,440,2020-02-29T01:10:08,EGV,,,,MX84702427,123.0,,,,,138294.0
005,441,2020-02-29T01:15:07,EGV,,,,MX84702427,122.0,,,,,138594.0
005,442,2020-02-29T01:20:08,EGV,,,,MX84702427,121.0,,,,,138894.0
005,443,2020-02-29T01:25:07,EGV,,,,MX84702427,120.0,,,,,139194.0
005,444,2020-02-29T01:30:08,EGV,,,,MX84702427,120.0,,,,,139494.0
005,445,2020-02-29T01:35:07,EGV,,,,MX84702427,119.0,,,,,139794.0
005,446,2020-02-29T01:40:08,EGV,,,,MX84702427,118.0,,,,,140094.0
005,447,2020-02-29T01:45:06,EGV,,,,MX84702427,118.0,,,,,140394.0
005,448,2020-02-29T01:50:06,EGV,,,,MX84702427,118.0,,,,,140694.0
005,449,2020-02-29T01:55:06,EGV,,,,MX84702427,118.0,,,,,140994.0
005,450,2020-02-29T02:00:05,EGV,,,,MX84702427,118.0,,,,,141294.0
005,451,2020-02-29T02:05:06,EGV,,,,MX84702427,119.0,,,,,141594.0
005,452,2020-02-29T02:10:05,EGV,,,,MX84702427,118.0,,,,,141894.0
005,453,2020-02-29T02:15:06,EGV,,,,MX84702427,117.0,,,,,142194.0
005,454,2020-02-29T02:20:05,EGV,,,,MX84702427,116.0,,,,,142494.0
005,455,2020-02-29T02:25:07,EGV,,,,MX84702427,116.0,,,,,142794.0
005,456,2020-02-29T02:30:05,EGV,,,,MX84702427,117.0,,,,,143094.0
005,457,2020-02-29T02:35:07,EGV,,,,MX84702427,119.0,,,,,143394.0
005,458,2020-02-29T02:40:05,EGV,,,,MX84702427,120.0,,,,,143694.0
005,459,2020-02-29T02:45:06,EGV,,,,MX84702427,121.0,,,,,143994.0
005,460,2020-02-29T02:50:07,EGV,,,,MX84702427,122.0,,,,,144294.0
005,461,2020-02-29T02:55:06,EGV,,,,MX84702427,121.0,,,,,144594.0
005,462,2020-02-29T03:00:06,EGV,,,,MX84702427,119.0,,,,,144894.0
005,463,2020-02-29T03:05:06,EGV,,,,MX84702427,119.0,,,,,145194.0
005,464,2020-02-29T03:10:05,EGV,,,,MX84702427,119.0,,,,,145494.0
005,465,2020-02-29T03:15:06,EGV,,,,MX84702427,120.0,,,,,145794.0
005,466,2020-02-29T03:20:05,EGV,,,,MX84702427,122.0,,,,,146094.0
005,467,2020-02-29T03:25:06,EGV,,,,MX84702427,122.0,,,,,146394.0
005,468,2020-02-29T03:30:06,EGV,,,,MX84702427,121.0,,,,,146694.0
005,469,2020-02-29T03:35:07,EGV,,,,MX84702427,118.0,,,,,146994.0
005,470,2020-02-29T03:40:06,EGV,,,,MX84702427,116.0,,,,,147294.0
005,471,2020-02-29T03:45:06,EGV,,,,MX84702427,116.0,,,,,147594.0
005,472,2020-02-29T03:50:06,EGV,,,,MX84702427,117.0,,,,,147894.0
005,473,2020-02-29T03:55:06,EGV,,,,MX84702427,118.0,,,,,148194.0
005,474,2020-02-29T04:00:06,EGV,,,,MX84702427,118.0,,,,,148494.0
005,475,2020-02-29T04:05:06,EGV,,,,MX84702427,117.0,,,,,148794.0
005,476,2020-02-29T04:10:06,EGV,,,,MX84702427,117.0,,,,,149094.0
005,477,2020-02-29T04:15:07,EGV,,,,MX84702427,116.0,,,,,149394.0
005,478,2020-02-29T04:20:05,EGV,,,,MX84702427,116.0,,,,,149694.0
005,479,2020-02-29T04:25:08,EGV,,,,MX84702427,117.0,,,,,149994.0
005,480,2020-02-29T04:30:07,EGV,,,,MX84702427,117.0,,,,,150294.0
005,481,2020-02-29T04:35:07,EGV,,,,MX84702427,118.0,,,,,150594.0
005,482,2020-02-29T04:40:07,EGV,,,,MX84702427,118.0,,,,,150894.0
005,483,2020-02-29T04:45:06,EGV,,,,MX84702427,119.0,,,,,151194.0
005,484,2020-02-29T04:50:07,EGV,,,,MX84702427,120.0,,,,,151494.0
005,485,2020-02-29T04:55:07,EGV,,,,MX84702427,120.0,,,,,151794.0
005,486,2020-02-29T05:00:07,EGV,,,,MX84702427,119.0,,,,,152094.0
005,487,2020-02-29T05:05:08,EGV,,,,MX84702427,117.0,,,,,152394.0
005,488,2020-02-29T05:10:07,EGV,,,,MX84702427,116.0,,,,,152694.0
005,489,2020-02-29T05:15:08,EGV,,,,MX84702427,118.0,,,,,152994.0
005,490,2020-02-29T05:20:06,EGV,,,,MX84702427,120.0,,,,,153294.0
005,491,2020-02-29T05:25:08,EGV,,,,MX84702427,121.0,,,,,153594.0
005,492,2020-02-29T05:30:07,EGV,,,,MX84702427,120.0,,,,,153894.0
005,493,2020-02-29T05:35:07,EGV,,,,MX84702427,119.0,,,,,154194.0
005,494,2020-02-29T05:40:07,EGV,,,,MX84702427,120.0,,,,,154494.0
005,495,2020-02-29T05:45:06,EGV,,,,MX84702427,121.0,,,,,154793.0
005,496,2020-02-29T05:50:05,EGV,,,,MX84702427,121.0,,,,,155093.0
005,497,2020-02-29T05:55:05,EGV,,,,MX84702427,120.0,,,,,155393.0
005,498,2020-02-29T06:00:05,EGV,,,,MX84702427,118.0,,,,,155693.0
005,499,2020-02-29T06:05:05,EGV,,,,MX84702427,115.0,,,,,155993.0
006,1,,FirstName,,2019,,,,,,,,
006,2,,LastName,,006,,,,,,,,
006,3,,PatientIdentifier,,006,,,,,,,,
006,4,,DateOfBirth,,1970-01-01,,,,,,,,
006,5,,Device,,,Dexcom G6 Mobile App,iPhone G6,,,,,,
006,6,,Alert,Fall,,,iPhone G6,,,,,3.0,
006,7,,Alert,High,,,iPhone G6,200.0,,,,,
006,8,,Alert,Low,,,iPhone G6,80.0,,,,,
006,9,,Alert,Signal Loss,,,iPhone G6,,,,00:20:00,,
006,10,,Alert,Rise,,,iPhone G6,,,,,3.0,
006,11,,Alert,Urgent Low,,,iPhone G6,55.0,,,,,
006,12,,Alert,Urgent Low Soon,,,iPhone G6,55.0,,,,,
006,13,2020-02-28T12:18:14,EGV,,,,iPhone G6,105.0,,,,,7801.0
006,14,2020-02-28T12:23:14,EGV,,,,iPhone G6,108.0,,,,,8101.0
006,15,2020-02-28T12:28:15,EGV,,,,iPhone G6,108.0,,,,,8401.0
006,16,2020-02-28T12:33:15,EGV,,,,iPhone G6,107.0,,,,,8701.0
006,17,2020-02-28T12:38:14,EGV,,,,iPhone G6,106.0,,,,,9001.0
006,18,2020-02-28T12:43:14,EGV,,,,iPhone G6,106.0,,,,,9301.0
006,19,2020-02-28T12:48:14,EGV,,,,iPhone G6,106.0,,,,,9601.0
006,20,2020-02-28T12:53:14,EGV,,,,iPhone G6,106.0,,,,,9901.0
006,21,2020-02-28T12:58:13,EGV,,,,iPhone G6,107.0,,,,,10200.0
006,22,2020-02-28T13:03:14,EGV,,,,iPhone G6,109.0,,,,,10500.0
006,23,2020-02-28T13:08:14,EGV,,,,iPhone G6,110.0,,,,,10800.0
006,24,2020-02-28T13:13:14,EGV,,,,iPhone G6,110.0,,,,,11100.0
006,25,2020-02-28T13:18:14,EGV,,,,iPhone G6,109.0,,,,,11400.0
006,26,2020-02-28T13:23:13,EGV,,,,iPhone G6,107.0,,,,,11700.0
006,27,2020-02-28T13:28:13,EGV,,,,iPhone G6,108.0,,,,,12000.0
006,28,2020-02-28T13:33:13,EGV,,,,iPhone G6,110.0,,,,,12300.0
006,29,2020-02-28T13:38:13,EGV,,,,iPhone G6,114.0,,,,,12600.0
006,30,2020-02-28T13:43:13,EGV,,,,iPhone G6,119.0,,,,,12900.0
006,31,2020-02-28T13:48:13,EGV,,,,iPhone G6,122.0,,,,,13200.0
006,32,2020-02-28T13:53:13,EGV,,,,iPhone G6,124.0,,,,,13500.0
006,33,2020-02-28T13:58:13,EGV,,,,iPhone G6,122.0,,,,,13800.0
006,34,2020-02-28T14:03:13,EGV,,,,iPhone G6,118.0,,,,,14100.0
006,35,2020-02-28T14:08:14,EGV,,,,iPhone G6,116.0,,,,,14400.0
006,36,2020-02-28T14:13:13,EGV,,,,iPhone G6,115.0,,,,,14700.0
006,37,2020-02-28T14:18:13,EGV,,,,iPhone G6,119.0,,,,,15000.0
006,38,2020-02-28T14:23:14,EGV,,,,iPhone G6,122.0,,,,,15300.0
006,39,2020-02-28T14:28:14,EGV,,,,iPhone G6,122.0,,,,,15600.0
006,40,2020-02-28T14:33:13,EGV,,,,iPhone G6,120.0,,,,,15900.0
006,41,2020-02-28T14:38:14,EGV,,,,iPhone G6,118.0,,,,,16200.0
006,42,2020-02-28T14:43:13,EGV,,,,iPhone G6,116.0,,,,,16500.0
006,43,2020-02-28T14:48:13,EGV,,,,iPhone G6,114.0,,,,,16800.0
006,44,2020-02-28T14:53:14,EGV,,,,iPhone G6,112.0,,,,,17100.0
006,45,2020-02-28T14:58:13,EGV,,,,iPhone G6,109.0,,,,,17400.0
006,46,2020-02-28T15:03:13,EGV,,,,iPhone G6,108.0,,,,,17700.0
006,47,2020-02-28T15:08:13,EGV,,,,iPhone G6,107.0,,,,,18000.0
006,48,2020-02-28T15:13:14,EGV,,,,iPhone G6,107.0,,,,,18300.0
006,49,2020-02-28T15:18:13,EGV,,,,iPhone G6,107.0,,,,,18600.0
006,50,2020-02-28T15:23:14,EGV,,,,iPhone G6,107.0,,,,,18900.0
006,51,2020-02-28T15:28:13,EGV,,,,iPhone G6,106.0,,,,,19200.0
006,52,2020-02-28T15:33:13,EGV,,,,iPhone G6,104.0,,,,,19500.0
006,53,2020-02-28T15:38:13,EGV,,,,iPhone G6,101.0,,,,,19800.0
006,54,2020-02-28T15:43:13,EGV,,,,iPhone G6,101.0,,,,,20100.0
006,55,2020-02-28T15:48:13,EGV,,,,iPhone G6,103.0,,,,,20400.0
006,56,2020-02-28T15:53:13,EGV,,,,iPhone G6,105.0,,,,,20700.0
006,57,2020-02-28T15:58:13,EGV,,,,iPhone G6,106.0,,,,,21000.0
006,58,2020-02-28T16:03:13,EGV,,,,iPhone G6,104.0,,,,,21300.0
006,59,2020-02-28T16:08:13,EGV,,,,iPhone G6,102.0,,,,,21600.0
006,60,2020-02-28T16:13:13,EGV,,,,iPhone G6,100.0,,,,,21900.0
006,61,2020-02-28T16:18:13,EGV,,,,iPhone G6,99.0,,,,,22200.0
006,62,2020-02-28T16:23:14,EGV,,,,iPhone G6,98.0,,,,,22500.0
006,63,2020-02-28T16:28:13,EGV,,,,iPhone G6,98.0,,,,,22800.0
006,64,2020-02-28T16:33:14,EGV,,,,iPhone G6,99.0,,,,,23100.0
006,65,2020-02-28T16:38:13,EGV,,,,iPhone G6,101.0,,,,,23400.0
006,66,2020-02-28T16:43:14,EGV,,,,iPhone G6,106.0,,,,,23700.0
006,67,2020-02-28T16:48:14,EGV,,,,iPhone G6,112.0,,,,,24000.0
006,68,2020-02-28T16:53:14,EGV,,,,iPhone G6,118.0,,,,,24300.0
006,69,2020-02-28T16:58:14,EGV,,,,iPhone G6,121.0,,,,,24600.0
006,70,2020-02-28T17:03:13,EGV,,,,iPhone G6,122.0,,,,,24900.0
006,71,2020-02-28T17:08:13,EGV,,,,iPhone G6,123.0,,,,,25200.0
006,72,2020-02-28T17:13:13,EGV,,,,iPhone G6,124.0,,,,,25500.0
006,73,2020-02-28T17:18:14,EGV,,,,iPhone G6,123.0,,,,,25800.0
006,74,2020-02-28T17:23:14,EGV,,,,iPhone G6,121.0,,,,,26100.0
006,75,2020-02-28T17:28:14,EGV,,,,iPhone G6,120.0,,,,,26400.0
006,76,2020-02-28T17:33:13,EGV,,,,iPhone G6,119.0,,,,,26700.0
006,77,2020-02-28T17:38:14,EGV,,,,iPhone G6,117.0,,,,,27000.0
006,78,2020-02-28T17:43:13,EGV,,,,iPhone G6,115.0,,,,,27300.0
006,79,2020-02-28T17:48:14,EGV,,,,iPhone G6,113.0,,,,,27600.0
006,80,2020-02-28T17:53:13,EGV,,,,iPhone G6,112.0,,,,,27900.0
006,81,2020-02-28T17:58:13,EGV,,,,iPhone G6,110.0,,,,,28200.0
006,82,2020-02-28T18:03:13,EGV,,,,iPhone G6,109.0,,,,,28500.0
006,83,2020-02-28T18:08:14,EGV,,,,iPhone G6,106.0,,,,,28800.0
006,84,2020-02-28T18:13:13,EGV,,,,iPhone G6,104.0,,,,,29100.0
006,85,2020-02-28T18:18:13,EGV,,,,iPhone G6,103.0,,,,,29400.0
006,86,2020-02-28T18:23:13,EGV,,,,iPhone G6,105.0,,,,,29700.0
006,87,2020-02-28T18:28:13,EGV,,,,iPhone G6,107.0,,,,,30000.0
006,88,2020-02-28T18:33:13,EGV,,,,iPhone G6,110.0,,,,,30300.0
006,89,2020-02-28T18:38:13,EGV,,,,iPhone G6,112.0,,,,,30600.0
006,90,2020-02-28T18:43:14,EGV,,,,iPhone G6,112.0,,,,,30900.0
006,91,2020-02-28T18:48:14,EGV,,,,iPhone G6,110.0,,,,,31200.0
006,92,2020-02-28T18:53:13,EGV,,,,iPhone G6,107.0,,,,,31500.0
006,93,2020-02-28T18:58:13,EGV,,,,iPhone G6,106.0,,,,,31800.0
006,94,2020-02-28T19:03:13,EGV,,,,iPhone G6,106.0,,,,,32100.0
006,95,2020-02-28T19:08:13,EGV,,,,iPhone G6,108.0,,,,,32400.0
006,96,2020-02-28T19:13:13,EGV,,,,iPhone G6,109.0,,,,,32700.0
006,97,2020-02-28T19:18:13,EGV,,,,iPhone G6,110.0,,,,,33000.0
006,98,2020-02-28T19:23:14,EGV,,,,iPhone G6,111.0,,,,,33300.0
006,99,2020-02-28T19:28:14,EGV,,,,iPhone G6,111.0,,,,,33600.0
006,100,2020-02-28T19:33:13,EGV,,,,iPhone G6,109.0,,,,,33900.0
006,101,2020-02-28T19:38:13,EGV,,,,iPhone G6,107.0,,,,,34200.0
006,102,2020-02-28T19:43:13,EGV,,,,iPhone G6,107.0,,,,,34500.0
006,103,2020-02-28T19:48:14,EGV,,,,iPhone G6,110.0,,,,,34800.0
006,104,2020-02-28T19:53:13,EGV,,,,iPhone G6,115.0,,,,,35100.0
006,105,2020-02-28T19:58:15,EGV,,,,iPhone G6,122.0,,,,,35400.0
006,106,2020-02-28T20:03:15,EGV,,,,iPhone G6,128.0,,,,,35700.0
006,107,2020-02-28T20:08:15,EGV,,,,iPhone G6,133.0,,,,,36000.0
006,108,2020-02-28T20:13:15,EGV,,,,iPhone G6,137.0,,,,,36300.0
006,109,2020-02-28T20:18:14,EGV,,,,iPhone G6,140.0,,,,,36600.0
006,110,2020-02-28T20:23:15,EGV,,,,iPhone G6,140.0,,,,,36900.0
006,111,2020-02-28T20:28:14,EGV,,,,iPhone G6,140.0,,,,,37200.0
006,112,2020-02-28T20:33:15,EGV,,,,iPhone G6,140.0,,,,,37500.0
006,113,2020-02-28T20:38:15,EGV,,,,iPhone G6,138.0,,,,,37800.0
006,114,2020-02-28T20:43:15,EGV,,,,iPhone G6,135.0,,,,,38100.0
006,115,2020-02-28T20:48:15,EGV,,,,iPhone G6,131.0,,,,,38400.0
006,116,2020-02-28T20:53:15,EGV,,,,iPhone G6,128.0,,,,,38700.0
006,117,2020-02-28T20:58:14,EGV,,,,iPhone G6,123.0,,,,,39000.0
006,118,2020-02-28T21:03:15,EGV,,,,iPhone G6,119.0,,,,,39300.0
006,119,2020-02-28T21:08:15,EGV,,,,iPhone G6,117.0,,,,,39600.0
006,120,2020-02-28T21:13:15,EGV,,,,iPhone G6,119.0,,,,,39900.0
006,121,2020-02-28T21:18:14,EGV,,,,iPhone G6,123.0,,,,,40200.0
006,122,2020-02-28T21:23:14,EGV,,,,iPhone G6,127.0,,,,,40500.0
006,123,2020-02-28T21:28:14,EGV,,,,iPhone G6,131.0,,,,,40800.0
006,124,2020-02-28T21:33:14,EGV,,,,iPhone G6,133.0,,,,,41100.0
006,125,2020-02-28T21:38:14,EGV,,,,iPhone G6,135.0,,,,,41400.0
006,126,2020-02-28T21:43:14,EGV,,,,iPhone G6,135.0,,,,,41700.0
006,127,2020-02-28T21:48:14,EGV,,,,iPhone G6,132.0,,,,,42000.0
006,128,2020-02-28T21:53:14,EGV,,,,iPhone G6,129.0,,,,,42300.0
006,129,2020-02-28T21:58:14,EGV,,,,iPhone G6,127.0,,,,,42600.0
006,130,2020-02-28T22:03:14,EGV,,,,iPhone G6,126.0,,,,,42900.0
006,131,2020-02-28T22:08:14,EGV,,,,iPhone G6,126.0,,,,,43200.0
006,132,2020-02-28T22:13:15,EGV,,,,iPhone G6,126.0,,,,,43500.0
006,133,2020-02-28T22:18:13,EGV,,,,iPhone G6,126.0,,,,,43800.0
006,134,2020-02-28T22:23:13,EGV,,,,iPhone G6,128.0,,,,,44100.0
006,135,2020-02-28T22:28:13,EGV,,,,iPhone G6,129.0,,,,,44400.0
006,136,2020-02-28T22:33:13,EGV,,,,iPhone G6,131.0,,,,,44700.0
006,137,2020-02-28T22:38:13,EGV,,,,iPhone G6,131.0,,,,,45000.0
006,138,2020-02-28T22:43:13,EGV,,,,iPhone G6,132.0,,,,,45300.0
006,139,2020-02-28T22:48:13,EGV,,,,iPhone G6,131.0,,,,,45600.0
006,140,2020-02-28T22:53:13,EGV,,,,iPhone G6,127.0,,,,,45900.0
006,141,2020-02-28T22:58:13,EGV,,,,iPhone G6,122.0,,,,,46200.0
006,142,2020-02-28T23:03:14,EGV,,,,iPhone G6,119.0,,,,,46500.0
006,143,2020-02-28T23:08:13,EGV,,,,iPhone G6,119.0,,,,,46800.0
006,144,2020-02-28T23:13:13,EGV,,,,iPhone G6,120.0,,,,,47100.0
006,145,2020-02-28T23:18:13,EGV,,,,iPhone G6,122.0,,,,,47400.0
006,146,2020-02-28T23:23:13,EGV,,,,iPhone G6,130.0,,,,,47700.0
006,147,2020-02-28T23:28:13,EGV,,,,iPhone G6,143.0,,,,,48000.0
006,148,2020-02-28T23:33:13,EGV,,,,iPhone G6,161.0,,,,,48300.0
006,149,2020-02-28T23:38:13,EGV,,,,iPhone G6,175.0,,,,,48600.0
006,150,2020-02-28T23:43:14,EGV,,,,iPhone G6,185.0,,,,,48900.0
006,151,2020-02-28T23:48:13,EGV,,,,iPhone G6,193.0,,,,,49200.0
006,152,2020-02-28T23:53:12,EGV,,,,iPhone G6,199.0,,,,,49499.0
006,153,2020-02-28T23:58:12,EGV,,,,iPhone G6,205.0,,,,,49799.0
006,154,2020-02-29T00:03:12,EGV,,,,iPhone G6,205.0,,,,,50099.0
006,155,2020-02-29T00:08:12,EGV,,,,iPhone G6,201.0,,,,,50399.0
006,156,2020-02-29T00:13:13,EGV,,,,iPhone G6,194.0,,,,,50699.0
006,157,2020-02-29T00:18:13,EGV,,,,iPhone G6,187.0,,,,,50999.0
006,158,2020-02-29T00:23:13,EGV,,,,iPhone G6,181.0,,,,,51299.0
006,159,2020-02-29T00:28:13,EGV,,,,iPhone G6,178.0,,,,,51599.0
006,160,2020-02-29T00:33:14,EGV,,,,iPhone G6,176.0,,,,,51899.0
006,161,2020-02-29T00:38:14,EGV,,,,iPhone G6,174.0,,,,,52199.0
006,162,2020-02-29T00:43:14,EGV,,,,iPhone G6,168.0,,,,,52499.0
006,163,2020-02-29T00:48:13,EGV,,,,iPhone G6,160.0,,,,,52799.0
006,164,2020-02-29T00:53:13,EGV,,,,iPhone G6,154.0,,,,,53099.0
006,165,2020-02-29T00:58:13,EGV,,,,iPhone G6,153.0,,,,,53399.0
006,166,2020-02-29T01:03:13,EGV,,,,iPhone G6,155.0,,,,,53699.0
006,167,2020-02-29T01:08:13,EGV,,,,iPhone G6,156.0,,,,,53999.0
006,168,2020-02-29T01:13:13,EGV,,,,iPhone G6,155.0,,,,,54299.0
006,169,2020-02-29T01:18:14,EGV,,,,iPhone G6,153.0,,,,,54599.0
006,170,2020-02-29T01:23:13,EGV,,,,iPhone G6,152.0,,,,,54899.0
006,171,2020-02-29T01:28:13,EGV,,,,iPhone G6,153.0,,,,,55199.0
006,172,2020-02-29T01:33:14,EGV,,,,iPhone G6,153.0,,,,,55499.0
006,173,2020-02-29T01:38:14,EGV,,,,iPhone G6,154.0,,,,,55799.0
006,174,2020-02-29T01:43:13,EGV,,,,iPhone G6,155.0,,,,,56099.0
006,175,2020-02-29T01:48:13,EGV,,,,iPhone G6,156.0,,,,,56399.0
006,176,2020-02-29T01:53:13,EGV,,,,iPhone G6,157.0,,,,,56699.0
006,177,2020-02-29T01:58:14,EGV,,,,iPhone G6,159.0,,,,,56999.0
006,178,2020-02-29T02:03:13,EGV,,,,iPhone G6,162.0,,,,,57299.0
006,179,2020-02-29T02:08:14,EGV,,,,iPhone G6,164.0,,,,,57599.0
006,180,2020-02-29T02:13:14,EGV,,,,iPhone G6,166.0,,,,,57899.0
006,181,2020-02-29T02:18:14,EGV,,,,iPhone G6,167.0,,,,,58199.0
006,182,2020-02-29T02:23:13,EGV,,,,iPhone G6,167.0,,,,,58499.0
006,183,2020-02-29T02:28:13,EGV,,,,iPhone G6,167.0,,,,,58799.0
006,184,2020-02-29T02:33:14,EGV,,,,iPhone G6,166.0,,,,,59099.0
006,185,2020-02-29T02:38:13,EGV,,,,iPhone G6,165.0,,,,,59399.0
006,186,2020-02-29T02:43:13,EGV,,,,iPhone G6,163.0,,,,,59699.0
006,187,2020-02-29T02:48:13,EGV,,,,iPhone G6,164.0,,,,,59999.0
006,188,2020-02-29T02:53:14,EGV,,,,iPhone G6,164.0,,,,,60299.0
006,189,2020-02-29T02:58:14,EGV,,,,iPhone G6,164.0,,,,,60599.0
006,190,2020-02-29T03:03:13,EGV,,,,iPhone G6,163.0,,,,,60899.0
006,191,2020-02-29T03:08:14,EGV,,,,iPhone G6,162.0,,,,,61199.0
006,192,2020-02-29T03:13:13,EGV,,,,iPhone G6,159.0,,,,,61499.0
006,193,2020-02-29T03:18:14,EGV,,,,iPhone G6,155.0,,,,,61799.0
006,194,2020-02-29T03:23:14,EGV,,,,iPhone G6,150.0,,,,,62099.0
006,195,2020-02-29T03:28:13,EGV,,,,iPhone G6,148.0,,,,,62399.0
006,196,2020-02-29T03:33:13,EGV,,,,iPhone G6,144.0,,,,,62699.0
006,197,2020-02-29T03:38:13,EGV,,,,iPhone G6,143.0,,,,,62999.0
006,198,2020-02-29T03:43:13,EGV,,,,iPhone G6,142.0,,,,,63299.0
006,199,2020-02-29T03:48:13,EGV,,,,iPhone G6,144.0,,,,,63599.0
006,200,2020-02-29T03:53:13,EGV,,,,iPhone G6,141.0,,,,,63899.0
006,201,2020-02-29T03:58:14,EGV,,,,iPhone G6,136.0,,,,,64199.0
006,202,2020-02-29T04:03:13,EGV,,,,iPhone G6,127.0,,,,,64499.0
006,203,2020-02-29T04:08:13,EGV,,,,iPhone G6,117.0,,,,,64799.0
006,204,2020-02-29T04:13:13,EGV,,,,iPhone G6,112.0,,,,,65099.0
006,205,2020-02-29T04:18:13,EGV,,,,iPhone G6,112.0,,,,,65399.0
006,206,2020-02-29T04:23:13,EGV,,,,iPhone G6,117.0,,,,,65699.0
006,207,2020-02-29T04:28:14,EGV,,,,iPhone G6,120.0,,,,,65999.0
006,208,2020-02-29T04:33:14,EGV,,,,iPhone G6,121.0,,,,,66299.0
006,209,2020-02-29T04:38:14,EGV,,,,iPhone G6,121.0,,,,,66599.0
006,210,2020-02-29T04:43:13,EGV,,,,iPhone G6,124.0,,,,,66899.0
006,211,2020-02-29T04:48:13,EGV,,,,iPhone G6,130.0,,,,,67199.0
006,212,2020-02-29T04:53:13,EGV,,,,iPhone G6,138.0,,,,,67499.0
006,213,2020-02-29T04:58:13,EGV,,,,iPhone G6,145.0,,,,,67799.0
006,214,2020-02-29T05:03:14,EGV,,,,iPhone G6,152.0,,,,,68099.0
006,215,2020-02-29T05:08:14,EGV,,,,iPhone G6,155.0,,,,,68399.0
006,216,2020-02-29T05:13:13,EGV,,,,iPhone G6,157.0,,,,,68699.0
006,217,2020-02-29T05:18:13,EGV,,,,iPhone G6,158.0,,,,,68999.0
006,218,2020-02-29T05:23:14,EGV,,,,iPhone G6,159.0,,,,,69299.0
006,219,2020-02-29T05:28:13,EGV,,,,iPhone G6,159.0,,,,,69599.0
006,220,2020-02-29T05:33:13,EGV,,,,iPhone G6,155.0,,,,,69899.0
006,221,2020-02-29T05:38:13,EGV,,,,iPhone G6,149.0,,,,,70199.0
006,222,2020-02-29T05:43:13,EGV,,,,iPhone G6,138.0,,,,,70499.0
006,223,2020-02-29T05:48:13,EGV,,,,iPhone G6,127.0,,,,,70799.0
006,224,2020-02-29T05:53:13,EGV,,,,iPhone G6,119.0,,,,,71099.0
006,225,2020-02-29T05:58:14,EGV,,,,iPhone G6,115.0,,,,,71399.0
006,226,2020-02-29T06:03:13,EGV,,,,iPhone G6,114.0,,,,,71699.0
006,227,2020-02-29T06:08:12,EGV,,,,iPhone G6,116.0,,,,,71999.0
006,228,2020-02-29T06:13:12,EGV,,,,iPhone G6,117.0,,,,,72299.0
006,229,2020-02-29T06:18:13,EGV,,,,iPhone G6,116.0,,,,,72599.0
006,230,2020-02-29T06:23:12,EGV,,,,iPhone G6,115.0,,,,,72899.0
006,231,2020-02-29T06:28:12,EGV,,,,iPhone G6,113.0,,,,,73199.0
006,232,2020-02-29T06:33:12,EGV,,,,iPhone G6,113.0,,,,,73499.0
006,233,2020-02-29T06:38:12,EGV,,,,iPhone G6,112.0,,,,,73799.0
006,234,2020-02-29T06:43:12,EGV,,,,iPhone G6,111.0,,,,,74099.0
006,235,2020-02-29T06:48:13,EGV,,,,iPhone G6,111.0,,,,,74399.0
006,236,2020-02-29T06:53:12,EGV,,,,iPhone G6,110.0,,,,,74699.0
006,237,2020-02-29T06:58:12,EGV,,,,iPhone G6,110.0,,,,,74999.0
006,238,2020-02-29T07:03:12,EGV,,,,iPhone G6,111.0,,,,,75299.0
006,239,2020-02-29T07:08:12,EGV,,,,iPhone G6,113.0,,,,,75599.0
006,240,2020-02-29T07:13:13,EGV,,,,iPhone G6,116.0,,,,,75899.0
006,241,2020-02-29T07:18:13,EGV,,,,iPhone G6,118.0,,,,,76199.0
006,242,2020-02-29T07:23:12,EGV,,,,iPhone G6,118.0,,,,,76499.0
006,243,2020-02-29T07:28:12,EGV,,,,iPhone G6,117.0,,,,,76799.0
006,244,2020-02-29T07:33:13,EGV,,,,iPhone G6,116.0,,,,,77099.0
006,245,2020-02-29T07:38:13,EGV,,,,iPhone G6,117.0,,,,,77399.0
006,246,2020-02-29T07:43:13,EGV,,,,iPhone G6,118.0,,,,,77699.0
006,247,2020-02-29T07:48:13,EGV,,,,iPhone G6,117.0,,,,,77999.0
006,248,2020-02-29T07:53:12,EGV,,,,iPhone G6,116.0,,,,,78299.0
006,249,2020-02-29T07:58:13,EGV,,,,iPhone G6,115.0,,,,,78599.0
006,250,2020-02-29T08:03:12,EGV,,,,iPhone G6,114.0,,,,,78899.0
006,251,2020-02-29T08:08:13,EGV,,,,iPhone G6,114.0,,,,,79199.0
006,252,2020-02-29T08:13:12,EGV,,,,iPhone G6,116.0,,,,,79499.0
006,253,2020-02-29T08:18:12,EGV,,,,iPhone G6,116.0,,,,,79799.0
006,254,2020-02-29T08:23:12,EGV,,,,iPhone G6,115.0,,,,,80099.0
006,255,2020-02-29T08:28:13,EGV,,,,iPhone G6,115.0,,,,,80399.0
006,256,2020-02-29T08:33:12,EGV,,,,iPhone G6,118.0,,,,,80699.0
006,257,2020-02-29T08:38:12,EGV,,,,iPhone G6,121.0,,,,,80999.0
006,258,2020-02-29T08:43:12,EGV,,,,iPhone G6,125.0,,,,,81299.0
006,259,2020-02-29T08:48:13,EGV,,,,iPhone G6,127.0,,,,,81599.0
006,260,2020-02-29T08:53:13,EGV,,,,iPhone G6,128.0,,,,,81899.0
006,261,2020-02-29T08:58:12,EGV,,,,iPhone G6,128.0,,,,,82199.0
006,262,2020-02-29T09:03:12,EGV,,,,iPhone G6,127.0,,,,,82499.0
006,263,2020-02-29T09:08:12,EGV,,,,iPhone G6,128.0,,,,,82799.0
006,264,2020-02-29T09:13:12,EGV,,,,iPhone G6,129.0,,,,,83099.0
006,265,2020-02-29T09:18:12,EGV,,,,iPhone G6,130.0,,,,,83399.0
006,266,2020-02-29T09:23:12,EGV,,,,iPhone G6,131.0,,,,,83699.0
006,267,2020-02-29T09:28:12,EGV,,,,iPhone G6,131.0,,,,,83999.0
006,268,2020-02-29T09:33:12,EGV,,,,iPhone G6,130.0,,,,,84299.0
006,269,2020-02-29T09:38:12,EGV,,,,iPhone G6,129.0,,,,,84599.0
006,270,2020-02-29T09:43:12,EGV,,,,iPhone G6,127.0,,,,,84899.0
006,271,2020-02-29T09:48:12,EGV,,,,iPhone G6,127.0,,,,,85199.0
006,272,2020-02-29T09:53:12,EGV,,,,iPhone G6,128.0,,,,,85499.0
006,273,2020-02-29T09:58:13,EGV,,,,iPhone G6,129.0,,,,,85799.0
006,274,2020-02-29T10:03:12,EGV,,,,iPhone G6,130.0,,,,,86099.0
006,275,2020-02-29T10:08:13,EGV,,,,iPhone G6,128.0,,,,,86399.0
006,276,2020-02-29T10:13:13,EGV,,,,iPhone G6,127.0,,,,,86699.0
006,277,2020-02-29T10:18:13,EGV,,,,iPhone G6,125.0,,,,,86999.0
006,278,2020-02-29T10:23:12,EGV,,,,iPhone G6,123.0,,,,,87299.0
006,279,2020-02-29T10:28:12,EGV,,,,iPhone G6,120.0,,,,,87599.0
006,280,2020-02-29T10:33:12,EGV,,,,iPhone G6,116.0,,,,,87899.0
006,281,2020-02-29T10:38:12,EGV,,,,iPhone G6,114.0,,,,,88199.0
006,282,2020-02-29T10:43:12,EGV,,,,iPhone G6,112.0,,,,,88499.0
006,283,2020-02-29T10:48:12,EGV,,,,iPhone G6,112.0,,,,,88799.0
006,284,2020-02-29T10:53:11,EGV,,,,iPhone G6,112.0,,,,,89098.0
006,285,2020-02-29T10:58:11,EGV,,,,iPhone G6,113.0,,,,,89398.0
006,286,2020-02-29T11:03:11,EGV,,,,iPhone G6,114.0,,,,,89698.0
006,287,2020-02-29T11:08:12,EGV,,,,iPhone G6,115.0,,,,,89998.0
006,288,2020-02-29T11:13:12,EGV,,,,iPhone G6,114.0,,,,,90298.0
006,289,2020-02-29T11:18:11,EGV,,,,iPhone G6,112.0,,,,,90598.0
006,290,2020-02-29T11:23:11,EGV,,,,iPhone G6,110.0,,,,,90898.0
006,291,2020-02-29T11:28:12,EGV,,,,iPhone G6,109.0,,,,,91198.0
006,292,2020-02-29T11:33:11,EGV,,,,iPhone G6,107.0,,,,,91498.0
006,293,2020-02-29T11:38:12,EGV,,,,iPhone G6,106.0,,,,,91798.0
006,294,2020-02-29T11:43:11,EGV,,,,iPhone G6,105.0,,,,,92098.0
006,295,2020-02-29T11:48:11,EGV,,,,iPhone G6,103.0,,,,,92398.0
006,296,2020-02-29T11:53:11,EGV,,,,iPhone G6,102.0,,,,,92698.0
006,297,2020-02-29T11:58:11,EGV,,,,iPhone G6,102.0,,,,,92998.0
006,298,2020-02-29T12:03:11,EGV,,,,iPhone G6,103.0,,,,,93298.0
006,299,2020-02-29T12:08:11,EGV,,,,iPhone G6,109.0,,,,,93598.0
006,300,2020-02-29T12:13:11,EGV,,,,iPhone G6,117.0,,,,,93898.0
006,301,2020-02-29T12:18:11,EGV,,,,iPhone G6,129.0,,,,,94198.0
006,302,2020-02-29T12:23:11,EGV,,,,iPhone G6,138.0,,,,,94498.0
006,303,2020-02-29T12:28:11,EGV,,,,iPhone G6,140.0,,,,,94798.0
006,304,2020-02-29T12:33:11,EGV,,,,iPhone G6,132.0,,,,,95098.0
006,305,2020-02-29T12:38:11,EGV,,,,iPhone G6,117.0,,,,,95398.0
006,306,2020-02-29T12:43:11,EGV,,,,iPhone G6,101.0,,,,,95698.0
006,307,2020-02-29T12:48:11,EGV,,,,iPhone G6,92.0,,,,,95998.0
006,308,2020-02-29T12:53:11,EGV,,,,iPhone G6,93.0,,,,,96298.0
006,309,2020-02-29T12:58:12,EGV,,,,iPhone G6,99.0,,,,,96598.0
006,310,2020-02-29T13:03:12,EGV,,,,iPhone G6,111.0,,,,,96898.0
006,311,2020-02-29T13:08:12,EGV,,,,iPhone G6,122.0,,,,,97198.0
006,312,2020-02-29T13:13:11,EGV,,,,iPhone G6,131.0,,,,,97498.0
006,313,2020-02-29T13:18:11,EGV,,,,iPhone G6,135.0,,,,,97798.0
006,314,2020-02-29T13:23:12,EGV,,,,iPhone G6,137.0,,,,,98098.0
006,315,2020-02-29T13:28:12,EGV,,,,iPhone G6,141.0,,,,,98398.0
006,316,2020-02-29T13:33:11,EGV,,,,iPhone G6,144.0,,,,,98698.0
006,317,2020-02-29T13:38:11,EGV,,,,iPhone G6,145.0,,,,,98998.0
006,318,2020-02-29T13:43:12,EGV,,,,iPhone G6,140.0,,,,,99298.0
006,319,2020-02-29T13:48:11,EGV,,,,iPhone G6,131.0,,,,,99598.0
006,320,2020-02-29T13:53:11,EGV,,,,iPhone G6,120.0,,,,,99898.0
006,321,2020-02-29T13:58:11,EGV,,,,iPhone G6,109.0,,,,,100198.0
006,322,2020-02-29T14:03:11,EGV,,,,iPhone G6,97.0,,,,,100498.0
006,323,2020-02-29T14:08:11,EGV,,,,iPhone G6,89.0,,,,,100798.0
006,324,2020-02-29T14:13:11,EGV,,,,iPhone G6,83.0,,,,,101098.0
006,325,2020-02-29T14:18:11,EGV,,,,iPhone G6,81.0,,,,,101398.0
006,326,2020-02-29T14:23:11,EGV,,,,iPhone G6,81.0,,,,,101698.0
006,327,2020-02-29T14:28:11,EGV,,,,iPhone G6,83.0,,,,,101998.0
006,328,2020-02-29T14:33:11,EGV,,,,iPhone G6,86.0,,,,,102298.0
006,329,2020-02-29T14:38:11,EGV,,,,iPhone G6,88.0,,,,,102598.0
006,330,2020-02-29T14:43:12,EGV,,,,iPhone G6,88.0,,,,,102898.0
006,331,2020-02-29T14:48:12,EGV,,,,iPhone G6,87.0,,,,,103198.0
006,332,2020-02-29T14:53:11,EGV,,,,iPhone G6,86.0,,,,,103498.0
006,333,2020-02-29T14:58:11,EGV,,,,iPhone G6,86.0,,,,,103798.0
006,334,2020-02-29T15:03:11,EGV,,,,iPhone G6,86.0,,,,,104098.0
006,335,2020-02-29T15:08:12,EGV,,,,iPhone G6,85.0,,,,,104398.0
006,336,2020-02-29T15:13:11,EGV,,,,iPhone G6,83.0,,,,,104698.0
006,337,2020-02-29T15:18:11,EGV,,,,iPhone G6,82.0,,,,,104998.0
006,338,2020-02-29T15:23:11,EGV,,,,iPhone G6,81.0,,,,,105298.0
006,339,2020-02-29T15:28:12,EGV,,,,iPhone G6,82.0,,,,,105598.0
006,340,2020-02-29T15:33:11,EGV,,,,iPhone G6,83.0,,,,,105898.0
006,341,2020-02-29T15:38:11,EGV,,,,iPhone G6,85.0,,,,,106198.0
006,342,2020-02-29T15:43:12,EGV,,,,iPhone G6,86.0,,,,,106498.0
006,343,2020-02-29T15:48:12,EGV,,,,iPhone G6,88.0,,,,,106798.0
006,344,2020-02-29T15:53:11,EGV,,,,iPhone G6,93.0,,,,,107098.0
006,345,2020-02-29T15:58:11,EGV,,,,iPhone G6,98.0,,,,,107398.0
006,346,2020-02-29T16:03:11,EGV,,,,iPhone G6,103.0,,,,,107698.0
006,347,2020-02-29T16:08:13,EGV,,,,iPhone G6,106.0,,,,,107998.0
006,348,2020-02-29T16:13:12,EGV,,,,iPhone G6,107.0,,,,,108298.0
006,349,2020-02-29T16:18:12,EGV,,,,iPhone G6,107.0,,,,,108598.0
006,350,2020-02-29T16:23:12,EGV,,,,iPhone G6,107.0,,,,,108898.0
006,351,2020-02-29T16:28:12,EGV,,,,iPhone G6,108.0,,,,,109198.0
006,352,2020-02-29T16:33:12,EGV,,,,iPhone G6,109.0,,,,,109498.0
006,353,2020-02-29T16:38:13,EGV,,,,iPhone G6,110.0,,,,,109798.0
006,354,2020-02-29T16:43:12,EGV,,,,iPhone G6,111.0,,,,,110098.0
006,355,2020-02-29T16:48:13,EGV,,,,iPhone G6,112.0,,,,,110398.0
006,356,2020-02-29T16:53:12,EGV,,,,iPhone G6,113.0,,,,,110698.0
006,357,2020-02-29T16:58:12,EGV,,,,iPhone G6,115.0,,,,,110998.0
006,358,2020-02-29T17:03:12,EGV,,,,iPhone G6,118.0,,,,,111298.0
006,359,2020-02-29T17:08:13,EGV,,,,iPhone G6,121.0,,,,,111598.0
006,360,2020-02-29T17:13:12,EGV,,,,iPhone G6,124.0,,,,,111898.0
006,361,2020-02-29T17:18:12,EGV,,,,iPhone G6,127.0,,,,,112198.0
006,362,2020-02-29T17:23:12,EGV,,,,iPhone G6,129.0,,,,,112498.0
006,363,2020-02-29T17:28:12,EGV,,,,iPhone G6,128.0,,,,,112798.0
006,364,2020-02-29T17:33:12,EGV,,,,iPhone G6,126.0,,,,,113098.0
006,365,2020-02-29T17:38:12,EGV,,,,iPhone G6,125.0,,,,,113398.0
006,366,2020-02-29T17:43:13,EGV,,,,iPhone G6,123.0,,,,,113698.0
006,367,2020-02-29T17:48:12,EGV,,,,iPhone G6,120.0,,,,,113998.0
006,368,2020-02-29T17:53:12,EGV,,,,iPhone G6,118.0,,,,,114298.0
006,369,2020-02-29T17:58:12,EGV,,,,iPhone G6,118.0,,,,,114598.0
006,370,2020-02-29T18:03:12,EGV,,,,iPhone G6,118.0,,,,,114898.0
006,371,2020-02-29T18:08:12,EGV,,,,iPhone G6,118.0,,,,,115198.0
006,372,2020-02-29T18:13:12,EGV,,,,iPhone G6,118.0,,,,,115498.0
006,373,2020-02-29T18:18:13,EGV,,,,iPhone G6,118.0,,,,,115798.0
006,374,2020-02-29T18:23:12,EGV,,,,iPhone G6,117.0,,,,,116098.0
006,375,2020-02-29T18:28:13,EGV,,,,iPhone G6,116.0,,,,,116398.0
006,376,2020-02-29T18:33:12,EGV,,,,iPhone G6,113.0,,,,,116698.0
006,377,2020-02-29T18:38:12,EGV,,,,iPhone G6,110.0,,,,,116998.0
006,378,2020-02-29T18:43:12,EGV,,,,iPhone G6,109.0,,,,,117298.0
006,379,2020-02-29T18:48:12,EGV,,,,iPhone G6,109.0,,,,,117598.0
006,380,2020-02-29T18:53:12,EGV,,,,iPhone G6,110.0,,,,,117898.0
006,381,2020-02-29T18:58:12,EGV,,,,iPhone G6,110.0,,,,,118198.0
006,382,2020-02-29T19:03:12,EGV,,,,iPhone G6,109.0,,,,,118498.0
006,383,2020-02-29T19:08:12,EGV,,,,iPhone G6,109.0,,,,,118798.0
006,384,2020-02-29T19:13:13,EGV,,,,iPhone G6,109.0,,,,,119098.0
006,385,2020-02-29T19:18:12,EGV,,,,iPhone G6,110.0,,,,,119398.0
006,386,2020-02-29T19:23:13,EGV,,,,iPhone G6,110.0,,,,,119698.0
006,387,2020-02-29T19:28:12,EGV,,,,iPhone G6,109.0,,,,,119998.0
006,388,2020-02-29T19:33:13,EGV,,,,iPhone G6,107.0,,,,,120298.0
006,389,2020-02-29T19:38:12,EGV,,,,iPhone G6,105.0,,,,,120598.0
006,390,2020-02-29T19:43:12,EGV,,,,iPhone G6,103.0,,,,,120898.0
006,391,2020-02-29T19:48:12,EGV,,,,iPhone G6,102.0,,,,,121198.0
006,392,2020-02-29T19:53:12,EGV,,,,iPhone G6,102.0,,,,,121498.0
006,393,2020-02-29T19:58:12,EGV,,,,iPhone G6,102.0,,,,,121798.0
006,394,2020-02-29T20:03:12,EGV,,,,iPhone G6,102.0,,,,,122098.0
006,395,2020-02-29T20:08:12,EGV,,,,iPhone G6,103.0,,,,,122398.0
006,396,2020-02-29T20:13:12,EGV,,,,iPhone G6,104.0,,,,,122698.0
006,397,2020-02-29T20:18:13,EGV,,,,iPhone G6,105.0,,,,,122998.0
006,398,2020-02-29T20:23:12,EGV,,,,iPhone G6,106.0,,,,,123298.0
006,399,2020-02-29T20:28:13,EGV,,,,iPhone G6,106.0,,,,,123598.0
006,400,2020-02-29T20:33:12,EGV,,,,iPhone G6,106.0,,,,,123898.0
006,401,2020-02-29T20:38:13,EGV,,,,iPhone G6,106.0,,,,,124198.0
006,402,2020-02-29T20:43:12,EGV,,,,iPhone G6,107.0,,,,,124498.0
006,403,2020-02-29T20:48:13,EGV,,,,iPhone G6,108.0,,,,,124798.0
006,404,2020-02-29T20:53:12,EGV,,,,iPhone G6,108.0,,,,,125098.0
006,405,2020-02-29T20:58:12,EGV,,,,iPhone G6,109.0,,,,,125398.0
006,406,2020-02-29T21:03:12,EGV,,,,iPhone G6,109.0,,,,,125698.0
006,407,2020-02-29T21:08:12,EGV,,,,iPhone G6,109.0,,,,,125998.0
006,408,2020-02-29T21:13:12,EGV,,,,iPhone G6,109.0,,,,,126298.0
006,409,2020-02-29T21:18:12,EGV,,,,iPhone G6,108.0,,,,,126598.0
006,410,2020-02-29T21:23:12,EGV,,,,iPhone G6,107.0,,,,,126898.0
006,411,2020-02-29T21:28:12,EGV,,,,iPhone G6,107.0,,,,,127198.0
006,412,2020-02-29T21:33:12,EGV,,,,iPhone G6,107.0,,,,,127498.0
006,413,2020-02-29T21:38:13,EGV,,,,iPhone G6,107.0,,,,,127798.0
006,414,2020-02-29T21:43:12,EGV,,,,iPhone G6,108.0,,,,,128098.0
006,415,2020-02-29T21:48:12,EGV,,,,iPhone G6,108.0,,,,,128398.0
006,416,2020-02-29T21:53:12,EGV,,,,iPhone G6,107.0,,,,,128697.0
006,417,2020-02-29T21:58:11,EGV,,,,iPhone G6,107.0,,,,,128997.0
006,418,2020-02-29T22:03:11,EGV,,,,iPhone G6,106.0,,,,,129297.0
006,419,2020-02-29T22:08:11,EGV,,,,iPhone G6,106.0,,,,,129597.0
006,420,2020-02-29T22:13:11,EGV,,,,iPhone G6,105.0,,,,,129897.0
006,421,2020-02-29T22:18:12,EGV,,,,iPhone G6,105.0,,,,,130197.0
006,422,2020-02-29T22:23:12,EGV,,,,iPhone G6,106.0,,,,,130497.0
006,423,2020-02-29T22:28:11,EGV,,,,iPhone G6,107.0,,,,,130797.0
006,424,2020-02-29T22:33:11,EGV,,,,iPhone G6,107.0,,,,,131097.0
006,425,2020-02-29T22:38:11,EGV,,,,iPhone G6,108.0,,,,,131397.0
006,426,2020-02-29T22:43:12,EGV,,,,iPhone G6,108.0,,,,,131697.0
006,427,2020-02-29T22:48:11,EGV,,,,iPhone G6,107.0,,,,,131997.0
006,428,2020-02-29T22:53:11,EGV,,,,iPhone G6,106.0,,,,,132297.0
006,429,2020-02-29T22:58:11,EGV,,,,iPhone G6,104.0,,,,,132597.0
006,430,2020-02-29T23:03:11,EGV,,,,iPhone G6,103.0,,,,,132897.0
006,431,2020-02-29T23:08:11,EGV,,,,iPhone G6,101.0,,,,,133197.0
006,432,2020-02-29T23:13:11,EGV,,,,iPhone G6,100.0,,,,,133497.0
006,433,2020-02-29T23:18:11,EGV,,,,iPhone G6,99.0,,,,,133797.0
006,434,2020-02-29T23:23:11,EGV,,,,iPhone G6,101.0,,,,,134097.0
006,435,2020-02-29T23:28:11,EGV,,,,iPhone G6,104.0,,,,,134397.0
006,436,2020-02-29T23:33:11,EGV,,,,iPhone G6,108.0,,,,,134697.0
006,437,2020-02-29T23:38:11,EGV,,,,iPhone G6,111.0,,,,,134997.0
006,438,2020-02-29T23:43:11,EGV,,,,iPhone G6,114.0,,,,,135297.0
006,439,2020-02-29T23:48:11,EGV,,,,iPhone G6,117.0,,,,,135597.0
006,440,2020-02-29T23:53:12,EGV,,,,iPhone G6,117.0,,,,,135897.0
006,441,2020-02-29T23:58:11,EGV,,,,iPhone G6,117.0,,,,,136197.0
006,442,2020-03-01T00:03:11,EGV,,,,iPhone G6,114.0,,,,,136497.0
006,443,2020-03-01T00:08:11,EGV,,,,iPhone G6,112.0,,,,,136797.0
006,444,2020-03-01T00:13:11,EGV,,,,iPhone G6,112.0,,,,,137097.0
006,445,2020-03-01T00:18:11,EGV,,,,iPhone G6,116.0,,,,,137397.0
006,446,2020-03-01T00:23:11,EGV,,,,iPhone G6,124.0,,,,,137697.0
006,447,2020-03-01T00:28:12,EGV,,,,iPhone G6,132.0,,,,,137997.0
006,448,2020-03-01T00:33:11,EGV,,,,iPhone G6,140.0,,,,,138297.0
006,449,2020-03-01T00:38:11,EGV,,,,iPhone G6,145.0,,,,,138597.0
006,450,2020-03-01T00:43:11,EGV,,,,iPhone G6,149.0,,,,,138897.0
006,451,2020-03-01T00:48:11,EGV,,,,iPhone G6,152.0,,,,,139197.0
006,452,2020-03-01T00:53:11,EGV,,,,iPhone G6,155.0,,,,,139497.0
006,453,2020-03-01T00:58:12,EGV,,,,iPhone G6,156.0,,,,,139797.0
006,454,2020-03-01T01:03:11,EGV,,,,iPhone G6,155.0,,,,,140097.0
006,455,2020-03-01T01:08:11,EGV,,,,iPhone G6,153.0,,,,,140397.0
006,456,2020-03-01T01:13:11,EGV,,,,iPhone G6,148.0,,,,,140697.0
006,457,2020-03-01T01:18:11,EGV,,,,iPhone G6,145.0,,,,,140997.0
006,458,2020-03-01T01:23:12,EGV,,,,iPhone G6,143.0,,,,,141297.0
006,459,2020-03-01T01:28:11,EGV,,,,iPhone G6,146.0,,,,,141597.0
006,460,2020-03-01T01:33:11,EGV,,,,iPhone G6,152.0,,,,,141897.0
006,461,2020-03-01T01:38:11,EGV,,,,iPhone G6,158.0,,,,,142197.0
006,462,2020-03-01T01:43:11,EGV,,,,iPhone G6,162.0,,,,,142497.0
006,463,2020-03-01T01:48:12,EGV,,,,iPhone G6,165.0,,,,,142797.0
006,464,2020-03-01T01:53:11,EGV,,,,iPhone G6,167.0,,,,,143097.0
006,465,2020-03-01T01:58:11,EGV,,,,iPhone G6,170.0,,,,,143397.0
006,466,2020-03-01T02:03:12,EGV,,,,iPhone G6,172.0,,,,,143697.0
006,467,2020-03-01T02:08:11,EGV,,,,iPhone G6,174.0,,,,,143997.0
006,468,2020-03-01T02:13:11,EGV,,,,iPhone G6,175.0,,,,,144297.0
006,469,2020-03-01T02:18:11,EGV,,,,iPhone G6,177.0,,,,,144597.0
006,470,2020-03-01T02:23:11,EGV,,,,iPhone G6,179.0,,,,,144897.0
006,471,2020-03-01T02:28:12,EGV,,,,iPhone G6,181.0,,,,,145197.0
006,472,2020-03-01T02:33:11,EGV,,,,iPhone G6,180.0,,,,,145497.0
006,473,2020-03-01T02:38:11,EGV,,,,iPhone G6,179.0,,,,,145797.0
006,474,2020-03-01T02:43:12,EGV,,,,iPhone G6,177.0,,,,,146097.0
006,475,2020-03-01T02:48:11,EGV,,,,iPhone G6,177.0,,,,,146397.0
006,476,2020-03-01T02:53:11,EGV,,,,iPhone G6,177.0,,,,,146697.0
006,477,2020-03-01T02:58:11,EGV,,,,iPhone G6,175.0,,,,,146997.0
006,478,2020-03-01T03:03:12,EGV,,,,iPhone G6,172.0,,,,,147297.0
006,479,2020-03-01T03:08:11,EGV,,,,iPhone G6,169.0,,,,,147597.0
006,480,2020-03-01T03:13:11,EGV,,,,iPhone G6,167.0,,,,,147897.0
006,481,2020-03-01T03:18:11,EGV,,,,iPhone G6,166.0,,,,,148197.0
006,482,2020-03-01T03:23:11,EGV,,,,iPhone G6,165.0,,,,,148497.0
006,483,2020-03-01T03:28:11,EGV,,,,iPhone G6,164.0,,,,,148797.0
006,484,2020-03-01T03:33:11,EGV,,,,iPhone G6,163.0,,,,,149097.0
006,485,2020-03-01T03:38:11,EGV,,,,iPhone G6,159.0,,,,,149397.0
006,486,2020-03-01T03:43:11,EGV,,,,iPhone G6,155.0,,,,,149697.0
006,487,2020-03-01T03:48:12,EGV,,,,iPhone G6,150.0,,,,,149997.0
006,488,2020-03-01T03:53:11,EGV,,,,iPhone G6,146.0,,,,,150297.0
006,489,2020-03-01T03:58:11,EGV,,,,iPhone G6,142.0,,,,,150597.0
006,490,2020-03-01T04:03:11,EGV,,,,iPhone G6,138.0,,,,,150897.0
006,491,2020-03-01T04:08:11,EGV,,,,iPhone G6,136.0,,,,,151197.0
006,492,2020-03-01T04:13:11,EGV,,,,iPhone G6,134.0,,,,,151497.0
006,493,2020-03-01T04:18:11,EGV,,,,iPhone G6,131.0,,,,,151797.0
006,494,2020-03-01T04:23:12,EGV,,,,iPhone G6,128.0,,,,,152097.0
006,495,2020-03-01T04:28:11,EGV,,,,iPhone G6,123.0,,,,,152397.0
006,496,2020-03-01T04:33:11,EGV,,,,iPhone G6,117.0,,,,,152697.0
006,497,2020-03-01T04:38:11,EGV,,,,iPhone G6,109.0,,,,,152997.0
006,498,2020-03-01T04:43:11,EGV,,,,iPhone G6,102.0,,,,,153297.0
006,499,2020-03-01T04:48:12,EGV,,,,iPhone G6,96.0,,,,,153597.0
007,1,,FirstName,,2019,,,,,,,,
007,2,,LastName,,007,,,,,,,,
007,3,,DateOfBirth,,1970-01-01,,,,,,,,
007,4,,Device,,,Dexcom G6 Mobile App,Android G6,,,,,,
007,5,,Alert,Fall,,,Android G6,,,,,3.0,
007,6,,Alert,High,,,Android G6,200.0,,,,,
007,7,,Alert,Low,,,Android G6,80.0,,,,,
007,8,,Alert,Signal Loss,,,Android G6,,,,00:20:00,,
007,9,,Alert,Rise,,,Android G6,,,,,3.0,
007,10,,Alert,Urgent Low,,,Android G6,55.0,,,,,
007,11,,Alert,Urgent Low Soon,,,Android G6,55.0,,,,,
007,12,2020-03-14T12:42:19,EGV,,,,Android G6,93.0,,,,,9301.0
007,13,2020-03-14T12:47:18,EGV,,,,Android G6,93.0,,,,,9600.0
007,14,2020-03-14T12:52:18,EGV,,,,Android G6,92.0,,,,,9900.0
007,15,2020-03-14T12:57:18,EGV,,,,Android G6,93.0,,,,,10200.0
007,16,2020-03-14T13:02:19,EGV,,,,Android G6,95.0,,,,,10500.0
007,17,2020-03-14T13:07:19,EGV,,,,Android G6,98.0,,,,,10800.0
007,18,2020-03-14T13:12:18,EGV,,,,Android G6,101.0,,,,,11100.0
007,19,2020-03-14T13:17:18,EGV,,,,Android G6,101.0,,,,,11400.0
007,20,2020-03-14T13:22:18,EGV,,,,Android G6,99.0,,,,,11700.0
007,21,2020-03-14T13:27:18,EGV,,,,Android G6,98.0,,,,,12000.0
007,22,2020-03-14T13:32:18,EGV,,,,Android G6,98.0,,,,,12300.0
007,23,2020-03-14T13:37:18,EGV,,,,Android G6,98.0,,,,,12600.0
007,24,2020-03-14T13:42:18,EGV,,,,Android G6,97.0,,,,,12900.0
007,25,2020-03-14T13:47:19,EGV,,,,Android G6,97.0,,,,,13200.0
007,26,2020-03-14T13:52:19,EGV,,,,Android G6,97.0,,,,,13500.0
007,27,2020-03-14T13:57:18,EGV,,,,Android G6,99.0,,,,,13800.0
007,28,2020-03-14T14:02:18,EGV,,,,Android G6,103.0,,,,,14100.0
007,29,2020-03-14T14:07:18,EGV,,,,Android G6,111.0,,,,,14400.0
007,30,2020-03-14T14:12:18,EGV,,,,Android G6,118.0,,,,,14700.0
007,31,2020-03-14T14:17:18,EGV,,,,Android G6,124.0,,,,,15000.0
007,32,2020-03-14T14:22:18,EGV,,,,Android G6,132.0,,,,,15300.0
007,33,2020-03-14T14:27:19,EGV,,,,Android G6,142.0,,,,,15600.0
007,34,2020-03-14T14:32:18,EGV,,,,Android G6,149.0,,,,,15900.0
007,35,2020-03-14T14:37:18,EGV,,,,Android G6,154.0,,,,,16200.0
007,36,2020-03-14T14:42:18,EGV,,,,Android G6,156.0,,,,,16500.0
007,37,2020-03-14T14:47:18,EGV,,,,Android G6,158.0,,,,,16800.0
007,38,2020-03-14T14:52:17,EGV,,,,Android G6,151.0,,,,,17100.0
007,39,2020-03-14T14:57:18,EGV,,,,Android G6,140.0,,,,,17400.0
007,40,2020-03-14T15:02:18,EGV,,,,Android G6,125.0,,,,,17700.0
007,41,2020-03-14T15:07:18,EGV,,,,Android G6,112.0,,,,,18000.0
007,42,2020-03-14T15:12:18,EGV,,,,Android G6,97.0,,,,,18300.0
007,43,2020-03-14T15:17:18,EGV,,,,Android G6,87.0,,,,,18600.0
007,44,2020-03-14T15:22:17,EGV,,,,Android G6,82.0,,,,,18900.0
007,45,2020-03-14T15:27:18,EGV,,,,Android G6,84.0,,,,,19200.0
007,46,2020-03-14T15:32:18,EGV,,,,Android G6,85.0,,,,,19500.0
007,47,2020-03-14T15:37:18,EGV,,,,Android G6,86.0,,,,,19800.0
007,48,2020-03-14T15:42:18,EGV,,,,Android G6,85.0,,,,,20100.0
007,49,2020-03-14T15:47:19,EGV,,,,Android G6,84.0,,,,,20400.0
007,50,2020-03-14T15:52:19,EGV,,,,Android G6,81.0,,,,,20700.0
007,51,2020-03-14T15:57:19,EGV,,,,Android G6,84.0,,,,,21000.0
007,52,2020-03-14T16:02:19,EGV,,,,Android G6,92.0,,,,,21300.0
007,53,2020-03-14T16:07:19,EGV,,,,Android G6,100.0,,,,,21600.0
007,54,2020-03-14T16:12:19,EGV,,,,Android G6,104.0,,,,,21900.0
007,55,2020-03-14T16:17:19,EGV,,,,Android G6,103.0,,,,,22200.0
007,56,2020-03-14T16:22:18,EGV,,,,Android G6,102.0,,,,,22500.0
007,57,2020-03-14T16:27:19,EGV,,,,Android G6,101.0,,,,,22800.0
007,58,2020-03-14T16:32:19,EGV,,,,Android G6,101.0,,,,,23100.0
007,59,2020-03-14T16:37:18,EGV,,,,Android G6,101.0,,,,,23400.0
007,60,2020-03-14T16:42:18,EGV,,,,Android G6,101.0,,,,,23700.0
007,61,2020-03-14T16:47:18,EGV,,,,Android G6,101.0,,,,,24000.0
007,62,2020-03-14T16:52:17,EGV,,,,Android G6,103.0,,,,,24300.0
007,63,2020-03-14T16:57:18,EGV,,,,Android G6,104.0,,,,,24600.0
007,64,2020-03-14T17:02:17,EGV,,,,Android G6,105.0,,,,,24900.0
007,65,2020-03-14T17:07:18,EGV,,,,Android G6,103.0,,,,,25200.0
007,66,2020-03-14T17:12:18,EGV,,,,Android G6,99.0,,,,,25500.0
007,67,2020-03-14T17:17:18,EGV,,,,Android G6,94.0,,,,,25800.0
007,68,2020-03-14T17:22:17,EGV,,,,Android G6,89.0,,,,,26100.0
007,69,2020-03-14T17:27:18,EGV,,,,Android G6,87.0,,,,,26400.0
007,70,2020-03-14T17:32:17,EGV,,,,Android G6,87.0,,,,,26700.0
007,71,2020-03-14T17:37:18,EGV,,,,Android G6,90.0,,,,,27000.0
007,72,2020-03-14T17:42:17,EGV,,,,Android G6,92.0,,,,,27300.0
007,73,2020-03-14T17:47:18,EGV,,,,Android G6,93.0,,,,,27600.0
007,74,2020-03-14T17:52:18,EGV,,,,Android G6,92.0,,,,,27900.0
007,75,2020-03-14T17:57:19,EGV,,,,Android G6,91.0,,,,,28200.0
007,76,2020-03-14T18:02:18,EGV,,,,Android G6,90.0,,,,,28500.0
007,77,2020-03-14T18:07:18,EGV,,,,Android G6,89.0,,,,,28800.0
007,78,2020-03-14T18:12:18,EGV,,,,Android G6,89.0,,,,,29100.0
007,79,2020-03-14T18:17:18,EGV,,,,Android G6,91.0,,,,,29400.0
007,80,2020-03-14T18:22:18,EGV,,,,Android G6,94.0,,,,,29700.0
007,81,2020-03-14T18:27:18,EGV,,,,Android G6,97.0,,,,,30000.0
007,82,2020-03-14T18:32:18,EGV,,,,Android G6,97.0,,,,,30300.0
007,83,2020-03-14T18:37:18,EGV,,,,Android G6,96.0,,,,,30600.0
007,84,2020-03-14T18:42:19,EGV,,,,Android G6,93.0,,,,,30900.0
007,85,2020-03-14T18:47:17,EGV,,,,Android G6,89.0,,,,,31200.0
007,86,2020-03-14T18:52:18,EGV,,,,Android G6,85.0,,,,,31500.0
007,87,2020-03-14T18:57:18,EGV,,,,Android G6,83.0,,,,,31800.0
007,88,2020-03-14T19:02:17,EGV,,,,Android G6,82.0,,,,,32100.0
007,89,2020-03-14T19:07:18,EGV,,,,Android G6,83.0,,,,,32400.0
007,90,2020-03-14T19:12:18,EGV,,,,Android G6,84.0,,,,,32700.0
007,91,2020-03-14T19:17:18,EGV,,,,Android G6,86.0,,,,,33000.0
007,92,2020-03-14T19:22:18,EGV,,,,Android G6,87.0,,,,,33300.0
007,93,2020-03-14T19:27:18,EGV,,,,Android G6,90.0,,,,,33600.0
007,94,2020-03-14T19:32:18,EGV,,,,Android G6,92.0,,,,,33900.0
007,95,2020-03-14T19:37:18,EGV,,,,Android G6,94.0,,,,,34200.0
007,96,2020-03-14T19:42:18,EGV,,,,Android G6,97.0,,,,,34500.0
007,97,2020-03-14T19:47:18,EGV,,,,Android G6,100.0,,,,,34800.0
007,98,2020-03-14T19:52:18,EGV,,,,Android G6,104.0,,,,,35100.0
007,99,2020-03-14T19:57:18,EGV,,,,Android G6,107.0,,,,,35400.0
007,100,2020-03-14T20:02:19,EGV,,,,Android G6,109.0,,,,,35700.0
007,101,2020-03-14T20:07:18,EGV,,,,Android G6,110.0,,,,,36000.0
007,102,2020-03-14T20:12:19,EGV,,,,Android G6,111.0,,,,,36300.0
007,103,2020-03-14T20:17:18,EGV,,,,Android G6,111.0,,,,,36600.0
007,104,2020-03-14T20:22:18,EGV,,,,Android G6,110.0,,,,,36900.0
007,105,2020-03-14T20:27:18,EGV,,,,Android G6,108.0,,,,,37200.0
007,106,2020-03-14T20:32:18,EGV,,,,Android G6,105.0,,,,,37500.0
007,107,2020-03-14T20:37:19,EGV,,,,Android G6,104.0,,,,,37800.0
007,108,2020-03-14T20:42:18,EGV,,,,Android G6,105.0,,,,,38100.0
007,109,2020-03-14T20:47:18,EGV,,,,Android G6,107.0,,,,,38400.0
007,110,2020-03-14T20:52:19,EGV,,,,Android G6,106.0,,,,,38700.0
007,111,2020-03-14T20:57:18,EGV,,,,Android G6,106.0,,,,,39000.0
007,112,2020-03-14T21:02:19,EGV,,,,Android G6,107.0,,,,,39300.0
007,113,2020-03-14T21:07:19,EGV,,,,Android G6,110.0,,,,,39600.0
007,114,2020-03-14T21:12:19,EGV,,,,Android G6,114.0,,,,,39900.0
007,115,2020-03-14T21:17:19,EGV,,,,Android G6,118.0,,,,,40200.0
007,116,2020-03-14T21:22:19,EGV,,,,Android G6,120.0,,,,,40500.0
007,117,2020-03-14T21:27:19,EGV,,,,Android G6,122.0,,,,,40800.0
007,118,2020-03-14T21:32:19,EGV,,,,Android G6,122.0,,,,,41100.0
007,119,2020-03-14T21:37:18,EGV,,,,Android G6,122.0,,,,,41400.0
007,120,2020-03-14T21:42:19,EGV,,,,Android G6,122.0,,,,,41700.0
007,121,2020-03-14T21:47:18,EGV,,,,Android G6,124.0,,,,,42000.0
007,122,2020-03-14T21:52:18,EGV,,,,Android G6,127.0,,,,,42300.0
007,123,2020-03-14T21:57:19,EGV,,,,Android G6,124.0,,,,,42600.0
007,124,2020-03-14T22:02:18,EGV,,,,Android G6,118.0,,,,,42900.0
007,125,2020-03-14T22:07:18,EGV,,,,Android G6,115.0,,,,,43200.0
007,126,2020-03-14T22:12:18,EGV,,,,Android G6,123.0,,,,,43500.0
007,127,2020-03-14T22:17:18,EGV,,,,Android G6,133.0,,,,,43800.0
007,128,2020-03-14T22:22:19,EGV,,,,Android G6,137.0,,,,,44100.0
007,129,2020-03-14T22:27:18,EGV,,,,Android G6,133.0,,,,,44400.0
007,130,2020-03-14T22:32:19,EGV,,,,Android G6,128.0,,,,,44700.0
007,131,2020-03-14T22:37:19,EGV,,,,Android G6,126.0,,,,,45000.0
007,132,2020-03-14T22:42:19,EGV,,,,Android G6,125.0,,,,,45300.0
007,133,2020-03-14T22:47:18,EGV,,,,Android G6,124.0,,,,,45600.0
007,134,2020-03-14T22:52:18,EGV,,,,Android G6,123.0,,,,,45900.0
007,135,2020-03-14T22:57:17,EGV,,,,Android G6,120.0,,,,,46200.0
007,136,2020-03-14T23:02:18,EGV,,,,Android G6,116.0,,,,,46500.0
007,137,2020-03-14T23:07:16,EGV,,,,Android G6,113.0,,,,,46799.0
007,138,2020-03-14T23:12:16,EGV,,,,Android G6,113.0,,,,,47099.0
007,139,2020-03-14T23:17:17,EGV,,,,Android G6,115.0,,,,,47399.0
007,140,2020-03-14T23:22:16,EGV,,,,Android G6,117.0,,,,,47699.0
007,141,2020-03-14T23:27:17,EGV,,,,Android G6,116.0,,,,,47999.0
007,142,2020-03-14T23:32:16,EGV,,,,Android G6,116.0,,,,,48299.0
007,143,2020-03-14T23:37:16,EGV,,,,Android G6,120.0,,,,,48599.0
007,144,2020-03-14T23:42:17,EGV,,,,Android G6,128.0,,,,,48899.0
007,145,2020-03-14T23:47:16,EGV,,,,Android G6,130.0,,,,,49199.0
007,146,2020-03-14T23:52:17,EGV,,,,Android G6,129.0,,,,,49499.0
007,147,2020-03-14T23:57:17,EGV,,,,Android G6,127.0,,,,,49799.0
007,148,2020-03-15T00:02:16,EGV,,,,Android G6,125.0,,,,,50099.0
007,149,2020-03-15T00:07:17,EGV,,,,Android G6,119.0,,,,,50399.0
007,150,2020-03-15T00:12:17,EGV,,,,Android G6,113.0,,,,,50699.0
007,151,2020-03-15T00:17:16,EGV,,,,Android G6,113.0,,,,,50999.0
007,152,2020-03-15T00:22:17,EGV,,,,Android G6,118.0,,,,,51299.0
007,153,2020-03-15T00:27:16,EGV,,,,Android G6,125.0,,,,,51599.0
007,154,2020-03-15T00:32:16,EGV,,,,Android G6,125.0,,,,,51899.0
007,155,2020-03-15T00:37:17,EGV,,,,Android G6,121.0,,,,,52199.0
007,156,2020-03-15T00:42:16,EGV,,,,Android G6,116.0,,,,,52499.0
007,157,2020-03-15T00:47:17,EGV,,,,Android G6,112.0,,,,,52799.0
007,158,2020-03-15T00:52:17,EGV,,,,Android G6,109.0,,,,,53099.0
007,159,2020-03-15T00:57:17,EGV,,,,Android G6,107.0,,,,,53399.0
007,160,2020-03-15T01:02:17,EGV,,,,Android G6,106.0,,,,,53699.0
007,161,2020-03-15T01:07:17,EGV,,,,Android G6,105.0,,,,,53999.0
007,162,2020-03-15T01:12:16,EGV,,,,Android G6,104.0,,,,,54299.0
007,163,2020-03-15T01:17:17,EGV,,,,Android G6,104.0,,,,,54599.0
007,164,2020-03-15T01:22:17,EGV,,,,Android G6,104.0,,,,,54899.0
007,165,2020-03-15T01:27:17,EGV,,,,Android G6,103.0,,,,,55199.0
007,166,2020-03-15T01:32:17,EGV,,,,Android G6,102.0,,,,,55499.0
007,167,2020-03-15T01:37:18,EGV,,,,Android G6,103.0,,,,,55799.0
007,168,2020-03-15T01:42:17,EGV,,,,Android G6,106.0,,,,,56099.0
007,169,2020-03-15T01:47:18,EGV,,,,Android G6,109.0,,,,,56399.0
007,170,2020-03-15T01:52:17,EGV,,,,Android G6,110.0,,,,,56699.0
007,171,2020-03-15T01:57:17,EGV,,,,Android G6,106.0,,,,,56999.0
007,172,2020-03-15T02:02:18,EGV,,,,Android G6,100.0,,,,,57299.0
007,173,2020-03-15T02:07:17,EGV,,,,Android G6,98.0,,,,,57599.0
007,174,2020-03-15T02:12:17,EGV,,,,Android G6,100.0,,,,,57899.0
007,175,2020-03-15T02:17:17,EGV,,,,Android G6,101.0,,,,,58199.0
007,176,2020-03-15T02:22:17,EGV,,,,Android G6,96.0,,,,,58499.0
007,177,2020-03-15T02:27:18,EGV,,,,Android G6,95.0,,,,,58799.0
007,178,2020-03-15T02:32:17,EGV,,,,Android G6,94.0,,,,,59099.0
007,179,2020-03-15T02:37:17,EGV,,,,Android G6,98.0,,,,,59399.0
007,180,2020-03-15T02:42:18,EGV,,,,Android G6,97.0,,,,,59699.0
007,181,2020-03-15T02:47:17,EGV,,,,Android G6,101.0,,,,,59999.0
007,182,2020-03-15T02:52:18,EGV,,,,Android G6,100.0,,,,,60299.0
007,183,2020-03-15T02:57:18,EGV,,,,Android G6,98.0,,,,,60599.0
007,184,2020-03-15T03:02:17,EGV,,,,Android G6,93.0,,,,,60899.0
007,185,2020-03-15T03:07:17,EGV,,,,Android G6,90.0,,,,,61199.0
007,186,2020-03-15T03:12:17,EGV,,,,Android G6,89.0,,,,,61499.0
007,187,2020-03-15T03:17:17,EGV,,,,Android G6,93.0,,,,,61799.0
007,188,2020-03-15T03:22:17,EGV,,,,Android G6,99.0,,,,,62099.0
007,189,2020-03-15T03:27:17,EGV,,,,Android G6,99.0,,,,,62399.0
007,190,2020-03-15T03:32:17,EGV,,,,Android G6,93.0,,,,,62699.0
007,191,2020-03-15T03:37:17,EGV,,,,Android G6,88.0,,,,,62999.0
007,192,2020-03-15T03:42:17,EGV,,,,Android G6,86.0,,,,,63299.0
007,193,2020-03-15T03:47:17,EGV,,,,Android G6,88.0,,,,,63599.0
007,194,2020-03-15T03:52:17,EGV,,,,Android G6,90.0,,,,,63899.0
007,195,2020-03-15T03:57:17,EGV,,,,Android G6,92.0,,,,,64199.0
007,196,2020-03-15T04:02:17,EGV,,,,Android G6,93.0,,,,,64499.0
007,197,2020-03-15T04:07:17,EGV,,,,Android G6,94.0,,,,,64799.0
007,198,2020-03-15T04:12:18,EGV,,,,Android G6,96.0,,,,,65099.0
007,199,2020-03-15T04:17:17,EGV,,,,Android G6,97.0,,,,,65399.0
007,200,2020-03-15T04:22:17,EGV,,,,Android G6,95.0,,,,,65699.0
007,201,2020-03-15T04:27:17,EGV,,,,Android G6,93.0,,,,,65999.0
007,202,2020-03-15T04:32:17,EGV,,,,Android G6,92.0,,,,,66299.0
007,203,2020-03-15T04:37:17,EGV,,,,Android G6,94.0,,,,,66599.0
007,204,2020-03-15T04:42:17,EGV,,,,Android G6,96.0,,,,,66899.0
007,205,2020-03-15T04:47:17,EGV,,,,Android G6,97.0,,,,,67199.0
007,206,2020-03-15T04:52:17,EGV,,,,Android G6,97.0,,,,,67499.0
007,207,2020-03-15T04:57:17,EGV,,,,Android G6,96.0,,,,,67799.0
007,208,2020-03-15T05:02:16,EGV,,,,Android G6,94.0,,,,,68099.0
007,209,2020-03-15T05:07:17,EGV,,,,Android G6,92.0,,,,,68399.0
007,210,2020-03-15T05:12:16,EGV,,,,Android G6,91.0,,,,,68699.0
007,211,2020-03-15T05:17:16,EGV,,,,Android G6,91.0,,,,,68999.0
007,212,2020-03-15T05:22:17,EGV,,,,Android G6,93.0,,,,,69299.0
007,213,2020-03-15T05:27:16,EGV,,,,Android G6,94.0,,,,,69599.0
007,214,2020-03-15T05:32:17,EGV,,,,Android G6,94.0,,,,,69899.0
007,215,2020-03-15T05:37:16,EGV,,,,Android G6,93.0,,,,,70199.0
007,216,2020-03-15T05:42:17,EGV,,,,Android G6,92.0,,,,,70499.0
007,217,2020-03-15T05:47:16,EGV,,,,Android G6,92.0,,,,,70799.0
007,218,2020-03-15T05:52:16,EGV,,,,Android G6,92.0,,,,,71099.0
007,219,2020-03-15T05:57:17,EGV,,,,Android G6,92.0,,,,,71399.0
007,220,2020-03-15T06:02:17,EGV,,,,Android G6,90.0,,,,,71699.0
007,221,2020-03-15T06:07:16,EGV,,,,Android G6,87.0,,,,,71999.0
007,222,2020-03-15T06:12:17,EGV,,,,Android G6,84.0,,,,,72299.0
007,223,2020-03-15T06:17:16,EGV,,,,Android G6,83.0,,,,,72599.0
007,224,2020-03-15T06:22:17,EGV,,,,Android G6,84.0,,,,,72899.0
007,225,2020-03-15T06:27:16,EGV,,,,Android G6,84.0,,,,,73199.0
007,226,2020-03-15T06:32:16,EGV,,,,Android G6,84.0,,,,,73499.0
007,227,2020-03-15T06:37:16,EGV,,,,Android G6,84.0,,,,,73799.0
007,228,2020-03-15T06:42:17,EGV,,,,Android G6,84.0,,,,,74099.0
007,229,2020-03-15T06:47:17,EGV,,,,Android G6,84.0,,,,,74399.0
007,230,2020-03-15T06:52:17,EGV,,,,Android G6,84.0,,,,,74699.0
007,231,2020-03-15T06:57:17,EGV,,,,Android G6,84.0,,,,,74999.0
007,232,2020-03-15T07:02:18,EGV,,,,Android G6,84.0,,,,,75299.0
007,233,2020-03-15T07:07:17,EGV,,,,Android G6,85.0,,,,,75599.0
007,234,2020-03-15T07:12:17,EGV,,,,Android G6,86.0,,,,,75899.0
007,235,2020-03-15T07:17:17,EGV,,,,Android G6,87.0,,,,,76199.0
007,236,2020-03-15T07:22:17,EGV,,,,Android G6,87.0,,,,,76499.0
007,237,2020-03-15T07:27:17,EGV,,,,Android G6,86.0,,,,,76799.0
007,238,2020-03-15T07:32:17,EGV,,,,Android G6,84.0,,,,,77099.0
007,239,2020-03-15T07:37:17,EGV,,,,Android G6,84.0,,,,,77399.0
007,240,2020-03-15T07:42:18,EGV,,,,Android G6,86.0,,,,,77699.0
007,241,2020-03-15T07:47:17,EGV,,,,Android G6,90.0,,,,,77999.0
007,242,2020-03-15T07:52:17,EGV,,,,Android G6,91.0,,,,,78299.0
007,243,2020-03-15T07:57:17,EGV,,,,Android G6,88.0,,,,,78599.0
007,244,2020-03-15T08:02:16,EGV,,,,Android G6,84.0,,,,,78899.0
007,245,2020-03-15T08:07:17,EGV,,,,Android G6,79.0,,,,,79199.0
007,246,2020-03-15T08:12:16,EGV,,,,Android G6,77.0,,,,,79499.0
007,247,2020-03-15T08:17:16,EGV,,,,Android G6,76.0,,,,,79799.0
007,248,2020-03-15T08:22:17,EGV,,,,Android G6,75.0,,,,,80099.0
007,249,2020-03-15T08:27:16,EGV,,,,Android G6,78.0,,,,,80399.0
007,250,2020-03-15T08:32:16,EGV,,,,Android G6,83.0,,,,,80699.0
007,251,2020-03-15T08:37:17,EGV,,,,Android G6,85.0,,,,,80999.0
007,252,2020-03-15T08:42:17,EGV,,,,Android G6,84.0,,,,,81299.0
007,253,2020-03-15T08:47:16,EGV,,,,Android G6,81.0,,,,,81599.0
007,254,2020-03-15T08:52:17,EGV,,,,Android G6,79.0,,,,,81899.0
007,255,2020-03-15T08:57:16,EGV,,,,Android G6,79.0,,,,,82199.0
007,256,2020-03-15T09:02:17,EGV,,,,Android G6,80.0,,,,,82499.0
007,257,2020-03-15T09:07:17,EGV,,,,Android G6,80.0,,,,,82799.0
007,258,2020-03-15T09:12:17,EGV,,,,Android G6,78.0,,,,,83099.0
007,259,2020-03-15T09:17:17,EGV,,,,Android G6,77.0,,,,,83399.0
007,260,2020-03-15T09:22:16,EGV,,,,Android G6,76.0,,,,,83698.0
007,261,2020-03-15T09:27:16,EGV,,,,Android G6,75.0,,,,,83998.0
007,262,2020-03-15T09:32:16,EGV,,,,Android G6,75.0,,,,,84298.0
007,263,2020-03-15T09:37:16,EGV,,,,Android G6,77.0,,,,,84598.0
007,264,2020-03-15T09:42:16,EGV,,,,Android G6,78.0,,,,,84898.0
007,265,2020-03-15T09:47:16,EGV,,,,Android G6,79.0,,,,,85198.0
007,266,2020-03-15T09:52:16,EGV,,,,Android G6,78.0,,,,,85498.0
007,267,2020-03-15T09:57:16,EGV,,,,Android G6,77.0,,,,,85798.0
007,268,2020-03-15T10:02:15,EGV,,,,Android G6,75.0,,,,,86098.0
007,269,2020-03-15T10:07:16,EGV,,,,Android G6,74.0,,,,,86398.0
007,270,2020-03-15T10:12:16,EGV,,,,Android G6,75.0,,,,,86698.0
007,271,2020-03-15T10:17:15,EGV,,,,Android G6,82.0,,,,,86998.0
007,272,2020-03-15T10:22:16,EGV,,,,Android G6,90.0,,,,,87298.0
007,273,2020-03-15T10:27:16,EGV,,,,Android G6,99.0,,,,,87598.0
007,274,2020-03-15T10:32:16,EGV,,,,Android G6,105.0,,,,,87898.0
007,275,2020-03-15T10:37:16,EGV,,,,Android G6,110.0,,,,,88198.0
007,276,2020-03-15T10:42:16,EGV,,,,Android G6,111.0,,,,,88498.0
007,277,2020-03-15T10:47:16,EGV,,,,Android G6,108.0,,,,,88798.0
007,278,2020-03-15T10:52:16,EGV,,,,Android G6,104.0,,,,,89098.0
007,279,2020-03-15T10:57:16,EGV,,,,Android G6,101.0,,,,,89398.0
007,280,2020-03-15T11:02:16,EGV,,,,Android G6,100.0,,,,,89698.0
007,281,2020-03-15T11:07:16,EGV,,,,Android G6,100.0,,,,,89998.0
007,282,2020-03-15T11:12:16,EGV,,,,Android G6,100.0,,,,,90298.0
007,283,2020-03-15T11:17:16,EGV,,,,Android G6,99.0,,,,,90598.0
007,284,2020-03-15T11:22:16,EGV,,,,Android G6,97.0,,,,,90898.0
007,285,2020-03-15T11:27:16,EGV,,,,Android G6,95.0,,,,,91198.0
007,286,2020-03-15T11:32:16,EGV,,,,Android G6,95.0,,,,,91498.0
007,287,2020-03-15T11:37:16,EGV,,,,Android G6,95.0,,,,,91798.0
007,288,2020-03-15T11:42:16,EGV,,,,Android G6,95.0,,,,,92098.0
007,289,2020-03-15T11:47:16,EGV,,,,Android G6,95.0,,,,,92398.0
007,290,2020-03-15T11:52:16,EGV,,,,Android G6,95.0,,,,,92698.0
007,291,2020-03-15T11:57:16,EGV,,,,Android G6,96.0,,,,,92998.0
007,292,2020-03-15T12:02:16,EGV,,,,Android G6,95.0,,,,,93298.0
007,293,2020-03-15T12:07:16,EGV,,,,Android G6,95.0,,,,,93598.0
007,294,2020-03-15T12:12:15,EGV,,,,Android G6,96.0,,,,,93898.0
007,295,2020-03-15T12:17:15,EGV,,,,Android G6,98.0,,,,,94198.0
007,296,2020-03-15T12:22:15,EGV,,,,Android G6,101.0,,,,,94498.0
007,297,2020-03-15T12:27:16,EGV,,,,Android G6,102.0,,,,,94798.0
007,298,2020-03-15T12:32:16,EGV,,,,Android G6,102.0,,,,,95098.0
007,299,2020-03-15T12:37:16,EGV,,,,Android G6,101.0,,,,,95398.0
007,300,2020-03-15T12:42:16,EGV,,,,Android G6,99.0,,,,,95698.0
007,301,2020-03-15T12:47:16,EGV,,,,Android G6,96.0,,,,,95998.0
007,302,2020-03-15T12:52:15,EGV,,,,Android G6,93.0,,,,,96298.0
007,303,2020-03-15T12:57:16,EGV,,,,Android G6,90.0,,,,,96598.0
007,304,2020-03-15T13:02:15,EGV,,,,Android G6,87.0,,,,,96898.0
007,305,2020-03-15T13:07:16,EGV,,,,Android G6,85.0,,,,,97198.0
007,306,2020-03-15T13:12:15,EGV,,,,Android G6,84.0,,,,,97498.0
007,307,2020-03-15T13:17:15,EGV,,,,Android G6,84.0,,,,,97798.0
007,308,2020-03-15T13:22:16,EGV,,,,Android G6,84.0,,,,,98098.0
007,309,2020-03-15T13:27:16,EGV,,,,Android G6,83.0,,,,,98398.0
007,310,2020-03-15T13:32:15,EGV,,,,Android G6,82.0,,,,,98698.0
007,311,2020-03-15T13:37:16,EGV,,,,Android G6,81.0,,,,,98998.0
007,312,2020-03-15T13:42:15,EGV,,,,Android G6,82.0,,,,,99298.0
007,313,2020-03-15T13:47:16,EGV,,,,Android G6,82.0,,,,,99598.0
007,314,2020-03-15T13:52:15,EGV,,,,Android G6,81.0,,,,,99898.0
007,315,2020-03-15T13:57:15,EGV,,,,Android G6,80.0,,,,,100198.0
007,316,2020-03-15T14:02:15,EGV,,,,Android G6,79.0,,,,,100498.0
007,317,2020-03-15T14:07:15,EGV,,,,Android G6,79.0,,,,,100798.0
007,318,2020-03-15T14:12:16,EGV,,,,Android G6,81.0,,,,,101098.0
007,319,2020-03-15T14:17:16,EGV,,,,Android G6,82.0,,,,,101398.0
007,320,2020-03-15T14:22:15,EGV,,,,Android G6,82.0,,,,,101698.0
007,321,2020-03-15T14:27:16,EGV,,,,Android G6,81.0,,,,,101998.0
007,322,2020-03-15T14:32:15,EGV,,,,Android G6,80.0,,,,,102298.0
007,323,2020-03-15T14:37:15,EGV,,,,Android G6,80.0,,,,,102598.0
007,324,2020-03-15T14:42:16,EGV,,,,Android G6,80.0,,,,,102898.0
007,325,2020-03-15T14:47:16,EGV,,,,Android G6,80.0,,,,,103198.0
007,326,2020-03-15T14:52:16,EGV,,,,Android G6,81.0,,,,,103498.0
007,327,2020-03-15T14:57:16,EGV,,,,Android G6,82.0,,,,,103798.0
007,328,2020-03-15T15:02:16,EGV,,,,Android G6,84.0,,,,,104098.0
007,329,2020-03-15T15:07:17,EGV,,,,Android G6,85.0,,,,,104398.0
007,330,2020-03-15T15:12:16,EGV,,,,Android G6,85.0,,,,,104698.0
007,331,2020-03-15T15:17:16,EGV,,,,Android G6,84.0,,,,,104998.0
007,332,2020-03-15T15:22:16,EGV,,,,Android G6,85.0,,,,,105298.0
007,333,2020-03-15T15:27:16,EGV,,,,Android G6,86.0,,,,,105598.0
007,334,2020-03-15T15:32:16,EGV,,,,Android G6,88.0,,,,,105898.0
007,335,2020-03-15T15:37:16,EGV,,,,Android G6,89.0,,,,,106198.0
007,336,2020-03-15T15:42:16,EGV,,,,Android G6,90.0,,,,,106498.0
007,337,2020-03-15T15:47:17,EGV,,,,Android G6,89.0,,,,,106798.0
007,338,2020-03-15T15:52:16,EGV,,,,Android G6,88.0,,,,,107098.0
007,339,2020-03-15T15:57:16,EGV,,,,Android G6,86.0,,,,,107398.0
007,340,2020-03-15T16:02:15,EGV,,,,Android G6,84.0,,,,,107698.0
007,341,2020-03-15T16:07:15,EGV,,,,Android G6,81.0,,,,,107998.0
007,342,2020-03-15T16:12:15,EGV,,,,Android G6,80.0,,,,,108298.0
007,343,2020-03-15T16:17:16,EGV,,,,Android G6,79.0,,,,,108598.0
007,344,2020-03-15T16:22:15,EGV,,,,Android G6,79.0,,,,,108898.0
007,345,2020-03-15T16:27:16,EGV,,,,Android G6,78.0,,,,,109198.0
007,346,2020-03-15T16:32:16,EGV,,,,Android G6,76.0,,,,,109498.0
007,347,2020-03-15T16:37:16,EGV,,,,Android G6,75.0,,,,,109798.0
007,348,2020-03-15T16:42:15,EGV,,,,Android G6,74.0,,,,,110098.0
007,349,2020-03-15T16:47:15,EGV,,,,Android G6,75.0,,,,,110398.0
007,350,2020-03-15T16:52:16,EGV,,,,Android G6,77.0,,,,,110698.0
007,351,2020-03-15T16:57:16,EGV,,,,Android G6,81.0,,,,,110998.0
007,352,2020-03-15T17:02:17,EGV,,,,Android G6,84.0,,,,,111298.0
007,353,2020-03-15T17:07:16,EGV,,,,Android G6,87.0,,,,,111598.0
007,354,2020-03-15T17:12:16,EGV,,,,Android G6,91.0,,,,,111898.0
007,355,2020-03-15T17:17:16,EGV,,,,Android G6,94.0,,,,,112198.0
007,356,2020-03-15T17:22:17,EGV,,,,Android G6,96.0,,,,,112498.0
007,357,2020-03-15T17:27:16,EGV,,,,Android G6,97.0,,,,,112798.0
007,358,2020-03-15T17:32:16,EGV,,,,Android G6,96.0,,,,,113098.0
007,359,2020-03-15T17:37:16,EGV,,,,Android G6,95.0,,,,,113398.0
007,360,2020-03-15T17:42:17,EGV,,,,Android G6,94.0,,,,,113698.0
007,361,2020-03-15T17:47:16,EGV,,,,Android G6,91.0,,,,,113998.0
007,362,2020-03-15T17:52:16,EGV,,,,Android G6,87.0,,,,,114298.0
007,363,2020-03-15T17:57:16,EGV,,,,Android G6,83.0,,,,,114598.0
007,364,2020-03-15T18:02:15,EGV,,,,Android G6,81.0,,,,,114898.0
007,365,2020-03-15T18:07:15,EGV,,,,Android G6,78.0,,,,,115198.0
007,366,2020-03-15T18:12:16,EGV,,,,Android G6,75.0,,,,,115498.0
007,367,2020-03-15T18:17:16,EGV,,,,Android G6,70.0,,,,,115798.0
007,368,2020-03-15T18:22:16,EGV,,,,Android G6,66.0,,,,,116098.0
007,369,2020-03-15T18:27:15,EGV,,,,Android G6,64.0,,,,,116398.0
007,370,2020-03-15T18:32:15,EGV,,,,Android G6,64.0,,,,,116698.0
007,371,2020-03-15T18:37:16,EGV,,,,Android G6,66.0,,,,,116998.0
007,372,2020-03-15T18:42:15,EGV,,,,Android G6,68.0,,,,,117298.0
007,373,2020-03-15T18:47:15,EGV,,,,Android G6,71.0,,,,,117598.0
007,374,2020-03-15T18:52:16,EGV,,,,Android G6,73.0,,,,,117898.0
007,375,2020-03-15T18:57:16,EGV,,,,Android G6,75.0,,,,,118198.0
007,376,2020-03-15T19:02:16,EGV,,,,Android G6,76.0,,,,,118498.0
007,377,2020-03-15T19:07:16,EGV,,,,Android G6,76.0,,,,,118798.0
007,378,2020-03-15T19:12:15,EGV,,,,Android G6,76.0,,,,,119098.0
007,379,2020-03-15T19:17:16,EGV,,,,Android G6,76.0,,,,,119398.0
007,380,2020-03-15T19:22:15,EGV,,,,Android G6,77.0,,,,,119698.0
007,381,2020-03-15T19:27:16,EGV,,,,Android G6,80.0,,,,,119998.0
007,382,2020-03-15T19:32:15,EGV,,,,Android G6,85.0,,,,,120298.0
007,383,2020-03-15T19:37:15,EGV,,,,Android G6,90.0,,,,,120598.0
007,384,2020-03-15T19:42:15,EGV,,,,Android G6,94.0,,,,,120897.0
007,385,2020-03-15T19:47:14,EGV,,,,Android G6,95.0,,,,,121197.0
007,386,2020-03-15T19:52:14,EGV,,,,Android G6,95.0,,,,,121497.0
007,387,2020-03-15T19:57:15,EGV,,,,Android G6,94.0,,,,,121797.0
007,388,2020-03-15T20:02:14,EGV,,,,Android G6,93.0,,,,,122097.0
007,389,2020-03-15T20:07:15,EGV,,,,Android G6,91.0,,,,,122397.0
007,390,2020-03-15T20:12:14,EGV,,,,Android G6,89.0,,,,,122697.0
007,391,2020-03-15T20:17:14,EGV,,,,Android G6,88.0,,,,,122997.0
007,392,2020-03-15T20:22:15,EGV,,,,Android G6,87.0,,,,,123297.0
007,393,2020-03-15T20:27:14,EGV,,,,Android G6,88.0,,,,,123597.0
007,394,2020-03-15T20:32:14,EGV,,,,Android G6,90.0,,,,,123897.0
007,395,2020-03-15T20:37:14,EGV,,,,Android G6,90.0,,,,,124197.0
007,396,2020-03-15T20:42:14,EGV,,,,Android G6,89.0,,,,,124497.0
007,397,2020-03-15T20:47:15,EGV,,,,Android G6,87.0,,,,,124797.0
007,398,2020-03-15T20:52:14,EGV,,,,Android G6,85.0,,,,,125097.0
007,399,2020-03-15T20:57:14,EGV,,,,Android G6,84.0,,,,,125397.0
007,400,2020-03-15T21:02:15,EGV,,,,Android G6,84.0,,,,,125697.0
007,401,2020-03-15T21:07:15,EGV,,,,Android G6,85.0,,,,,125997.0
007,402,2020-03-15T21:12:16,EGV,,,,Android G6,87.0,,,,,126297.0
007,403,2020-03-15T21:17:15,EGV,,,,Android G6,89.0,,,,,126597.0
007,404,2020-03-15T21:22:15,EGV,,,,Android G6,91.0,,,,,126897.0
007,405,2020-03-15T21:27:15,EGV,,,,Android G6,94.0,,,,,127197.0
007,406,2020-03-15T21:32:15,EGV,,,,Android G6,97.0,,,,,127497.0
007,407,2020-03-15T21:37:16,EGV,,,,Android G6,101.0,,,,,127797.0
007,408,2020-03-15T21:42:15,EGV,,,,Android G6,105.0,,,,,128097.0
007,409,2020-03-15T21:47:15,EGV,,,,Android G6,108.0,,,,,128397.0
007,410,2020-03-15T21:52:16,EGV,,,,Android G6,112.0,,,,,128697.0
007,411,2020-03-15T21:57:15,EGV,,,,Android G6,116.0,,,,,128997.0
007,412,2020-03-15T22:02:16,EGV,,,,Android G6,118.0,,,,,129297.0
007,413,2020-03-15T22:07:15,EGV,,,,Android G6,121.0,,,,,129597.0
007,414,2020-03-15T22:12:14,EGV,,,,Android G6,123.0,,,,,129897.0
007,415,2020-03-15T22:17:15,EGV,,,,Android G6,125.0,,,,,130197.0
007,416,2020-03-15T22:22:15,EGV,,,,Android G6,125.0,,,,,130497.0
007,417,2020-03-15T22:27:15,EGV,,,,Android G6,123.0,,,,,130797.0
007,418,2020-03-15T22:32:15,EGV,,,,Android G6,119.0,,,,,131097.0
007,419,2020-03-15T22:37:15,EGV,,,,Android G6,116.0,,,,,131397.0
007,420,2020-03-15T22:42:14,EGV,,,,Android G6,114.0,,,,,131697.0
007,421,2020-03-15T22:47:15,EGV,,,,Android G6,114.0,,,,,131997.0
007,422,2020-03-15T22:52:14,EGV,,,,Android G6,115.0,,,,,132297.0
007,423,2020-03-15T22:57:15,EGV,,,,Android G6,115.0,,,,,132597.0
007,424,2020-03-15T23:02:15,EGV,,,,Android G6,113.0,,,,,132897.0
007,425,2020-03-15T23:07:14,EGV,,,,Android G6,110.0,,,,,133197.0
007,426,2020-03-15T23:12:15,EGV,,,,Android G6,107.0,,,,,133497.0
007,427,2020-03-15T23:17:15,EGV,,,,Android G6,103.0,,,,,133797.0
007,428,2020-03-15T23:22:14,EGV,,,,Android G6,101.0,,,,,134097.0
007,429,2020-03-15T23:27:15,EGV,,,,Android G6,99.0,,,,,134397.0
007,430,2020-03-15T23:32:14,EGV,,,,Android G6,99.0,,,,,134697.0
007,431,2020-03-15T23:37:14,EGV,,,,Android G6,99.0,,,,,134997.0
007,432,2020-03-15T23:42:14,EGV,,,,Android G6,98.0,,,,,135297.0
007,433,2020-03-15T23:47:15,EGV,,,,Android G6,97.0,,,,,135597.0
007,434,2020-03-15T23:52:15,EGV,,,,Android G6,97.0,,,,,135897.0
007,435,2020-03-15T23:57:14,EGV,,,,Android G6,96.0,,,,,136197.0
007,436,2020-03-16T00:02:15,EGV,,,,Android G6,95.0,,,,,136497.0
007,437,2020-03-16T00:07:14,EGV,,,,Android G6,94.0,,,,,136797.0
007,438,2020-03-16T00:12:14,EGV,,,,Android G6,93.0,,,,,137097.0
007,439,2020-03-16T00:17:14,EGV,,,,Android G6,93.0,,,,,137397.0
007,440,2020-03-16T00:22:15,EGV,,,,Android G6,92.0,,,,,137697.0
007,441,2020-03-16T00:27:15,EGV,,,,Android G6,92.0,,,,,137997.0
007,442,2020-03-16T00:32:15,EGV,,,,Android G6,92.0,,,,,138297.0
007,443,2020-03-16T00:37:15,EGV,,,,Android G6,92.0,,,,,138597.0
007,444,2020-03-16T00:42:15,EGV,,,,Android G6,92.0,,,,,138897.0
007,445,2020-03-16T00:47:15,EGV,,,,Android G6,91.0,,,,,139197.0
007,446,2020-03-16T00:52:15,EGV,,,,Android G6,90.0,,,,,139497.0
007,447,2020-03-16T00:57:15,EGV,,,,Android G6,90.0,,,,,139797.0
007,448,2020-03-16T01:02:15,EGV,,,,Android G6,91.0,,,,,140097.0
007,449,2020-03-16T01:07:15,EGV,,,,Android G6,93.0,,,,,140397.0
007,450,2020-03-16T01:12:15,EGV,,,,Android G6,94.0,,,,,140697.0
007,451,2020-03-16T01:17:15,EGV,,,,Android G6,94.0,,,,,140997.0
007,452,2020-03-16T01:22:15,EGV,,,,Android G6,94.0,,,,,141297.0
007,453,2020-03-16T01:27:15,EGV,,,,Android G6,94.0,,,,,141597.0
007,454,2020-03-16T01:32:15,EGV,,,,Android G6,94.0,,,,,141897.0
007,455,2020-03-16T01:37:15,EGV,,,,Android G6,94.0,,,,,142197.0
007,456,2020-03-16T01:42:15,EGV,,,,Android G6,94.0,,,,,142497.0
007,457,2020-03-16T01:47:15,EGV,,,,Android G6,94.0,,,,,142797.0
007,458,2020-03-16T01:52:15,EGV,,,,Android G6,94.0,,,,,143097.0
007,459,2020-03-16T01:57:15,EGV,,,,Android G6,95.0,,,,,143397.0
007,460,2020-03-16T02:02:15,EGV,,,,Android G6,95.0,,,,,143697.0
007,461,2020-03-16T02:07:15,EGV,,,,Android G6,95.0,,,,,143997.0
007,462,2020-03-16T02:12:15,EGV,,,,Android G6,95.0,,,,,144297.0
007,463,2020-03-16T02:17:15,EGV,,,,Android G6,95.0,,,,,144597.0
007,464,2020-03-16T02:22:14,EGV,,,,Android G6,96.0,,,,,144897.0
007,465,2020-03-16T02:27:15,EGV,,,,Android G6,96.0,,,,,145197.0
007,466,2020-03-16T02:32:14,EGV,,,,Android G6,96.0,,,,,145497.0
007,467,2020-03-16T02:37:15,EGV,,,,Android G6,95.0,,,,,145797.0
007,468,2020-03-16T02:42:14,EGV,,,,Android G6,95.0,,,,,146097.0
007,469,2020-03-16T02:47:14,EGV,,,,Android G6,96.0,,,,,146397.0
007,470,2020-03-16T02:52:15,EGV,,,,Android G6,96.0,,,,,146697.0
007,471,2020-03-16T02:57:14,EGV,,,,Android G6,96.0,,,,,146997.0
007,472,2020-03-16T03:02:14,EGV,,,,Android G6,95.0,,,,,147297.0
007,473,2020-03-16T03:07:14,EGV,,,,Android G6,95.0,,,,,147597.0
007,474,2020-03-16T03:12:14,EGV,,,,Android G6,95.0,,,,,147897.0
007,475,2020-03-16T03:17:15,EGV,,,,Android G6,96.0,,,,,148197.0
007,476,2020-03-16T03:22:14,EGV,,,,Android G6,96.0,,,,,148497.0
007,477,2020-03-16T03:27:14,EGV,,,,Android G6,96.0,,,,,148797.0
007,478,2020-03-16T03:32:15,EGV,,,,Android G6,97.0,,,,,149097.0
007,479,2020-03-16T03:37:14,EGV,,,,Android G6,97.0,,,,,149397.0
007,480,2020-03-16T03:42:15,EGV,,,,Android G6,97.0,,,,,149697.0
007,481,2020-03-16T03:47:14,EGV,,,,Android G6,97.0,,,,,149997.0
007,482,2020-03-16T03:52:14,EGV,,,,Android G6,97.0,,,,,150297.0
007,483,2020-03-16T03:57:15,EGV,,,,Android G6,97.0,,,,,150597.0
007,484,2020-03-16T04:02:14,EGV,,,,Android G6,97.0,,,,,150897.0
007,485,2020-03-16T04:07:15,EGV,,,,Android G6,96.0,,,,,151197.0
007,486,2020-03-16T04:12:15,EGV,,,,Android G6,95.0,,,,,151497.0
007,487,2020-03-16T04:17:14,EGV,,,,Android G6,94.0,,,,,151797.0
007,488,2020-03-16T04:22:15,EGV,,,,Android G6,94.0,,,,,152097.0
007,489,2020-03-16T04:27:15,EGV,,,,Android G6,94.0,,,,,152397.0
007,490,2020-03-16T04:32:15,EGV,,,,Android G6,94.0,,,,,152697.0
007,491,2020-03-16T04:37:14,EGV,,,,Android G6,94.0,,,,,152997.0
007,492,2020-03-16T04:42:15,EGV,,,,Android G6,94.0,,,,,153297.0
007,493,2020-03-16T04:47:15,EGV,,,,Android G6,94.0,,,,,153597.0
007,494,2020-03-16T04:52:15,EGV,,,,Android G6,95.0,,,,,153897.0
007,495,2020-03-16T04:57:14,EGV,,,,Android G6,95.0,,,,,154197.0
007,496,2020-03-16T05:02:15,EGV,,,,Android G6,95.0,,,,,154497.0
007,497,2020-03-16T05:07:14,EGV,,,,Android G6,95.0,,,,,154797.0
007,498,2020-03-16T05:12:14,EGV,,,,Android G6,95.0,,,,,155097.0
007,499,2020-03-16T05:17:15,EGV,,,,Android G6,95.0,,,,,155397.0
008,1,,FirstName,,2019,,,,,,,,
008,2,,LastName,,008,,,,,,,,
008,3,,DateOfBirth,,1970-01-01,,,,,,,,
008,4,,Device,,,Dexcom G6 Mobile App,Android G6,,,,,,
008,5,,Alert,Fall,,,Android G6,,,,,3.0,
008,6,,Alert,High,,,Android G6,200.0,,,,,
008,7,,Alert,Low,,,Android G6,80.0,,,,,
008,8,,Alert,Signal Loss,,,Android G6,,,,00:20:00,,
008,9,,Alert,Rise,,,Android G6,,,,,3.0,
008,10,,Alert,Urgent Low,,,Android G6,55.0,,,,,
008,11,,Alert,Urgent Low Soon,,,Android G6,55.0,,,,,
008,12,2020-03-14T14:04:53,EGV,,,,Android G6,102.0,,,,,8101.0
008,13,2020-03-14T14:09:53,EGV,,,,Android G6,101.0,,,,,8401.0
008,14,2020-03-14T14:14:53,EGV,,,,Android G6,101.0,,,,,8701.0
008,15,2020-03-14T14:19:53,EGV,,,,Android G6,101.0,,,,,9001.0
008,16,2020-03-14T14:24:52,EGV,,,,Android G6,102.0,,,,,9300.0
008,17,2020-03-14T14:29:53,EGV,,,,Android G6,106.0,,,,,9600.0
008,18,2020-03-14T14:34:53,EGV,,,,Android G6,116.0,,,,,9900.0
008,19,2020-03-14T14:39:52,EGV,,,,Android G6,129.0,,,,,10200.0
008,20,2020-03-14T14:44:52,EGV,,,,Android G6,143.0,,,,,10500.0
008,21,2020-03-14T14:49:52,EGV,,,,Android G6,151.0,,,,,10800.0
008,22,2020-03-14T14:54:53,EGV,,,,Android G6,153.0,,,,,11100.0
008,23,2020-03-14T14:59:52,EGV,,,,Android G6,150.0,,,,,11400.0
008,24,2020-03-14T15:04:53,EGV,,,,Android G6,147.0,,,,,11700.0
008,25,2020-03-14T15:09:52,EGV,,,,Android G6,144.0,,,,,12000.0
008,26,2020-03-14T15:14:52,EGV,,,,Android G6,144.0,,,,,12300.0
008,27,2020-03-14T15:19:52,EGV,,,,Android G6,143.0,,,,,12600.0
008,28,2020-03-14T15:24:52,EGV,,,,Android G6,142.0,,,,,12900.0
008,29,2020-03-14T15:29:53,EGV,,,,Android G6,141.0,,,,,13200.0
008,30,2020-03-14T15:34:52,EGV,,,,Android G6,137.0,,,,,13500.0
008,31,2020-03-14T15:39:52,EGV,,,,Android G6,133.0,,,,,13800.0
008,32,2020-03-14T15:44:52,EGV,,,,Android G6,130.0,,,,,14100.0
008,33,2020-03-14T15:49:52,EGV,,,,Android G6,129.0,,,,,14400.0
008,34,2020-03-14T15:54:52,EGV,,,,Android G6,133.0,,,,,14700.0
008,35,2020-03-14T15:59:52,EGV,,,,Android G6,138.0,,,,,15000.0
008,36,2020-03-14T16:04:52,EGV,,,,Android G6,138.0,,,,,15300.0
008,37,2020-03-14T16:09:52,EGV,,,,Android G6,128.0,,,,,15600.0
008,38,2020-03-14T16:14:52,EGV,,,,Android G6,112.0,,,,,15900.0
008,39,2020-03-14T16:19:53,EGV,,,,Android G6,99.0,,,,,16200.0
008,40,2020-03-14T16:24:52,EGV,,,,Android G6,96.0,,,,,16500.0
008,41,2020-03-14T16:29:52,EGV,,,,Android G6,102.0,,,,,16800.0
008,42,2020-03-14T16:34:52,EGV,,,,Android G6,111.0,,,,,17100.0
008,43,2020-03-14T16:39:52,EGV,,,,Android G6,117.0,,,,,17400.0
008,44,2020-03-14T16:44:52,EGV,,,,Android G6,118.0,,,,,17700.0
008,45,2020-03-14T16:49:52,EGV,,,,Android G6,116.0,,,,,18000.0
008,46,2020-03-14T16:54:52,EGV,,,,Android G6,114.0,,,,,18300.0
008,47,2020-03-14T16:59:52,EGV,,,,Android G6,111.0,,,,,18600.0
008,48,2020-03-14T17:04:52,EGV,,,,Android G6,107.0,,,,,18900.0
008,49,2020-03-14T17:09:52,EGV,,,,Android G6,102.0,,,,,19200.0
008,50,2020-03-14T17:14:52,EGV,,,,Android G6,97.0,,,,,19500.0
008,51,2020-03-14T17:19:52,EGV,,,,Android G6,92.0,,,,,19800.0
008,52,2020-03-14T17:24:52,EGV,,,,Android G6,86.0,,,,,20100.0
008,53,2020-03-14T17:29:52,EGV,,,,Android G6,81.0,,,,,20400.0
008,54,2020-03-14T17:34:52,EGV,,,,Android G6,76.0,,,,,20700.0
008,55,2020-03-14T17:39:52,EGV,,,,Android G6,74.0,,,,,21000.0
008,56,2020-03-14T17:44:52,EGV,,,,Android G6,74.0,,,,,21300.0
008,57,2020-03-14T17:49:52,EGV,,,,Android G6,73.0,,,,,21600.0
008,58,2020-03-14T17:54:52,EGV,,,,Android G6,75.0,,,,,21900.0
008,59,2020-03-14T17:59:52,EGV,,,,Android G6,78.0,,,,,22200.0
008,60,2020-03-14T18:04:52,EGV,,,,Android G6,81.0,,,,,22500.0
008,61,2020-03-14T18:09:52,EGV,,,,Android G6,84.0,,,,,22800.0
008,62,2020-03-14T18:14:53,EGV,,,,Android G6,92.0,,,,,23100.0
008,63,2020-03-14T18:19:52,EGV,,,,Android G6,103.0,,,,,23400.0
008,64,2020-03-14T18:24:53,EGV,,,,Android G6,111.0,,,,,23700.0
008,65,2020-03-14T18:29:53,EGV,,,,Android G6,114.0,,,,,24000.0
008,66,2020-03-14T18:34:53,EGV,,,,Android G6,115.0,,,,,24300.0
008,67,2020-03-14T18:39:52,EGV,,,,Android G6,116.0,,,,,24600.0
008,68,2020-03-14T18:44:53,EGV,,,,Android G6,113.0,,,,,24900.0
008,69,2020-03-14T18:49:52,EGV,,,,Android G6,107.0,,,,,25200.0
008,70,2020-03-14T18:54:53,EGV,,,,Android G6,102.0,,,,,25500.0
008,71,2020-03-14T18:59:52,EGV,,,,Android G6,101.0,,,,,25800.0
008,72,2020-03-14T19:04:52,EGV,,,,Android G6,103.0,,,,,26100.0
008,73,2020-03-14T19:09:52,EGV,,,,Android G6,105.0,,,,,26400.0
008,74,2020-03-14T19:14:52,EGV,,,,Android G6,106.0,,,,,26700.0
008,75,2020-03-14T19:19:52,EGV,,,,Android G6,104.0,,,,,27000.0
008,76,2020-03-14T19:24:53,EGV,,,,Android G6,101.0,,,,,27300.0
008,77,2020-03-14T19:29:52,EGV,,,,Android G6,99.0,,,,,27600.0
008,78,2020-03-14T19:34:52,EGV,,,,Android G6,100.0,,,,,27900.0
008,79,2020-03-14T19:39:53,EGV,,,,Android G6,105.0,,,,,28200.0
008,80,2020-03-14T19:44:53,EGV,,,,Android G6,110.0,,,,,28500.0
008,81,2020-03-14T19:49:53,EGV,,,,Android G6,112.0,,,,,28800.0
008,82,2020-03-14T19:54:53,EGV,,,,Android G6,111.0,,,,,29100.0
008,83,2020-03-14T19:59:53,EGV,,,,Android G6,107.0,,,,,29400.0
008,84,2020-03-14T20:04:53,EGV,,,,Android G6,103.0,,,,,29700.0
008,85,2020-03-14T20:09:53,EGV,,,,Android G6,99.0,,,,,30000.0
008,86,2020-03-14T20:14:53,EGV,,,,Android G6,97.0,,,,,30300.0
008,87,2020-03-14T20:19:53,EGV,,,,Android G6,96.0,,,,,30600.0
008,88,2020-03-14T20:24:53,EGV,,,,Android G6,96.0,,,,,30900.0
008,89,2020-03-14T20:29:53,EGV,,,,Android G6,96.0,,,,,31200.0
008,90,2020-03-14T20:34:53,EGV,,,,Android G6,96.0,,,,,31500.0
008,91,2020-03-14T20:39:53,EGV,,,,Android G6,97.0,,,,,31800.0
008,92,2020-03-14T20:44:53,EGV,,,,Android G6,98.0,,,,,32100.0
008,93,2020-03-14T20:49:52,EGV,,,,Android G6,98.0,,,,,32400.0
008,94,2020-03-14T20:54:52,EGV,,,,Android G6,94.0,,,,,32700.0
008,95,2020-03-14T20:59:53,EGV,,,,Android G6,89.0,,,,,33000.0
008,96,2020-03-14T21:04:52,EGV,,,,Android G6,86.0,,,,,33300.0
008,97,2020-03-14T21:09:53,EGV,,,,Android G6,88.0,,,,,33600.0
008,98,2020-03-14T21:14:52,EGV,,,,Android G6,93.0,,,,,33900.0
008,99,2020-03-14T21:19:52,EGV,,,,Android G6,97.0,,,,,34200.0
008,100,2020-03-14T21:24:52,EGV,,,,Android G6,99.0,,,,,34500.0
008,101,2020-03-14T21:29:52,EGV,,,,Android G6,99.0,,,,,34800.0
008,102,2020-03-14T21:34:52,EGV,,,,Android G6,96.0,,,,,35100.0
008,103,2020-03-14T21:39:52,EGV,,,,Android G6,92.0,,,,,35400.0
008,104,2020-03-14T21:44:52,EGV,,,,Android G6,87.0,,,,,35700.0
008,105,2020-03-14T21:49:52,EGV,,,,Android G6,85.0,,,,,36000.0
008,106,2020-03-14T21:54:53,EGV,,,,Android G6,87.0,,,,,36300.0
008,107,2020-03-14T21:59:53,EGV,,,,Android G6,88.0,,,,,36600.0
008,108,2020-03-14T22:04:52,EGV,,,,Android G6,89.0,,,,,36900.0
008,109,2020-03-14T22:09:52,EGV,,,,Android G6,89.0,,,,,37200.0
008,110,2020-03-14T22:14:52,EGV,,,,Android G6,90.0,,,,,37500.0
008,111,2020-03-14T22:19:52,EGV,,,,Android G6,89.0,,,,,37800.0
008,112,2020-03-14T22:24:52,EGV,,,,Android G6,86.0,,,,,38100.0
008,113,2020-03-14T22:29:52,EGV,,,,Android G6,81.0,,,,,38400.0
008,114,2020-03-14T22:34:52,EGV,,,,Android G6,79.0,,,,,38700.0
008,115,2020-03-14T22:39:52,EGV,,,,Android G6,81.0,,,,,39000.0
008,116,2020-03-14T22:44:52,EGV,,,,Android G6,89.0,,,,,39300.0
008,117,2020-03-14T22:49:53,EGV,,,,Android G6,104.0,,,,,39600.0
008,118,2020-03-14T22:54:53,EGV,,,,Android G6,113.0,,,,,39900.0
008,119,2020-03-14T22:59:52,EGV,,,,Android G6,115.0,,,,,40200.0
008,120,2020-03-14T23:04:52,EGV,,,,Android G6,106.0,,,,,40500.0
008,121,2020-03-14T23:09:53,EGV,,,,Android G6,100.0,,,,,40800.0
008,122,2020-03-14T23:14:52,EGV,,,,Android G6,96.0,,,,,41100.0
008,123,2020-03-14T23:19:53,EGV,,,,Android G6,93.0,,,,,41400.0
008,124,2020-03-14T23:24:53,EGV,,,,Android G6,92.0,,,,,41700.0
008,125,2020-03-14T23:29:53,EGV,,,,Android G6,90.0,,,,,42000.0
008,126,2020-03-14T23:34:52,EGV,,,,Android G6,87.0,,,,,42300.0
008,127,2020-03-14T23:39:52,EGV,,,,Android G6,84.0,,,,,42600.0
008,128,2020-03-14T23:44:53,EGV,,,,Android G6,80.0,,,,,42900.0
008,129,2020-03-14T23:49:52,EGV,,,,Android G6,76.0,,,,,43200.0
008,130,2020-03-14T23:54:52,EGV,,,,Android G6,71.0,,,,,43500.0
008,131,2020-03-14T23:59:52,EGV,,,,Android G6,68.0,,,,,43800.0
008,132,2020-03-15T00:04:51,EGV,,,,Android G6,68.0,,,,,44099.0
008,133,2020-03-15T00:09:51,EGV,,,,Android G6,67.0,,,,,44399.0
008,134,2020-03-15T00:14:51,EGV,,,,Android G6,66.0,,,,,44699.0
008,135,2020-03-15T00:19:51,EGV,,,,Android G6,63.0,,,,,44999.0
008,136,2020-03-15T00:24:51,EGV,,,,Android G6,59.0,,,,,45299.0
008,137,2020-03-15T00:29:51,EGV,,,,Android G6,53.0,,,,,45599.0
008,138,2020-03-15T00:34:51,EGV,,,,Android G6,55.0,,,,,45899.0
008,139,2020-03-15T00:39:51,EGV,,,,Android G6,61.0,,,,,46199.0
008,140,2020-03-15T00:44:51,EGV,,,,Android G6,72.0,,,,,46499.0
008,141,2020-03-15T02:14:51,EGV,,,,Android G6,69.0,,,,,51899.0
008,142,2020-03-15T02:19:51,EGV,,,,Android G6,84.0,,,,,52199.0
008,143,2020-03-15T02:24:51,EGV,,,,Android G6,91.0,,,,,52499.0
008,144,2020-03-15T02:29:51,EGV,,,,Android G6,89.0,,,,,52799.0
008,145,2020-03-15T02:34:51,EGV,,,,Android G6,86.0,,,,,53099.0
008,146,2020-03-15T02:39:51,EGV,,,,Android G6,83.0,,,,,53399.0
008,147,2020-03-15T02:44:51,EGV,,,,Android G6,78.0,,,,,53699.0
008,148,2020-03-15T02:49:51,EGV,,,,Android G6,74.0,,,,,53999.0
008,149,2020-03-15T02:54:51,EGV,,,,Android G6,68.0,,,,,54299.0
008,150,2020-03-15T02:59:51,EGV,,,,Android G6,58.0,,,,,54599.0
008,151,2020-03-15T03:04:51,EGV,,,,Android G6,47.0,,,,,54899.0
008,152,2020-03-15T03:09:51,EGV,,,,Android G6,40.0,,,,,55199.0
008,153,2020-03-15T03:14:51,EGV,,,,Android G6,41.0,,,,,55499.0
008,154,2020-03-15T03:19:51,EGV,,,,Android G6,44.0,,,,,55799.0
008,155,2020-03-15T03:24:51,EGV,,,,Android G6,51.0,,,,,56099.0
008,156,2020-03-15T03:29:51,EGV,,,,Android G6,60.0,,,,,56399.0
008,157,2020-03-15T03:34:51,EGV,,,,Android G6,73.0,,,,,56699.0
008,158,2020-03-15T03:39:51,EGV,,,,Android G6,84.0,,,,,56999.0
008,159,2020-03-15T03:44:51,EGV,,,,Android G6,91.0,,,,,57299.0
008,160,2020-03-15T03:49:51,EGV,,,,Android G6,87.0,,,,,57599.0
008,161,2020-03-15T03:54:51,EGV,,,,Android G6,81.0,,,,,57899.0
008,162,2020-03-15T03:59:51,EGV,,,,Android G6,71.0,,,,,58199.0
008,163,2020-03-15T04:04:51,EGV,,,,Android G6,64.0,,,,,58499.0
008,164,2020-03-15T04:09:51,EGV,,,,Android G6,58.0,,,,,58799.0
008,165,2020-03-15T04:14:51,EGV,,,,Android G6,57.0,,,,,59099.0
008,166,2020-03-15T04:19:51,EGV,,,,Android G6,61.0,,,,,59399.0
008,167,2020-03-15T04:24:51,EGV,,,,Android G6,62.0,,,,,59699.0
008,168,2020-03-15T04:29:51,EGV,,,,Android G6,62.0,,,,,59999.0
008,169,2020-03-15T04:34:51,EGV,,,,Android G6,62.0,,,,,60299.0
008,170,2020-03-15T04:39:51,EGV,,,,Android G6,61.0,,,,,60599.0
008,171,2020-03-15T04:44:51,EGV,,,,Android G6,61.0,,,,,60899.0
008,172,2020-03-15T04:49:51,EGV,,,,Android G6,60.0,,,,,61199.0
008,173,2020-03-15T04:54:51,EGV,,,,Android G6,61.0,,,,,61499.0
008,174,2020-03-15T04:59:51,EGV,,,,Android G6,62.0,,,,,61799.0
008,175,2020-03-15T05:04:51,EGV,,,,Android G6,64.0,,,,,62099.0
008,176,2020-03-15T05:09:51,EGV,,,,Android G6,67.0,,,,,62399.0
008,177,2020-03-15T05:14:51,EGV,,,,Android G6,71.0,,,,,62699.0
008,178,2020-03-15T05:19:51,EGV,,,,Android G6,77.0,,,,,62999.0
008,179,2020-03-15T05:24:51,EGV,,,,Android G6,80.0,,,,,63299.0
008,180,2020-03-15T05:29:51,EGV,,,,Android G6,81.0,,,,,63599.0
008,181,2020-03-15T05:34:51,EGV,,,,Android G6,78.0,,,,,63899.0
008,182,2020-03-15T05:39:51,EGV,,,,Android G6,75.0,,,,,64199.0
008,183,2020-03-15T05:44:51,EGV,,,,Android G6,75.0,,,,,64499.0
008,184,2020-03-15T05:49:51,EGV,,,,Android G6,76.0,,,,,64799.0
008,185,2020-03-15T05:54:51,EGV,,,,Android G6,78.0,,,,,65099.0
008,186,2020-03-15T05:59:51,EGV,,,,Android G6,79.0,,,,,65399.0
008,187,2020-03-15T06:04:51,EGV,,,,Android G6,78.0,,,,,65699.0
008,188,2020-03-15T06:09:51,EGV,,,,Android G6,74.0,,,,,65999.0
008,189,2020-03-15T06:14:51,EGV,,,,Android G6,71.0,,,,,66299.0
008,190,2020-03-15T06:19:51,EGV,,,,Android G6,73.0,,,,,66599.0
008,191,2020-03-15T06:24:51,EGV,,,,Android G6,78.0,,,,,66899.0
008,192,2020-03-15T06:29:51,EGV,,,,Android G6,81.0,,,,,67199.0
008,193,2020-03-15T06:34:52,EGV,,,,Android G6,80.0,,,,,67499.0
008,194,2020-03-15T06:39:51,EGV,,,,Android G6,76.0,,,,,67799.0
008,195,2020-03-15T06:44:51,EGV,,,,Android G6,73.0,,,,,68099.0
008,196,2020-03-15T06:49:52,EGV,,,,Android G6,72.0,,,,,68399.0
008,197,2020-03-15T06:54:51,EGV,,,,Android G6,76.0,,,,,68699.0
008,198,2020-03-15T06:59:52,EGV,,,,Android G6,79.0,,,,,68999.0
008,199,2020-03-15T07:04:51,EGV,,,,Android G6,83.0,,,,,69299.0
008,200,2020-03-15T07:09:51,EGV,,,,Android G6,84.0,,,,,69599.0
008,201,2020-03-15T07:14:52,EGV,,,,Android G6,82.0,,,,,69899.0
008,202,2020-03-15T07:19:51,EGV,,,,Android G6,77.0,,,,,70199.0
008,203,2020-03-15T07:24:51,EGV,,,,Android G6,75.0,,,,,70499.0
008,204,2020-03-15T07:29:52,EGV,,,,Android G6,74.0,,,,,70799.0
008,205,2020-03-15T07:34:52,EGV,,,,Android G6,74.0,,,,,71099.0
008,206,2020-03-15T07:39:51,EGV,,,,Android G6,74.0,,,,,71399.0
008,207,2020-03-15T07:44:52,EGV,,,,Android G6,76.0,,,,,71699.0
008,208,2020-03-15T07:49:51,EGV,,,,Android G6,82.0,,,,,71999.0
008,209,2020-03-15T07:54:52,EGV,,,,Android G6,89.0,,,,,72299.0
008,210,2020-03-15T07:59:52,EGV,,,,Android G6,92.0,,,,,72599.0
008,211,2020-03-15T08:04:52,EGV,,,,Android G6,92.0,,,,,72899.0
008,212,2020-03-15T08:09:52,EGV,,,,Android G6,89.0,,,,,73199.0
008,213,2020-03-15T08:14:52,EGV,,,,Android G6,86.0,,,,,73499.0
008,214,2020-03-15T08:19:51,EGV,,,,Android G6,83.0,,,,,73799.0
008,215,2020-03-15T08:24:51,EGV,,,,Android G6,82.0,,,,,74099.0
008,216,2020-03-15T08:29:52,EGV,,,,Android G6,83.0,,,,,74399.0
008,217,2020-03-15T08:34:52,EGV,,,,Android G6,84.0,,,,,74699.0
008,218,2020-03-15T08:39:52,EGV,,,,Android G6,86.0,,,,,74999.0
008,219,2020-03-15T08:44:52,EGV,,,,Android G6,82.0,,,,,75299.0
008,220,2020-03-15T08:49:51,EGV,,,,Android G6,78.0,,,,,75599.0
008,221,2020-03-15T08:54:51,EGV,,,,Android G6,74.0,,,,,75899.0
008,222,2020-03-15T08:59:51,EGV,,,,Android G6,76.0,,,,,76199.0
008,223,2020-03-15T09:04:51,EGV,,,,Android G6,78.0,,,,,76499.0
008,224,2020-03-15T09:09:51,EGV,,,,Android G6,81.0,,,,,76799.0
008,225,2020-03-15T09:14:51,EGV,,,,Android G6,85.0,,,,,77099.0
008,226,2020-03-15T09:19:51,EGV,,,,Android G6,94.0,,,,,77399.0
008,227,2020-03-15T09:24:51,EGV,,,,Android G6,107.0,,,,,77699.0
008,228,2020-03-15T09:29:51,EGV,,,,Android G6,116.0,,,,,77999.0
008,229,2020-03-15T09:34:51,EGV,,,,Android G6,118.0,,,,,78299.0
008,230,2020-03-15T09:39:51,EGV,,,,Android G6,114.0,,,,,78599.0
008,231,2020-03-15T09:44:50,EGV,,,,Android G6,108.0,,,,,78898.0
008,232,2020-03-15T09:49:50,EGV,,,,Android G6,104.0,,,,,79198.0
008,233,2020-03-15T09:54:49,EGV,,,,Android G6,103.0,,,,,79498.0
008,234,2020-03-15T09:59:50,EGV,,,,Android G6,103.0,,,,,79798.0
008,235,2020-03-15T10:04:50,EGV,,,,Android G6,103.0,,,,,80098.0
008,236,2020-03-15T10:09:50,EGV,,,,Android G6,102.0,,,,,80398.0
008,237,2020-03-15T10:14:49,EGV,,,,Android G6,98.0,,,,,80698.0
008,238,2020-03-15T10:19:50,EGV,,,,Android G6,94.0,,,,,80998.0
008,239,2020-03-15T10:24:50,EGV,,,,Android G6,93.0,,,,,81298.0
008,240,2020-03-15T10:29:50,EGV,,,,Android G6,97.0,,,,,81598.0
008,241,2020-03-15T10:34:50,EGV,,,,Android G6,101.0,,,,,81898.0
008,242,2020-03-15T10:39:51,EGV,,,,Android G6,103.0,,,,,82198.0
008,243,2020-03-15T10:44:50,EGV,,,,Android G6,105.0,,,,,82498.0
008,244,2020-03-15T10:49:51,EGV,,,,Android G6,107.0,,,,,82798.0
008,245,2020-03-15T10:54:50,EGV,,,,Android G6,111.0,,,,,83098.0
008,246,2020-03-15T10:59:51,EGV,,,,Android G6,110.0,,,,,83398.0
008,247,2020-03-15T11:04:51,EGV,,,,Android G6,109.0,,,,,83698.0
008,248,2020-03-15T11:09:51,EGV,,,,Android G6,106.0,,,,,83998.0
008,249,2020-03-15T11:14:51,EGV,,,,Android G6,104.0,,,,,84298.0
008,250,2020-03-15T11:19:51,EGV,,,,Android G6,103.0,,,,,84598.0
008,251,2020-03-15T11:24:51,EGV,,,,Android G6,105.0,,,,,84898.0
008,252,2020-03-15T11:29:51,EGV,,,,Android G6,107.0,,,,,85198.0
008,253,2020-03-15T11:34:51,EGV,,,,Android G6,107.0,,,,,85498.0
008,254,2020-03-15T11:39:51,EGV,,,,Android G6,105.0,,,,,85798.0
008,255,2020-03-15T11:44:51,EGV,,,,Android G6,102.0,,,,,86098.0
008,256,2020-03-15T11:49:51,EGV,,,,Android G6,99.0,,,,,86398.0
008,257,2020-03-15T11:54:51,EGV,,,,Android G6,99.0,,,,,86698.0
008,258,2020-03-15T11:59:51,EGV,,,,Android G6,97.0,,,,,86998.0
008,259,2020-03-15T12:04:50,EGV,,,,Android G6,92.0,,,,,87298.0
008,260,2020-03-15T12:09:51,EGV,,,,Android G6,86.0,,,,,87598.0
008,261,2020-03-15T12:14:50,EGV,,,,Android G6,80.0,,,,,87898.0
008,262,2020-03-15T12:19:51,EGV,,,,Android G6,77.0,,,,,88198.0
008,263,2020-03-15T12:24:51,EGV,,,,Android G6,73.0,,,,,88498.0
008,264,2020-03-15T12:29:50,EGV,,,,Android G6,71.0,,,,,88798.0
008,265,2020-03-15T12:34:50,EGV,,,,Android G6,69.0,,,,,89098.0
008,266,2020-03-15T12:39:50,EGV,,,,Android G6,71.0,,,,,89398.0
008,267,2020-03-15T12:44:50,EGV,,,,Android G6,77.0,,,,,89698.0
008,268,2020-03-15T12:49:50,EGV,,,,Android G6,83.0,,,,,89998.0
008,269,2020-03-15T12:54:50,EGV,,,,Android G6,92.0,,,,,90298.0
008,270,2020-03-15T12:59:50,EGV,,,,Android G6,101.0,,,,,90598.0
008,271,2020-03-15T13:04:49,EGV,,,,Android G6,111.0,,,,,90898.0
008,272,2020-03-15T13:09:50,EGV,,,,Android G6,114.0,,,,,91198.0
008,273,2020-03-15T13:14:49,EGV,,,,Android G6,111.0,,,,,91498.0
008,274,2020-03-15T13:19:50,EGV,,,,Android G6,106.0,,,,,91798.0
008,275,2020-03-15T13:24:50,EGV,,,,Android G6,103.0,,,,,92098.0
008,276,2020-03-15T13:29:50,EGV,,,,Android G6,100.0,,,,,92398.0
008,277,2020-03-15T13:34:50,EGV,,,,Android G6,99.0,,,,,92698.0
008,278,2020-03-15T13:39:49,EGV,,,,Android G6,99.0,,,,,92998.0
008,279,2020-03-15T13:44:49,EGV,,,,Android G6,101.0,,,,,93298.0
008,280,2020-03-15T13:49:50,EGV,,,,Android G6,101.0,,,,,93598.0
008,281,2020-03-15T13:54:50,EGV,,,,Android G6,102.0,,,,,93898.0
008,282,2020-03-15T13:59:50,EGV,,,,Android G6,103.0,,,,,94198.0
008,283,2020-03-15T14:04:50,EGV,,,,Android G6,103.0,,,,,94498.0
008,284,2020-03-15T14:09:50,EGV,,,,Android G6,101.0,,,,,94798.0
008,285,2020-03-15T14:14:50,EGV,,,,Android G6,96.0,,,,,95098.0
008,286,2020-03-15T14:19:50,EGV,,,,Android G6,93.0,,,,,95398.0
008,287,2020-03-15T14:24:50,EGV,,,,Android G6,95.0,,,,,95698.0
008,288,2020-03-15T14:29:49,EGV,,,,Android G6,100.0,,,,,95998.0
008,289,2020-03-15T14:34:50,EGV,,,,Android G6,104.0,,,,,96298.0
008,290,2020-03-15T14:39:50,EGV,,,,Android G6,107.0,,,,,96598.0
008,291,2020-03-15T14:44:50,EGV,,,,Android G6,110.0,,,,,96898.0
008,292,2020-03-15T14:49:50,EGV,,,,Android G6,111.0,,,,,97198.0
008,293,2020-03-15T14:54:50,EGV,,,,Android G6,109.0,,,,,97498.0
008,294,2020-03-15T14:59:50,EGV,,,,Android G6,108.0,,,,,97798.0
008,295,2020-03-15T15:04:50,EGV,,,,Android G6,109.0,,,,,98098.0
008,296,2020-03-15T15:09:50,EGV,,,,Android G6,108.0,,,,,98398.0
008,297,2020-03-15T15:14:50,EGV,,,,Android G6,107.0,,,,,98698.0
008,298,2020-03-15T15:19:50,EGV,,,,Android G6,107.0,,,,,98998.0
008,299,2020-03-15T15:24:50,EGV,,,,Android G6,108.0,,,,,99298.0
008,300,2020-03-15T15:29:50,EGV,,,,Android G6,109.0,,,,,99598.0
008,301,2020-03-15T15:34:51,EGV,,,,Android G6,108.0,,,,,99898.0
008,302,2020-03-15T15:39:51,EGV,,,,Android G6,108.0,,,,,100198.0
008,303,2020-03-15T15:44:51,EGV,,,,Android G6,107.0,,,,,100498.0
008,304,2020-03-15T15:49:51,EGV,,,,Android G6,106.0,,,,,100798.0
008,305,2020-03-15T15:54:50,EGV,,,,Android G6,102.0,,,,,101098.0
008,306,2020-03-15T15:59:50,EGV,,,,Android G6,96.0,,,,,101398.0
008,307,2020-03-15T16:04:50,EGV,,,,Android G6,89.0,,,,,101698.0
008,308,2020-03-15T16:09:51,EGV,,,,Android G6,84.0,,,,,101998.0
008,309,2020-03-15T16:14:51,EGV,,,,Android G6,86.0,,,,,102298.0
008,310,2020-03-15T16:19:51,EGV,,,,Android G6,90.0,,,,,102598.0
008,311,2020-03-15T16:24:50,EGV,,,,Android G6,97.0,,,,,102898.0
008,312,2020-03-15T16:29:52,EGV,,,,Android G6,102.0,,,,,103198.0
008,313,2020-03-15T16:34:51,EGV,,,,Android G6,103.0,,,,,103498.0
008,314,2020-03-15T16:39:50,EGV,,,,Android G6,99.0,,,,,103798.0
008,315,2020-03-15T16:44:51,EGV,,,,Android G6,93.0,,,,,104098.0
008,316,2020-03-15T16:49:50,EGV,,,,Android G6,89.0,,,,,104398.0
008,317,2020-03-15T16:54:51,EGV,,,,Android G6,91.0,,,,,104698.0
008,318,2020-03-15T16:59:51,EGV,,,,Android G6,95.0,,,,,104998.0
008,319,2020-03-15T17:04:51,EGV,,,,Android G6,101.0,,,,,105298.0
008,320,2020-03-15T17:09:51,EGV,,,,Android G6,106.0,,,,,105598.0
008,321,2020-03-15T17:14:51,EGV,,,,Android G6,113.0,,,,,105898.0
008,322,2020-03-15T17:19:51,EGV,,,,Android G6,120.0,,,,,106198.0
008,323,2020-03-15T17:24:51,EGV,,,,Android G6,125.0,,,,,106498.0
008,324,2020-03-15T17:29:50,EGV,,,,Android G6,126.0,,,,,106798.0
008,325,2020-03-15T17:34:50,EGV,,,,Android G6,125.0,,,,,107098.0
008,326,2020-03-15T17:39:50,EGV,,,,Android G6,121.0,,,,,107398.0
008,327,2020-03-15T17:44:51,EGV,,,,Android G6,115.0,,,,,107698.0
008,328,2020-03-15T17:49:50,EGV,,,,Android G6,108.0,,,,,107998.0
008,329,2020-03-15T17:54:50,EGV,,,,Android G6,107.0,,,,,108298.0
008,330,2020-03-15T17:59:50,EGV,,,,Android G6,108.0,,,,,108598.0
008,331,2020-03-15T18:04:50,EGV,,,,Android G6,113.0,,,,,108898.0
008,332,2020-03-15T18:09:50,EGV,,,,Android G6,115.0,,,,,109198.0
008,333,2020-03-15T18:14:50,EGV,,,,Android G6,116.0,,,,,109498.0
008,334,2020-03-15T18:19:50,EGV,,,,Android G6,113.0,,,,,109798.0
008,335,2020-03-15T18:24:50,EGV,,,,Android G6,110.0,,,,,110098.0
008,336,2020-03-15T18:29:50,EGV,,,,Android G6,107.0,,,,,110398.0
008,337,2020-03-15T18:34:50,EGV,,,,Android G6,105.0,,,,,110698.0
008,338,2020-03-15T18:39:50,EGV,,,,Android G6,105.0,,,,,110998.0
008,339,2020-03-15T18:44:50,EGV,,,,Android G6,105.0,,,,,111298.0
008,340,2020-03-15T18:49:50,EGV,,,,Android G6,105.0,,,,,111598.0
008,341,2020-03-15T18:54:50,EGV,,,,Android G6,106.0,,,,,111898.0
008,342,2020-03-15T18:59:50,EGV,,,,Android G6,107.0,,,,,112198.0
008,343,2020-03-15T19:04:50,EGV,,,,Android G6,109.0,,,,,112498.0
008,344,2020-03-15T19:09:50,EGV,,,,Android G6,110.0,,,,,112798.0
008,345,2020-03-15T19:14:51,EGV,,,,Android G6,110.0,,,,,113098.0
008,346,2020-03-15T19:19:50,EGV,,,,Android G6,111.0,,,,,113398.0
008,347,2020-03-15T19:24:49,EGV,,,,Android G6,111.0,,,,,113697.0
008,348,2020-03-15T19:29:49,EGV,,,,Android G6,111.0,,,,,113997.0
008,349,2020-03-15T19:34:49,EGV,,,,Android G6,110.0,,,,,114297.0
008,350,2020-03-15T19:39:49,EGV,,,,Android G6,110.0,,,,,114597.0
008,351,2020-03-15T19:44:49,EGV,,,,Android G6,110.0,,,,,114897.0
008,352,2020-03-15T19:49:49,EGV,,,,Android G6,111.0,,,,,115197.0
008,353,2020-03-15T19:54:48,EGV,,,,Android G6,111.0,,,,,115497.0
008,354,2020-03-15T19:59:49,EGV,,,,Android G6,112.0,,,,,115797.0
008,355,2020-03-15T20:04:48,EGV,,,,Android G6,113.0,,,,,116097.0
008,356,2020-03-15T20:09:49,EGV,,,,Android G6,114.0,,,,,116397.0
008,357,2020-03-15T20:14:48,EGV,,,,Android G6,114.0,,,,,116697.0
008,358,2020-03-15T20:19:49,EGV,,,,Android G6,112.0,,,,,116997.0
008,359,2020-03-15T20:24:48,EGV,,,,Android G6,105.0,,,,,117297.0
008,360,2020-03-15T20:29:49,EGV,,,,Android G6,97.0,,,,,117597.0
008,361,2020-03-15T20:34:49,EGV,,,,Android G6,90.0,,,,,117897.0
008,362,2020-03-15T20:39:50,EGV,,,,Android G6,88.0,,,,,118197.0
008,363,2020-03-15T20:44:49,EGV,,,,Android G6,88.0,,,,,118497.0
008,364,2020-03-15T20:49:49,EGV,,,,Android G6,91.0,,,,,118797.0
008,365,2020-03-15T20:54:49,EGV,,,,Android G6,97.0,,,,,119097.0
008,366,2020-03-15T20:59:49,EGV,,,,Android G6,103.0,,,,,119397.0
008,367,2020-03-15T21:04:49,EGV,,,,Android G6,107.0,,,,,119697.0
008,368,2020-03-15T21:09:50,EGV,,,,Android G6,108.0,,,,,119997.0
008,369,2020-03-15T21:14:50,EGV,,,,Android G6,108.0,,,,,120297.0
008,370,2020-03-15T21:19:49,EGV,,,,Android G6,109.0,,,,,120597.0
008,371,2020-03-15T21:24:50,EGV,,,,Android G6,111.0,,,,,120897.0
008,372,2020-03-15T21:29:50,EGV,,,,Android G6,112.0,,,,,121197.0
008,373,2020-03-15T21:34:49,EGV,,,,Android G6,113.0,,,,,121497.0
008,374,2020-03-15T21:39:49,EGV,,,,Android G6,113.0,,,,,121797.0
008,375,2020-03-15T21:44:48,EGV,,,,Android G6,112.0,,,,,122097.0
008,376,2020-03-15T21:49:49,EGV,,,,Android G6,111.0,,,,,122397.0
008,377,2020-03-15T21:54:49,EGV,,,,Android G6,110.0,,,,,122697.0
008,378,2020-03-15T21:59:49,EGV,,,,Android G6,110.0,,,,,122997.0
008,379,2020-03-15T22:04:49,EGV,,,,Android G6,111.0,,,,,123297.0
008,380,2020-03-15T22:09:49,EGV,,,,Android G6,111.0,,,,,123597.0
008,381,2020-03-15T22:14:48,EGV,,,,Android G6,111.0,,,,,123897.0
008,382,2020-03-15T22:19:49,EGV,,,,Android G6,112.0,,,,,124197.0
008,383,2020-03-15T22:24:49,EGV,,,,Android G6,111.0,,,,,124497.0
008,384,2020-03-15T22:29:48,EGV,,,,Android G6,108.0,,,,,124797.0
008,385,2020-03-15T22:34:48,EGV,,,,Android G6,106.0,,,,,125097.0
008,386,2020-03-15T22:39:49,EGV,,,,Android G6,106.0,,,,,125397.0
008,387,2020-03-15T22:44:48,EGV,,,,Android G6,106.0,,,,,125697.0
008,388,2020-03-15T22:49:48,EGV,,,,Android G6,105.0,,,,,125997.0
008,389,2020-03-15T22:54:49,EGV,,,,Android G6,105.0,,,,,126297.0
008,390,2020-03-15T22:59:49,EGV,,,,Android G6,104.0,,,,,126597.0
008,391,2020-03-15T23:04:49,EGV,,,,Android G6,103.0,,,,,126897.0
008,392,2020-03-15T23:09:48,EGV,,,,Android G6,102.0,,,,,127197.0
008,393,2020-03-15T23:14:49,EGV,,,,Android G6,102.0,,,,,127497.0
008,394,2020-03-15T23:19:49,EGV,,,,Android G6,103.0,,,,,127797.0
008,395,2020-03-15T23:24:49,EGV,,,,Android G6,103.0,,,,,128097.0
008,396,2020-03-15T23:29:49,EGV,,,,Android G6,102.0,,,,,128397.0
008,397,2020-03-15T23:34:49,EGV,,,,Android G6,103.0,,,,,128697.0
008,398,2020-03-15T23:39:49,EGV,,,,Android G6,106.0,,,,,128997.0
008,399,2020-03-15T23:44:49,EGV,,,,Android G6,109.0,,,,,129297.0
008,400,2020-03-15T23:49:49,EGV,,,,Android G6,109.0,,,,,129597.0
008,401,2020-03-15T23:54:49,EGV,,,,Android G6,107.0,,,,,129897.0
008,402,2020-03-15T23:59:50,EGV,,,,Android G6,106.0,,,,,130197.0
008,403,2020-03-16T00:04:50,EGV,,,,Android G6,106.0,,,,,130497.0
008,404,2020-03-16T00:09:49,EGV,,,,Android G6,106.0,,,,,130797.0
008,405,2020-03-16T00:14:49,EGV,,,,Android G6,107.0,,,,,131097.0
008,406,2020-03-16T00:19:50,EGV,,,,Android G6,108.0,,,,,131397.0
008,407,2020-03-16T00:24:50,EGV,,,,Android G6,108.0,,,,,131697.0
008,408,2020-03-16T00:29:50,EGV,,,,Android G6,109.0,,,,,131997.0
008,409,2020-03-16T00:34:49,EGV,,,,Android G6,109.0,,,,,132297.0
008,410,2020-03-16T00:39:49,EGV,,,,Android G6,108.0,,,,,132597.0
008,411,2020-03-16T00:44:49,EGV,,,,Android G6,108.0,,,,,132897.0
008,412,2020-03-16T00:49:49,EGV,,,,Android G6,107.0,,,,,133197.0
008,413,2020-03-16T00:54:49,EGV,,,,Android G6,108.0,,,,,133497.0
008,414,2020-03-16T00:59:49,EGV,,,,Android G6,108.0,,,,,133797.0
008,415,2020-03-16T01:04:49,EGV,,,,Android G6,109.0,,,,,134097.0
008,416,2020-03-16T01:09:49,EGV,,,,Android G6,109.0,,,,,134397.0
008,417,2020-03-16T01:14:49,EGV,,,,Android G6,109.0,,,,,134697.0
008,418,2020-03-16T01:19:49,EGV,,,,Android G6,108.0,,,,,134997.0
008,419,2020-03-16T01:24:49,EGV,,,,Android G6,108.0,,,,,135297.0
008,420,2020-03-16T01:29:49,EGV,,,,Android G6,106.0,,,,,135597.0
008,421,2020-03-16T01:34:49,EGV,,,,Android G6,104.0,,,,,135897.0
008,422,2020-03-16T01:39:49,EGV,,,,Android G6,101.0,,,,,136197.0
008,423,2020-03-16T01:44:49,EGV,,,,Android G6,100.0,,,,,136497.0
008,424,2020-03-16T01:49:49,EGV,,,,Android G6,101.0,,,,,136797.0
008,425,2020-03-16T01:54:49,EGV,,,,Android G6,101.0,,,,,137097.0
008,426,2020-03-16T01:59:49,EGV,,,,Android G6,100.0,,,,,137397.0
008,427,2020-03-16T02:04:48,EGV,,,,Android G6,100.0,,,,,137697.0
008,428,2020-03-16T02:09:49,EGV,,,,Android G6,101.0,,,,,137997.0
008,429,2020-03-16T02:14:49,EGV,,,,Android G6,103.0,,,,,138297.0
008,430,2020-03-16T02:19:49,EGV,,,,Android G6,103.0,,,,,138597.0
008,431,2020-03-16T02:24:49,EGV,,,,Android G6,102.0,,,,,138897.0
008,432,2020-03-16T02:29:49,EGV,,,,Android G6,102.0,,,,,139197.0
008,433,2020-03-16T02:34:49,EGV,,,,Android G6,103.0,,,,,139497.0
008,434,2020-03-16T02:39:49,EGV,,,,Android G6,104.0,,,,,139797.0
008,435,2020-03-16T02:44:49,EGV,,,,Android G6,104.0,,,,,140097.0
008,436,2020-03-16T02:49:49,EGV,,,,Android G6,103.0,,,,,140397.0
008,437,2020-03-16T02:54:49,EGV,,,,Android G6,103.0,,,,,140697.0
008,438,2020-03-16T02:59:49,EGV,,,,Android G6,103.0,,,,,140997.0
008,439,2020-03-16T03:04:49,EGV,,,,Android G6,103.0,,,,,141297.0
008,440,2020-03-16T03:09:48,EGV,,,,Android G6,103.0,,,,,141597.0
008,441,2020-03-16T03:14:49,EGV,,,,Android G6,102.0,,,,,141897.0
008,442,2020-03-16T03:19:49,EGV,,,,Android G6,102.0,,,,,142197.0
008,443,2020-03-16T03:24:49,EGV,,,,Android G6,102.0,,,,,142497.0
008,444,2020-03-16T03:29:49,EGV,,,,Android G6,103.0,,,,,142797.0
008,445,2020-03-16T03:34:49,EGV,,,,Android G6,103.0,,,,,143097.0
008,446,2020-03-16T03:39:50,EGV,,,,Android G6,102.0,,,,,143397.0
008,447,2020-03-16T03:44:50,EGV,,,,Android G6,101.0,,,,,143697.0
008,448,2020-03-16T03:49:50,EGV,,,,Android G6,100.0,,,,,143997.0
008,449,2020-03-16T03:54:49,EGV,,,,Android G6,100.0,,,,,144297.0
008,450,2020-03-16T03:59:49,EGV,,,,Android G6,100.0,,,,,144597.0
008,451,2020-03-16T04:04:50,EGV,,,,Android G6,97.0,,,,,144897.0
008,452,2020-03-16T04:09:49,EGV,,,,Android G6,95.0,,,,,145197.0
008,453,2020-03-16T04:14:49,EGV,,,,Android G6,94.0,,,,,145497.0
008,454,2020-03-16T04:19:49,EGV,,,,Android G6,94.0,,,,,145797.0
008,455,2020-03-16T04:24:50,EGV,,,,Android G6,96.0,,,,,146097.0
008,456,2020-03-16T04:29:49,EGV,,,,Android G6,97.0,,,,,146397.0
008,457,2020-03-16T04:34:50,EGV,,,,Android G6,97.0,,,,,146697.0
008,458,2020-03-16T04:39:50,EGV,,,,Android G6,97.0,,,,,146997.0
008,459,2020-03-16T04:44:49,EGV,,,,Android G6,96.0,,,,,147297.0
008,460,2020-03-16T04:49:50,EGV,,,,Android G6,96.0,,,,,147597.0
008,461,2020-03-16T04:54:50,EGV,,,,Android G6,96.0,,,,,147897.0
008,462,2020-03-16T04:59:50,EGV,,,,Android G6,97.0,,,,,148197.0
008,463,2020-03-16T05:04:49,EGV,,,,Android G6,99.0,,,,,148496.0
008,464,2020-03-16T05:09:49,EGV,,,,Android G6,100.0,,,,,148796.0
008,465,2020-03-16T05:14:48,EGV,,,,Android G6,100.0,,,,,149096.0
008,466,2020-03-16T05:19:48,EGV,,,,Android G6,99.0,,,,,149396.0
008,467,2020-03-16T05:24:49,EGV,,,,Android G6,99.0,,,,,149696.0
008,468,2020-03-16T05:29:49,EGV,,,,Android G6,99.0,,,,,149996.0
008,469,2020-03-16T05:34:48,EGV,,,,Android G6,99.0,,,,,150296.0
008,470,2020-03-16T05:39:48,EGV,,,,Android G6,99.0,,,,,150596.0
008,471,2020-03-16T05:44:48,EGV,,,,Android G6,98.0,,,,,150896.0
008,472,2020-03-16T05:49:48,EGV,,,,Android G6,98.0,,,,,151196.0
008,473,2020-03-16T05:54:48,EGV,,,,Android G6,99.0,,,,,151496.0
008,474,2020-03-16T05:59:48,EGV,,,,Android G6,99.0,,,,,151796.0
008,475,2020-03-16T06:04:48,EGV,,,,Android G6,98.0,,,,,152096.0
008,476,2020-03-16T06:09:48,EGV,,,,Android G6,97.0,,,,,152396.0
008,477,2020-03-16T06:14:48,EGV,,,,Android G6,97.0,,,,,152696.0
008,478,2020-03-16T06:19:48,EGV,,,,Android G6,97.0,,,,,152996.0
008,479,2020-03-16T06:24:48,EGV,,,,Android G6,97.0,,,,,153296.0
008,480,2020-03-16T06:29:48,EGV,,,,Android G6,97.0,,,,,153596.0
008,481,2020-03-16T06:34:48,EGV,,,,Android G6,96.0,,,,,153896.0
008,482,2020-03-16T06:39:49,EGV,,,,Android G6,96.0,,,,,154196.0
008,483,2020-03-16T06:44:48,EGV,,,,Android G6,96.0,,,,,154496.0
008,484,2020-03-16T06:49:49,EGV,,,,Android G6,96.0,,,,,154796.0
008,485,2020-03-16T06:54:49,EGV,,,,Android G6,96.0,,,,,155096.0
008,486,2020-03-16T06:59:48,EGV,,,,Android G6,97.0,,,,,155396.0
008,487,2020-03-16T07:04:48,EGV,,,,Android G6,98.0,,,,,155696.0
008,488,2020-03-16T07:09:48,EGV,,,,Android G6,98.0,,,,,155996.0
008,489,2020-03-16T07:14:48,EGV,,,,Android G6,98.0,,,,,156296.0
008,490,2020-03-16T07:19:48,EGV,,,,Android G6,98.0,,,,,156596.0
008,491,2020-03-16T07:24:48,EGV,,,,Android G6,97.0,,,,,156896.0
008,492,2020-03-16T07:29:48,EGV,,,,Android G6,96.0,,,,,157196.0
008,493,2020-03-16T07:34:49,EGV,,,,Android G6,95.0,,,,,157496.0
008,494,2020-03-16T07:39:48,EGV,,,,Android G6,95.0,,,,,157796.0
008,495,2020-03-16T07:44:48,EGV,,,,Android G6,96.0,,,,,158096.0
008,496,2020-03-16T07:49:48,EGV,,,,Android G6,96.0,,,,,158396.0
008,497,2020-03-16T07:54:48,EGV,,,,Android G6,95.0,,,,,158696.0
008,498,2020-03-16T07:59:48,EGV,,,,Android G6,95.0,,,,,158996.0
008,499,2020-03-16T08:04:48,EGV,,,,Android G6,93.0,,,,,159296.0
009,1,,FirstName,,2019,,,,,,,,
009,2,,LastName,,009,,,,,,,,
009,3,,DateOfBirth,,1970-01-01,,,,,,,,
009,4,,Device,,,Dexcom G6 Mobile App,iPhone G6,,,,,,
009,5,,Alert,Fall,,,iPhone G6,,,,,3.0,
009,6,,Alert,High,,,iPhone G6,200.0,,,,,
009,7,,Alert,Low,,,iPhone G6,80.0,,,,,
009,8,,Alert,Signal Loss,,,iPhone G6,,,,00:20:00,,
009,9,,Alert,Rise,,,iPhone G6,,,,,3.0,
009,10,,Alert,Urgent Low,,,iPhone G6,55.0,,,,,
009,11,,Alert,Urgent Low Soon,,,iPhone G6,55.0,,,,,
009,12,2020-03-21T10:51:51,EGV,,,,iPhone G6,169.0,,,,,8101.0
009,13,2020-03-21T10:56:51,EGV,,,,iPhone G6,165.0,,,,,8401.0
009,14,2020-03-21T11:01:51,EGV,,,,iPhone G6,161.0,,,,,8701.0
009,15,2020-03-21T11:06:51,EGV,,,,iPhone G6,158.0,,,,,9001.0
009,16,2020-03-21T11:11:51,EGV,,,,iPhone G6,156.0,,,,,9301.0
009,17,2020-03-21T11:16:52,EGV,,,,iPhone G6,156.0,,,,,9601.0
009,18,2020-03-21T11:21:51,EGV,,,,iPhone G6,153.0,,,,,9901.0
009,19,2020-03-21T11:26:51,EGV,,,,iPhone G6,149.0,,,,,10201.0
009,20,2020-03-21T11:31:51,EGV,,,,iPhone G6,145.0,,,,,10501.0
009,21,2020-03-21T11:36:51,EGV,,,,iPhone G6,141.0,,,,,10801.0
009,22,2020-03-21T11:41:52,EGV,,,,iPhone G6,137.0,,,,,11101.0
009,23,2020-03-21T11:46:51,EGV,,,,iPhone G6,133.0,,,,,11401.0
009,24,2020-03-21T11:51:52,EGV,,,,iPhone G6,130.0,,,,,11701.0
009,25,2020-03-21T11:56:52,EGV,,,,iPhone G6,127.0,,,,,12001.0
009,26,2020-03-21T12:01:51,EGV,,,,iPhone G6,125.0,,,,,12301.0
009,27,2020-03-21T12:06:51,EGV,,,,iPhone G6,123.0,,,,,12601.0
009,28,2020-03-21T12:11:52,EGV,,,,iPhone G6,120.0,,,,,12901.0
009,29,2020-03-21T12:16:52,EGV,,,,iPhone G6,118.0,,,,,13201.0
009,30,2020-03-21T12:21:52,EGV,,,,iPhone G6,116.0,,,,,13501.0
009,31,2020-03-21T12:26:50,EGV,,,,iPhone G6,114.0,,,,,13800.0
009,32,2020-03-21T12:31:50,EGV,,,,iPhone G6,112.0,,,,,14100.0
009,33,2020-03-21T12:36:50,EGV,,,,iPhone G6,108.0,,,,,14400.0
009,34,2020-03-21T12:41:50,EGV,,,,iPhone G6,106.0,,,,,14700.0
009,35,2020-03-21T12:46:51,EGV,,,,iPhone G6,105.0,,,,,15000.0
009,36,2020-03-21T12:51:51,EGV,,,,iPhone G6,106.0,,,,,15300.0
009,37,2020-03-21T12:56:51,EGV,,,,iPhone G6,105.0,,,,,15600.0
009,38,2020-03-21T13:01:50,EGV,,,,iPhone G6,103.0,,,,,15900.0
009,39,2020-03-21T13:06:51,EGV,,,,iPhone G6,102.0,,,,,16200.0
009,40,2020-03-21T13:11:51,EGV,,,,iPhone G6,101.0,,,,,16500.0
009,41,2020-03-21T13:16:50,EGV,,,,iPhone G6,100.0,,,,,16800.0
009,42,2020-03-21T13:21:50,EGV,,,,iPhone G6,100.0,,,,,17100.0
009,43,2020-03-21T13:26:50,EGV,,,,iPhone G6,99.0,,,,,17400.0
009,44,2020-03-21T13:31:50,EGV,,,,iPhone G6,99.0,,,,,17700.0
009,45,2020-03-21T13:36:51,EGV,,,,iPhone G6,98.0,,,,,18000.0
009,46,2020-03-21T13:41:50,EGV,,,,iPhone G6,97.0,,,,,18300.0
009,47,2020-03-21T13:46:50,EGV,,,,iPhone G6,95.0,,,,,18600.0
009,48,2020-03-21T13:51:51,EGV,,,,iPhone G6,94.0,,,,,18900.0
009,49,2020-03-21T13:56:51,EGV,,,,iPhone G6,91.0,,,,,19200.0
009,50,2020-03-21T14:01:51,EGV,,,,iPhone G6,90.0,,,,,19500.0
009,51,2020-03-21T14:06:51,EGV,,,,iPhone G6,90.0,,,,,19800.0
009,52,2020-03-21T14:11:51,EGV,,,,iPhone G6,93.0,,,,,20100.0
009,53,2020-03-21T14:16:50,EGV,,,,iPhone G6,98.0,,,,,20400.0
009,54,2020-03-21T14:21:50,EGV,,,,iPhone G6,102.0,,,,,20700.0
009,55,2020-03-21T14:26:51,EGV,,,,iPhone G6,106.0,,,,,21000.0
009,56,2020-03-21T14:31:50,EGV,,,,iPhone G6,110.0,,,,,21300.0
009,57,2020-03-21T14:36:50,EGV,,,,iPhone G6,113.0,,,,,21600.0
009,58,2020-03-21T14:41:50,EGV,,,,iPhone G6,114.0,,,,,21900.0
009,59,2020-03-21T14:46:51,EGV,,,,iPhone G6,114.0,,,,,22200.0
009,60,2020-03-21T14:51:50,EGV,,,,iPhone G6,113.0,,,,,22500.0
009,61,2020-03-21T14:56:50,EGV,,,,iPhone G6,112.0,,,,,22800.0
009,62,2020-03-21T15:01:50,EGV,,,,iPhone G6,112.0,,,,,23100.0
009,63,2020-03-21T15:06:50,EGV,,,,iPhone G6,113.0,,,,,23400.0
009,64,2020-03-21T15:11:50,EGV,,,,iPhone G6,113.0,,,,,23700.0
009,65,2020-03-21T15:16:51,EGV,,,,iPhone G6,111.0,,,,,24000.0
009,66,2020-03-21T15:21:50,EGV,,,,iPhone G6,109.0,,,,,24300.0
009,67,2020-03-21T15:26:50,EGV,,,,iPhone G6,107.0,,,,,24600.0
009,68,2020-03-21T15:31:50,EGV,,,,iPhone G6,107.0,,,,,24900.0
009,69,2020-03-21T15:36:51,EGV,,,,iPhone G6,108.0,,,,,25200.0
009,70,2020-03-21T15:41:50,EGV,,,,iPhone G6,109.0,,,,,25500.0
009,71,2020-03-21T15:46:50,EGV,,,,iPhone G6,110.0,,,,,25800.0
009,72,2020-03-21T15:51:51,EGV,,,,iPhone G6,110.0,,,,,26100.0
009,73,2020-03-21T15:56:50,EGV,,,,iPhone G6,110.0,,,,,26400.0
009,74,2020-03-21T16:01:50,EGV,,,,iPhone G6,109.0,,,,,26700.0
009,75,2020-03-21T16:06:50,EGV,,,,iPhone G6,108.0,,,,,27000.0
009,76,2020-03-21T16:11:50,EGV,,,,iPhone G6,111.0,,,,,27300.0
009,77,2020-03-21T16:16:50,EGV,,,,iPhone G6,114.0,,,,,27600.0
009,78,2020-03-21T16:21:51,EGV,,,,iPhone G6,118.0,,,,,27900.0
009,79,2020-03-21T16:26:50,EGV,,,,iPhone G6,121.0,,,,,28200.0
009,80,2020-03-21T16:31:50,EGV,,,,iPhone G6,123.0,,,,,28500.0
009,81,2020-03-21T16:36:50,EGV,,,,iPhone G6,126.0,,,,,28800.0
009,82,2020-03-21T16:41:50,EGV,,,,iPhone G6,128.0,,,,,29100.0
009,83,2020-03-21T16:46:50,EGV,,,,iPhone G6,130.0,,,,,29400.0
009,84,2020-03-21T16:51:50,EGV,,,,iPhone G6,131.0,,,,,29700.0
009,85,2020-03-21T16:56:51,EGV,,,,iPhone G6,132.0,,,,,30000.0
009,86,2020-03-21T17:01:50,EGV,,,,iPhone G6,132.0,,,,,30300.0
009,87,2020-03-21T17:06:50,EGV,,,,iPhone G6,131.0,,,,,30600.0
009,88,2020-03-21T17:11:50,EGV,,,,iPhone G6,130.0,,,,,30900.0
009,89,2020-03-21T17:16:50,EGV,,,,iPhone G6,130.0,,,,,31200.0
009,90,2020-03-21T17:21:51,EGV,,,,iPhone G6,129.0,,,,,31500.0
009,91,2020-03-21T17:26:51,EGV,,,,iPhone G6,125.0,,,,,31800.0
009,92,2020-03-21T17:31:50,EGV,,,,iPhone G6,120.0,,,,,32100.0
009,93,2020-03-21T17:36:50,EGV,,,,iPhone G6,119.0,,,,,32400.0
009,94,2020-03-21T17:41:51,EGV,,,,iPhone G6,118.0,,,,,32700.0
009,95,2020-03-21T17:46:51,EGV,,,,iPhone G6,118.0,,,,,33000.0
009,96,2020-03-21T17:51:49,EGV,,,,iPhone G6,119.0,,,,,33300.0
009,97,2020-03-21T17:56:49,EGV,,,,iPhone G6,120.0,,,,,33600.0
009,98,2020-03-21T18:01:50,EGV,,,,iPhone G6,122.0,,,,,33900.0
009,99,2020-03-21T18:06:49,EGV,,,,iPhone G6,122.0,,,,,34200.0
009,100,2020-03-21T18:11:49,EGV,,,,iPhone G6,122.0,,,,,34500.0
009,101,2020-03-21T18:16:50,EGV,,,,iPhone G6,122.0,,,,,34800.0
009,102,2020-03-21T18:21:49,EGV,,,,iPhone G6,119.0,,,,,35100.0
009,103,2020-03-21T18:26:49,EGV,,,,iPhone G6,115.0,,,,,35400.0
009,104,2020-03-21T18:31:49,EGV,,,,iPhone G6,112.0,,,,,35700.0
009,105,2020-03-21T18:36:49,EGV,,,,iPhone G6,111.0,,,,,36000.0
009,106,2020-03-21T18:41:49,EGV,,,,iPhone G6,111.0,,,,,36300.0
009,107,2020-03-21T18:46:49,EGV,,,,iPhone G6,111.0,,,,,36600.0
009,108,2020-03-21T18:51:49,EGV,,,,iPhone G6,112.0,,,,,36900.0
009,109,2020-03-21T18:56:49,EGV,,,,iPhone G6,114.0,,,,,37200.0
009,110,2020-03-21T19:01:49,EGV,,,,iPhone G6,116.0,,,,,37500.0
009,111,2020-03-21T19:06:49,EGV,,,,iPhone G6,117.0,,,,,37800.0
009,112,2020-03-21T19:11:49,EGV,,,,iPhone G6,117.0,,,,,38100.0
009,113,2020-03-21T19:16:49,EGV,,,,iPhone G6,116.0,,,,,38400.0
009,114,2020-03-21T19:21:49,EGV,,,,iPhone G6,116.0,,,,,38700.0
009,115,2020-03-21T19:26:49,EGV,,,,iPhone G6,116.0,,,,,39000.0
009,116,2020-03-21T19:31:49,EGV,,,,iPhone G6,115.0,,,,,39300.0
009,117,2020-03-21T19:36:49,EGV,,,,iPhone G6,115.0,,,,,39600.0
009,118,2020-03-21T19:41:50,EGV,,,,iPhone G6,115.0,,,,,39900.0
009,119,2020-03-21T19:46:49,EGV,,,,iPhone G6,114.0,,,,,40200.0
009,120,2020-03-21T19:51:50,EGV,,,,iPhone G6,114.0,,,,,40500.0
009,121,2020-03-21T19:56:49,EGV,,,,iPhone G6,113.0,,,,,40800.0
009,122,2020-03-21T20:01:50,EGV,,,,iPhone G6,112.0,,,,,41100.0
009,123,2020-03-21T20:06:49,EGV,,,,iPhone G6,112.0,,,,,41400.0
009,124,2020-03-21T20:11:49,EGV,,,,iPhone G6,112.0,,,,,41700.0
009,125,2020-03-21T20:16:49,EGV,,,,iPhone G6,113.0,,,,,42000.0
009,126,2020-03-21T20:21:50,EGV,,,,iPhone G6,116.0,,,,,42300.0
009,127,2020-03-21T20:26:49,EGV,,,,iPhone G6,118.0,,,,,42600.0
009,128,2020-03-21T20:31:49,EGV,,,,iPhone G6,121.0,,,,,42900.0
009,129,2020-03-21T20:36:49,EGV,,,,iPhone G6,125.0,,,,,43200.0
009,130,2020-03-21T20:41:49,EGV,,,,iPhone G6,131.0,,,,,43500.0
009,131,2020-03-21T20:46:49,EGV,,,,iPhone G6,136.0,,,,,43800.0
009,132,2020-03-21T20:51:49,EGV,,,,iPhone G6,142.0,,,,,44100.0
009,133,2020-03-21T20:56:49,EGV,,,,iPhone G6,146.0,,,,,44400.0
009,134,2020-03-21T21:01:50,EGV,,,,iPhone G6,148.0,,,,,44700.0
009,135,2020-03-21T21:06:49,EGV,,,,iPhone G6,147.0,,,,,45000.0
009,136,2020-03-21T21:11:50,EGV,,,,iPhone G6,147.0,,,,,45300.0
009,137,2020-03-21T21:16:50,EGV,,,,iPhone G6,152.0,,,,,45600.0
009,138,2020-03-21T21:21:49,EGV,,,,iPhone G6,160.0,,,,,45900.0
009,139,2020-03-21T21:26:49,EGV,,,,iPhone G6,169.0,,,,,46200.0
009,140,2020-03-21T21:31:50,EGV,,,,iPhone G6,179.0,,,,,46500.0
009,141,2020-03-21T21:36:49,EGV,,,,iPhone G6,187.0,,,,,46800.0
009,142,2020-03-21T21:41:49,EGV,,,,iPhone G6,193.0,,,,,47100.0
009,143,2020-03-21T21:46:49,EGV,,,,iPhone G6,195.0,,,,,47400.0
009,144,2020-03-21T21:51:49,EGV,,,,iPhone G6,195.0,,,,,47700.0
009,145,2020-03-21T21:56:50,EGV,,,,iPhone G6,192.0,,,,,48000.0
009,146,2020-03-21T22:01:49,EGV,,,,iPhone G6,188.0,,,,,48300.0
009,147,2020-03-21T22:06:49,EGV,,,,iPhone G6,186.0,,,,,48600.0
009,148,2020-03-21T22:11:49,EGV,,,,iPhone G6,185.0,,,,,48900.0
009,149,2020-03-21T22:16:49,EGV,,,,iPhone G6,188.0,,,,,49200.0
009,150,2020-03-21T22:21:49,EGV,,,,iPhone G6,192.0,,,,,49500.0
009,151,2020-03-21T22:26:50,EGV,,,,iPhone G6,195.0,,,,,49800.0
009,152,2020-03-21T22:31:49,EGV,,,,iPhone G6,197.0,,,,,50100.0
009,153,2020-03-21T22:36:49,EGV,,,,iPhone G6,199.0,,,,,50400.0
009,154,2020-03-21T22:41:49,EGV,,,,iPhone G6,200.0,,,,,50700.0
009,155,2020-03-21T22:46:49,EGV,,,,iPhone G6,200.0,,,,,51000.0
009,156,2020-03-21T22:51:50,EGV,,,,iPhone G6,199.0,,,,,51300.0
009,157,2020-03-21T22:56:49,EGV,,,,iPhone G6,199.0,,,,,51600.0
009,158,2020-03-21T23:01:50,EGV,,,,iPhone G6,197.0,,,,,51900.0
009,159,2020-03-21T23:06:49,EGV,,,,iPhone G6,194.0,,,,,52200.0
009,160,2020-03-21T23:11:49,EGV,,,,iPhone G6,191.0,,,,,52500.0
009,161,2020-03-21T23:16:50,EGV,,,,iPhone G6,188.0,,,,,52800.0
009,162,2020-03-21T23:21:49,EGV,,,,iPhone G6,185.0,,,,,53100.0
009,163,2020-03-21T23:26:50,EGV,,,,iPhone G6,181.0,,,,,53400.0
009,164,2020-03-21T23:31:49,EGV,,,,iPhone G6,177.0,,,,,53700.0
009,165,2020-03-21T23:36:49,EGV,,,,iPhone G6,175.0,,,,,54000.0
009,166,2020-03-21T23:41:49,EGV,,,,iPhone G6,172.0,,,,,54300.0
009,167,2020-03-21T23:46:50,EGV,,,,iPhone G6,169.0,,,,,54600.0
009,168,2020-03-21T23:51:50,EGV,,,,iPhone G6,164.0,,,,,54900.0
009,169,2020-03-21T23:56:49,EGV,,,,iPhone G6,157.0,,,,,55200.0
009,170,2020-03-22T00:01:49,EGV,,,,iPhone G6,150.0,,,,,55500.0
009,171,2020-03-22T00:06:49,EGV,,,,iPhone G6,144.0,,,,,55800.0
009,172,2020-03-22T00:11:49,EGV,,,,iPhone G6,142.0,,,,,56100.0
009,173,2020-03-22T00:16:49,EGV,,,,iPhone G6,142.0,,,,,56400.0
009,174,2020-03-22T00:21:49,EGV,,,,iPhone G6,143.0,,,,,56700.0
009,175,2020-03-22T00:26:49,EGV,,,,iPhone G6,144.0,,,,,57000.0
009,176,2020-03-22T00:31:49,EGV,,,,iPhone G6,144.0,,,,,57300.0
009,177,2020-03-22T00:36:50,EGV,,,,iPhone G6,147.0,,,,,57600.0
009,178,2020-03-22T00:41:49,EGV,,,,iPhone G6,151.0,,,,,57900.0
009,179,2020-03-22T00:46:49,EGV,,,,iPhone G6,157.0,,,,,58200.0
009,180,2020-03-22T00:51:49,EGV,,,,iPhone G6,162.0,,,,,58500.0
009,181,2020-03-22T00:56:49,EGV,,,,iPhone G6,166.0,,,,,58800.0
009,182,2020-03-22T01:01:49,EGV,,,,iPhone G6,169.0,,,,,59100.0
009,183,2020-03-22T01:06:50,EGV,,,,iPhone G6,171.0,,,,,59400.0
009,184,2020-03-22T01:11:50,EGV,,,,iPhone G6,169.0,,,,,59700.0
009,185,2020-03-22T01:16:49,EGV,,,,iPhone G6,168.0,,,,,60000.0
009,186,2020-03-22T01:21:49,EGV,,,,iPhone G6,163.0,,,,,60300.0
009,187,2020-03-22T01:26:50,EGV,,,,iPhone G6,159.0,,,,,60600.0
009,188,2020-03-22T01:31:50,EGV,,,,iPhone G6,154.0,,,,,60900.0
009,189,2020-03-22T01:36:50,EGV,,,,iPhone G6,151.0,,,,,61200.0
009,190,2020-03-22T01:41:49,EGV,,,,iPhone G6,149.0,,,,,61500.0
009,191,2020-03-22T01:46:49,EGV,,,,iPhone G6,149.0,,,,,61800.0
009,192,2020-03-22T01:51:49,EGV,,,,iPhone G6,149.0,,,,,62100.0
009,193,2020-03-22T01:56:49,EGV,,,,iPhone G6,146.0,,,,,62400.0
009,194,2020-03-22T02:01:49,EGV,,,,iPhone G6,143.0,,,,,62700.0
009,195,2020-03-22T02:06:49,EGV,,,,iPhone G6,141.0,,,,,63000.0
009,196,2020-03-22T02:11:49,EGV,,,,iPhone G6,141.0,,,,,63300.0
009,197,2020-03-22T02:16:49,EGV,,,,iPhone G6,140.0,,,,,63600.0
009,198,2020-03-22T02:21:49,EGV,,,,iPhone G6,138.0,,,,,63900.0
009,199,2020-03-22T02:26:50,EGV,,,,iPhone G6,135.0,,,,,64200.0
009,200,2020-03-22T02:31:49,EGV,,,,iPhone G6,133.0,,,,,64500.0
009,201,2020-03-22T02:36:49,EGV,,,,iPhone G6,130.0,,,,,64800.0
009,202,2020-03-22T02:41:50,EGV,,,,iPhone G6,128.0,,,,,65100.0
009,203,2020-03-22T02:51:49,EGV,,,,iPhone G6,129.0,,,,,65700.0
009,204,2020-03-22T02:56:48,EGV,,,,iPhone G6,129.0,,,,,65999.0
009,205,2020-03-22T03:01:49,EGV,,,,iPhone G6,129.0,,,,,66299.0
009,206,2020-03-22T03:06:48,EGV,,,,iPhone G6,129.0,,,,,66599.0
009,207,2020-03-22T03:11:48,EGV,,,,iPhone G6,130.0,,,,,66899.0
009,208,2020-03-22T03:16:49,EGV,,,,iPhone G6,131.0,,,,,67199.0
009,209,2020-03-22T03:21:48,EGV,,,,iPhone G6,132.0,,,,,67499.0
009,210,2020-03-22T03:26:48,EGV,,,,iPhone G6,132.0,,,,,67799.0
009,211,2020-03-22T03:31:48,EGV,,,,iPhone G6,132.0,,,,,68099.0
009,212,2020-03-22T03:36:49,EGV,,,,iPhone G6,132.0,,,,,68399.0
009,213,2020-03-22T03:41:49,EGV,,,,iPhone G6,131.0,,,,,68699.0
009,214,2020-03-22T03:46:48,EGV,,,,iPhone G6,131.0,,,,,68999.0
009,215,2020-03-22T03:51:49,EGV,,,,iPhone G6,130.0,,,,,69299.0
009,216,2020-03-22T03:56:49,EGV,,,,iPhone G6,130.0,,,,,69599.0
009,217,2020-03-22T04:01:49,EGV,,,,iPhone G6,130.0,,,,,69899.0
009,218,2020-03-22T04:06:48,EGV,,,,iPhone G6,130.0,,,,,70199.0
009,219,2020-03-22T04:11:48,EGV,,,,iPhone G6,129.0,,,,,70499.0
009,220,2020-03-22T04:16:48,EGV,,,,iPhone G6,124.0,,,,,70799.0
009,221,2020-03-22T04:21:49,EGV,,,,iPhone G6,121.0,,,,,71099.0
009,222,2020-03-22T04:26:49,EGV,,,,iPhone G6,120.0,,,,,71399.0
009,223,2020-03-22T04:31:48,EGV,,,,iPhone G6,124.0,,,,,71699.0
009,224,2020-03-22T04:36:48,EGV,,,,iPhone G6,127.0,,,,,71999.0
009,225,2020-03-22T04:41:49,EGV,,,,iPhone G6,130.0,,,,,72299.0
009,226,2020-03-22T04:46:48,EGV,,,,iPhone G6,131.0,,,,,72599.0
009,227,2020-03-22T04:51:48,EGV,,,,iPhone G6,131.0,,,,,72899.0
009,228,2020-03-22T04:56:48,EGV,,,,iPhone G6,131.0,,,,,73199.0
009,229,2020-03-22T05:01:49,EGV,,,,iPhone G6,129.0,,,,,73499.0
009,230,2020-03-22T05:06:48,EGV,,,,iPhone G6,128.0,,,,,73799.0
009,231,2020-03-22T05:11:49,EGV,,,,iPhone G6,128.0,,,,,74099.0
009,232,2020-03-22T05:16:49,EGV,,,,iPhone G6,130.0,,,,,74399.0
009,233,2020-03-22T05:21:48,EGV,,,,iPhone G6,131.0,,,,,74699.0
009,234,2020-03-22T05:26:49,EGV,,,,iPhone G6,130.0,,,,,74999.0
009,235,2020-03-22T05:31:48,EGV,,,,iPhone G6,129.0,,,,,75299.0
009,236,2020-03-22T05:36:48,EGV,,,,iPhone G6,128.0,,,,,75599.0
009,237,2020-03-22T05:41:49,EGV,,,,iPhone G6,129.0,,,,,75899.0
009,238,2020-03-22T05:46:49,EGV,,,,iPhone G6,130.0,,,,,76199.0
009,239,2020-03-22T05:51:49,EGV,,,,iPhone G6,131.0,,,,,76499.0
009,240,2020-03-22T05:56:49,EGV,,,,iPhone G6,132.0,,,,,76799.0
009,241,2020-03-22T06:01:49,EGV,,,,iPhone G6,133.0,,,,,77099.0
009,242,2020-03-22T06:06:48,EGV,,,,iPhone G6,134.0,,,,,77399.0
009,243,2020-03-22T06:11:49,EGV,,,,iPhone G6,134.0,,,,,77699.0
009,244,2020-03-22T06:16:48,EGV,,,,iPhone G6,134.0,,,,,77999.0
009,245,2020-03-22T06:21:48,EGV,,,,iPhone G6,133.0,,,,,78299.0
009,246,2020-03-22T06:26:49,EGV,,,,iPhone G6,132.0,,,,,78599.0
009,247,2020-03-22T06:31:48,EGV,,,,iPhone G6,132.0,,,,,78899.0
009,248,2020-03-22T06:36:48,EGV,,,,iPhone G6,131.0,,,,,79199.0
009,249,2020-03-22T06:41:48,EGV,,,,iPhone G6,130.0,,,,,79499.0
009,250,2020-03-22T06:46:48,EGV,,,,iPhone G6,129.0,,,,,79799.0
009,251,2020-03-22T06:51:49,EGV,,,,iPhone G6,127.0,,,,,80099.0
009,252,2020-03-22T06:56:48,EGV,,,,iPhone G6,126.0,,,,,80399.0
009,253,2020-03-22T07:01:48,EGV,,,,iPhone G6,125.0,,,,,80699.0
009,254,2020-03-22T07:06:49,EGV,,,,iPhone G6,126.0,,,,,80999.0
009,255,2020-03-22T07:11:49,EGV,,,,iPhone G6,126.0,,,,,81299.0
009,256,2020-03-22T07:16:49,EGV,,,,iPhone G6,126.0,,,,,81599.0
009,257,2020-03-22T07:21:49,EGV,,,,iPhone G6,126.0,,,,,81899.0
009,258,2020-03-22T07:26:48,EGV,,,,iPhone G6,126.0,,,,,82199.0
009,259,2020-03-22T07:31:48,EGV,,,,iPhone G6,127.0,,,,,82499.0
009,260,2020-03-22T07:36:49,EGV,,,,iPhone G6,127.0,,,,,82799.0
009,261,2020-03-22T07:41:49,EGV,,,,iPhone G6,130.0,,,,,83099.0
009,262,2020-03-22T07:46:48,EGV,,,,iPhone G6,134.0,,,,,83399.0
009,263,2020-03-22T07:51:48,EGV,,,,iPhone G6,139.0,,,,,83699.0
009,264,2020-03-22T07:56:48,EGV,,,,iPhone G6,147.0,,,,,83999.0
009,265,2020-03-22T08:01:48,EGV,,,,iPhone G6,155.0,,,,,84299.0
009,266,2020-03-22T08:06:48,EGV,,,,iPhone G6,161.0,,,,,84599.0
009,267,2020-03-22T08:11:48,EGV,,,,iPhone G6,163.0,,,,,84899.0
009,268,2020-03-22T08:16:49,EGV,,,,iPhone G6,164.0,,,,,85199.0
009,269,2020-03-22T08:21:48,EGV,,,,iPhone G6,165.0,,,,,85499.0
009,270,2020-03-22T08:26:49,EGV,,,,iPhone G6,164.0,,,,,85799.0
009,271,2020-03-22T08:31:48,EGV,,,,iPhone G6,164.0,,,,,86099.0
009,272,2020-03-22T08:36:49,EGV,,,,iPhone G6,161.0,,,,,86399.0
009,273,2020-03-22T08:41:49,EGV,,,,iPhone G6,157.0,,,,,86699.0
009,274,2020-03-22T08:46:49,EGV,,,,iPhone G6,153.0,,,,,86999.0
009,275,2020-03-22T08:51:49,EGV,,,,iPhone G6,153.0,,,,,87299.0
009,276,2020-03-22T08:56:48,EGV,,,,iPhone G6,156.0,,,,,87599.0
009,277,2020-03-22T09:01:49,EGV,,,,iPhone G6,162.0,,,,,87899.0
009,278,2020-03-22T09:06:48,EGV,,,,iPhone G6,168.0,,,,,88199.0
009,279,2020-03-22T09:11:49,EGV,,,,iPhone G6,175.0,,,,,88499.0
009,280,2020-03-22T09:16:49,EGV,,,,iPhone G6,179.0,,,,,88799.0
009,281,2020-03-22T09:21:49,EGV,,,,iPhone G6,182.0,,,,,89099.0
009,282,2020-03-22T09:26:48,EGV,,,,iPhone G6,182.0,,,,,89399.0
009,283,2020-03-22T09:31:49,EGV,,,,iPhone G6,182.0,,,,,89699.0
009,284,2020-03-22T09:36:49,EGV,,,,iPhone G6,181.0,,,,,89999.0
009,285,2020-03-22T09:41:49,EGV,,,,iPhone G6,179.0,,,,,90299.0
009,286,2020-03-22T09:46:49,EGV,,,,iPhone G6,175.0,,,,,90599.0
009,287,2020-03-22T09:51:49,EGV,,,,iPhone G6,169.0,,,,,90899.0
009,288,2020-03-22T09:56:49,EGV,,,,iPhone G6,163.0,,,,,91199.0
009,289,2020-03-22T10:01:48,EGV,,,,iPhone G6,158.0,,,,,91499.0
009,290,2020-03-22T10:06:48,EGV,,,,iPhone G6,152.0,,,,,91799.0
009,291,2020-03-22T10:11:49,EGV,,,,iPhone G6,147.0,,,,,92099.0
009,292,2020-03-22T10:16:49,EGV,,,,iPhone G6,142.0,,,,,92399.0
009,293,2020-03-22T10:21:49,EGV,,,,iPhone G6,139.0,,,,,92699.0
009,294,2020-03-22T10:26:48,EGV,,,,iPhone G6,138.0,,,,,92999.0
009,295,2020-03-22T10:31:48,EGV,,,,iPhone G6,140.0,,,,,93299.0
009,296,2020-03-22T10:36:48,EGV,,,,iPhone G6,145.0,,,,,93599.0
009,297,2020-03-22T10:41:49,EGV,,,,iPhone G6,149.0,,,,,93899.0
009,298,2020-03-22T10:46:48,EGV,,,,iPhone G6,150.0,,,,,94199.0
009,299,2020-03-22T10:51:49,EGV,,,,iPhone G6,148.0,,,,,94499.0
009,300,2020-03-22T10:56:48,EGV,,,,iPhone G6,143.0,,,,,94799.0
009,301,2020-03-22T11:01:49,EGV,,,,iPhone G6,135.0,,,,,95099.0
009,302,2020-03-22T11:06:48,EGV,,,,iPhone G6,126.0,,,,,95399.0
009,303,2020-03-22T11:11:48,EGV,,,,iPhone G6,118.0,,,,,95699.0
009,304,2020-03-22T11:16:49,EGV,,,,iPhone G6,113.0,,,,,95999.0
009,305,2020-03-22T11:21:48,EGV,,,,iPhone G6,111.0,,,,,96299.0
009,306,2020-03-22T11:26:49,EGV,,,,iPhone G6,111.0,,,,,96599.0
009,307,2020-03-22T11:31:49,EGV,,,,iPhone G6,113.0,,,,,96899.0
009,308,2020-03-22T11:36:49,EGV,,,,iPhone G6,113.0,,,,,97199.0
009,309,2020-03-22T11:41:48,EGV,,,,iPhone G6,112.0,,,,,97499.0
009,310,2020-03-22T11:46:48,EGV,,,,iPhone G6,110.0,,,,,97799.0
009,311,2020-03-22T11:51:48,EGV,,,,iPhone G6,107.0,,,,,98099.0
009,312,2020-03-22T11:56:48,EGV,,,,iPhone G6,104.0,,,,,98399.0
009,313,2020-03-22T12:01:48,EGV,,,,iPhone G6,101.0,,,,,98699.0
009,314,2020-03-22T12:06:49,EGV,,,,iPhone G6,99.0,,,,,98999.0
009,315,2020-03-22T12:11:49,EGV,,,,iPhone G6,98.0,,,,,99299.0
009,316,2020-03-22T12:16:49,EGV,,,,iPhone G6,98.0,,,,,99599.0
009,317,2020-03-22T12:21:48,EGV,,,,iPhone G6,98.0,,,,,99899.0
009,318,2020-03-22T12:26:49,EGV,,,,iPhone G6,98.0,,,,,100199.0
009,319,2020-03-22T12:31:49,EGV,,,,iPhone G6,99.0,,,,,100499.0
009,320,2020-03-22T12:36:49,EGV,,,,iPhone G6,99.0,,,,,100799.0
009,321,2020-03-22T12:41:48,EGV,,,,iPhone G6,100.0,,,,,101099.0
009,322,2020-03-22T12:46:48,EGV,,,,iPhone G6,103.0,,,,,101399.0
009,323,2020-03-22T12:51:48,EGV,,,,iPhone G6,108.0,,,,,101699.0
009,324,2020-03-22T12:56:48,EGV,,,,iPhone G6,114.0,,,,,101999.0
009,325,2020-03-22T13:01:48,EGV,,,,iPhone G6,119.0,,,,,102299.0
009,326,2020-03-22T13:06:49,EGV,,,,iPhone G6,122.0,,,,,102599.0
009,327,2020-03-22T13:11:49,EGV,,,,iPhone G6,124.0,,,,,102899.0
009,328,2020-03-22T13:16:49,EGV,,,,iPhone G6,124.0,,,,,103199.0
009,329,2020-03-22T13:21:49,EGV,,,,iPhone G6,123.0,,,,,103499.0
009,330,2020-03-22T13:26:49,EGV,,,,iPhone G6,121.0,,,,,103799.0
009,331,2020-03-22T13:31:49,EGV,,,,iPhone G6,120.0,,,,,104099.0
009,332,2020-03-22T13:36:49,EGV,,,,iPhone G6,120.0,,,,,104399.0
009,333,2020-03-22T13:41:48,EGV,,,,iPhone G6,121.0,,,,,104699.0
009,334,2020-03-22T13:46:48,EGV,,,,iPhone G6,120.0,,,,,104999.0
009,335,2020-03-22T13:51:48,EGV,,,,iPhone G6,120.0,,,,,105299.0
009,336,2020-03-22T13:56:48,EGV,,,,iPhone G6,121.0,,,,,105599.0
009,337,2020-03-22T14:01:49,EGV,,,,iPhone G6,124.0,,,,,105899.0
009,338,2020-03-22T14:06:48,EGV,,,,iPhone G6,125.0,,,,,106199.0
009,339,2020-03-22T14:11:48,EGV,,,,iPhone G6,125.0,,,,,106499.0
009,340,2020-03-22T14:16:49,EGV,,,,iPhone G6,125.0,,,,,106799.0
009,341,2020-03-22T14:21:48,EGV,,,,iPhone G6,124.0,,,,,107099.0
009,342,2020-03-22T14:26:48,EGV,,,,iPhone G6,123.0,,,,,107399.0
009,343,2020-03-22T14:31:48,EGV,,,,iPhone G6,121.0,,,,,107699.0
009,344,2020-03-22T14:36:48,EGV,,,,iPhone G6,119.0,,,,,107999.0
009,345,2020-03-22T14:41:48,EGV,,,,iPhone G6,116.0,,,,,108299.0
009,346,2020-03-22T14:46:48,EGV,,,,iPhone G6,114.0,,,,,108599.0
009,347,2020-03-22T14:51:48,EGV,,,,iPhone G6,112.0,,,,,108899.0
009,348,2020-03-22T14:56:49,EGV,,,,iPhone G6,112.0,,,,,109199.0
009,349,2020-03-22T15:01:48,EGV,,,,iPhone G6,113.0,,,,,109499.0
009,350,2020-03-22T15:06:48,EGV,,,,iPhone G6,114.0,,,,,109799.0
009,351,2020-03-22T15:11:48,EGV,,,,iPhone G6,114.0,,,,,110099.0
009,352,2020-03-22T15:16:48,EGV,,,,iPhone G6,113.0,,,,,110399.0
009,353,2020-03-22T15:21:49,EGV,,,,iPhone G6,112.0,,,,,110699.0
009,354,2020-03-22T15:26:49,EGV,,,,iPhone G6,112.0,,,,,110999.0
009,355,2020-03-22T15:31:48,EGV,,,,iPhone G6,113.0,,,,,111299.0
009,356,2020-03-22T15:36:49,EGV,,,,iPhone G6,117.0,,,,,111599.0
009,357,2020-03-22T15:41:48,EGV,,,,iPhone G6,123.0,,,,,111899.0
009,358,2020-03-22T15:46:48,EGV,,,,iPhone G6,129.0,,,,,112199.0
009,359,2020-03-22T15:51:49,EGV,,,,iPhone G6,135.0,,,,,112499.0
009,360,2020-03-22T15:56:49,EGV,,,,iPhone G6,140.0,,,,,112799.0
009,361,2020-03-22T16:01:48,EGV,,,,iPhone G6,144.0,,,,,113099.0
009,362,2020-03-22T16:06:49,EGV,,,,iPhone G6,146.0,,,,,113399.0
009,363,2020-03-22T16:11:49,EGV,,,,iPhone G6,147.0,,,,,113699.0
009,364,2020-03-22T16:16:49,EGV,,,,iPhone G6,145.0,,,,,113999.0
009,365,2020-03-22T16:21:49,EGV,,,,iPhone G6,142.0,,,,,114299.0
009,366,2020-03-22T16:26:48,EGV,,,,iPhone G6,137.0,,,,,114599.0
009,367,2020-03-22T16:31:48,EGV,,,,iPhone G6,131.0,,,,,114899.0
009,368,2020-03-22T16:36:49,EGV,,,,iPhone G6,125.0,,,,,115199.0
009,369,2020-03-22T16:41:48,EGV,,,,iPhone G6,118.0,,,,,115499.0
009,370,2020-03-22T16:46:48,EGV,,,,iPhone G6,112.0,,,,,115799.0
009,371,2020-03-22T16:51:48,EGV,,,,iPhone G6,106.0,,,,,116099.0
009,372,2020-03-22T16:56:49,EGV,,,,iPhone G6,101.0,,,,,116399.0
009,373,2020-03-22T17:01:49,EGV,,,,iPhone G6,97.0,,,,,116699.0
009,374,2020-03-22T17:06:49,EGV,,,,iPhone G6,93.0,,,,,116999.0
009,375,2020-03-22T17:11:48,EGV,,,,iPhone G6,89.0,,,,,117299.0
009,376,2020-03-22T17:16:49,EGV,,,,iPhone G6,87.0,,,,,117599.0
009,377,2020-03-22T17:21:48,EGV,,,,iPhone G6,86.0,,,,,117899.0
009,378,2020-03-22T17:26:49,EGV,,,,iPhone G6,86.0,,,,,118199.0
009,379,2020-03-22T17:31:49,EGV,,,,iPhone G6,86.0,,,,,118499.0
009,380,2020-03-22T17:36:48,EGV,,,,iPhone G6,88.0,,,,,118799.0
009,381,2020-03-22T17:41:48,EGV,,,,iPhone G6,91.0,,,,,119099.0
009,382,2020-03-22T17:46:48,EGV,,,,iPhone G6,93.0,,,,,119398.0
009,383,2020-03-22T17:51:48,EGV,,,,iPhone G6,94.0,,,,,119698.0
009,384,2020-03-22T17:56:48,EGV,,,,iPhone G6,94.0,,,,,119998.0
009,385,2020-03-22T18:01:47,EGV,,,,iPhone G6,94.0,,,,,120298.0
009,386,2020-03-22T18:06:48,EGV,,,,iPhone G6,94.0,,,,,120598.0
009,387,2020-03-22T18:11:48,EGV,,,,iPhone G6,94.0,,,,,120898.0
009,388,2020-03-22T18:16:48,EGV,,,,iPhone G6,94.0,,,,,121198.0
009,389,2020-03-22T18:21:47,EGV,,,,iPhone G6,94.0,,,,,121498.0
009,390,2020-03-22T18:26:48,EGV,,,,iPhone G6,93.0,,,,,121798.0
009,391,2020-03-22T18:31:48,EGV,,,,iPhone G6,94.0,,,,,122098.0
009,392,2020-03-22T18:36:48,EGV,,,,iPhone G6,95.0,,,,,122398.0
009,393,2020-03-22T18:41:48,EGV,,,,iPhone G6,95.0,,,,,122698.0
009,394,2020-03-22T18:46:47,EGV,,,,iPhone G6,96.0,,,,,122998.0
009,395,2020-03-22T18:51:50,EGV,,,,iPhone G6,97.0,,,,,123298.0
009,396,2020-03-22T18:56:50,EGV,,,,iPhone G6,99.0,,,,,123598.0
009,397,2020-03-22T19:01:50,EGV,,,,iPhone G6,101.0,,,,,123898.0
009,398,2020-03-22T19:06:49,EGV,,,,iPhone G6,104.0,,,,,124198.0
009,399,2020-03-22T19:11:49,EGV,,,,iPhone G6,107.0,,,,,124498.0
009,400,2020-03-22T19:16:49,EGV,,,,iPhone G6,108.0,,,,,124798.0
009,401,2020-03-22T19:21:50,EGV,,,,iPhone G6,109.0,,,,,125098.0
009,402,2020-03-22T19:26:50,EGV,,,,iPhone G6,110.0,,,,,125398.0
009,403,2020-03-22T19:31:50,EGV,,,,iPhone G6,110.0,,,,,125698.0
009,404,2020-03-22T19:36:49,EGV,,,,iPhone G6,110.0,,,,,125998.0
009,405,2020-03-22T19:41:50,EGV,,,,iPhone G6,111.0,,,,,126298.0
009,406,2020-03-22T19:46:49,EGV,,,,iPhone G6,111.0,,,,,126598.0
009,407,2020-03-22T19:51:49,EGV,,,,iPhone G6,111.0,,,,,126898.0
009,408,2020-03-22T19:56:50,EGV,,,,iPhone G6,110.0,,,,,127198.0
009,409,2020-03-22T20:01:49,EGV,,,,iPhone G6,110.0,,,,,127498.0
009,410,2020-03-22T20:06:50,EGV,,,,iPhone G6,110.0,,,,,127798.0
009,411,2020-03-22T20:11:50,EGV,,,,iPhone G6,110.0,,,,,128098.0
009,412,2020-03-22T20:16:49,EGV,,,,iPhone G6,110.0,,,,,128398.0
009,413,2020-03-22T20:21:49,EGV,,,,iPhone G6,110.0,,,,,128698.0
009,414,2020-03-22T20:26:50,EGV,,,,iPhone G6,111.0,,,,,128998.0
009,415,2020-03-22T20:31:50,EGV,,,,iPhone G6,111.0,,,,,129298.0
009,416,2020-03-22T20:36:49,EGV,,,,iPhone G6,112.0,,,,,129598.0
009,417,2020-03-22T20:41:50,EGV,,,,iPhone G6,114.0,,,,,129898.0
009,418,2020-03-22T20:46:50,EGV,,,,iPhone G6,115.0,,,,,130198.0
009,419,2020-03-22T20:51:50,EGV,,,,iPhone G6,115.0,,,,,130498.0
009,420,2020-03-22T20:56:49,EGV,,,,iPhone G6,116.0,,,,,130798.0
009,421,2020-03-22T21:01:49,EGV,,,,iPhone G6,117.0,,,,,131098.0
009,422,2020-03-22T21:06:49,EGV,,,,iPhone G6,119.0,,,,,131398.0
009,423,2020-03-22T21:11:50,EGV,,,,iPhone G6,121.0,,,,,131698.0
009,424,2020-03-22T21:16:50,EGV,,,,iPhone G6,122.0,,,,,131998.0
009,425,2020-03-22T21:21:49,EGV,,,,iPhone G6,123.0,,,,,132298.0
009,426,2020-03-22T21:26:50,EGV,,,,iPhone G6,121.0,,,,,132598.0
009,427,2020-03-22T21:31:50,EGV,,,,iPhone G6,120.0,,,,,132898.0
009,428,2020-03-22T21:36:49,EGV,,,,iPhone G6,120.0,,,,,133198.0
009,429,2020-03-22T21:41:50,EGV,,,,iPhone G6,124.0,,,,,133498.0
009,430,2020-03-22T21:46:50,EGV,,,,iPhone G6,134.0,,,,,133798.0
009,431,2020-03-22T21:51:50,EGV,,,,iPhone G6,146.0,,,,,134098.0
009,432,2020-03-22T21:56:50,EGV,,,,iPhone G6,157.0,,,,,134398.0
009,433,2020-03-22T22:01:49,EGV,,,,iPhone G6,166.0,,,,,134698.0
009,434,2020-03-22T22:06:49,EGV,,,,iPhone G6,172.0,,,,,134998.0
009,435,2020-03-22T22:11:49,EGV,,,,iPhone G6,179.0,,,,,135298.0
009,436,2020-03-22T22:16:50,EGV,,,,iPhone G6,187.0,,,,,135598.0
009,437,2020-03-22T22:21:50,EGV,,,,iPhone G6,193.0,,,,,135898.0
009,438,2020-03-22T22:26:49,EGV,,,,iPhone G6,197.0,,,,,136198.0
009,439,2020-03-22T22:31:50,EGV,,,,iPhone G6,196.0,,,,,136498.0
009,440,2020-03-22T22:36:49,EGV,,,,iPhone G6,191.0,,,,,136798.0
009,441,2020-03-22T22:41:49,EGV,,,,iPhone G6,182.0,,,,,137098.0
009,442,2020-03-22T22:46:49,EGV,,,,iPhone G6,175.0,,,,,137398.0
009,443,2020-03-22T22:51:49,EGV,,,,iPhone G6,168.0,,,,,137698.0
009,444,2020-03-22T22:56:48,EGV,,,,iPhone G6,163.0,,,,,137998.0
009,445,2020-03-22T23:01:48,EGV,,,,iPhone G6,160.0,,,,,138298.0
009,446,2020-03-22T23:06:49,EGV,,,,iPhone G6,159.0,,,,,138598.0
009,447,2020-03-22T23:11:48,EGV,,,,iPhone G6,158.0,,,,,138898.0
009,448,2020-03-22T23:16:49,EGV,,,,iPhone G6,156.0,,,,,139198.0
009,449,2020-03-22T23:21:48,EGV,,,,iPhone G6,153.0,,,,,139498.0
009,450,2020-03-22T23:26:49,EGV,,,,iPhone G6,149.0,,,,,139798.0
009,451,2020-03-22T23:31:49,EGV,,,,iPhone G6,145.0,,,,,140098.0
009,452,2020-03-22T23:36:49,EGV,,,,iPhone G6,142.0,,,,,140398.0
009,453,2020-03-22T23:41:48,EGV,,,,iPhone G6,140.0,,,,,140698.0
009,454,2020-03-22T23:46:48,EGV,,,,iPhone G6,138.0,,,,,140998.0
009,455,2020-03-22T23:51:49,EGV,,,,iPhone G6,136.0,,,,,141298.0
009,456,2020-03-22T23:56:49,EGV,,,,iPhone G6,133.0,,,,,141598.0
009,457,2020-03-23T00:01:49,EGV,,,,iPhone G6,131.0,,,,,141898.0
009,458,2020-03-23T00:06:48,EGV,,,,iPhone G6,129.0,,,,,142198.0
009,459,2020-03-23T00:11:49,EGV,,,,iPhone G6,130.0,,,,,142498.0
009,460,2020-03-23T00:16:49,EGV,,,,iPhone G6,132.0,,,,,142798.0
009,461,2020-03-23T00:21:48,EGV,,,,iPhone G6,135.0,,,,,143098.0
009,462,2020-03-23T00:26:48,EGV,,,,iPhone G6,137.0,,,,,143398.0
009,463,2020-03-23T00:31:49,EGV,,,,iPhone G6,139.0,,,,,143698.0
009,464,2020-03-23T00:36:49,EGV,,,,iPhone G6,140.0,,,,,143998.0
009,465,2020-03-23T00:41:48,EGV,,,,iPhone G6,139.0,,,,,144298.0
009,466,2020-03-23T00:46:49,EGV,,,,iPhone G6,138.0,,,,,144598.0
009,467,2020-03-23T00:51:49,EGV,,,,iPhone G6,137.0,,,,,144898.0
009,468,2020-03-23T00:56:49,EGV,,,,iPhone G6,137.0,,,,,145198.0
009,469,2020-03-23T01:01:48,EGV,,,,iPhone G6,138.0,,,,,145498.0
009,470,2020-03-23T01:06:49,EGV,,,,iPhone G6,138.0,,,,,145798.0
009,471,2020-03-23T01:11:48,EGV,,,,iPhone G6,138.0,,,,,146098.0
009,472,2020-03-23T01:16:49,EGV,,,,iPhone G6,138.0,,,,,146398.0
009,473,2020-03-23T01:21:48,EGV,,,,iPhone G6,138.0,,,,,146698.0
009,474,2020-03-23T01:26:48,EGV,,,,iPhone G6,138.0,,,,,146998.0
009,475,2020-03-23T01:31:48,EGV,,,,iPhone G6,137.0,,,,,147298.0
009,476,2020-03-23T01:36:49,EGV,,,,iPhone G6,138.0,,,,,147598.0
009,477,2020-03-23T01:41:48,EGV,,,,iPhone G6,139.0,,,,,147898.0
009,478,2020-03-23T01:46:49,EGV,,,,iPhone G6,140.0,,,,,148198.0
009,479,2020-03-23T01:51:49,EGV,,,,iPhone G6,140.0,,,,,148498.0
009,480,2020-03-23T01:56:48,EGV,,,,iPhone G6,140.0,,,,,148798.0
009,481,2020-03-23T02:01:49,EGV,,,,iPhone G6,140.0,,,,,149098.0
009,482,2020-03-23T02:06:48,EGV,,,,iPhone G6,140.0,,,,,149398.0
009,483,2020-03-23T02:11:49,EGV,,,,iPhone G6,140.0,,,,,149698.0
009,484,2020-03-23T02:16:49,EGV,,,,iPhone G6,140.0,,,,,149998.0
009,485,2020-03-23T02:21:49,EGV,,,,iPhone G6,140.0,,,,,150298.0
009,486,2020-03-23T02:26:49,EGV,,,,iPhone G6,140.0,,,,,150598.0
009,487,2020-03-23T02:31:48,EGV,,,,iPhone G6,140.0,,,,,150898.0
009,488,2020-03-23T02:36:48,EGV,,,,iPhone G6,140.0,,,,,151198.0
009,489,2020-03-23T02:41:48,EGV,,,,iPhone G6,138.0,,,,,151498.0
009,490,2020-03-23T02:46:49,EGV,,,,iPhone G6,136.0,,,,,151798.0
009,491,2020-03-23T02:51:48,EGV,,,,iPhone G6,134.0,,,,,152098.0
009,492,2020-03-23T02:56:49,EGV,,,,iPhone G6,133.0,,,,,152398.0
009,493,2020-03-23T03:01:48,EGV,,,,iPhone G6,132.0,,,,,152698.0
009,494,2020-03-23T03:06:49,EGV,,,,iPhone G6,131.0,,,,,152998.0
009,495,2020-03-23T03:11:48,EGV,,,,iPhone G6,130.0,,,,,153298.0
009,496,2020-03-23T03:16:49,EGV,,,,iPhone G6,130.0,,,,,153598.0
009,497,2020-03-23T03:21:49,EGV,,,,iPhone G6,130.0,,,,,153898.0
009,498,2020-03-23T03:26:49,EGV,,,,iPhone G6,132.0,,,,,154198.0
009,499,2020-03-23T03:31:49,EGV,,,,iPhone G6,132.0,,,,,154498.0
010,1,,FirstName,,2019,,,,,,,,
010,2,,LastName,,010,,,,,,,,
010,3,,DateOfBirth,,1970-01-01,,,,,,,,
010,4,,Device,,,Dexcom G6 Mobile App,iPhone G6,,,,,,
010,5,,Alert,Fall,,,iPhone G6,,,,,3.0,
010,6,,Alert,High,,,iPhone G6,200.0,,,,,
010,7,,Alert,Low,,,iPhone G6,80.0,,,,,
010,8,,Alert,Signal Loss,,,iPhone G6,,,,00:20:00,,
010,9,,Alert,Rise,,,iPhone G6,,,,,3.0,
010,10,,Alert,Urgent Low,,,iPhone G6,55.0,,,,,
010,11,,Alert,Urgent Low Soon,,,iPhone G6,55.0,,,,,
010,12,2020-03-22T11:24:17,EGV,,,,iPhone G6,103.0,,,,,8100.0
010,13,2020-03-22T11:29:17,EGV,,,,iPhone G6,102.0,,,,,8400.0
010,14,2020-03-22T11:34:17,EGV,,,,iPhone G6,100.0,,,,,8700.0
010,15,2020-03-22T11:39:17,EGV,,,,iPhone G6,98.0,,,,,9000.0
010,16,2020-03-22T11:44:17,EGV,,,,iPhone G6,94.0,,,,,9300.0
010,17,2020-03-22T11:49:18,EGV,,,,iPhone G6,95.0,,,,,9600.0
010,18,2020-03-22T11:54:17,EGV,,,,iPhone G6,97.0,,,,,9900.0
010,19,2020-03-22T11:59:18,EGV,,,,iPhone G6,99.0,,,,,10200.0
010,20,2020-03-22T12:04:18,EGV,,,,iPhone G6,97.0,,,,,10500.0
010,21,2020-03-22T12:09:18,EGV,,,,iPhone G6,97.0,,,,,10800.0
010,22,2020-03-22T12:14:17,EGV,,,,iPhone G6,99.0,,,,,11100.0
010,23,2020-03-22T12:19:17,EGV,,,,iPhone G6,101.0,,,,,11400.0
010,24,2020-03-22T12:24:17,EGV,,,,iPhone G6,103.0,,,,,11700.0
010,25,2020-03-22T12:29:17,EGV,,,,iPhone G6,103.0,,,,,12000.0
010,26,2020-03-22T12:34:17,EGV,,,,iPhone G6,101.0,,,,,12300.0
010,27,2020-03-22T12:39:18,EGV,,,,iPhone G6,100.0,,,,,12600.0
010,28,2020-03-22T12:44:17,EGV,,,,iPhone G6,101.0,,,,,12900.0
010,29,2020-03-22T12:49:18,EGV,,,,iPhone G6,104.0,,,,,13200.0
010,30,2020-03-22T12:54:17,EGV,,,,iPhone G6,110.0,,,,,13500.0
010,31,2020-03-22T12:59:17,EGV,,,,iPhone G6,119.0,,,,,13800.0
010,32,2020-03-22T13:04:17,EGV,,,,iPhone G6,131.0,,,,,14100.0
010,33,2020-03-22T13:09:18,EGV,,,,iPhone G6,142.0,,,,,14400.0
010,34,2020-03-22T13:14:18,EGV,,,,iPhone G6,151.0,,,,,14700.0
010,35,2020-03-22T13:19:18,EGV,,,,iPhone G6,155.0,,,,,15000.0
010,36,2020-03-22T13:24:19,EGV,,,,iPhone G6,157.0,,,,,15300.0
010,37,2020-03-22T13:29:18,EGV,,,,iPhone G6,156.0,,,,,15600.0
010,38,2020-03-22T13:34:18,EGV,,,,iPhone G6,155.0,,,,,15900.0
010,39,2020-03-22T13:39:18,EGV,,,,iPhone G6,155.0,,,,,16200.0
010,40,2020-03-22T13:44:19,EGV,,,,iPhone G6,156.0,,,,,16500.0
010,41,2020-03-22T13:49:18,EGV,,,,iPhone G6,158.0,,,,,16800.0
010,42,2020-03-22T13:54:17,EGV,,,,iPhone G6,161.0,,,,,17100.0
010,43,2020-03-22T13:59:17,EGV,,,,iPhone G6,160.0,,,,,17400.0
010,44,2020-03-22T14:04:17,EGV,,,,iPhone G6,155.0,,,,,17700.0
010,45,2020-03-22T14:09:17,EGV,,,,iPhone G6,145.0,,,,,18000.0
010,46,2020-03-22T14:14:17,EGV,,,,iPhone G6,136.0,,,,,18300.0
010,47,2020-03-22T14:19:17,EGV,,,,iPhone G6,128.0,,,,,18600.0
010,48,2020-03-22T14:24:17,EGV,,,,iPhone G6,123.0,,,,,18900.0
010,49,2020-03-22T14:29:18,EGV,,,,iPhone G6,118.0,,,,,19200.0
010,50,2020-03-22T14:34:17,EGV,,,,iPhone G6,116.0,,,,,19500.0
010,51,2020-03-22T14:39:17,EGV,,,,iPhone G6,115.0,,,,,19800.0
010,52,2020-03-22T14:44:17,EGV,,,,iPhone G6,115.0,,,,,20100.0
010,53,2020-03-22T14:49:17,EGV,,,,iPhone G6,115.0,,,,,20400.0
010,54,2020-03-22T14:54:17,EGV,,,,iPhone G6,113.0,,,,,20700.0
010,55,2020-03-22T14:59:17,EGV,,,,iPhone G6,112.0,,,,,21000.0
010,56,2020-03-22T15:04:17,EGV,,,,iPhone G6,112.0,,,,,21300.0
010,57,2020-03-22T15:09:17,EGV,,,,iPhone G6,112.0,,,,,21600.0
010,58,2020-03-22T15:14:17,EGV,,,,iPhone G6,111.0,,,,,21900.0
010,59,2020-03-22T15:19:17,EGV,,,,iPhone G6,111.0,,,,,22200.0
010,60,2020-03-22T15:24:17,EGV,,,,iPhone G6,109.0,,,,,22500.0
010,61,2020-03-22T15:29:17,EGV,,,,iPhone G6,109.0,,,,,22800.0
010,62,2020-03-22T15:34:17,EGV,,,,iPhone G6,109.0,,,,,23100.0
010,63,2020-03-22T15:39:17,EGV,,,,iPhone G6,109.0,,,,,23400.0
010,64,2020-03-22T15:44:18,EGV,,,,iPhone G6,109.0,,,,,23700.0
010,65,2020-03-22T15:49:18,EGV,,,,iPhone G6,114.0,,,,,24000.0
010,66,2020-03-22T15:54:18,EGV,,,,iPhone G6,121.0,,,,,24300.0
010,67,2020-03-22T15:59:17,EGV,,,,iPhone G6,130.0,,,,,24600.0
010,68,2020-03-22T16:04:17,EGV,,,,iPhone G6,137.0,,,,,24900.0
010,69,2020-03-22T16:09:18,EGV,,,,iPhone G6,141.0,,,,,25200.0
010,70,2020-03-22T16:14:17,EGV,,,,iPhone G6,142.0,,,,,25500.0
010,71,2020-03-22T16:19:17,EGV,,,,iPhone G6,142.0,,,,,25800.0
010,72,2020-03-22T16:24:17,EGV,,,,iPhone G6,140.0,,,,,26100.0
010,73,2020-03-22T16:29:17,EGV,,,,iPhone G6,135.0,,,,,26400.0
010,74,2020-03-22T16:34:17,EGV,,,,iPhone G6,128.0,,,,,26700.0
010,75,2020-03-22T16:39:18,EGV,,,,iPhone G6,122.0,,,,,27000.0
010,76,2020-03-22T16:44:17,EGV,,,,iPhone G6,119.0,,,,,27300.0
010,77,2020-03-22T16:49:17,EGV,,,,iPhone G6,118.0,,,,,27600.0
010,78,2020-03-22T16:54:18,EGV,,,,iPhone G6,117.0,,,,,27900.0
010,79,2020-03-22T16:59:17,EGV,,,,iPhone G6,115.0,,,,,28200.0
010,80,2020-03-22T17:04:17,EGV,,,,iPhone G6,114.0,,,,,28500.0
010,81,2020-03-22T17:09:18,EGV,,,,iPhone G6,115.0,,,,,28800.0
010,82,2020-03-22T17:14:18,EGV,,,,iPhone G6,117.0,,,,,29100.0
010,83,2020-03-22T17:19:19,EGV,,,,iPhone G6,118.0,,,,,29400.0
010,84,2020-03-22T17:24:19,EGV,,,,iPhone G6,119.0,,,,,29700.0
010,85,2020-03-22T17:29:18,EGV,,,,iPhone G6,119.0,,,,,30000.0
010,86,2020-03-22T17:34:18,EGV,,,,iPhone G6,118.0,,,,,30300.0
010,87,2020-03-22T17:39:18,EGV,,,,iPhone G6,115.0,,,,,30600.0
010,88,2020-03-22T17:44:19,EGV,,,,iPhone G6,114.0,,,,,30900.0
010,89,2020-03-22T17:49:18,EGV,,,,iPhone G6,113.0,,,,,31200.0
010,90,2020-03-22T17:54:19,EGV,,,,iPhone G6,114.0,,,,,31500.0
010,91,2020-03-22T17:59:18,EGV,,,,iPhone G6,114.0,,,,,31800.0
010,92,2020-03-22T18:04:19,EGV,,,,iPhone G6,113.0,,,,,32100.0
010,93,2020-03-22T18:09:19,EGV,,,,iPhone G6,112.0,,,,,32400.0
010,94,2020-03-22T18:14:19,EGV,,,,iPhone G6,111.0,,,,,32700.0
010,95,2020-03-22T18:19:18,EGV,,,,iPhone G6,110.0,,,,,33000.0
010,96,2020-03-22T18:24:18,EGV,,,,iPhone G6,112.0,,,,,33300.0
010,97,2020-03-22T18:29:19,EGV,,,,iPhone G6,117.0,,,,,33600.0
010,98,2020-03-22T18:34:18,EGV,,,,iPhone G6,124.0,,,,,33900.0
010,99,2020-03-22T18:39:18,EGV,,,,iPhone G6,131.0,,,,,34200.0
010,100,2020-03-22T18:44:18,EGV,,,,iPhone G6,133.0,,,,,34500.0
010,101,2020-03-22T18:49:19,EGV,,,,iPhone G6,132.0,,,,,34800.0
010,102,2020-03-22T18:54:19,EGV,,,,iPhone G6,127.0,,,,,35100.0
010,103,2020-03-22T18:59:18,EGV,,,,iPhone G6,120.0,,,,,35400.0
010,104,2020-03-22T19:04:19,EGV,,,,iPhone G6,112.0,,,,,35700.0
010,105,2020-03-22T19:09:18,EGV,,,,iPhone G6,106.0,,,,,36000.0
010,106,2020-03-22T19:14:18,EGV,,,,iPhone G6,106.0,,,,,36300.0
010,107,2020-03-22T19:19:18,EGV,,,,iPhone G6,110.0,,,,,36600.0
010,108,2020-03-22T19:24:18,EGV,,,,iPhone G6,116.0,,,,,36900.0
010,109,2020-03-22T19:29:18,EGV,,,,iPhone G6,121.0,,,,,37200.0
010,110,2020-03-22T19:34:17,EGV,,,,iPhone G6,124.0,,,,,37500.0
010,111,2020-03-22T19:39:16,EGV,,,,iPhone G6,126.0,,,,,37799.0
010,112,2020-03-22T19:44:17,EGV,,,,iPhone G6,125.0,,,,,38099.0
010,113,2020-03-22T19:49:16,EGV,,,,iPhone G6,123.0,,,,,38399.0
010,114,2020-03-22T19:54:17,EGV,,,,iPhone G6,121.0,,,,,38699.0
010,115,2020-03-22T19:59:17,EGV,,,,iPhone G6,119.0,,,,,38999.0
010,116,2020-03-22T20:04:16,EGV,,,,iPhone G6,119.0,,,,,39299.0
010,117,2020-03-22T20:09:17,EGV,,,,iPhone G6,119.0,,,,,39599.0
010,118,2020-03-22T20:14:16,EGV,,,,iPhone G6,116.0,,,,,39899.0
010,119,2020-03-22T20:19:17,EGV,,,,iPhone G6,112.0,,,,,40199.0
010,120,2020-03-22T20:24:17,EGV,,,,iPhone G6,108.0,,,,,40499.0
010,121,2020-03-22T20:29:17,EGV,,,,iPhone G6,107.0,,,,,40799.0
010,122,2020-03-22T20:34:16,EGV,,,,iPhone G6,111.0,,,,,41099.0
010,123,2020-03-22T20:39:17,EGV,,,,iPhone G6,117.0,,,,,41399.0
010,124,2020-03-22T20:44:17,EGV,,,,iPhone G6,121.0,,,,,41699.0
010,125,2020-03-22T20:49:17,EGV,,,,iPhone G6,125.0,,,,,41999.0
010,126,2020-03-22T20:54:17,EGV,,,,iPhone G6,126.0,,,,,42299.0
010,127,2020-03-22T20:59:16,EGV,,,,iPhone G6,127.0,,,,,42599.0
010,128,2020-03-22T21:04:17,EGV,,,,iPhone G6,126.0,,,,,42899.0
010,129,2020-03-22T21:09:18,EGV,,,,iPhone G6,124.0,,,,,43199.0
010,130,2020-03-22T21:14:18,EGV,,,,iPhone G6,122.0,,,,,43499.0
010,131,2020-03-22T21:19:18,EGV,,,,iPhone G6,118.0,,,,,43799.0
010,132,2020-03-22T21:24:18,EGV,,,,iPhone G6,116.0,,,,,44099.0
010,133,2020-03-22T21:29:18,EGV,,,,iPhone G6,115.0,,,,,44399.0
010,134,2020-03-22T21:34:17,EGV,,,,iPhone G6,117.0,,,,,44699.0
010,135,2020-03-22T21:39:17,EGV,,,,iPhone G6,119.0,,,,,44999.0
010,136,2020-03-22T21:44:17,EGV,,,,iPhone G6,120.0,,,,,45299.0
010,137,2020-03-22T21:49:16,EGV,,,,iPhone G6,120.0,,,,,45599.0
010,138,2020-03-22T21:54:17,EGV,,,,iPhone G6,118.0,,,,,45899.0
010,139,2020-03-22T21:59:17,EGV,,,,iPhone G6,119.0,,,,,46199.0
010,140,2020-03-22T22:04:16,EGV,,,,iPhone G6,120.0,,,,,46499.0
010,141,2020-03-22T22:09:17,EGV,,,,iPhone G6,122.0,,,,,46799.0
010,142,2020-03-22T22:14:17,EGV,,,,iPhone G6,121.0,,,,,47099.0
010,143,2020-03-22T22:19:17,EGV,,,,iPhone G6,120.0,,,,,47399.0
010,144,2020-03-22T22:24:17,EGV,,,,iPhone G6,119.0,,,,,47699.0
010,145,2020-03-22T22:29:17,EGV,,,,iPhone G6,120.0,,,,,47999.0
010,146,2020-03-22T22:34:16,EGV,,,,iPhone G6,121.0,,,,,48299.0
010,147,2020-03-22T22:39:16,EGV,,,,iPhone G6,121.0,,,,,48599.0
010,148,2020-03-22T22:44:17,EGV,,,,iPhone G6,122.0,,,,,48899.0
010,149,2020-03-22T22:49:16,EGV,,,,iPhone G6,123.0,,,,,49199.0
010,150,2020-03-22T22:54:17,EGV,,,,iPhone G6,123.0,,,,,49499.0
010,151,2020-03-22T22:59:16,EGV,,,,iPhone G6,124.0,,,,,49799.0
010,152,2020-03-22T23:04:16,EGV,,,,iPhone G6,122.0,,,,,50099.0
010,153,2020-03-22T23:09:17,EGV,,,,iPhone G6,120.0,,,,,50399.0
010,154,2020-03-22T23:14:16,EGV,,,,iPhone G6,116.0,,,,,50699.0
010,155,2020-03-22T23:19:17,EGV,,,,iPhone G6,114.0,,,,,50999.0
010,156,2020-03-22T23:24:17,EGV,,,,iPhone G6,112.0,,,,,51299.0
010,157,2020-03-22T23:29:17,EGV,,,,iPhone G6,111.0,,,,,51599.0
010,158,2020-03-22T23:34:16,EGV,,,,iPhone G6,111.0,,,,,51899.0
010,159,2020-03-22T23:39:17,EGV,,,,iPhone G6,111.0,,,,,52199.0
010,160,2020-03-22T23:44:17,EGV,,,,iPhone G6,112.0,,,,,52499.0
010,161,2020-03-22T23:49:16,EGV,,,,iPhone G6,114.0,,,,,52799.0
010,162,2020-03-22T23:54:18,EGV,,,,iPhone G6,115.0,,,,,53099.0
010,163,2020-03-22T23:59:17,EGV,,,,iPhone G6,115.0,,,,,53399.0
010,164,2020-03-23T00:04:18,EGV,,,,iPhone G6,115.0,,,,,53699.0
010,165,2020-03-23T00:09:18,EGV,,,,iPhone G6,116.0,,,,,53999.0
010,166,2020-03-23T00:14:18,EGV,,,,iPhone G6,117.0,,,,,54299.0
010,167,2020-03-23T00:19:17,EGV,,,,iPhone G6,117.0,,,,,54599.0
010,168,2020-03-23T00:24:18,EGV,,,,iPhone G6,118.0,,,,,54899.0
010,169,2020-03-23T00:29:18,EGV,,,,iPhone G6,119.0,,,,,55199.0
010,170,2020-03-23T00:34:17,EGV,,,,iPhone G6,120.0,,,,,55499.0
010,171,2020-03-23T00:39:18,EGV,,,,iPhone G6,120.0,,,,,55799.0
010,172,2020-03-23T00:44:18,EGV,,,,iPhone G6,120.0,,,,,56099.0
010,173,2020-03-23T00:49:18,EGV,,,,iPhone G6,120.0,,,,,56399.0
010,174,2020-03-23T00:54:17,EGV,,,,iPhone G6,120.0,,,,,56699.0
010,175,2020-03-23T00:59:18,EGV,,,,iPhone G6,117.0,,,,,56999.0
010,176,2020-03-23T01:04:18,EGV,,,,iPhone G6,109.0,,,,,57299.0
010,177,2020-03-23T01:09:18,EGV,,,,iPhone G6,102.0,,,,,57599.0
010,178,2020-03-23T01:14:18,EGV,,,,iPhone G6,101.0,,,,,57899.0
010,179,2020-03-23T01:19:18,EGV,,,,iPhone G6,105.0,,,,,58199.0
010,180,2020-03-23T01:24:18,EGV,,,,iPhone G6,110.0,,,,,58499.0
010,181,2020-03-23T01:29:17,EGV,,,,iPhone G6,111.0,,,,,58799.0
010,182,2020-03-23T01:34:18,EGV,,,,iPhone G6,108.0,,,,,59099.0
010,183,2020-03-23T01:39:18,EGV,,,,iPhone G6,103.0,,,,,59399.0
010,184,2020-03-23T01:44:18,EGV,,,,iPhone G6,99.0,,,,,59699.0
010,185,2020-03-23T01:49:18,EGV,,,,iPhone G6,97.0,,,,,59999.0
010,186,2020-03-23T01:54:18,EGV,,,,iPhone G6,96.0,,,,,60299.0
010,187,2020-03-23T01:59:18,EGV,,,,iPhone G6,99.0,,,,,60599.0
010,188,2020-03-23T02:04:18,EGV,,,,iPhone G6,103.0,,,,,60899.0
010,189,2020-03-23T02:09:17,EGV,,,,iPhone G6,109.0,,,,,61199.0
010,190,2020-03-23T02:14:18,EGV,,,,iPhone G6,109.0,,,,,61499.0
010,191,2020-03-23T02:19:17,EGV,,,,iPhone G6,108.0,,,,,61799.0
010,192,2020-03-23T02:24:17,EGV,,,,iPhone G6,106.0,,,,,62099.0
010,193,2020-03-23T02:29:17,EGV,,,,iPhone G6,104.0,,,,,62399.0
010,194,2020-03-23T02:34:18,EGV,,,,iPhone G6,102.0,,,,,62699.0
010,195,2020-03-23T02:39:18,EGV,,,,iPhone G6,100.0,,,,,62999.0
010,196,2020-03-23T02:44:18,EGV,,,,iPhone G6,100.0,,,,,63299.0
010,197,2020-03-23T02:49:18,EGV,,,,iPhone G6,100.0,,,,,63599.0
010,198,2020-03-23T02:54:18,EGV,,,,iPhone G6,100.0,,,,,63899.0
010,199,2020-03-23T02:59:18,EGV,,,,iPhone G6,101.0,,,,,64199.0
010,200,2020-03-23T03:04:18,EGV,,,,iPhone G6,102.0,,,,,64499.0
010,201,2020-03-23T03:09:18,EGV,,,,iPhone G6,103.0,,,,,64799.0
010,202,2020-03-23T03:14:18,EGV,,,,iPhone G6,105.0,,,,,65099.0
010,203,2020-03-23T03:19:18,EGV,,,,iPhone G6,106.0,,,,,65399.0
010,204,2020-03-23T03:24:18,EGV,,,,iPhone G6,107.0,,,,,65699.0
010,205,2020-03-23T03:29:18,EGV,,,,iPhone G6,108.0,,,,,65999.0
010,206,2020-03-23T03:34:18,EGV,,,,iPhone G6,109.0,,,,,66299.0
010,207,2020-03-23T03:39:18,EGV,,,,iPhone G6,109.0,,,,,66599.0
010,208,2020-03-23T03:44:17,EGV,,,,iPhone G6,108.0,,,,,66898.0
010,209,2020-03-23T03:49:16,EGV,,,,iPhone G6,108.0,,,,,67198.0
010,210,2020-03-23T03:54:17,EGV,,,,iPhone G6,107.0,,,,,67498.0
010,211,2020-03-23T03:59:17,EGV,,,,iPhone G6,107.0,,,,,67798.0
010,212,2020-03-23T04:04:17,EGV,,,,iPhone G6,105.0,,,,,68098.0
010,213,2020-03-23T04:09:17,EGV,,,,iPhone G6,104.0,,,,,68398.0
010,214,2020-03-23T04:14:16,EGV,,,,iPhone G6,104.0,,,,,68698.0
010,215,2020-03-23T04:19:17,EGV,,,,iPhone G6,104.0,,,,,68998.0
010,216,2020-03-23T04:24:17,EGV,,,,iPhone G6,105.0,,,,,69298.0
010,217,2020-03-23T04:29:17,EGV,,,,iPhone G6,105.0,,,,,69598.0
010,218,2020-03-23T04:34:17,EGV,,,,iPhone G6,105.0,,,,,69898.0
010,219,2020-03-23T04:39:17,EGV,,,,iPhone G6,105.0,,,,,70198.0
010,220,2020-03-23T04:44:17,EGV,,,,iPhone G6,107.0,,,,,70498.0
010,221,2020-03-23T04:49:17,EGV,,,,iPhone G6,116.0,,,,,70798.0
010,222,2020-03-23T04:54:17,EGV,,,,iPhone G6,131.0,,,,,71098.0
010,223,2020-03-23T04:59:17,EGV,,,,iPhone G6,150.0,,,,,71398.0
010,224,2020-03-23T05:04:17,EGV,,,,iPhone G6,166.0,,,,,71698.0
010,225,2020-03-23T05:09:15,EGV,,,,iPhone G6,178.0,,,,,71998.0
010,226,2020-03-23T05:14:16,EGV,,,,iPhone G6,185.0,,,,,72298.0
010,227,2020-03-23T05:19:15,EGV,,,,iPhone G6,191.0,,,,,72598.0
010,228,2020-03-23T05:24:16,EGV,,,,iPhone G6,193.0,,,,,72898.0
010,229,2020-03-23T05:29:16,EGV,,,,iPhone G6,189.0,,,,,73198.0
010,230,2020-03-23T05:34:16,EGV,,,,iPhone G6,183.0,,,,,73498.0
010,231,2020-03-23T05:39:16,EGV,,,,iPhone G6,179.0,,,,,73798.0
010,232,2020-03-23T05:44:16,EGV,,,,iPhone G6,179.0,,,,,74098.0
010,233,2020-03-23T05:49:16,EGV,,,,iPhone G6,180.0,,,,,74398.0
010,234,2020-03-23T05:54:16,EGV,,,,iPhone G6,180.0,,,,,74698.0
010,235,2020-03-23T05:59:16,EGV,,,,iPhone G6,178.0,,,,,74998.0
010,236,2020-03-23T06:04:16,EGV,,,,iPhone G6,170.0,,,,,75298.0
010,237,2020-03-23T06:09:16,EGV,,,,iPhone G6,156.0,,,,,75598.0
010,238,2020-03-23T06:14:16,EGV,,,,iPhone G6,143.0,,,,,75898.0
010,239,2020-03-23T06:19:16,EGV,,,,iPhone G6,134.0,,,,,76198.0
010,240,2020-03-23T06:24:16,EGV,,,,iPhone G6,130.0,,,,,76498.0
010,241,2020-03-23T06:29:16,EGV,,,,iPhone G6,125.0,,,,,76798.0
010,242,2020-03-23T06:34:16,EGV,,,,iPhone G6,115.0,,,,,77098.0
010,243,2020-03-23T06:39:16,EGV,,,,iPhone G6,100.0,,,,,77398.0
010,244,2020-03-23T06:44:16,EGV,,,,iPhone G6,84.0,,,,,77698.0
010,245,2020-03-23T06:49:16,EGV,,,,iPhone G6,71.0,,,,,77998.0
010,246,2020-03-23T06:54:16,EGV,,,,iPhone G6,62.0,,,,,78298.0
010,247,2020-03-23T06:59:16,EGV,,,,iPhone G6,56.0,,,,,78598.0
010,248,2020-03-23T07:04:16,EGV,,,,iPhone G6,52.0,,,,,78898.0
010,249,2020-03-23T07:09:16,EGV,,,,iPhone G6,50.0,,,,,79198.0
010,250,2020-03-23T07:14:16,EGV,,,,iPhone G6,49.0,,,,,79498.0
010,251,2020-03-23T07:19:16,EGV,,,,iPhone G6,51.0,,,,,79798.0
010,252,2020-03-23T07:24:16,EGV,,,,iPhone G6,55.0,,,,,80098.0
010,253,2020-03-23T07:29:16,EGV,,,,iPhone G6,60.0,,,,,80398.0
010,254,2020-03-23T07:34:16,EGV,,,,iPhone G6,65.0,,,,,80698.0
010,255,2020-03-23T07:39:16,EGV,,,,iPhone G6,71.0,,,,,80998.0
010,256,2020-03-23T07:44:16,EGV,,,,iPhone G6,77.0,,,,,81298.0
010,257,2020-03-23T07:49:16,EGV,,,,iPhone G6,85.0,,,,,81598.0
010,258,2020-03-23T07:54:16,EGV,,,,iPhone G6,91.0,,,,,81898.0
010,259,2020-03-23T07:59:16,EGV,,,,iPhone G6,92.0,,,,,82198.0
010,260,2020-03-23T08:04:16,EGV,,,,iPhone G6,89.0,,,,,82498.0
010,261,2020-03-23T08:09:16,EGV,,,,iPhone G6,86.0,,,,,82798.0
010,262,2020-03-23T08:14:16,EGV,,,,iPhone G6,85.0,,,,,83098.0
010,263,2020-03-23T08:19:16,EGV,,,,iPhone G6,87.0,,,,,83398.0
010,264,2020-03-23T08:24:16,EGV,,,,iPhone G6,95.0,,,,,83698.0
010,265,2020-03-23T08:29:16,EGV,,,,iPhone G6,105.0,,,,,83998.0
010,266,2020-03-23T08:34:16,EGV,,,,iPhone G6,117.0,,,,,84298.0
010,267,2020-03-23T08:39:16,EGV,,,,iPhone G6,126.0,,,,,84598.0
010,268,2020-03-23T08:44:16,EGV,,,,iPhone G6,128.0,,,,,84898.0
010,269,2020-03-23T08:49:16,EGV,,,,iPhone G6,127.0,,,,,85198.0
010,270,2020-03-23T08:54:16,EGV,,,,iPhone G6,123.0,,,,,85498.0
010,271,2020-03-23T08:59:16,EGV,,,,iPhone G6,120.0,,,,,85798.0
010,272,2020-03-23T09:04:16,EGV,,,,iPhone G6,116.0,,,,,86098.0
010,273,2020-03-23T09:09:17,EGV,,,,iPhone G6,107.0,,,,,86398.0
010,274,2020-03-23T09:14:17,EGV,,,,iPhone G6,96.0,,,,,86698.0
010,275,2020-03-23T09:19:17,EGV,,,,iPhone G6,87.0,,,,,86998.0
010,276,2020-03-23T09:24:17,EGV,,,,iPhone G6,86.0,,,,,87298.0
010,277,2020-03-23T09:29:17,EGV,,,,iPhone G6,92.0,,,,,87598.0
010,278,2020-03-23T09:34:18,EGV,,,,iPhone G6,98.0,,,,,87898.0
010,279,2020-03-23T09:39:17,EGV,,,,iPhone G6,102.0,,,,,88198.0
010,280,2020-03-23T09:44:17,EGV,,,,iPhone G6,105.0,,,,,88498.0
010,281,2020-03-23T09:49:17,EGV,,,,iPhone G6,109.0,,,,,88798.0
010,282,2020-03-23T09:54:17,EGV,,,,iPhone G6,112.0,,,,,89098.0
010,283,2020-03-23T09:59:17,EGV,,,,iPhone G6,113.0,,,,,89398.0
010,284,2020-03-23T10:04:16,EGV,,,,iPhone G6,111.0,,,,,89698.0
010,285,2020-03-23T10:09:16,EGV,,,,iPhone G6,107.0,,,,,89998.0
010,286,2020-03-23T10:14:16,EGV,,,,iPhone G6,103.0,,,,,90298.0
010,287,2020-03-23T10:19:16,EGV,,,,iPhone G6,101.0,,,,,90598.0
010,288,2020-03-23T10:24:16,EGV,,,,iPhone G6,100.0,,,,,90898.0
010,289,2020-03-23T10:29:16,EGV,,,,iPhone G6,100.0,,,,,91198.0
010,290,2020-03-23T10:34:16,EGV,,,,iPhone G6,102.0,,,,,91498.0
010,291,2020-03-23T10:39:17,EGV,,,,iPhone G6,102.0,,,,,91798.0
010,292,2020-03-23T10:44:17,EGV,,,,iPhone G6,99.0,,,,,92098.0
010,293,2020-03-23T10:49:16,EGV,,,,iPhone G6,95.0,,,,,92398.0
010,294,2020-03-23T10:54:16,EGV,,,,iPhone G6,91.0,,,,,92698.0
010,295,2020-03-23T10:59:16,EGV,,,,iPhone G6,89.0,,,,,92998.0
010,296,2020-03-23T11:04:16,EGV,,,,iPhone G6,88.0,,,,,93298.0
010,297,2020-03-23T11:09:16,EGV,,,,iPhone G6,87.0,,,,,93598.0
010,298,2020-03-23T11:14:16,EGV,,,,iPhone G6,85.0,,,,,93898.0
010,299,2020-03-23T11:19:16,EGV,,,,iPhone G6,84.0,,,,,94198.0
010,300,2020-03-23T11:24:16,EGV,,,,iPhone G6,85.0,,,,,94498.0
010,301,2020-03-23T11:29:16,EGV,,,,iPhone G6,87.0,,,,,94798.0
010,302,2020-03-23T11:34:16,EGV,,,,iPhone G6,87.0,,,,,95098.0
010,303,2020-03-23T11:39:16,EGV,,,,iPhone G6,86.0,,,,,95398.0
010,304,2020-03-23T11:44:17,EGV,,,,iPhone G6,88.0,,,,,95698.0
010,305,2020-03-23T11:49:16,EGV,,,,iPhone G6,93.0,,,,,95997.0
010,306,2020-03-23T11:54:15,EGV,,,,iPhone G6,99.0,,,,,96297.0
010,307,2020-03-23T11:59:16,EGV,,,,iPhone G6,105.0,,,,,96597.0
010,308,2020-03-23T12:04:16,EGV,,,,iPhone G6,107.0,,,,,96897.0
010,309,2020-03-23T12:09:15,EGV,,,,iPhone G6,106.0,,,,,97197.0
010,310,2020-03-23T12:14:16,EGV,,,,iPhone G6,105.0,,,,,97497.0
010,311,2020-03-23T12:19:16,EGV,,,,iPhone G6,105.0,,,,,97797.0
010,312,2020-03-23T12:24:16,EGV,,,,iPhone G6,106.0,,,,,98097.0
010,313,2020-03-23T12:29:15,EGV,,,,iPhone G6,109.0,,,,,98397.0
010,314,2020-03-23T12:34:15,EGV,,,,iPhone G6,113.0,,,,,98697.0
010,315,2020-03-23T12:39:15,EGV,,,,iPhone G6,118.0,,,,,98997.0
010,316,2020-03-23T12:44:15,EGV,,,,iPhone G6,122.0,,,,,99297.0
010,317,2020-03-23T12:49:17,EGV,,,,iPhone G6,123.0,,,,,99597.0
010,318,2020-03-23T12:54:16,EGV,,,,iPhone G6,122.0,,,,,99897.0
010,319,2020-03-23T12:59:16,EGV,,,,iPhone G6,121.0,,,,,100197.0
010,320,2020-03-23T13:04:16,EGV,,,,iPhone G6,120.0,,,,,100497.0
010,321,2020-03-23T13:09:16,EGV,,,,iPhone G6,115.0,,,,,100797.0
010,322,2020-03-23T13:14:16,EGV,,,,iPhone G6,108.0,,,,,101097.0
010,323,2020-03-23T13:19:16,EGV,,,,iPhone G6,100.0,,,,,101397.0
010,324,2020-03-23T13:24:16,EGV,,,,iPhone G6,95.0,,,,,101697.0
010,325,2020-03-23T13:29:16,EGV,,,,iPhone G6,93.0,,,,,101997.0
010,326,2020-03-23T13:34:17,EGV,,,,iPhone G6,92.0,,,,,102297.0
010,327,2020-03-23T13:39:16,EGV,,,,iPhone G6,92.0,,,,,102597.0
010,328,2020-03-23T13:44:17,EGV,,,,iPhone G6,93.0,,,,,102897.0
010,329,2020-03-23T13:49:16,EGV,,,,iPhone G6,97.0,,,,,103197.0
010,330,2020-03-23T13:54:17,EGV,,,,iPhone G6,102.0,,,,,103497.0
010,331,2020-03-23T13:59:16,EGV,,,,iPhone G6,108.0,,,,,103797.0
010,332,2020-03-23T14:04:16,EGV,,,,iPhone G6,113.0,,,,,104097.0
010,333,2020-03-23T14:09:16,EGV,,,,iPhone G6,117.0,,,,,104397.0
010,334,2020-03-23T14:14:17,EGV,,,,iPhone G6,119.0,,,,,104697.0
010,335,2020-03-23T14:19:16,EGV,,,,iPhone G6,120.0,,,,,104997.0
010,336,2020-03-23T14:24:16,EGV,,,,iPhone G6,120.0,,,,,105297.0
010,337,2020-03-23T14:29:17,EGV,,,,iPhone G6,119.0,,,,,105597.0
010,338,2020-03-23T14:34:16,EGV,,,,iPhone G6,119.0,,,,,105897.0
010,339,2020-03-23T14:39:16,EGV,,,,iPhone G6,118.0,,,,,106197.0
010,340,2020-03-23T14:44:16,EGV,,,,iPhone G6,117.0,,,,,106497.0
010,341,2020-03-23T14:49:17,EGV,,,,iPhone G6,117.0,,,,,106797.0
010,342,2020-03-23T14:54:17,EGV,,,,iPhone G6,118.0,,,,,107097.0
010,343,2020-03-23T14:59:16,EGV,,,,iPhone G6,119.0,,,,,107397.0
010,344,2020-03-23T15:04:16,EGV,,,,iPhone G6,119.0,,,,,107697.0
010,345,2020-03-23T15:09:16,EGV,,,,iPhone G6,118.0,,,,,107997.0
010,346,2020-03-23T15:14:16,EGV,,,,iPhone G6,116.0,,,,,108297.0
010,347,2020-03-23T15:19:15,EGV,,,,iPhone G6,114.0,,,,,108597.0
010,348,2020-03-23T15:24:15,EGV,,,,iPhone G6,111.0,,,,,108897.0
010,349,2020-03-23T15:29:16,EGV,,,,iPhone G6,109.0,,,,,109197.0
010,350,2020-03-23T15:34:17,EGV,,,,iPhone G6,108.0,,,,,109497.0
010,351,2020-03-23T15:39:17,EGV,,,,iPhone G6,107.0,,,,,109797.0
010,352,2020-03-23T15:44:17,EGV,,,,iPhone G6,106.0,,,,,110097.0
010,353,2020-03-23T15:49:16,EGV,,,,iPhone G6,106.0,,,,,110397.0
010,354,2020-03-23T15:54:16,EGV,,,,iPhone G6,104.0,,,,,110697.0
010,355,2020-03-23T15:59:16,EGV,,,,iPhone G6,102.0,,,,,110997.0
010,356,2020-03-23T16:04:17,EGV,,,,iPhone G6,100.0,,,,,111297.0
010,357,2020-03-23T16:09:16,EGV,,,,iPhone G6,99.0,,,,,111597.0
010,358,2020-03-23T16:14:16,EGV,,,,iPhone G6,98.0,,,,,111897.0
010,359,2020-03-23T16:19:17,EGV,,,,iPhone G6,101.0,,,,,112197.0
010,360,2020-03-23T16:24:17,EGV,,,,iPhone G6,108.0,,,,,112497.0
010,361,2020-03-23T16:29:17,EGV,,,,iPhone G6,118.0,,,,,112797.0
010,362,2020-03-23T16:34:17,EGV,,,,iPhone G6,127.0,,,,,113097.0
010,363,2020-03-23T16:39:17,EGV,,,,iPhone G6,132.0,,,,,113397.0
010,364,2020-03-23T16:44:17,EGV,,,,iPhone G6,135.0,,,,,113697.0
010,365,2020-03-23T16:49:16,EGV,,,,iPhone G6,136.0,,,,,113997.0
010,366,2020-03-23T16:54:16,EGV,,,,iPhone G6,136.0,,,,,114297.0
010,367,2020-03-23T16:59:17,EGV,,,,iPhone G6,136.0,,,,,114597.0
010,368,2020-03-23T17:04:16,EGV,,,,iPhone G6,134.0,,,,,114897.0
010,369,2020-03-23T17:09:16,EGV,,,,iPhone G6,132.0,,,,,115197.0
010,370,2020-03-23T17:14:16,EGV,,,,iPhone G6,131.0,,,,,115497.0
010,371,2020-03-23T17:19:16,EGV,,,,iPhone G6,130.0,,,,,115797.0
010,372,2020-03-23T17:24:17,EGV,,,,iPhone G6,129.0,,,,,116097.0
010,373,2020-03-23T17:29:16,EGV,,,,iPhone G6,127.0,,,,,116397.0
010,374,2020-03-23T17:34:16,EGV,,,,iPhone G6,125.0,,,,,116697.0
010,375,2020-03-23T17:39:17,EGV,,,,iPhone G6,124.0,,,,,116997.0
010,376,2020-03-23T17:44:16,EGV,,,,iPhone G6,121.0,,,,,117297.0
010,377,2020-03-23T17:49:17,EGV,,,,iPhone G6,119.0,,,,,117597.0
010,378,2020-03-23T17:54:17,EGV,,,,iPhone G6,117.0,,,,,117897.0
010,379,2020-03-23T17:59:17,EGV,,,,iPhone G6,114.0,,,,,118197.0
010,380,2020-03-23T18:04:17,EGV,,,,iPhone G6,111.0,,,,,118497.0
010,381,2020-03-23T18:09:17,EGV,,,,iPhone G6,107.0,,,,,118797.0
010,382,2020-03-23T18:14:17,EGV,,,,iPhone G6,103.0,,,,,119097.0
010,383,2020-03-23T18:19:17,EGV,,,,iPhone G6,102.0,,,,,119397.0
010,384,2020-03-23T18:24:17,EGV,,,,iPhone G6,107.0,,,,,119697.0
010,385,2020-03-23T18:29:17,EGV,,,,iPhone G6,117.0,,,,,119997.0
010,386,2020-03-23T18:34:17,EGV,,,,iPhone G6,129.0,,,,,120297.0
010,387,2020-03-23T18:39:17,EGV,,,,iPhone G6,139.0,,,,,120597.0
010,388,2020-03-23T18:44:17,EGV,,,,iPhone G6,142.0,,,,,120897.0
010,389,2020-03-23T18:49:17,EGV,,,,iPhone G6,135.0,,,,,121197.0
010,390,2020-03-23T18:54:17,EGV,,,,iPhone G6,126.0,,,,,121497.0
010,391,2020-03-23T18:59:17,EGV,,,,iPhone G6,120.0,,,,,121797.0
010,392,2020-03-23T19:04:17,EGV,,,,iPhone G6,119.0,,,,,122097.0
010,393,2020-03-23T19:09:17,EGV,,,,iPhone G6,119.0,,,,,122397.0
010,394,2020-03-23T19:14:17,EGV,,,,iPhone G6,117.0,,,,,122697.0
010,395,2020-03-23T19:19:16,EGV,,,,iPhone G6,113.0,,,,,122997.0
010,396,2020-03-23T19:24:16,EGV,,,,iPhone G6,107.0,,,,,123297.0
010,397,2020-03-23T19:29:16,EGV,,,,iPhone G6,100.0,,,,,123597.0
010,398,2020-03-23T19:34:15,EGV,,,,iPhone G6,95.0,,,,,123897.0
010,399,2020-03-23T19:39:15,EGV,,,,iPhone G6,92.0,,,,,124197.0
010,400,2020-03-23T19:44:16,EGV,,,,iPhone G6,92.0,,,,,124497.0
010,401,2020-03-23T19:49:16,EGV,,,,iPhone G6,92.0,,,,,124797.0
010,402,2020-03-23T19:54:15,EGV,,,,iPhone G6,93.0,,,,,125097.0
010,403,2020-03-23T19:59:15,EGV,,,,iPhone G6,94.0,,,,,125396.0
010,404,2020-03-23T20:04:15,EGV,,,,iPhone G6,95.0,,,,,125696.0
010,405,2020-03-23T20:09:15,EGV,,,,iPhone G6,95.0,,,,,125996.0
010,406,2020-03-23T20:14:15,EGV,,,,iPhone G6,94.0,,,,,126296.0
010,407,2020-03-23T20:19:14,EGV,,,,iPhone G6,92.0,,,,,126596.0
010,408,2020-03-23T20:24:14,EGV,,,,iPhone G6,90.0,,,,,126896.0
010,409,2020-03-23T20:29:15,EGV,,,,iPhone G6,90.0,,,,,127196.0
010,410,2020-03-23T20:34:15,EGV,,,,iPhone G6,91.0,,,,,127496.0
010,411,2020-03-23T20:39:15,EGV,,,,iPhone G6,91.0,,,,,127796.0
010,412,2020-03-23T20:44:15,EGV,,,,iPhone G6,91.0,,,,,128096.0
010,413,2020-03-23T20:49:14,EGV,,,,iPhone G6,92.0,,,,,128396.0
010,414,2020-03-23T20:54:15,EGV,,,,iPhone G6,93.0,,,,,128696.0
010,415,2020-03-23T20:59:14,EGV,,,,iPhone G6,95.0,,,,,128996.0
010,416,2020-03-23T21:04:14,EGV,,,,iPhone G6,96.0,,,,,129296.0
010,417,2020-03-23T21:09:13,EGV,,,,iPhone G6,97.0,,,,,129596.0
010,418,2020-03-23T21:14:13,EGV,,,,iPhone G6,98.0,,,,,129896.0
010,419,2020-03-23T21:19:14,EGV,,,,iPhone G6,99.0,,,,,130196.0
010,420,2020-03-23T21:24:14,EGV,,,,iPhone G6,99.0,,,,,130496.0
010,421,2020-03-23T21:29:13,EGV,,,,iPhone G6,98.0,,,,,130796.0
010,422,2020-03-23T21:34:14,EGV,,,,iPhone G6,98.0,,,,,131096.0
010,423,2020-03-23T21:39:14,EGV,,,,iPhone G6,99.0,,,,,131396.0
010,424,2020-03-23T21:44:15,EGV,,,,iPhone G6,100.0,,,,,131696.0
010,425,2020-03-23T21:49:14,EGV,,,,iPhone G6,101.0,,,,,131996.0
010,426,2020-03-23T21:54:14,EGV,,,,iPhone G6,101.0,,,,,132296.0
010,427,2020-03-23T21:59:14,EGV,,,,iPhone G6,99.0,,,,,132596.0
010,428,2020-03-23T22:04:15,EGV,,,,iPhone G6,101.0,,,,,132896.0
010,429,2020-03-23T22:09:15,EGV,,,,iPhone G6,104.0,,,,,133196.0
010,430,2020-03-23T22:14:15,EGV,,,,iPhone G6,104.0,,,,,133496.0
010,431,2020-03-23T22:19:15,EGV,,,,iPhone G6,97.0,,,,,133796.0
010,432,2020-03-23T22:24:14,EGV,,,,iPhone G6,87.0,,,,,134096.0
010,433,2020-03-24T05:04:15,EGV,,,,iPhone G6,102.0,,,,,158095.0
010,434,2020-03-24T05:09:15,EGV,,,,iPhone G6,103.0,,,,,158395.0
010,435,2020-03-24T05:14:15,EGV,,,,iPhone G6,103.0,,,,,158695.0
010,436,2020-03-24T05:19:15,EGV,,,,iPhone G6,103.0,,,,,158995.0
010,437,2020-03-24T05:24:15,EGV,,,,iPhone G6,103.0,,,,,159295.0
010,438,2020-03-24T05:29:15,EGV,,,,iPhone G6,103.0,,,,,159595.0
010,439,2020-03-24T05:34:15,EGV,,,,iPhone G6,104.0,,,,,159895.0
010,440,2020-03-24T05:39:15,EGV,,,,iPhone G6,104.0,,,,,160195.0
010,441,2020-03-24T05:44:15,EGV,,,,iPhone G6,104.0,,,,,160495.0
010,442,2020-03-24T05:49:15,EGV,,,,iPhone G6,104.0,,,,,160795.0
010,443,2020-03-24T05:54:15,EGV,,,,iPhone G6,104.0,,,,,161095.0
010,444,2020-03-24T05:59:15,EGV,,,,iPhone G6,104.0,,,,,161395.0
010,445,2020-03-24T06:04:15,EGV,,,,iPhone G6,104.0,,,,,161695.0
010,446,2020-03-24T06:09:15,EGV,,,,iPhone G6,104.0,,,,,161995.0
010,447,2020-03-24T06:14:15,EGV,,,,iPhone G6,104.0,,,,,162295.0
010,448,2020-03-24T06:19:15,EGV,,,,iPhone G6,105.0,,,,,162595.0
010,449,2020-03-24T06:24:15,EGV,,,,iPhone G6,105.0,,,,,162895.0
010,450,2020-03-24T06:29:15,EGV,,,,iPhone G6,105.0,,,,,163195.0
010,451,2020-03-24T06:34:15,EGV,,,,iPhone G6,104.0,,,,,163495.0
010,452,2020-03-24T06:39:15,EGV,,,,iPhone G6,103.0,,,,,163795.0
010,453,2020-03-24T06:44:15,EGV,,,,iPhone G6,102.0,,,,,164095.0
010,454,2020-03-24T06:49:15,EGV,,,,iPhone G6,102.0,,,,,164395.0
010,455,2020-03-24T06:54:15,EGV,,,,iPhone G6,102.0,,,,,164695.0
010,456,2020-03-24T06:59:15,EGV,,,,iPhone G6,102.0,,,,,164995.0
010,457,2020-03-24T07:04:15,EGV,,,,iPhone G6,103.0,,,,,165295.0
010,458,2020-03-24T07:09:15,EGV,,,,iPhone G6,104.0,,,,,165595.0
010,459,2020-03-24T07:14:15,EGV,,,,iPhone G6,105.0,,,,,165895.0
010,460,2020-03-24T07:19:15,EGV,,,,iPhone G6,106.0,,,,,166195.0
010,461,2020-03-24T07:24:15,EGV,,,,iPhone G6,105.0,,,,,166495.0
010,462,2020-03-24T07:29:15,EGV,,,,iPhone G6,103.0,,,,,166795.0
010,463,2020-03-24T07:34:15,EGV,,,,iPhone G6,102.0,,,,,167095.0
010,464,2020-03-24T07:39:15,EGV,,,,iPhone G6,102.0,,,,,167395.0
010,465,2020-03-24T07:44:15,EGV,,,,iPhone G6,102.0,,,,,167695.0
010,466,2020-03-24T07:49:15,EGV,,,,iPhone G6,103.0,,,,,167995.0
010,467,2020-03-24T07:54:15,EGV,,,,iPhone G6,104.0,,,,,168295.0
010,468,2020-03-24T07:59:15,EGV,,,,iPhone G6,105.0,,,,,168595.0
010,469,2020-03-24T08:04:15,EGV,,,,iPhone G6,106.0,,,,,168895.0
010,470,2020-03-24T08:09:15,EGV,,,,iPhone G6,106.0,,,,,169195.0
010,471,2020-03-24T08:14:15,EGV,,,,iPhone G6,106.0,,,,,169495.0
010,472,2020-03-24T08:19:15,EGV,,,,iPhone G6,104.0,,,,,169795.0
010,473,2020-03-24T08:24:15,EGV,,,,iPhone G6,102.0,,,,,170095.0
010,474,2020-03-24T08:29:15,EGV,,,,iPhone G6,101.0,,,,,170395.0
010,475,2020-03-24T08:34:15,EGV,,,,iPhone G6,102.0,,,,,170695.0
010,476,2020-03-24T08:39:15,EGV,,,,iPhone G6,103.0,,,,,170995.0
010,477,2020-03-24T08:44:15,EGV,,,,iPhone G6,104.0,,,,,171295.0
010,478,2020-03-24T08:49:15,EGV,,,,iPhone G6,103.0,,,,,171595.0
010,479,2020-03-24T08:54:15,EGV,,,,iPhone G6,101.0,,,,,171895.0
010,480,2020-03-24T08:59:15,EGV,,,,iPhone G6,98.0,,,,,172195.0
010,481,2020-03-24T09:04:15,EGV,,,,iPhone G6,97.0,,,,,172495.0
010,482,2020-03-24T09:09:15,EGV,,,,iPhone G6,98.0,,,,,172795.0
010,483,2020-03-24T09:14:15,EGV,,,,iPhone G6,101.0,,,,,173095.0
010,484,2020-03-24T09:19:16,EGV,,,,iPhone G6,105.0,,,,,173395.0
010,485,2020-03-24T09:24:15,EGV,,,,iPhone G6,108.0,,,,,173695.0
010,486,2020-03-24T09:29:14,EGV,,,,iPhone G6,111.0,,,,,173995.0
010,487,2020-03-24T09:34:14,EGV,,,,iPhone G6,112.0,,,,,174295.0
010,488,2020-03-24T09:39:14,EGV,,,,iPhone G6,113.0,,,,,174595.0
010,489,2020-03-24T09:44:14,EGV,,,,iPhone G6,113.0,,,,,174895.0
010,490,2020-03-24T09:49:14,EGV,,,,iPhone G6,112.0,,,,,175195.0
010,491,2020-03-24T09:54:14,EGV,,,,iPhone G6,112.0,,,,,175495.0
010,492,2020-03-24T09:59:14,EGV,,,,iPhone G6,113.0,,,,,175795.0
010,493,2020-03-24T10:04:14,EGV,,,,iPhone G6,114.0,,,,,176095.0
010,494,2020-03-24T10:09:14,EGV,,,,iPhone G6,116.0,,,,,176395.0
010,495,2020-03-24T10:14:14,EGV,,,,iPhone G6,116.0,,,,,176695.0
010,496,2020-03-24T10:19:14,EGV,,,,iPhone G6,114.0,,,,,176995.0
010,497,2020-03-24T10:24:15,EGV,,,,iPhone G6,110.0,,,,,177295.0
010,498,2020-03-24T10:29:14,EGV,,,,iPhone G6,107.0,,,,,177595.0
010,499,2020-03-24T10:34:14,EGV,,,,iPhone G6,108.0,,,,,177895.0
011,1,,FirstName,,2019,,,,,,,,
011,2,,LastName,,011,,,,,,,,
011,3,,DateOfBirth,,1970-01-01,,,,,,,,
011,4,,Device,,,Dexcom G6 Mobile App,iPhone G6,,,,,,
011,5,,Alert,Fall,,,iPhone G6,,,,,3.0,
011,6,,Alert,High,,,iPhone G6,200.0,,,,,
011,7,,Alert,Low,,,iPhone G6,80.0,,,,,
011,8,,Alert,Signal Loss,,,iPhone G6,,,,00:20:00,,
011,9,,Alert,Rise,,,iPhone G6,,,,,3.0,
011,10,,Alert,Urgent Low,,,iPhone G6,55.0,,,,,
011,11,,Alert,Urgent Low Soon,,,iPhone G6,55.0,,,,,
011,12,2020-04-06T09:26:10,EGV,,,,iPhone G6,98.0,,,,,7801.0
011,13,2020-04-06T09:31:10,EGV,,,,iPhone G6,98.0,,,,,8101.0
011,14,2020-04-06T09:36:10,EGV,,,,iPhone G6,98.0,,,,,8401.0
011,15,2020-04-06T09:41:09,EGV,,,,iPhone G6,97.0,,,,,8701.0
011,16,2020-04-06T09:46:09,EGV,,,,iPhone G6,96.0,,,,,9001.0
011,17,2020-04-06T09:51:10,EGV,,,,iPhone G6,96.0,,,,,9301.0
011,18,2020-04-06T09:56:09,EGV,,,,iPhone G6,97.0,,,,,9601.0
011,19,2020-04-06T10:01:10,EGV,,,,iPhone G6,97.0,,,,,9901.0
011,20,2020-04-06T10:06:10,EGV,,,,iPhone G6,97.0,,,,,10201.0
011,21,2020-04-06T10:11:10,EGV,,,,iPhone G6,96.0,,,,,10501.0
011,22,2020-04-06T10:16:10,EGV,,,,iPhone G6,96.0,,,,,10801.0
011,23,2020-04-06T10:21:09,EGV,,,,iPhone G6,98.0,,,,,11101.0
011,24,2020-04-06T10:26:10,EGV,,,,iPhone G6,99.0,,,,,11401.0
011,25,2020-04-06T10:31:10,EGV,,,,iPhone G6,101.0,,,,,11701.0
011,26,2020-04-06T10:36:10,EGV,,,,iPhone G6,104.0,,,,,12001.0
011,27,2020-04-06T10:41:10,EGV,,,,iPhone G6,107.0,,,,,12301.0
011,28,2020-04-06T10:46:10,EGV,,,,iPhone G6,108.0,,,,,12601.0
011,29,2020-04-06T10:51:10,EGV,,,,iPhone G6,108.0,,,,,12901.0
011,30,2020-04-06T10:56:10,EGV,,,,iPhone G6,105.0,,,,,13201.0
011,31,2020-04-06T11:01:09,EGV,,,,iPhone G6,103.0,,,,,13501.0
011,32,2020-04-06T11:06:09,EGV,,,,iPhone G6,99.0,,,,,13801.0
011,33,2020-04-06T11:11:10,EGV,,,,iPhone G6,97.0,,,,,14101.0
011,34,2020-04-06T11:16:10,EGV,,,,iPhone G6,95.0,,,,,14401.0
011,35,2020-04-06T11:21:10,EGV,,,,iPhone G6,94.0,,,,,14701.0
011,36,2020-04-06T11:26:10,EGV,,,,iPhone G6,93.0,,,,,15001.0
011,37,2020-04-06T11:31:10,EGV,,,,iPhone G6,92.0,,,,,15301.0
011,38,2020-04-06T11:36:10,EGV,,,,iPhone G6,91.0,,,,,15601.0
011,39,2020-04-06T11:41:10,EGV,,,,iPhone G6,91.0,,,,,15901.0
011,40,2020-04-06T11:46:08,EGV,,,,iPhone G6,91.0,,,,,16201.0
011,41,2020-04-06T11:51:08,EGV,,,,iPhone G6,91.0,,,,,16501.0
011,42,2020-04-06T11:56:09,EGV,,,,iPhone G6,91.0,,,,,16801.0
011,43,2020-04-06T12:01:09,EGV,,,,iPhone G6,92.0,,,,,17101.0
011,44,2020-04-06T12:06:08,EGV,,,,iPhone G6,94.0,,,,,17401.0
011,45,2020-04-06T12:11:09,EGV,,,,iPhone G6,97.0,,,,,17701.0
011,46,2020-04-06T12:16:08,EGV,,,,iPhone G6,100.0,,,,,18001.0
011,47,2020-04-06T12:21:08,EGV,,,,iPhone G6,105.0,,,,,18301.0
011,48,2020-04-06T12:26:09,EGV,,,,iPhone G6,111.0,,,,,18601.0
011,49,2020-04-06T12:31:08,EGV,,,,iPhone G6,118.0,,,,,18900.0
011,50,2020-04-06T12:36:07,EGV,,,,iPhone G6,126.0,,,,,19200.0
011,51,2020-04-06T12:41:07,EGV,,,,iPhone G6,132.0,,,,,19500.0
011,52,2020-04-06T12:46:07,EGV,,,,iPhone G6,137.0,,,,,19800.0
011,53,2020-04-06T12:51:06,EGV,,,,iPhone G6,137.0,,,,,20100.0
011,54,2020-04-06T12:56:07,EGV,,,,iPhone G6,137.0,,,,,20400.0
011,55,2020-04-06T13:01:07,EGV,,,,iPhone G6,134.0,,,,,20700.0
011,56,2020-04-06T13:06:06,EGV,,,,iPhone G6,129.0,,,,,21000.0
011,57,2020-04-06T13:11:06,EGV,,,,iPhone G6,121.0,,,,,21300.0
011,58,2020-04-06T13:16:07,EGV,,,,iPhone G6,116.0,,,,,21600.0
011,59,2020-04-06T13:21:06,EGV,,,,iPhone G6,113.0,,,,,21900.0
011,60,2020-04-06T13:26:07,EGV,,,,iPhone G6,112.0,,,,,22200.0
011,61,2020-04-06T13:31:06,EGV,,,,iPhone G6,111.0,,,,,22500.0
011,62,2020-04-06T13:36:07,EGV,,,,iPhone G6,111.0,,,,,22800.0
011,63,2020-04-06T13:41:06,EGV,,,,iPhone G6,111.0,,,,,23100.0
011,64,2020-04-06T13:46:07,EGV,,,,iPhone G6,109.0,,,,,23400.0
011,65,2020-04-06T13:51:06,EGV,,,,iPhone G6,108.0,,,,,23700.0
011,66,2020-04-06T13:56:06,EGV,,,,iPhone G6,108.0,,,,,24000.0
011,67,2020-04-06T14:01:07,EGV,,,,iPhone G6,109.0,,,,,24300.0
011,68,2020-04-06T14:06:07,EGV,,,,iPhone G6,111.0,,,,,24600.0
011,69,2020-04-06T14:11:07,EGV,,,,iPhone G6,110.0,,,,,24900.0
011,70,2020-04-06T14:16:06,EGV,,,,iPhone G6,109.0,,,,,25200.0
011,71,2020-04-06T14:21:07,EGV,,,,iPhone G6,108.0,,,,,25500.0
011,72,2020-04-06T14:26:06,EGV,,,,iPhone G6,109.0,,,,,25800.0
011,73,2020-04-06T14:31:07,EGV,,,,iPhone G6,110.0,,,,,26100.0
011,74,2020-04-06T14:36:07,EGV,,,,iPhone G6,109.0,,,,,26400.0
011,75,2020-04-06T14:41:07,EGV,,,,iPhone G6,104.0,,,,,26700.0
011,76,2020-04-06T14:46:07,EGV,,,,iPhone G6,101.0,,,,,27000.0
011,77,2020-04-06T14:51:07,EGV,,,,iPhone G6,98.0,,,,,27300.0
011,78,2020-04-06T14:56:06,EGV,,,,iPhone G6,97.0,,,,,27600.0
011,79,2020-04-06T15:01:07,EGV,,,,iPhone G6,95.0,,,,,27900.0
011,80,2020-04-06T15:06:06,EGV,,,,iPhone G6,93.0,,,,,28200.0
011,81,2020-04-06T15:11:07,EGV,,,,iPhone G6,92.0,,,,,28500.0
011,82,2020-04-06T15:16:06,EGV,,,,iPhone G6,92.0,,,,,28800.0
011,83,2020-04-06T15:21:07,EGV,,,,iPhone G6,92.0,,,,,29100.0
011,84,2020-04-06T15:26:06,EGV,,,,iPhone G6,93.0,,,,,29400.0
011,85,2020-04-06T15:31:07,EGV,,,,iPhone G6,94.0,,,,,29700.0
011,86,2020-04-06T15:36:07,EGV,,,,iPhone G6,96.0,,,,,30000.0
011,87,2020-04-06T15:41:07,EGV,,,,iPhone G6,100.0,,,,,30300.0
011,88,2020-04-06T15:46:06,EGV,,,,iPhone G6,104.0,,,,,30600.0
011,89,2020-04-06T15:51:07,EGV,,,,iPhone G6,105.0,,,,,30900.0
011,90,2020-04-06T15:56:06,EGV,,,,iPhone G6,103.0,,,,,31200.0
011,91,2020-04-06T16:01:07,EGV,,,,iPhone G6,100.0,,,,,31500.0
011,92,2020-04-06T16:06:07,EGV,,,,iPhone G6,97.0,,,,,31800.0
011,93,2020-04-06T16:11:07,EGV,,,,iPhone G6,96.0,,,,,32100.0
011,94,2020-04-06T16:16:07,EGV,,,,iPhone G6,97.0,,,,,32400.0
011,95,2020-04-06T16:21:06,EGV,,,,iPhone G6,98.0,,,,,32700.0
011,96,2020-04-06T16:26:07,EGV,,,,iPhone G6,99.0,,,,,33000.0
011,97,2020-04-06T16:31:06,EGV,,,,iPhone G6,98.0,,,,,33300.0
011,98,2020-04-06T16:36:06,EGV,,,,iPhone G6,95.0,,,,,33600.0
011,99,2020-04-06T16:41:06,EGV,,,,iPhone G6,93.0,,,,,33900.0
011,100,2020-04-06T16:46:07,EGV,,,,iPhone G6,91.0,,,,,34200.0
011,101,2020-04-06T16:51:06,EGV,,,,iPhone G6,91.0,,,,,34500.0
011,102,2020-04-06T16:56:07,EGV,,,,iPhone G6,90.0,,,,,34800.0
011,103,2020-04-06T17:01:06,EGV,,,,iPhone G6,89.0,,,,,35100.0
011,104,2020-04-06T17:06:07,EGV,,,,iPhone G6,89.0,,,,,35400.0
011,105,2020-04-06T17:11:07,EGV,,,,iPhone G6,90.0,,,,,35700.0
011,106,2020-04-06T17:16:07,EGV,,,,iPhone G6,91.0,,,,,36000.0
011,107,2020-04-06T17:21:07,EGV,,,,iPhone G6,91.0,,,,,36300.0
011,108,2020-04-06T17:26:07,EGV,,,,iPhone G6,91.0,,,,,36600.0
011,109,2020-04-06T17:31:08,EGV,,,,iPhone G6,91.0,,,,,36900.0
011,110,2020-04-06T17:36:08,EGV,,,,iPhone G6,92.0,,,,,37200.0
011,111,2020-04-06T17:41:08,EGV,,,,iPhone G6,93.0,,,,,37500.0
011,112,2020-04-06T17:46:07,EGV,,,,iPhone G6,94.0,,,,,37800.0
011,113,2020-04-06T17:51:07,EGV,,,,iPhone G6,95.0,,,,,38100.0
011,114,2020-04-06T17:56:07,EGV,,,,iPhone G6,96.0,,,,,38400.0
011,115,2020-04-06T18:01:08,EGV,,,,iPhone G6,96.0,,,,,38700.0
011,116,2020-04-06T18:06:08,EGV,,,,iPhone G6,95.0,,,,,39000.0
011,117,2020-04-06T18:11:08,EGV,,,,iPhone G6,94.0,,,,,39300.0
011,118,2020-04-06T18:16:08,EGV,,,,iPhone G6,93.0,,,,,39600.0
011,119,2020-04-06T18:21:08,EGV,,,,iPhone G6,93.0,,,,,39900.0
011,120,2020-04-06T18:26:08,EGV,,,,iPhone G6,93.0,,,,,40200.0
011,121,2020-04-06T18:31:07,EGV,,,,iPhone G6,93.0,,,,,40500.0
011,122,2020-04-06T18:36:08,EGV,,,,iPhone G6,94.0,,,,,40800.0
011,123,2020-04-06T18:41:08,EGV,,,,iPhone G6,96.0,,,,,41100.0
011,124,2020-04-06T18:46:07,EGV,,,,iPhone G6,100.0,,,,,41400.0
011,125,2020-04-06T18:51:07,EGV,,,,iPhone G6,104.0,,,,,41700.0
011,126,2020-04-06T18:56:07,EGV,,,,iPhone G6,104.0,,,,,42000.0
011,127,2020-04-06T19:01:08,EGV,,,,iPhone G6,99.0,,,,,42300.0
011,128,2020-04-06T19:06:08,EGV,,,,iPhone G6,97.0,,,,,42600.0
011,129,2020-04-06T19:11:08,EGV,,,,iPhone G6,99.0,,,,,42900.0
011,130,2020-04-06T19:16:07,EGV,,,,iPhone G6,103.0,,,,,43200.0
011,131,2020-04-06T19:21:08,EGV,,,,iPhone G6,105.0,,,,,43500.0
011,132,2020-04-06T19:26:07,EGV,,,,iPhone G6,103.0,,,,,43800.0
011,133,2020-04-06T19:31:08,EGV,,,,iPhone G6,101.0,,,,,44100.0
011,134,2020-04-06T19:36:07,EGV,,,,iPhone G6,101.0,,,,,44400.0
011,135,2020-04-06T19:41:07,EGV,,,,iPhone G6,106.0,,,,,44700.0
011,136,2020-04-06T19:46:07,EGV,,,,iPhone G6,112.0,,,,,45000.0
011,137,2020-04-06T19:51:07,EGV,,,,iPhone G6,121.0,,,,,45300.0
011,138,2020-04-06T19:56:08,EGV,,,,iPhone G6,127.0,,,,,45600.0
011,139,2020-04-06T20:01:08,EGV,,,,iPhone G6,134.0,,,,,45900.0
011,140,2020-04-06T20:06:08,EGV,,,,iPhone G6,137.0,,,,,46200.0
011,141,2020-04-06T20:11:07,EGV,,,,iPhone G6,140.0,,,,,46500.0
011,142,2020-04-06T20:16:07,EGV,,,,iPhone G6,142.0,,,,,46800.0
011,143,2020-04-06T20:21:08,EGV,,,,iPhone G6,145.0,,,,,47100.0
011,144,2020-04-06T20:26:08,EGV,,,,iPhone G6,147.0,,,,,47400.0
011,145,2020-04-06T20:31:08,EGV,,,,iPhone G6,147.0,,,,,47700.0
011,146,2020-04-06T20:36:08,EGV,,,,iPhone G6,145.0,,,,,48000.0
011,147,2020-04-06T20:41:07,EGV,,,,iPhone G6,143.0,,,,,48300.0
011,148,2020-04-06T20:46:07,EGV,,,,iPhone G6,142.0,,,,,48600.0
011,149,2020-04-06T20:51:08,EGV,,,,iPhone G6,141.0,,,,,48900.0
011,150,2020-04-06T20:56:08,EGV,,,,iPhone G6,142.0,,,,,49200.0
011,151,2020-04-06T21:01:08,EGV,,,,iPhone G6,143.0,,,,,49500.0
011,152,2020-04-06T21:06:08,EGV,,,,iPhone G6,145.0,,,,,49800.0
011,153,2020-04-06T21:11:07,EGV,,,,iPhone G6,147.0,,,,,50100.0
011,154,2020-04-06T21:16:08,EGV,,,,iPhone G6,149.0,,,,,50400.0
011,155,2020-04-06T21:21:08,EGV,,,,iPhone G6,149.0,,,,,50700.0
011,156,2020-04-06T21:26:07,EGV,,,,iPhone G6,149.0,,,,,51000.0
011,157,2020-04-06T21:31:07,EGV,,,,iPhone G6,149.0,,,,,51300.0
011,158,2020-04-06T21:36:08,EGV,,,,iPhone G6,149.0,,,,,51600.0
011,159,2020-04-06T21:41:07,EGV,,,,iPhone G6,150.0,,,,,51900.0
011,160,2020-04-06T21:46:07,EGV,,,,iPhone G6,151.0,,,,,52200.0
011,161,2020-04-06T21:51:08,EGV,,,,iPhone G6,152.0,,,,,52500.0
011,162,2020-04-06T21:56:08,EGV,,,,iPhone G6,153.0,,,,,52800.0
011,163,2020-04-06T22:01:07,EGV,,,,iPhone G6,153.0,,,,,53100.0
011,164,2020-04-06T22:06:08,EGV,,,,iPhone G6,152.0,,,,,53400.0
011,165,2020-04-06T22:11:07,EGV,,,,iPhone G6,152.0,,,,,53700.0
011,166,2020-04-06T22:16:08,EGV,,,,iPhone G6,154.0,,,,,54000.0
011,167,2020-04-06T22:21:07,EGV,,,,iPhone G6,156.0,,,,,54300.0
011,168,2020-04-06T22:26:08,EGV,,,,iPhone G6,159.0,,,,,54600.0
011,169,2020-04-06T22:31:08,EGV,,,,iPhone G6,161.0,,,,,54900.0
011,170,2020-04-06T22:36:07,EGV,,,,iPhone G6,162.0,,,,,55200.0
011,171,2020-04-06T22:41:08,EGV,,,,iPhone G6,162.0,,,,,55500.0
011,172,2020-04-06T22:46:07,EGV,,,,iPhone G6,162.0,,,,,55800.0
011,173,2020-04-06T22:51:07,EGV,,,,iPhone G6,162.0,,,,,56100.0
011,174,2020-04-06T22:56:08,EGV,,,,iPhone G6,163.0,,,,,56400.0
011,175,2020-04-06T23:01:07,EGV,,,,iPhone G6,163.0,,,,,56700.0
011,176,2020-04-06T23:06:08,EGV,,,,iPhone G6,163.0,,,,,57000.0
011,177,2020-04-06T23:11:08,EGV,,,,iPhone G6,162.0,,,,,57300.0
011,178,2020-04-06T23:16:07,EGV,,,,iPhone G6,161.0,,,,,57600.0
011,179,2020-04-06T23:21:07,EGV,,,,iPhone G6,158.0,,,,,57900.0
011,180,2020-04-06T23:26:07,EGV,,,,iPhone G6,156.0,,,,,58200.0
011,181,2020-04-06T23:31:08,EGV,,,,iPhone G6,153.0,,,,,58500.0
011,182,2020-04-06T23:36:07,EGV,,,,iPhone G6,149.0,,,,,58800.0
011,183,2020-04-06T23:41:07,EGV,,,,iPhone G6,144.0,,,,,59100.0
011,184,2020-04-06T23:46:07,EGV,,,,iPhone G6,136.0,,,,,59400.0
011,185,2020-04-06T23:51:07,EGV,,,,iPhone G6,128.0,,,,,59700.0
011,186,2020-04-06T23:56:07,EGV,,,,iPhone G6,121.0,,,,,60000.0
011,187,2020-04-07T00:01:08,EGV,,,,iPhone G6,116.0,,,,,60300.0
011,188,2020-04-07T00:06:07,EGV,,,,iPhone G6,115.0,,,,,60600.0
011,189,2020-04-07T00:11:07,EGV,,,,iPhone G6,115.0,,,,,60900.0
011,190,2020-04-07T00:16:07,EGV,,,,iPhone G6,116.0,,,,,61200.0
011,191,2020-04-07T00:21:07,EGV,,,,iPhone G6,117.0,,,,,61500.0
011,192,2020-04-07T00:26:07,EGV,,,,iPhone G6,118.0,,,,,61800.0
011,193,2020-04-07T00:31:07,EGV,,,,iPhone G6,119.0,,,,,62100.0
011,194,2020-04-07T00:36:07,EGV,,,,iPhone G6,119.0,,,,,62400.0
011,195,2020-04-07T00:41:07,EGV,,,,iPhone G6,119.0,,,,,62700.0
011,196,2020-04-07T00:46:07,EGV,,,,iPhone G6,119.0,,,,,63000.0
011,197,2020-04-07T00:51:07,EGV,,,,iPhone G6,121.0,,,,,63300.0
011,198,2020-04-07T00:56:08,EGV,,,,iPhone G6,125.0,,,,,63600.0
011,199,2020-04-07T01:01:07,EGV,,,,iPhone G6,131.0,,,,,63900.0
011,200,2020-04-07T01:06:07,EGV,,,,iPhone G6,137.0,,,,,64200.0
011,201,2020-04-07T01:11:08,EGV,,,,iPhone G6,142.0,,,,,64500.0
011,202,2020-04-07T01:16:07,EGV,,,,iPhone G6,147.0,,,,,64800.0
011,203,2020-04-07T01:21:07,EGV,,,,iPhone G6,151.0,,,,,65100.0
011,204,2020-04-07T01:26:07,EGV,,,,iPhone G6,154.0,,,,,65400.0
011,205,2020-04-07T01:31:08,EGV,,,,iPhone G6,156.0,,,,,65700.0
011,206,2020-04-07T01:36:07,EGV,,,,iPhone G6,156.0,,,,,66000.0
011,207,2020-04-07T01:41:08,EGV,,,,iPhone G6,155.0,,,,,66300.0
011,208,2020-04-07T01:46:07,EGV,,,,iPhone G6,154.0,,,,,66600.0
011,209,2020-04-07T01:51:08,EGV,,,,iPhone G6,153.0,,,,,66900.0
011,210,2020-04-07T01:56:08,EGV,,,,iPhone G6,152.0,,,,,67200.0
011,211,2020-04-07T02:01:08,EGV,,,,iPhone G6,150.0,,,,,67500.0
011,212,2020-04-07T02:06:08,EGV,,,,iPhone G6,145.0,,,,,67800.0
011,213,2020-04-07T02:11:07,EGV,,,,iPhone G6,139.0,,,,,68100.0
011,214,2020-04-07T02:16:07,EGV,,,,iPhone G6,133.0,,,,,68400.0
011,215,2020-04-07T02:21:08,EGV,,,,iPhone G6,129.0,,,,,68700.0
011,216,2020-04-07T02:26:08,EGV,,,,iPhone G6,127.0,,,,,69000.0
011,217,2020-04-07T02:31:07,EGV,,,,iPhone G6,125.0,,,,,69300.0
011,218,2020-04-07T02:36:08,EGV,,,,iPhone G6,124.0,,,,,69600.0
011,219,2020-04-07T02:41:07,EGV,,,,iPhone G6,121.0,,,,,69900.0
011,220,2020-04-07T02:46:08,EGV,,,,iPhone G6,119.0,,,,,70200.0
011,221,2020-04-07T02:51:07,EGV,,,,iPhone G6,118.0,,,,,70500.0
011,222,2020-04-07T02:56:07,EGV,,,,iPhone G6,118.0,,,,,70800.0
011,223,2020-04-07T03:01:07,EGV,,,,iPhone G6,118.0,,,,,71100.0
011,224,2020-04-07T03:06:07,EGV,,,,iPhone G6,118.0,,,,,71400.0
011,225,2020-04-07T03:11:07,EGV,,,,iPhone G6,118.0,,,,,71700.0
011,226,2020-04-07T03:16:08,EGV,,,,iPhone G6,118.0,,,,,72000.0
011,227,2020-04-07T03:21:08,EGV,,,,iPhone G6,117.0,,,,,72300.0
011,228,2020-04-07T03:26:07,EGV,,,,iPhone G6,116.0,,,,,72600.0
011,229,2020-04-07T03:31:07,EGV,,,,iPhone G6,116.0,,,,,72900.0
011,230,2020-04-07T03:36:07,EGV,,,,iPhone G6,115.0,,,,,73200.0
011,231,2020-04-07T03:41:08,EGV,,,,iPhone G6,114.0,,,,,73500.0
011,232,2020-04-07T03:46:07,EGV,,,,iPhone G6,114.0,,,,,73800.0
011,233,2020-04-07T03:51:08,EGV,,,,iPhone G6,113.0,,,,,74100.0
011,234,2020-04-07T03:56:08,EGV,,,,iPhone G6,113.0,,,,,74400.0
011,235,2020-04-07T04:01:07,EGV,,,,iPhone G6,113.0,,,,,74700.0
011,236,2020-04-07T04:06:07,EGV,,,,iPhone G6,112.0,,,,,75000.0
011,237,2020-04-07T04:11:08,EGV,,,,iPhone G6,112.0,,,,,75300.0
011,238,2020-04-07T04:16:08,EGV,,,,iPhone G6,111.0,,,,,75600.0
011,239,2020-04-07T04:21:07,EGV,,,,iPhone G6,109.0,,,,,75900.0
011,240,2020-04-07T04:26:07,EGV,,,,iPhone G6,108.0,,,,,76200.0
011,241,2020-04-07T04:31:08,EGV,,,,iPhone G6,107.0,,,,,76500.0
011,242,2020-04-07T04:36:08,EGV,,,,iPhone G6,109.0,,,,,76800.0
011,243,2020-04-07T04:41:08,EGV,,,,iPhone G6,112.0,,,,,77100.0
011,244,2020-04-07T04:46:07,EGV,,,,iPhone G6,113.0,,,,,77400.0
011,245,2020-04-07T04:51:07,EGV,,,,iPhone G6,111.0,,,,,77700.0
011,246,2020-04-07T04:56:07,EGV,,,,iPhone G6,107.0,,,,,78000.0
011,247,2020-04-07T05:01:07,EGV,,,,iPhone G6,103.0,,,,,78300.0
011,248,2020-04-07T05:06:08,EGV,,,,iPhone G6,102.0,,,,,78600.0
011,249,2020-04-07T05:11:08,EGV,,,,iPhone G6,103.0,,,,,78900.0
011,250,2020-04-07T05:16:08,EGV,,,,iPhone G6,104.0,,,,,79200.0
011,251,2020-04-07T05:21:08,EGV,,,,iPhone G6,102.0,,,,,79500.0
011,252,2020-04-07T05:26:08,EGV,,,,iPhone G6,99.0,,,,,79800.0
011,253,2020-04-07T05:31:08,EGV,,,,iPhone G6,97.0,,,,,80100.0
011,254,2020-04-07T05:36:08,EGV,,,,iPhone G6,97.0,,,,,80400.0
011,255,2020-04-07T05:41:08,EGV,,,,iPhone G6,98.0,,,,,80700.0
011,256,2020-04-07T05:46:08,EGV,,,,iPhone G6,106.0,,,,,81000.0
011,257,2020-04-07T05:51:08,EGV,,,,iPhone G6,123.0,,,,,81300.0
011,258,2020-04-07T05:56:07,EGV,,,,iPhone G6,145.0,,,,,81600.0
011,259,2020-04-07T06:01:07,EGV,,,,iPhone G6,168.0,,,,,81900.0
011,260,2020-04-07T06:06:07,EGV,,,,iPhone G6,188.0,,,,,82200.0
011,261,2020-04-07T06:11:07,EGV,,,,iPhone G6,203.0,,,,,82500.0
011,262,2020-04-07T06:16:08,EGV,,,,iPhone G6,209.0,,,,,82800.0
011,263,2020-04-07T06:21:07,EGV,,,,iPhone G6,209.0,,,,,83100.0
011,264,2020-04-07T06:26:07,EGV,,,,iPhone G6,201.0,,,,,83400.0
011,265,2020-04-07T06:31:07,EGV,,,,iPhone G6,191.0,,,,,83700.0
011,266,2020-04-07T06:36:07,EGV,,,,iPhone G6,175.0,,,,,84000.0
011,267,2020-04-07T06:41:07,EGV,,,,iPhone G6,158.0,,,,,84300.0
011,268,2020-04-07T06:46:07,EGV,,,,iPhone G6,144.0,,,,,84600.0
011,269,2020-04-07T06:51:07,EGV,,,,iPhone G6,134.0,,,,,84900.0
011,270,2020-04-07T06:56:07,EGV,,,,iPhone G6,128.0,,,,,85200.0
011,271,2020-04-07T07:01:07,EGV,,,,iPhone G6,126.0,,,,,85500.0
011,272,2020-04-07T07:06:07,EGV,,,,iPhone G6,124.0,,,,,85799.0
011,273,2020-04-07T07:11:06,EGV,,,,iPhone G6,121.0,,,,,86099.0
011,274,2020-04-07T07:16:07,EGV,,,,iPhone G6,118.0,,,,,86399.0
011,275,2020-04-07T07:21:07,EGV,,,,iPhone G6,114.0,,,,,86699.0
011,276,2020-04-07T07:26:07,EGV,,,,iPhone G6,110.0,,,,,86999.0
011,277,2020-04-07T07:31:07,EGV,,,,iPhone G6,105.0,,,,,87299.0
011,278,2020-04-07T07:36:07,EGV,,,,iPhone G6,98.0,,,,,87599.0
011,279,2020-04-07T07:41:07,EGV,,,,iPhone G6,92.0,,,,,87899.0
011,280,2020-04-07T07:46:06,EGV,,,,iPhone G6,86.0,,,,,88199.0
011,281,2020-04-07T07:51:06,EGV,,,,iPhone G6,82.0,,,,,88499.0
011,282,2020-04-07T07:56:06,EGV,,,,iPhone G6,79.0,,,,,88799.0
011,283,2020-04-07T08:01:06,EGV,,,,iPhone G6,76.0,,,,,89099.0
011,284,2020-04-07T08:06:06,EGV,,,,iPhone G6,74.0,,,,,89399.0
011,285,2020-04-07T08:11:07,EGV,,,,iPhone G6,73.0,,,,,89699.0
011,286,2020-04-07T08:16:06,EGV,,,,iPhone G6,72.0,,,,,89999.0
011,287,2020-04-07T08:21:06,EGV,,,,iPhone G6,71.0,,,,,90299.0
011,288,2020-04-07T08:26:06,EGV,,,,iPhone G6,71.0,,,,,90599.0
011,289,2020-04-07T08:31:06,EGV,,,,iPhone G6,71.0,,,,,90899.0
011,290,2020-04-07T08:36:06,EGV,,,,iPhone G6,72.0,,,,,91199.0
011,291,2020-04-07T08:41:06,EGV,,,,iPhone G6,72.0,,,,,91499.0
011,292,2020-04-07T08:46:07,EGV,,,,iPhone G6,72.0,,,,,91799.0
011,293,2020-04-07T08:51:06,EGV,,,,iPhone G6,73.0,,,,,92099.0
011,294,2020-04-07T08:56:06,EGV,,,,iPhone G6,74.0,,,,,92399.0
011,295,2020-04-07T09:01:06,EGV,,,,iPhone G6,75.0,,,,,92699.0
011,296,2020-04-07T09:06:06,EGV,,,,iPhone G6,77.0,,,,,92999.0
011,297,2020-04-07T09:11:06,EGV,,,,iPhone G6,77.0,,,,,93299.0
011,298,2020-04-07T09:16:06,EGV,,,,iPhone G6,79.0,,,,,93599.0
011,299,2020-04-07T09:21:06,EGV,,,,iPhone G6,80.0,,,,,93899.0
011,300,2020-04-07T09:26:06,EGV,,,,iPhone G6,82.0,,,,,94199.0
011,301,2020-04-07T09:31:06,EGV,,,,iPhone G6,82.0,,,,,94499.0
011,302,2020-04-07T09:36:06,EGV,,,,iPhone G6,83.0,,,,,94799.0
011,303,2020-04-07T09:41:06,EGV,,,,iPhone G6,85.0,,,,,95099.0
011,304,2020-04-07T09:46:06,EGV,,,,iPhone G6,88.0,,,,,95399.0
011,305,2020-04-07T09:51:06,EGV,,,,iPhone G6,88.0,,,,,95699.0
011,306,2020-04-07T09:56:06,EGV,,,,iPhone G6,86.0,,,,,95999.0
011,307,2020-04-07T10:01:07,EGV,,,,iPhone G6,83.0,,,,,96299.0
011,308,2020-04-07T10:06:06,EGV,,,,iPhone G6,83.0,,,,,96599.0
011,309,2020-04-07T10:11:06,EGV,,,,iPhone G6,84.0,,,,,96899.0
011,310,2020-04-07T10:16:06,EGV,,,,iPhone G6,86.0,,,,,97199.0
011,311,2020-04-07T10:21:06,EGV,,,,iPhone G6,87.0,,,,,97499.0
011,312,2020-04-07T10:26:06,EGV,,,,iPhone G6,88.0,,,,,97799.0
011,313,2020-04-07T10:31:06,EGV,,,,iPhone G6,91.0,,,,,98099.0
011,314,2020-04-07T10:36:06,EGV,,,,iPhone G6,93.0,,,,,98399.0
011,315,2020-04-07T10:41:06,EGV,,,,iPhone G6,94.0,,,,,98699.0
011,316,2020-04-07T10:46:06,EGV,,,,iPhone G6,93.0,,,,,98999.0
011,317,2020-04-07T10:51:06,EGV,,,,iPhone G6,93.0,,,,,99299.0
011,318,2020-04-07T10:56:06,EGV,,,,iPhone G6,93.0,,,,,99599.0
011,319,2020-04-07T11:01:06,EGV,,,,iPhone G6,94.0,,,,,99899.0
011,320,2020-04-07T11:06:06,EGV,,,,iPhone G6,93.0,,,,,100199.0
011,321,2020-04-07T11:11:06,EGV,,,,iPhone G6,92.0,,,,,100499.0
011,322,2020-04-07T11:16:06,EGV,,,,iPhone G6,91.0,,,,,100799.0
011,323,2020-04-07T11:21:06,EGV,,,,iPhone G6,92.0,,,,,101099.0
011,324,2020-04-07T11:26:06,EGV,,,,iPhone G6,93.0,,,,,101399.0
011,325,2020-04-07T11:31:06,EGV,,,,iPhone G6,96.0,,,,,101699.0
011,326,2020-04-07T11:36:06,EGV,,,,iPhone G6,99.0,,,,,101999.0
011,327,2020-04-07T11:41:06,EGV,,,,iPhone G6,102.0,,,,,102299.0
011,328,2020-04-07T11:46:06,EGV,,,,iPhone G6,102.0,,,,,102599.0
011,329,2020-04-07T11:51:06,EGV,,,,iPhone G6,101.0,,,,,102899.0
011,330,2020-04-07T11:56:06,EGV,,,,iPhone G6,100.0,,,,,103199.0
011,331,2020-04-07T12:01:06,EGV,,,,iPhone G6,99.0,,,,,103499.0
011,332,2020-04-07T12:06:06,EGV,,,,iPhone G6,99.0,,,,,103799.0
011,333,2020-04-07T12:11:07,EGV,,,,iPhone G6,100.0,,,,,104099.0
011,334,2020-04-07T12:16:06,EGV,,,,iPhone G6,102.0,,,,,104399.0
011,335,2020-04-07T12:21:07,EGV,,,,iPhone G6,103.0,,,,,104699.0
011,336,2020-04-07T12:26:06,EGV,,,,iPhone G6,102.0,,,,,104999.0
011,337,2020-04-07T12:31:06,EGV,,,,iPhone G6,101.0,,,,,105299.0
011,338,2020-04-07T12:36:06,EGV,,,,iPhone G6,100.0,,,,,105599.0
011,339,2020-04-07T12:41:06,EGV,,,,iPhone G6,99.0,,,,,105899.0
011,340,2020-04-07T12:46:06,EGV,,,,iPhone G6,98.0,,,,,106199.0
011,341,2020-04-07T12:51:06,EGV,,,,iPhone G6,98.0,,,,,106499.0
011,342,2020-04-07T12:56:06,EGV,,,,iPhone G6,100.0,,,,,106799.0
011,343,2020-04-07T13:01:06,EGV,,,,iPhone G6,104.0,,,,,107099.0
011,344,2020-04-07T13:06:07,EGV,,,,iPhone G6,107.0,,,,,107399.0
011,345,2020-04-07T13:11:07,EGV,,,,iPhone G6,112.0,,,,,107699.0
011,346,2020-04-07T13:16:07,EGV,,,,iPhone G6,116.0,,,,,107999.0
011,347,2020-04-07T13:21:07,EGV,,,,iPhone G6,119.0,,,,,108299.0
011,348,2020-04-07T13:26:07,EGV,,,,iPhone G6,117.0,,,,,108599.0
011,349,2020-04-07T13:31:07,EGV,,,,iPhone G6,113.0,,,,,108899.0
011,350,2020-04-07T13:36:07,EGV,,,,iPhone G6,108.0,,,,,109199.0
011,351,2020-04-07T13:41:07,EGV,,,,iPhone G6,104.0,,,,,109499.0
011,352,2020-04-07T13:46:07,EGV,,,,iPhone G6,102.0,,,,,109799.0
011,353,2020-04-07T13:51:07,EGV,,,,iPhone G6,102.0,,,,,110099.0
011,354,2020-04-07T13:56:07,EGV,,,,iPhone G6,105.0,,,,,110399.0
011,355,2020-04-07T14:01:07,EGV,,,,iPhone G6,106.0,,,,,110699.0
011,356,2020-04-07T14:06:07,EGV,,,,iPhone G6,105.0,,,,,110999.0
011,357,2020-04-07T14:11:07,EGV,,,,iPhone G6,105.0,,,,,111299.0
011,358,2020-04-07T14:16:07,EGV,,,,iPhone G6,105.0,,,,,111599.0
011,359,2020-04-07T14:21:07,EGV,,,,iPhone G6,106.0,,,,,111899.0
011,360,2020-04-07T14:26:07,EGV,,,,iPhone G6,107.0,,,,,112199.0
011,361,2020-04-07T14:31:07,EGV,,,,iPhone G6,111.0,,,,,112499.0
011,362,2020-04-07T14:36:07,EGV,,,,iPhone G6,117.0,,,,,112799.0
011,363,2020-04-07T14:41:07,EGV,,,,iPhone G6,123.0,,,,,113099.0
011,364,2020-04-07T14:46:07,EGV,,,,iPhone G6,126.0,,,,,113399.0
011,365,2020-04-07T14:51:07,EGV,,,,iPhone G6,125.0,,,,,113699.0
011,366,2020-04-07T14:56:07,EGV,,,,iPhone G6,123.0,,,,,113999.0
011,367,2020-04-07T15:01:07,EGV,,,,iPhone G6,122.0,,,,,114299.0
011,368,2020-04-07T15:06:07,EGV,,,,iPhone G6,123.0,,,,,114599.0
011,369,2020-04-07T15:11:07,EGV,,,,iPhone G6,123.0,,,,,114899.0
011,370,2020-04-07T15:16:07,EGV,,,,iPhone G6,122.0,,,,,115199.0
011,371,2020-04-07T15:21:07,EGV,,,,iPhone G6,120.0,,,,,115499.0
011,372,2020-04-07T15:26:07,EGV,,,,iPhone G6,118.0,,,,,115799.0
011,373,2020-04-07T15:31:08,EGV,,,,iPhone G6,115.0,,,,,116099.0
011,374,2020-04-07T15:36:07,EGV,,,,iPhone G6,111.0,,,,,116399.0
011,375,2020-04-07T15:41:07,EGV,,,,iPhone G6,106.0,,,,,116699.0
011,376,2020-04-07T15:46:06,EGV,,,,iPhone G6,103.0,,,,,116999.0
011,377,2020-04-07T15:51:06,EGV,,,,iPhone G6,102.0,,,,,117299.0
011,378,2020-04-07T15:56:06,EGV,,,,iPhone G6,106.0,,,,,117599.0
011,379,2020-04-07T16:01:06,EGV,,,,iPhone G6,112.0,,,,,117899.0
011,380,2020-04-07T16:06:06,EGV,,,,iPhone G6,117.0,,,,,118199.0
011,381,2020-04-07T16:11:06,EGV,,,,iPhone G6,121.0,,,,,118499.0
011,382,2020-04-07T16:16:06,EGV,,,,iPhone G6,123.0,,,,,118799.0
011,383,2020-04-07T16:21:06,EGV,,,,iPhone G6,123.0,,,,,119099.0
011,384,2020-04-07T16:26:06,EGV,,,,iPhone G6,123.0,,,,,119399.0
011,385,2020-04-07T16:31:06,EGV,,,,iPhone G6,123.0,,,,,119699.0
011,386,2020-04-07T16:36:06,EGV,,,,iPhone G6,121.0,,,,,119999.0
011,387,2020-04-07T16:41:06,EGV,,,,iPhone G6,117.0,,,,,120299.0
011,388,2020-04-07T16:46:06,EGV,,,,iPhone G6,113.0,,,,,120599.0
011,389,2020-04-07T16:51:06,EGV,,,,iPhone G6,109.0,,,,,120899.0
011,390,2020-04-07T16:56:06,EGV,,,,iPhone G6,104.0,,,,,121199.0
011,391,2020-04-07T17:01:06,EGV,,,,iPhone G6,99.0,,,,,121499.0
011,392,2020-04-07T17:06:06,EGV,,,,iPhone G6,96.0,,,,,121799.0
011,393,2020-04-07T17:11:06,EGV,,,,iPhone G6,94.0,,,,,122099.0
011,394,2020-04-07T17:16:06,EGV,,,,iPhone G6,97.0,,,,,122399.0
011,395,2020-04-07T17:21:06,EGV,,,,iPhone G6,103.0,,,,,122699.0
011,396,2020-04-07T17:26:06,EGV,,,,iPhone G6,108.0,,,,,122999.0
011,397,2020-04-07T17:31:06,EGV,,,,iPhone G6,108.0,,,,,123299.0
011,398,2020-04-07T17:36:07,EGV,,,,iPhone G6,108.0,,,,,123599.0
011,399,2020-04-07T17:41:07,EGV,,,,iPhone G6,110.0,,,,,123899.0
011,400,2020-04-07T17:46:07,EGV,,,,iPhone G6,114.0,,,,,124199.0
011,401,2020-04-07T17:51:07,EGV,,,,iPhone G6,116.0,,,,,124499.0
011,402,2020-04-07T17:56:07,EGV,,,,iPhone G6,117.0,,,,,124799.0
011,403,2020-04-07T18:01:07,EGV,,,,iPhone G6,117.0,,,,,125099.0
011,404,2020-04-07T18:06:07,EGV,,,,iPhone G6,117.0,,,,,125399.0
011,405,2020-04-07T18:11:07,EGV,,,,iPhone G6,118.0,,,,,125699.0
011,406,2020-04-07T18:16:07,EGV,,,,iPhone G6,119.0,,,,,125999.0
011,407,2020-04-07T18:21:07,EGV,,,,iPhone G6,119.0,,,,,126299.0
011,408,2020-04-07T18:26:07,EGV,,,,iPhone G6,117.0,,,,,126599.0
011,409,2020-04-07T18:31:07,EGV,,,,iPhone G6,113.0,,,,,126899.0
011,410,2020-04-07T18:36:07,EGV,,,,iPhone G6,107.0,,,,,127199.0
011,411,2020-04-07T18:41:07,EGV,,,,iPhone G6,102.0,,,,,127499.0
011,412,2020-04-07T18:46:07,EGV,,,,iPhone G6,99.0,,,,,127799.0
011,413,2020-04-07T18:51:07,EGV,,,,iPhone G6,97.0,,,,,128099.0
011,414,2020-04-07T18:56:06,EGV,,,,iPhone G6,98.0,,,,,128399.0
011,415,2020-04-07T19:01:07,EGV,,,,iPhone G6,99.0,,,,,128699.0
011,416,2020-04-07T19:06:07,EGV,,,,iPhone G6,100.0,,,,,128999.0
011,417,2020-04-07T19:11:07,EGV,,,,iPhone G6,101.0,,,,,129299.0
011,418,2020-04-07T19:16:07,EGV,,,,iPhone G6,101.0,,,,,129599.0
011,419,2020-04-07T19:21:07,EGV,,,,iPhone G6,101.0,,,,,129899.0
011,420,2020-04-07T19:26:07,EGV,,,,iPhone G6,100.0,,,,,130199.0
011,421,2020-04-07T19:31:07,EGV,,,,iPhone G6,100.0,,,,,130499.0
011,422,2020-04-07T19:36:07,EGV,,,,iPhone G6,100.0,,,,,130799.0
011,423,2020-04-07T19:41:07,EGV,,,,iPhone G6,102.0,,,,,131099.0
011,424,2020-04-07T19:46:07,EGV,,,,iPhone G6,106.0,,,,,131399.0
011,425,2020-04-07T19:51:07,EGV,,,,iPhone G6,113.0,,,,,131699.0
011,426,2020-04-07T19:56:07,EGV,,,,iPhone G6,122.0,,,,,131999.0
011,427,2020-04-07T20:01:06,EGV,,,,iPhone G6,132.0,,,,,132299.0
011,428,2020-04-07T20:06:06,EGV,,,,iPhone G6,137.0,,,,,132599.0
011,429,2020-04-07T20:11:07,EGV,,,,iPhone G6,142.0,,,,,132899.0
011,430,2020-04-07T20:16:07,EGV,,,,iPhone G6,148.0,,,,,133199.0
011,431,2020-04-07T20:21:07,EGV,,,,iPhone G6,155.0,,,,,133499.0
011,432,2020-04-07T20:26:06,EGV,,,,iPhone G6,160.0,,,,,133799.0
011,433,2020-04-07T20:31:07,EGV,,,,iPhone G6,162.0,,,,,134099.0
011,434,2020-04-07T20:36:07,EGV,,,,iPhone G6,163.0,,,,,134399.0
011,435,2020-04-07T20:41:07,EGV,,,,iPhone G6,165.0,,,,,134699.0
011,436,2020-04-07T20:46:06,EGV,,,,iPhone G6,167.0,,,,,134999.0
011,437,2020-04-07T20:51:06,EGV,,,,iPhone G6,169.0,,,,,135299.0
011,438,2020-04-07T20:56:07,EGV,,,,iPhone G6,169.0,,,,,135599.0
011,439,2020-04-07T21:01:07,EGV,,,,iPhone G6,169.0,,,,,135899.0
011,440,2020-04-07T21:06:07,EGV,,,,iPhone G6,166.0,,,,,136199.0
011,441,2020-04-07T21:11:07,EGV,,,,iPhone G6,161.0,,,,,136499.0
011,442,2020-04-07T21:16:07,EGV,,,,iPhone G6,154.0,,,,,136799.0
011,443,2020-04-07T21:21:07,EGV,,,,iPhone G6,148.0,,,,,137099.0
011,444,2020-04-07T21:26:07,EGV,,,,iPhone G6,143.0,,,,,137399.0
011,445,2020-04-07T21:31:07,EGV,,,,iPhone G6,139.0,,,,,137699.0
011,446,2020-04-07T21:36:07,EGV,,,,iPhone G6,137.0,,,,,137999.0
011,447,2020-04-07T21:41:07,EGV,,,,iPhone G6,136.0,,,,,138299.0
011,448,2020-04-07T21:46:06,EGV,,,,iPhone G6,136.0,,,,,138599.0
011,449,2020-04-07T21:51:07,EGV,,,,iPhone G6,136.0,,,,,138899.0
011,450,2020-04-07T21:56:07,EGV,,,,iPhone G6,135.0,,,,,139199.0
011,451,2020-04-07T22:01:07,EGV,,,,iPhone G6,134.0,,,,,139499.0
011,452,2020-04-07T22:06:07,EGV,,,,iPhone G6,133.0,,,,,139799.0
011,453,2020-04-07T22:11:07,EGV,,,,iPhone G6,133.0,,,,,140099.0
011,454,2020-04-07T22:16:07,EGV,,,,iPhone G6,136.0,,,,,140399.0
011,455,2020-04-07T22:21:07,EGV,,,,iPhone G6,140.0,,,,,140699.0
011,456,2020-04-07T22:26:07,EGV,,,,iPhone G6,145.0,,,,,140999.0
011,457,2020-04-07T22:31:07,EGV,,,,iPhone G6,149.0,,,,,141299.0
011,458,2020-04-07T22:36:07,EGV,,,,iPhone G6,151.0,,,,,141599.0
011,459,2020-04-07T22:41:07,EGV,,,,iPhone G6,152.0,,,,,141899.0
011,460,2020-04-07T22:46:07,EGV,,,,iPhone G6,153.0,,,,,142199.0
011,461,2020-04-07T22:51:07,EGV,,,,iPhone G6,153.0,,,,,142499.0
011,462,2020-04-07T22:56:07,EGV,,,,iPhone G6,154.0,,,,,142799.0
011,463,2020-04-07T23:01:07,EGV,,,,iPhone G6,154.0,,,,,143099.0
011,464,2020-04-07T23:06:07,EGV,,,,iPhone G6,154.0,,,,,143399.0
011,465,2020-04-07T23:11:07,EGV,,,,iPhone G6,155.0,,,,,143699.0
011,466,2020-04-07T23:16:07,EGV,,,,iPhone G6,155.0,,,,,143999.0
011,467,2020-04-07T23:21:07,EGV,,,,iPhone G6,155.0,,,,,144299.0
011,468,2020-04-07T23:26:07,EGV,,,,iPhone G6,152.0,,,,,144599.0
011,469,2020-04-07T23:31:07,EGV,,,,iPhone G6,150.0,,,,,144899.0
011,470,2020-04-07T23:36:06,EGV,,,,iPhone G6,147.0,,,,,145199.0
011,471,2020-04-07T23:41:07,EGV,,,,iPhone G6,146.0,,,,,145499.0
011,472,2020-04-07T23:46:06,EGV,,,,iPhone G6,146.0,,,,,145799.0
011,473,2020-04-07T23:51:07,EGV,,,,iPhone G6,145.0,,,,,146099.0
011,474,2020-04-07T23:56:07,EGV,,,,iPhone G6,143.0,,,,,146399.0
011,475,2020-04-08T00:01:06,EGV,,,,iPhone G6,142.0,,,,,146699.0
011,476,2020-04-08T00:06:07,EGV,,,,iPhone G6,142.0,,,,,146999.0
011,477,2020-04-08T00:11:07,EGV,,,,iPhone G6,141.0,,,,,147299.0
011,478,2020-04-08T00:16:07,EGV,,,,iPhone G6,137.0,,,,,147599.0
011,479,2020-04-08T00:21:07,EGV,,,,iPhone G6,129.0,,,,,147899.0
011,480,2020-04-08T00:26:07,EGV,,,,iPhone G6,122.0,,,,,148199.0
011,481,2020-04-08T00:31:07,EGV,,,,iPhone G6,117.0,,,,,148499.0
011,482,2020-04-08T00:36:07,EGV,,,,iPhone G6,114.0,,,,,148799.0
011,483,2020-04-08T00:41:06,EGV,,,,iPhone G6,113.0,,,,,149099.0
011,484,2020-04-08T00:46:06,EGV,,,,iPhone G6,114.0,,,,,149399.0
011,485,2020-04-08T00:51:07,EGV,,,,iPhone G6,116.0,,,,,149699.0
011,486,2020-04-08T00:56:07,EGV,,,,iPhone G6,117.0,,,,,149999.0
011,487,2020-04-08T01:01:07,EGV,,,,iPhone G6,117.0,,,,,150299.0
011,488,2020-04-08T01:06:06,EGV,,,,iPhone G6,117.0,,,,,150599.0
011,489,2020-04-08T01:11:06,EGV,,,,iPhone G6,119.0,,,,,150899.0
011,490,2020-04-08T01:16:06,EGV,,,,iPhone G6,121.0,,,,,151199.0
011,491,2020-04-08T01:21:06,EGV,,,,iPhone G6,122.0,,,,,151499.0
011,492,2020-04-08T01:26:07,EGV,,,,iPhone G6,123.0,,,,,151799.0
011,493,2020-04-08T01:31:07,EGV,,,,iPhone G6,121.0,,,,,152099.0
011,494,2020-04-08T01:36:07,EGV,,,,iPhone G6,120.0,,,,,152399.0
011,495,2020-04-08T01:41:07,EGV,,,,iPhone G6,118.0,,,,,152699.0
011,496,2020-04-08T01:46:06,EGV,,,,iPhone G6,117.0,,,,,152998.0
011,497,2020-04-08T01:51:06,EGV,,,,iPhone G6,117.0,,,,,153298.0
011,498,2020-04-08T01:56:06,EGV,,,,iPhone G6,116.0,,,,,153598.0
011,499,2020-04-08T02:01:06,EGV,,,,iPhone G6,115.0,,,,,153898.0
012,1,,FirstName,,2019,,,,,,,,
012,2,,LastName,,012,,,,,,,,
012,3,,DateOfBirth,,1970-01-01,,,,,,,,
012,4,,Device,,,Dexcom G6 Mobile App,Android G6,,,,,,
012,5,,Alert,Fall,,,Android G6,,,,,3.0,
012,6,,Alert,High,,,Android G6,200.0,,,,,
012,7,,Alert,Low,,,Android G6,80.0,,,,,
012,8,,Alert,Signal Loss,,,Android G6,,,,00:20:00,,
012,9,,Alert,Rise,,,Android G6,,,,,3.0,
012,10,,Alert,Urgent Low,,,Android G6,55.0,,,,,
012,11,,Alert,Urgent Low Soon,,,Android G6,55.0,,,,,
012,12,2020-05-03T17:52:13,EGV,,,,Android G6,112.0,,,,,9001.0
012,13,2020-05-03T17:57:13,EGV,,,,Android G6,117.0,,,,,9301.0
012,14,2020-05-03T18:02:13,EGV,,,,Android G6,121.0,,,,,9601.0
012,15,2020-05-03T18:07:13,EGV,,,,Android G6,124.0,,,,,9901.0
012,16,2020-05-03T18:12:13,EGV,,,,Android G6,127.0,,,,,10201.0
012,17,2020-05-03T18:17:13,EGV,,,,Android G6,130.0,,,,,10501.0
012,18,2020-05-03T18:22:13,EGV,,,,Android G6,132.0,,,,,10801.0
012,19,2020-05-03T18:27:13,EGV,,,,Android G6,134.0,,,,,11101.0
012,20,2020-05-03T18:32:13,EGV,,,,Android G6,134.0,,,,,11401.0
012,21,2020-05-03T18:37:14,EGV,,,,Android G6,133.0,,,,,11701.0
012,22,2020-05-03T18:42:13,EGV,,,,Android G6,129.0,,,,,12001.0
012,23,2020-05-03T18:47:14,EGV,,,,Android G6,125.0,,,,,12301.0
012,24,2020-05-03T18:52:14,EGV,,,,Android G6,123.0,,,,,12601.0
012,25,2020-05-03T18:57:13,EGV,,,,Android G6,123.0,,,,,12901.0
012,26,2020-05-03T19:02:13,EGV,,,,Android G6,125.0,,,,,13201.0
012,27,2020-05-03T19:07:13,EGV,,,,Android G6,129.0,,,,,13501.0
012,28,2020-05-03T19:12:14,EGV,,,,Android G6,134.0,,,,,13801.0
012,29,2020-05-03T19:17:13,EGV,,,,Android G6,140.0,,,,,14101.0
012,30,2020-05-03T19:22:13,EGV,,,,Android G6,146.0,,,,,14401.0
012,31,2020-05-03T19:27:13,EGV,,,,Android G6,154.0,,,,,14701.0
012,32,2020-05-03T19:32:13,EGV,,,,Android G6,161.0,,,,,15001.0
012,33,2020-05-03T19:37:13,EGV,,,,Android G6,168.0,,,,,15301.0
012,34,2020-05-03T19:42:13,EGV,,,,Android G6,172.0,,,,,15601.0
012,35,2020-05-03T19:47:12,EGV,,,,Android G6,173.0,,,,,15900.0
012,36,2020-05-03T19:52:13,EGV,,,,Android G6,173.0,,,,,16200.0
012,37,2020-05-03T19:57:13,EGV,,,,Android G6,172.0,,,,,16500.0
012,38,2020-05-03T20:02:12,EGV,,,,Android G6,171.0,,,,,16800.0
012,39,2020-05-03T20:07:12,EGV,,,,Android G6,169.0,,,,,17100.0
012,40,2020-05-03T20:12:12,EGV,,,,Android G6,164.0,,,,,17400.0
012,41,2020-05-03T20:17:12,EGV,,,,Android G6,156.0,,,,,17700.0
012,42,2020-05-03T20:22:12,EGV,,,,Android G6,144.0,,,,,18000.0
012,43,2020-05-03T20:27:13,EGV,,,,Android G6,135.0,,,,,18300.0
012,44,2020-05-03T20:32:12,EGV,,,,Android G6,132.0,,,,,18600.0
012,45,2020-05-03T20:37:12,EGV,,,,Android G6,133.0,,,,,18900.0
012,46,2020-05-03T20:42:12,EGV,,,,Android G6,136.0,,,,,19200.0
012,47,2020-05-03T20:47:12,EGV,,,,Android G6,136.0,,,,,19500.0
012,48,2020-05-03T20:52:12,EGV,,,,Android G6,133.0,,,,,19800.0
012,49,2020-05-03T20:57:12,EGV,,,,Android G6,127.0,,,,,20100.0
012,50,2020-05-03T21:02:13,EGV,,,,Android G6,118.0,,,,,20400.0
012,51,2020-05-03T21:07:12,EGV,,,,Android G6,112.0,,,,,20700.0
012,52,2020-05-03T21:12:13,EGV,,,,Android G6,110.0,,,,,21000.0
012,53,2020-05-03T21:17:12,EGV,,,,Android G6,112.0,,,,,21300.0
012,54,2020-05-03T21:22:12,EGV,,,,Android G6,118.0,,,,,21600.0
012,55,2020-05-03T21:27:12,EGV,,,,Android G6,124.0,,,,,21900.0
012,56,2020-05-03T21:32:12,EGV,,,,Android G6,126.0,,,,,22200.0
012,57,2020-05-03T21:37:12,EGV,,,,Android G6,125.0,,,,,22500.0
012,58,2020-05-03T21:42:12,EGV,,,,Android G6,121.0,,,,,22800.0
012,59,2020-05-03T21:47:13,EGV,,,,Android G6,119.0,,,,,23100.0
012,60,2020-05-03T21:52:13,EGV,,,,Android G6,116.0,,,,,23400.0
012,61,2020-05-03T21:57:12,EGV,,,,Android G6,114.0,,,,,23700.0
012,62,2020-05-03T22:02:12,EGV,,,,Android G6,111.0,,,,,24000.0
012,63,2020-05-03T22:07:12,EGV,,,,Android G6,112.0,,,,,24300.0
012,64,2020-05-03T22:12:12,EGV,,,,Android G6,115.0,,,,,24600.0
012,65,2020-05-03T22:17:12,EGV,,,,Android G6,124.0,,,,,24900.0
012,66,2020-05-03T22:22:12,EGV,,,,Android G6,134.0,,,,,25200.0
012,67,2020-05-03T22:27:12,EGV,,,,Android G6,142.0,,,,,25500.0
012,68,2020-05-03T22:32:13,EGV,,,,Android G6,143.0,,,,,25800.0
012,69,2020-05-03T22:37:13,EGV,,,,Android G6,137.0,,,,,26100.0
012,70,2020-05-03T22:42:13,EGV,,,,Android G6,131.0,,,,,26400.0
012,71,2020-05-03T22:47:13,EGV,,,,Android G6,125.0,,,,,26700.0
012,72,2020-05-03T22:52:12,EGV,,,,Android G6,122.0,,,,,27000.0
012,73,2020-05-03T22:57:12,EGV,,,,Android G6,119.0,,,,,27300.0
012,74,2020-05-03T23:02:13,EGV,,,,Android G6,119.0,,,,,27600.0
012,75,2020-05-03T23:07:13,EGV,,,,Android G6,121.0,,,,,27900.0
012,76,2020-05-03T23:12:13,EGV,,,,Android G6,122.0,,,,,28200.0
012,77,2020-05-03T23:17:12,EGV,,,,Android G6,123.0,,,,,28500.0
012,78,2020-05-03T23:22:13,EGV,,,,Android G6,125.0,,,,,28800.0
012,79,2020-05-03T23:27:13,EGV,,,,Android G6,129.0,,,,,29100.0
012,80,2020-05-03T23:32:13,EGV,,,,Android G6,131.0,,,,,29400.0
012,81,2020-05-03T23:37:13,EGV,,,,Android G6,133.0,,,,,29700.0
012,82,2020-05-03T23:42:13,EGV,,,,Android G6,133.0,,,,,30000.0
012,83,2020-05-03T23:47:13,EGV,,,,Android G6,132.0,,,,,30300.0
012,84,2020-05-03T23:52:13,EGV,,,,Android G6,130.0,,,,,30600.0
012,85,2020-05-03T23:57:12,EGV,,,,Android G6,128.0,,,,,30900.0
012,86,2020-05-04T00:02:13,EGV,,,,Android G6,127.0,,,,,31200.0
012,87,2020-05-04T00:07:13,EGV,,,,Android G6,126.0,,,,,31500.0
012,88,2020-05-04T00:12:12,EGV,,,,Android G6,126.0,,,,,31800.0
012,89,2020-05-04T00:17:13,EGV,,,,Android G6,124.0,,,,,32100.0
012,90,2020-05-04T00:22:13,EGV,,,,Android G6,122.0,,,,,32400.0
012,91,2020-05-04T00:27:13,EGV,,,,Android G6,121.0,,,,,32700.0
012,92,2020-05-04T00:32:13,EGV,,,,Android G6,121.0,,,,,33000.0
012,93,2020-05-04T00:37:12,EGV,,,,Android G6,122.0,,,,,33300.0
012,94,2020-05-04T00:42:13,EGV,,,,Android G6,121.0,,,,,33600.0
012,95,2020-05-04T00:47:12,EGV,,,,Android G6,119.0,,,,,33900.0
012,96,2020-05-04T00:52:13,EGV,,,,Android G6,118.0,,,,,34200.0
012,97,2020-05-04T00:57:13,EGV,,,,Android G6,119.0,,,,,34500.0
012,98,2020-05-04T01:02:12,EGV,,,,Android G6,121.0,,,,,34800.0
012,99,2020-05-04T01:07:13,EGV,,,,Android G6,123.0,,,,,35100.0
012,100,2020-05-04T01:12:12,EGV,,,,Android G6,125.0,,,,,35400.0
012,101,2020-05-04T01:17:13,EGV,,,,Android G6,126.0,,,,,35700.0
012,102,2020-05-04T01:22:13,EGV,,,,Android G6,127.0,,,,,36000.0
012,103,2020-05-04T01:27:12,EGV,,,,Android G6,128.0,,,,,36300.0
012,104,2020-05-04T01:32:12,EGV,,,,Android G6,128.0,,,,,36600.0
012,105,2020-05-04T01:37:12,EGV,,,,Android G6,129.0,,,,,36900.0
012,106,2020-05-04T01:42:12,EGV,,,,Android G6,129.0,,,,,37200.0
012,107,2020-05-04T01:47:12,EGV,,,,Android G6,129.0,,,,,37500.0
012,108,2020-05-04T01:52:12,EGV,,,,Android G6,128.0,,,,,37800.0
012,109,2020-05-04T01:57:13,EGV,,,,Android G6,126.0,,,,,38100.0
012,110,2020-05-04T02:02:12,EGV,,,,Android G6,124.0,,,,,38400.0
012,111,2020-05-04T02:07:12,EGV,,,,Android G6,122.0,,,,,38700.0
012,112,2020-05-04T02:12:12,EGV,,,,Android G6,121.0,,,,,39000.0
012,113,2020-05-04T02:17:12,EGV,,,,Android G6,119.0,,,,,39300.0
012,114,2020-05-04T02:22:12,EGV,,,,Android G6,121.0,,,,,39600.0
012,115,2020-05-04T02:27:13,EGV,,,,Android G6,124.0,,,,,39900.0
012,116,2020-05-04T02:32:11,EGV,,,,Android G6,128.0,,,,,40200.0
012,117,2020-05-04T02:37:12,EGV,,,,Android G6,130.0,,,,,40500.0
012,118,2020-05-04T02:42:12,EGV,,,,Android G6,130.0,,,,,40800.0
012,119,2020-05-04T02:47:12,EGV,,,,Android G6,129.0,,,,,41100.0
012,120,2020-05-04T02:52:11,EGV,,,,Android G6,129.0,,,,,41400.0
012,121,2020-05-04T02:57:12,EGV,,,,Android G6,130.0,,,,,41700.0
012,122,2020-05-04T03:02:12,EGV,,,,Android G6,131.0,,,,,42000.0
012,123,2020-05-04T03:07:12,EGV,,,,Android G6,131.0,,,,,42300.0
012,124,2020-05-04T03:12:12,EGV,,,,Android G6,132.0,,,,,42600.0
012,125,2020-05-04T03:17:12,EGV,,,,Android G6,132.0,,,,,42900.0
012,126,2020-05-04T03:22:12,EGV,,,,Android G6,132.0,,,,,43200.0
012,127,2020-05-04T03:27:11,EGV,,,,Android G6,132.0,,,,,43500.0
012,128,2020-05-04T03:32:13,EGV,,,,Android G6,132.0,,,,,43800.0
012,129,2020-05-04T03:37:12,EGV,,,,Android G6,130.0,,,,,44100.0
012,130,2020-05-04T03:42:13,EGV,,,,Android G6,128.0,,,,,44400.0
012,131,2020-05-04T03:47:12,EGV,,,,Android G6,122.0,,,,,44700.0
012,132,2020-05-04T03:52:12,EGV,,,,Android G6,120.0,,,,,45000.0
012,133,2020-05-04T03:57:12,EGV,,,,Android G6,119.0,,,,,45300.0
012,134,2020-05-04T04:02:12,EGV,,,,Android G6,121.0,,,,,45600.0
012,135,2020-05-04T04:07:12,EGV,,,,Android G6,125.0,,,,,45900.0
012,136,2020-05-04T04:12:12,EGV,,,,Android G6,128.0,,,,,46200.0
012,137,2020-05-04T04:17:12,EGV,,,,Android G6,130.0,,,,,46500.0
012,138,2020-05-04T04:22:12,EGV,,,,Android G6,130.0,,,,,46800.0
012,139,2020-05-04T04:27:12,EGV,,,,Android G6,130.0,,,,,47100.0
012,140,2020-05-04T04:32:12,EGV,,,,Android G6,131.0,,,,,47400.0
012,141,2020-05-04T04:37:12,EGV,,,,Android G6,131.0,,,,,47700.0
012,142,2020-05-04T04:42:12,EGV,,,,Android G6,132.0,,,,,48000.0
012,143,2020-05-04T04:47:13,EGV,,,,Android G6,133.0,,,,,48300.0
012,144,2020-05-04T04:52:12,EGV,,,,Android G6,134.0,,,,,48600.0
012,145,2020-05-04T04:57:12,EGV,,,,Android G6,134.0,,,,,48900.0
012,146,2020-05-04T05:02:12,EGV,,,,Android G6,133.0,,,,,49200.0
012,147,2020-05-04T05:07:12,EGV,,,,Android G6,132.0,,,,,49500.0
012,148,2020-05-04T05:12:12,EGV,,,,Android G6,129.0,,,,,49800.0
012,149,2020-05-04T05:17:12,EGV,,,,Android G6,125.0,,,,,50100.0
012,150,2020-05-04T05:22:12,EGV,,,,Android G6,123.0,,,,,50400.0
012,151,2020-05-04T05:27:12,EGV,,,,Android G6,123.0,,,,,50700.0
012,152,2020-05-04T05:32:12,EGV,,,,Android G6,124.0,,,,,51000.0
012,153,2020-05-04T05:37:12,EGV,,,,Android G6,126.0,,,,,51300.0
012,154,2020-05-04T05:42:12,EGV,,,,Android G6,130.0,,,,,51600.0
012,155,2020-05-04T05:47:12,EGV,,,,Android G6,141.0,,,,,51900.0
012,156,2020-05-04T05:52:13,EGV,,,,Android G6,157.0,,,,,52200.0
012,157,2020-05-04T05:57:12,EGV,,,,Android G6,168.0,,,,,52500.0
012,158,2020-05-04T06:02:13,EGV,,,,Android G6,170.0,,,,,52800.0
012,159,2020-05-04T06:07:13,EGV,,,,Android G6,167.0,,,,,53100.0
012,160,2020-05-04T06:12:13,EGV,,,,Android G6,163.0,,,,,53400.0
012,161,2020-05-04T06:17:12,EGV,,,,Android G6,159.0,,,,,53700.0
012,162,2020-05-04T06:22:12,EGV,,,,Android G6,154.0,,,,,54000.0
012,163,2020-05-04T06:27:12,EGV,,,,Android G6,151.0,,,,,54300.0
012,164,2020-05-04T06:32:12,EGV,,,,Android G6,150.0,,,,,54600.0
012,165,2020-05-04T06:37:12,EGV,,,,Android G6,155.0,,,,,54900.0
012,166,2020-05-04T06:42:12,EGV,,,,Android G6,161.0,,,,,55200.0
012,167,2020-05-04T06:47:13,EGV,,,,Android G6,165.0,,,,,55500.0
012,168,2020-05-04T06:52:13,EGV,,,,Android G6,165.0,,,,,55800.0
012,169,2020-05-04T06:57:13,EGV,,,,Android G6,156.0,,,,,56100.0
012,170,2020-05-04T07:02:13,EGV,,,,Android G6,142.0,,,,,56400.0
012,171,2020-05-04T07:07:12,EGV,,,,Android G6,124.0,,,,,56700.0
012,172,2020-05-04T07:12:13,EGV,,,,Android G6,114.0,,,,,57000.0
012,173,2020-05-04T07:17:12,EGV,,,,Android G6,110.0,,,,,57300.0
012,174,2020-05-04T07:22:12,EGV,,,,Android G6,112.0,,,,,57600.0
012,175,2020-05-04T07:27:12,EGV,,,,Android G6,115.0,,,,,57900.0
012,176,2020-05-04T07:32:13,EGV,,,,Android G6,119.0,,,,,58200.0
012,177,2020-05-04T07:37:12,EGV,,,,Android G6,124.0,,,,,58500.0
012,178,2020-05-04T07:42:12,EGV,,,,Android G6,125.0,,,,,58800.0
012,179,2020-05-04T07:47:12,EGV,,,,Android G6,126.0,,,,,59100.0
012,180,2020-05-04T07:52:12,EGV,,,,Android G6,126.0,,,,,59400.0
012,181,2020-05-04T07:57:12,EGV,,,,Android G6,126.0,,,,,59700.0
012,182,2020-05-04T08:02:12,EGV,,,,Android G6,127.0,,,,,60000.0
012,183,2020-05-04T08:07:12,EGV,,,,Android G6,126.0,,,,,60300.0
012,184,2020-05-04T08:12:12,EGV,,,,Android G6,124.0,,,,,60600.0
012,185,2020-05-04T08:17:12,EGV,,,,Android G6,121.0,,,,,60900.0
012,186,2020-05-04T08:22:12,EGV,,,,Android G6,119.0,,,,,61200.0
012,187,2020-05-04T08:27:12,EGV,,,,Android G6,118.0,,,,,61500.0
012,188,2020-05-04T08:32:12,EGV,,,,Android G6,117.0,,,,,61800.0
012,189,2020-05-04T08:37:12,EGV,,,,Android G6,117.0,,,,,62100.0
012,190,2020-05-04T08:42:12,EGV,,,,Android G6,119.0,,,,,62400.0
012,191,2020-05-04T08:47:12,EGV,,,,Android G6,120.0,,,,,62700.0
012,192,2020-05-04T08:52:12,EGV,,,,Android G6,121.0,,,,,63000.0
012,193,2020-05-04T08:57:12,EGV,,,,Android G6,122.0,,,,,63300.0
012,194,2020-05-04T09:02:12,EGV,,,,Android G6,123.0,,,,,63600.0
012,195,2020-05-04T09:07:12,EGV,,,,Android G6,122.0,,,,,63900.0
012,196,2020-05-04T09:12:12,EGV,,,,Android G6,122.0,,,,,64200.0
012,197,2020-05-04T09:17:12,EGV,,,,Android G6,123.0,,,,,64500.0
012,198,2020-05-04T09:22:12,EGV,,,,Android G6,125.0,,,,,64800.0
012,199,2020-05-04T09:27:12,EGV,,,,Android G6,126.0,,,,,65100.0
012,200,2020-05-04T09:32:12,EGV,,,,Android G6,127.0,,,,,65400.0
012,201,2020-05-04T09:37:12,EGV,,,,Android G6,128.0,,,,,65700.0
012,202,2020-05-04T09:42:12,EGV,,,,Android G6,129.0,,,,,66000.0
012,203,2020-05-04T09:47:11,EGV,,,,Android G6,129.0,,,,,66300.0
012,204,2020-05-04T09:52:12,EGV,,,,Android G6,126.0,,,,,66600.0
012,205,2020-05-04T09:57:12,EGV,,,,Android G6,123.0,,,,,66900.0
012,206,2020-05-04T10:02:12,EGV,,,,Android G6,120.0,,,,,67200.0
012,207,2020-05-04T10:07:12,EGV,,,,Android G6,118.0,,,,,67500.0
012,208,2020-05-04T10:12:12,EGV,,,,Android G6,117.0,,,,,67800.0
012,209,2020-05-04T10:17:12,EGV,,,,Android G6,116.0,,,,,68100.0
012,210,2020-05-04T10:22:12,EGV,,,,Android G6,116.0,,,,,68400.0
012,211,2020-05-04T10:27:12,EGV,,,,Android G6,116.0,,,,,68700.0
012,212,2020-05-04T10:32:12,EGV,,,,Android G6,116.0,,,,,69000.0
012,213,2020-05-04T10:37:12,EGV,,,,Android G6,117.0,,,,,69300.0
012,214,2020-05-04T10:42:12,EGV,,,,Android G6,119.0,,,,,69600.0
012,215,2020-05-04T10:47:12,EGV,,,,Android G6,119.0,,,,,69900.0
012,216,2020-05-04T10:52:12,EGV,,,,Android G6,118.0,,,,,70200.0
012,217,2020-05-04T10:57:12,EGV,,,,Android G6,118.0,,,,,70500.0
012,218,2020-05-04T11:02:12,EGV,,,,Android G6,118.0,,,,,70800.0
012,219,2020-05-04T11:07:12,EGV,,,,Android G6,120.0,,,,,71100.0
012,220,2020-05-04T11:12:12,EGV,,,,Android G6,120.0,,,,,71400.0
012,221,2020-05-04T11:17:12,EGV,,,,Android G6,120.0,,,,,71700.0
012,222,2020-05-04T11:22:12,EGV,,,,Android G6,120.0,,,,,72000.0
012,223,2020-05-04T11:27:12,EGV,,,,Android G6,120.0,,,,,72300.0
012,224,2020-05-04T11:32:11,EGV,,,,Android G6,120.0,,,,,72600.0
012,225,2020-05-04T11:37:12,EGV,,,,Android G6,120.0,,,,,72900.0
012,226,2020-05-04T11:42:12,EGV,,,,Android G6,120.0,,,,,73200.0
012,227,2020-05-04T11:47:12,EGV,,,,Android G6,119.0,,,,,73500.0
012,228,2020-05-04T11:52:12,EGV,,,,Android G6,117.0,,,,,73800.0
012,229,2020-05-04T11:57:12,EGV,,,,Android G6,116.0,,,,,74100.0
012,230,2020-05-04T12:02:13,EGV,,,,Android G6,115.0,,,,,74400.0
012,231,2020-05-04T12:07:12,EGV,,,,Android G6,114.0,,,,,74700.0
012,232,2020-05-04T12:12:13,EGV,,,,Android G6,113.0,,,,,75000.0
012,233,2020-05-04T12:17:13,EGV,,,,Android G6,113.0,,,,,75300.0
012,234,2020-05-04T12:22:12,EGV,,,,Android G6,113.0,,,,,75600.0
012,235,2020-05-04T12:27:13,EGV,,,,Android G6,113.0,,,,,75900.0
012,236,2020-05-04T12:32:12,EGV,,,,Android G6,114.0,,,,,76200.0
012,237,2020-05-04T12:47:12,EGV,,,,Android G6,119.0,,,,,77100.0
012,238,2020-05-04T12:52:13,EGV,,,,Android G6,119.0,,,,,77400.0
012,239,2020-05-04T12:57:12,EGV,,,,Android G6,120.0,,,,,77700.0
012,240,2020-05-04T13:02:11,EGV,,,,Android G6,122.0,,,,,77999.0
012,241,2020-05-04T13:07:12,EGV,,,,Android G6,124.0,,,,,78299.0
012,242,2020-05-04T13:12:11,EGV,,,,Android G6,125.0,,,,,78599.0
012,243,2020-05-04T13:17:11,EGV,,,,Android G6,125.0,,,,,78899.0
012,244,2020-05-04T13:22:11,EGV,,,,Android G6,123.0,,,,,79199.0
012,245,2020-05-04T13:27:11,EGV,,,,Android G6,120.0,,,,,79499.0
012,246,2020-05-04T13:32:11,EGV,,,,Android G6,118.0,,,,,79799.0
012,247,2020-05-04T13:37:11,EGV,,,,Android G6,117.0,,,,,80099.0
012,248,2020-05-04T13:42:11,EGV,,,,Android G6,115.0,,,,,80399.0
012,249,2020-05-04T13:47:11,EGV,,,,Android G6,112.0,,,,,80699.0
012,250,2020-05-04T13:52:11,EGV,,,,Android G6,109.0,,,,,80999.0
012,251,2020-05-04T13:57:10,EGV,,,,Android G6,108.0,,,,,81299.0
012,252,2020-05-04T14:02:11,EGV,,,,Android G6,107.0,,,,,81599.0
012,253,2020-05-04T14:07:10,EGV,,,,Android G6,107.0,,,,,81899.0
012,254,2020-05-04T14:12:11,EGV,,,,Android G6,108.0,,,,,82199.0
012,255,2020-05-04T14:17:11,EGV,,,,Android G6,110.0,,,,,82499.0
012,256,2020-05-04T14:22:11,EGV,,,,Android G6,112.0,,,,,82799.0
012,257,2020-05-04T14:27:11,EGV,,,,Android G6,113.0,,,,,83099.0
012,258,2020-05-04T14:32:11,EGV,,,,Android G6,114.0,,,,,83399.0
012,259,2020-05-04T14:37:11,EGV,,,,Android G6,114.0,,,,,83699.0
012,260,2020-05-04T14:42:11,EGV,,,,Android G6,115.0,,,,,83999.0
012,261,2020-05-04T14:47:10,EGV,,,,Android G6,115.0,,,,,84299.0
012,262,2020-05-04T14:52:11,EGV,,,,Android G6,117.0,,,,,84599.0
012,263,2020-05-04T14:57:11,EGV,,,,Android G6,117.0,,,,,84899.0
012,264,2020-05-04T15:02:11,EGV,,,,Android G6,118.0,,,,,85199.0
012,265,2020-05-04T15:07:11,EGV,,,,Android G6,118.0,,,,,85499.0
012,266,2020-05-04T15:12:11,EGV,,,,Android G6,117.0,,,,,85799.0
012,267,2020-05-04T15:17:11,EGV,,,,Android G6,116.0,,,,,86099.0
012,268,2020-05-04T15:22:11,EGV,,,,Android G6,115.0,,,,,86399.0
012,269,2020-05-04T15:27:11,EGV,,,,Android G6,115.0,,,,,86699.0
012,270,2020-05-04T15:32:11,EGV,,,,Android G6,117.0,,,,,86999.0
012,271,2020-05-04T15:37:11,EGV,,,,Android G6,118.0,,,,,87299.0
012,272,2020-05-04T15:42:11,EGV,,,,Android G6,118.0,,,,,87599.0
012,273,2020-05-04T15:47:10,EGV,,,,Android G6,119.0,,,,,87899.0
012,274,2020-05-04T15:52:10,EGV,,,,Android G6,120.0,,,,,88199.0
012,275,2020-05-04T15:57:11,EGV,,,,Android G6,120.0,,,,,88499.0
012,276,2020-05-04T16:02:10,EGV,,,,Android G6,119.0,,,,,88799.0
012,277,2020-05-04T16:07:11,EGV,,,,Android G6,117.0,,,,,89099.0
012,278,2020-05-04T16:12:11,EGV,,,,Android G6,115.0,,,,,89399.0
012,279,2020-05-04T16:17:10,EGV,,,,Android G6,113.0,,,,,89699.0
012,280,2020-05-04T16:22:11,EGV,,,,Android G6,114.0,,,,,89999.0
012,281,2020-05-04T16:27:10,EGV,,,,Android G6,114.0,,,,,90299.0
012,282,2020-05-04T16:32:11,EGV,,,,Android G6,114.0,,,,,90599.0
012,283,2020-05-04T16:37:11,EGV,,,,Android G6,112.0,,,,,90899.0
012,284,2020-05-04T16:42:11,EGV,,,,Android G6,110.0,,,,,91199.0
012,285,2020-05-04T16:47:12,EGV,,,,Android G6,108.0,,,,,91499.0
012,286,2020-05-04T16:52:12,EGV,,,,Android G6,108.0,,,,,91799.0
012,287,2020-05-04T16:57:12,EGV,,,,Android G6,108.0,,,,,92099.0
012,288,2020-05-04T17:02:12,EGV,,,,Android G6,108.0,,,,,92399.0
012,289,2020-05-04T17:07:11,EGV,,,,Android G6,109.0,,,,,92699.0
012,290,2020-05-04T17:12:11,EGV,,,,Android G6,111.0,,,,,92999.0
012,291,2020-05-04T17:17:11,EGV,,,,Android G6,115.0,,,,,93299.0
012,292,2020-05-04T17:22:11,EGV,,,,Android G6,120.0,,,,,93599.0
012,293,2020-05-04T17:27:12,EGV,,,,Android G6,123.0,,,,,93899.0
012,294,2020-05-04T17:32:12,EGV,,,,Android G6,124.0,,,,,94199.0
012,295,2020-05-04T17:37:11,EGV,,,,Android G6,123.0,,,,,94499.0
012,296,2020-05-04T17:42:12,EGV,,,,Android G6,121.0,,,,,94799.0
012,297,2020-05-04T17:47:11,EGV,,,,Android G6,119.0,,,,,95099.0
012,298,2020-05-04T17:52:11,EGV,,,,Android G6,118.0,,,,,95399.0
012,299,2020-05-04T17:57:12,EGV,,,,Android G6,119.0,,,,,95699.0
012,300,2020-05-04T18:02:11,EGV,,,,Android G6,121.0,,,,,95999.0
012,301,2020-05-04T18:07:12,EGV,,,,Android G6,125.0,,,,,96299.0
012,302,2020-05-04T18:12:11,EGV,,,,Android G6,126.0,,,,,96599.0
012,303,2020-05-04T18:17:11,EGV,,,,Android G6,126.0,,,,,96899.0
012,304,2020-05-04T18:22:11,EGV,,,,Android G6,123.0,,,,,97199.0
012,305,2020-05-04T18:27:11,EGV,,,,Android G6,120.0,,,,,97499.0
012,306,2020-05-04T18:32:12,EGV,,,,Android G6,117.0,,,,,97799.0
012,307,2020-05-04T18:37:12,EGV,,,,Android G6,114.0,,,,,98099.0
012,308,2020-05-04T18:42:11,EGV,,,,Android G6,111.0,,,,,98399.0
012,309,2020-05-04T18:47:11,EGV,,,,Android G6,109.0,,,,,98699.0
012,310,2020-05-04T18:52:11,EGV,,,,Android G6,109.0,,,,,98999.0
012,311,2020-05-04T18:57:10,EGV,,,,Android G6,111.0,,,,,99299.0
012,312,2020-05-04T19:02:11,EGV,,,,Android G6,114.0,,,,,99599.0
012,313,2020-05-04T19:07:11,EGV,,,,Android G6,116.0,,,,,99899.0
012,314,2020-05-04T19:12:11,EGV,,,,Android G6,117.0,,,,,100199.0
012,315,2020-05-04T19:17:11,EGV,,,,Android G6,118.0,,,,,100499.0
012,316,2020-05-04T19:22:11,EGV,,,,Android G6,118.0,,,,,100799.0
012,317,2020-05-04T19:27:10,EGV,,,,Android G6,117.0,,,,,101099.0
012,318,2020-05-04T19:32:11,EGV,,,,Android G6,116.0,,,,,101399.0
012,319,2020-05-04T19:37:11,EGV,,,,Android G6,117.0,,,,,101699.0
012,320,2020-05-04T19:42:11,EGV,,,,Android G6,117.0,,,,,101999.0
012,321,2020-05-04T19:47:11,EGV,,,,Android G6,116.0,,,,,102299.0
012,322,2020-05-04T19:52:11,EGV,,,,Android G6,114.0,,,,,102599.0
012,323,2020-05-04T19:57:11,EGV,,,,Android G6,113.0,,,,,102899.0
012,324,2020-05-04T20:02:11,EGV,,,,Android G6,112.0,,,,,103199.0
012,325,2020-05-04T20:07:11,EGV,,,,Android G6,111.0,,,,,103499.0
012,326,2020-05-04T20:12:11,EGV,,,,Android G6,111.0,,,,,103799.0
012,327,2020-05-04T20:17:12,EGV,,,,Android G6,111.0,,,,,104099.0
012,328,2020-05-04T20:22:11,EGV,,,,Android G6,112.0,,,,,104399.0
012,329,2020-05-04T20:27:11,EGV,,,,Android G6,112.0,,,,,104699.0
012,330,2020-05-04T20:32:11,EGV,,,,Android G6,112.0,,,,,104999.0
012,331,2020-05-04T20:37:11,EGV,,,,Android G6,111.0,,,,,105299.0
012,332,2020-05-04T20:42:11,EGV,,,,Android G6,110.0,,,,,105599.0
012,333,2020-05-04T20:47:11,EGV,,,,Android G6,111.0,,,,,105899.0
012,334,2020-05-04T20:52:11,EGV,,,,Android G6,113.0,,,,,106199.0
012,335,2020-05-04T20:57:11,EGV,,,,Android G6,115.0,,,,,106499.0
012,336,2020-05-04T21:02:11,EGV,,,,Android G6,115.0,,,,,106799.0
012,337,2020-05-04T21:07:11,EGV,,,,Android G6,115.0,,,,,107099.0
012,338,2020-05-04T21:12:11,EGV,,,,Android G6,114.0,,,,,107399.0
012,339,2020-05-04T21:17:11,EGV,,,,Android G6,113.0,,,,,107699.0
012,340,2020-05-04T21:22:11,EGV,,,,Android G6,111.0,,,,,107999.0
012,341,2020-05-04T21:27:11,EGV,,,,Android G6,111.0,,,,,108299.0
012,342,2020-05-04T21:32:10,EGV,,,,Android G6,114.0,,,,,108599.0
012,343,2020-05-04T21:37:11,EGV,,,,Android G6,118.0,,,,,108899.0
012,344,2020-05-04T21:42:11,EGV,,,,Android G6,122.0,,,,,109199.0
012,345,2020-05-04T21:47:11,EGV,,,,Android G6,124.0,,,,,109499.0
012,346,2020-05-04T21:52:11,EGV,,,,Android G6,124.0,,,,,109799.0
012,347,2020-05-04T21:57:11,EGV,,,,Android G6,122.0,,,,,110099.0
012,348,2020-05-04T22:02:11,EGV,,,,Android G6,119.0,,,,,110399.0
012,349,2020-05-04T22:07:14,EGV,,,,Android G6,116.0,,,,,110699.0
012,350,2020-05-04T22:12:11,EGV,,,,Android G6,113.0,,,,,110999.0
012,351,2020-05-04T22:17:12,EGV,,,,Android G6,112.0,,,,,111299.0
012,352,2020-05-04T22:22:12,EGV,,,,Android G6,112.0,,,,,111599.0
012,353,2020-05-04T22:27:12,EGV,,,,Android G6,113.0,,,,,111899.0
012,354,2020-05-04T22:32:11,EGV,,,,Android G6,113.0,,,,,112199.0
012,355,2020-05-04T22:37:11,EGV,,,,Android G6,114.0,,,,,112499.0
012,356,2020-05-04T22:42:11,EGV,,,,Android G6,113.0,,,,,112799.0
012,357,2020-05-04T22:47:11,EGV,,,,Android G6,112.0,,,,,113099.0
012,358,2020-05-04T22:52:11,EGV,,,,Android G6,111.0,,,,,113399.0
012,359,2020-05-04T22:57:11,EGV,,,,Android G6,111.0,,,,,113699.0
012,360,2020-05-04T23:02:11,EGV,,,,Android G6,112.0,,,,,113999.0
012,361,2020-05-04T23:07:11,EGV,,,,Android G6,113.0,,,,,114299.0
012,362,2020-05-04T23:12:11,EGV,,,,Android G6,115.0,,,,,114599.0
012,363,2020-05-04T23:17:11,EGV,,,,Android G6,115.0,,,,,114899.0
012,364,2020-05-04T23:22:11,EGV,,,,Android G6,116.0,,,,,115199.0
012,365,2020-05-04T23:27:11,EGV,,,,Android G6,117.0,,,,,115499.0
012,366,2020-05-04T23:32:11,EGV,,,,Android G6,117.0,,,,,115799.0
012,367,2020-05-04T23:37:11,EGV,,,,Android G6,117.0,,,,,116099.0
012,368,2020-05-04T23:42:12,EGV,,,,Android G6,117.0,,,,,116399.0
012,369,2020-05-04T23:47:11,EGV,,,,Android G6,117.0,,,,,116699.0
012,370,2020-05-04T23:52:11,EGV,,,,Android G6,117.0,,,,,116999.0
012,371,2020-05-04T23:57:11,EGV,,,,Android G6,117.0,,,,,117299.0
012,372,2020-05-05T00:02:11,EGV,,,,Android G6,116.0,,,,,117599.0
012,373,2020-05-05T00:07:11,EGV,,,,Android G6,115.0,,,,,117899.0
012,374,2020-05-05T00:12:11,EGV,,,,Android G6,114.0,,,,,118199.0
012,375,2020-05-05T00:17:11,EGV,,,,Android G6,114.0,,,,,118499.0
012,376,2020-05-05T00:22:11,EGV,,,,Android G6,114.0,,,,,118799.0
012,377,2020-05-05T00:27:11,EGV,,,,Android G6,114.0,,,,,119099.0
012,378,2020-05-05T00:32:11,EGV,,,,Android G6,114.0,,,,,119399.0
012,379,2020-05-05T00:37:11,EGV,,,,Android G6,115.0,,,,,119699.0
012,380,2020-05-05T00:42:11,EGV,,,,Android G6,116.0,,,,,119999.0
012,381,2020-05-05T00:47:11,EGV,,,,Android G6,116.0,,,,,120299.0
012,382,2020-05-05T00:52:11,EGV,,,,Android G6,115.0,,,,,120599.0
012,383,2020-05-05T00:57:10,EGV,,,,Android G6,114.0,,,,,120899.0
012,384,2020-05-05T01:02:11,EGV,,,,Android G6,113.0,,,,,121199.0
012,385,2020-05-05T01:07:11,EGV,,,,Android G6,113.0,,,,,121499.0
012,386,2020-05-05T01:12:10,EGV,,,,Android G6,113.0,,,,,121799.0
012,387,2020-05-05T01:17:11,EGV,,,,Android G6,114.0,,,,,122099.0
012,388,2020-05-05T01:22:11,EGV,,,,Android G6,114.0,,,,,122399.0
012,389,2020-05-05T01:27:11,EGV,,,,Android G6,115.0,,,,,122699.0
012,390,2020-05-05T01:32:11,EGV,,,,Android G6,115.0,,,,,122999.0
012,391,2020-05-05T01:37:10,EGV,,,,Android G6,116.0,,,,,123299.0
012,392,2020-05-05T01:42:11,EGV,,,,Android G6,116.0,,,,,123599.0
012,393,2020-05-05T01:47:11,EGV,,,,Android G6,116.0,,,,,123899.0
012,394,2020-05-05T01:52:11,EGV,,,,Android G6,117.0,,,,,124199.0
012,395,2020-05-05T01:57:11,EGV,,,,Android G6,117.0,,,,,124499.0
012,396,2020-05-05T02:02:11,EGV,,,,Android G6,116.0,,,,,124799.0
012,397,2020-05-05T02:07:12,EGV,,,,Android G6,114.0,,,,,125099.0
012,398,2020-05-05T02:12:11,EGV,,,,Android G6,113.0,,,,,125399.0
012,399,2020-05-05T02:17:11,EGV,,,,Android G6,114.0,,,,,125699.0
012,400,2020-05-05T02:22:12,EGV,,,,Android G6,114.0,,,,,125999.0
012,401,2020-05-05T02:27:11,EGV,,,,Android G6,113.0,,,,,126299.0
012,402,2020-05-05T02:32:12,EGV,,,,Android G6,113.0,,,,,126599.0
012,403,2020-05-05T02:37:11,EGV,,,,Android G6,114.0,,,,,126899.0
012,404,2020-05-05T02:42:11,EGV,,,,Android G6,115.0,,,,,127199.0
012,405,2020-05-05T02:47:11,EGV,,,,Android G6,115.0,,,,,127499.0
012,406,2020-05-05T02:52:11,EGV,,,,Android G6,116.0,,,,,127799.0
012,407,2020-05-05T02:57:11,EGV,,,,Android G6,116.0,,,,,128099.0
012,408,2020-05-05T03:02:11,EGV,,,,Android G6,116.0,,,,,128399.0
012,409,2020-05-05T03:07:11,EGV,,,,Android G6,113.0,,,,,128699.0
012,410,2020-05-05T03:12:11,EGV,,,,Android G6,111.0,,,,,128999.0
012,411,2020-05-05T03:17:11,EGV,,,,Android G6,108.0,,,,,129299.0
012,412,2020-05-05T03:22:11,EGV,,,,Android G6,108.0,,,,,129599.0
012,413,2020-05-05T03:27:11,EGV,,,,Android G6,109.0,,,,,129899.0
012,414,2020-05-05T03:32:11,EGV,,,,Android G6,110.0,,,,,130199.0
012,415,2020-05-05T03:37:11,EGV,,,,Android G6,110.0,,,,,130499.0
012,416,2020-05-05T03:42:11,EGV,,,,Android G6,109.0,,,,,130799.0
012,417,2020-05-05T03:47:11,EGV,,,,Android G6,107.0,,,,,131099.0
012,418,2020-05-05T03:52:11,EGV,,,,Android G6,105.0,,,,,131399.0
012,419,2020-05-05T03:57:11,EGV,,,,Android G6,104.0,,,,,131699.0
012,420,2020-05-05T04:02:11,EGV,,,,Android G6,107.0,,,,,131999.0
012,421,2020-05-05T04:07:11,EGV,,,,Android G6,109.0,,,,,132299.0
012,422,2020-05-05T04:12:11,EGV,,,,Android G6,112.0,,,,,132599.0
012,423,2020-05-05T04:17:11,EGV,,,,Android G6,111.0,,,,,132899.0
012,424,2020-05-05T04:22:11,EGV,,,,Android G6,109.0,,,,,133199.0
012,425,2020-05-05T04:27:10,EGV,,,,Android G6,105.0,,,,,133499.0
012,426,2020-05-05T04:32:10,EGV,,,,Android G6,105.0,,,,,133799.0
012,427,2020-05-05T04:37:10,EGV,,,,Android G6,106.0,,,,,134099.0
012,428,2020-05-05T04:42:11,EGV,,,,Android G6,107.0,,,,,134399.0
012,429,2020-05-05T04:47:11,EGV,,,,Android G6,109.0,,,,,134699.0
012,430,2020-05-05T04:52:11,EGV,,,,Android G6,112.0,,,,,134999.0
012,431,2020-05-05T04:57:11,EGV,,,,Android G6,115.0,,,,,135299.0
012,432,2020-05-05T05:02:11,EGV,,,,Android G6,117.0,,,,,135599.0
012,433,2020-05-05T05:07:11,EGV,,,,Android G6,118.0,,,,,135899.0
012,434,2020-05-05T05:12:11,EGV,,,,Android G6,118.0,,,,,136199.0
012,435,2020-05-05T05:17:11,EGV,,,,Android G6,117.0,,,,,136499.0
012,436,2020-05-05T05:22:10,EGV,,,,Android G6,115.0,,,,,136799.0
012,437,2020-05-05T05:27:11,EGV,,,,Android G6,113.0,,,,,137099.0
012,438,2020-05-05T05:32:11,EGV,,,,Android G6,114.0,,,,,137399.0
012,439,2020-05-05T05:37:11,EGV,,,,Android G6,113.0,,,,,137699.0
012,440,2020-05-05T05:42:11,EGV,,,,Android G6,112.0,,,,,137999.0
012,441,2020-05-05T05:47:11,EGV,,,,Android G6,107.0,,,,,138299.0
012,442,2020-05-05T05:52:11,EGV,,,,Android G6,106.0,,,,,138599.0
012,443,2020-05-05T05:57:10,EGV,,,,Android G6,105.0,,,,,138899.0
012,444,2020-05-05T06:02:11,EGV,,,,Android G6,106.0,,,,,139199.0
012,445,2020-05-05T06:07:11,EGV,,,,Android G6,106.0,,,,,139499.0
012,446,2020-05-05T06:12:11,EGV,,,,Android G6,106.0,,,,,139799.0
012,447,2020-05-05T06:17:10,EGV,,,,Android G6,107.0,,,,,140099.0
012,448,2020-05-05T06:22:11,EGV,,,,Android G6,108.0,,,,,140399.0
012,449,2020-05-05T06:27:11,EGV,,,,Android G6,109.0,,,,,140699.0
012,450,2020-05-05T06:32:10,EGV,,,,Android G6,107.0,,,,,140998.0
012,451,2020-05-05T06:37:10,EGV,,,,Android G6,103.0,,,,,141298.0
012,452,2020-05-05T06:42:09,EGV,,,,Android G6,99.0,,,,,141598.0
012,453,2020-05-05T06:47:10,EGV,,,,Android G6,98.0,,,,,141898.0
012,454,2020-05-05T06:52:10,EGV,,,,Android G6,98.0,,,,,142198.0
012,455,2020-05-05T06:57:10,EGV,,,,Android G6,101.0,,,,,142498.0
012,456,2020-05-05T07:02:10,EGV,,,,Android G6,103.0,,,,,142798.0
012,457,2020-05-05T07:07:10,EGV,,,,Android G6,106.0,,,,,143098.0
012,458,2020-05-05T07:12:10,EGV,,,,Android G6,109.0,,,,,143398.0
012,459,2020-05-05T07:17:10,EGV,,,,Android G6,113.0,,,,,143698.0
012,460,2020-05-05T07:22:10,EGV,,,,Android G6,115.0,,,,,143998.0
012,461,2020-05-05T07:27:10,EGV,,,,Android G6,115.0,,,,,144298.0
012,462,2020-05-05T07:32:10,EGV,,,,Android G6,115.0,,,,,144598.0
012,463,2020-05-05T07:37:10,EGV,,,,Android G6,114.0,,,,,144898.0
012,464,2020-05-05T07:42:10,EGV,,,,Android G6,114.0,,,,,145198.0
012,465,2020-05-05T07:47:10,EGV,,,,Android G6,114.0,,,,,145498.0
012,466,2020-05-05T07:52:10,EGV,,,,Android G6,112.0,,,,,145798.0
012,467,2020-05-05T07:57:09,EGV,,,,Android G6,111.0,,,,,146098.0
012,468,2020-05-05T08:02:09,EGV,,,,Android G6,109.0,,,,,146398.0
012,469,2020-05-05T08:07:09,EGV,,,,Android G6,106.0,,,,,146698.0
012,470,2020-05-05T08:12:09,EGV,,,,Android G6,103.0,,,,,146998.0
012,471,2020-05-05T08:17:10,EGV,,,,Android G6,101.0,,,,,147298.0
012,472,2020-05-05T08:22:10,EGV,,,,Android G6,103.0,,,,,147598.0
012,473,2020-05-05T08:27:10,EGV,,,,Android G6,108.0,,,,,147898.0
012,474,2020-05-05T08:32:09,EGV,,,,Android G6,114.0,,,,,148198.0
012,475,2020-05-05T08:37:10,EGV,,,,Android G6,113.0,,,,,148498.0
012,476,2020-05-05T08:42:10,EGV,,,,Android G6,109.0,,,,,148798.0
012,477,2020-05-05T08:47:10,EGV,,,,Android G6,106.0,,,,,149098.0
012,478,2020-05-05T08:52:10,EGV,,,,Android G6,108.0,,,,,149398.0
012,479,2020-05-05T08:57:10,EGV,,,,Android G6,110.0,,,,,149698.0
012,480,2020-05-05T09:02:10,EGV,,,,Android G6,110.0,,,,,149998.0
012,481,2020-05-05T09:07:09,EGV,,,,Android G6,110.0,,,,,150298.0
012,482,2020-05-05T09:12:09,EGV,,,,Android G6,110.0,,,,,150598.0
012,483,2020-05-05T09:17:09,EGV,,,,Android G6,110.0,,,,,150898.0
012,484,2020-05-05T09:22:10,EGV,,,,Android G6,108.0,,,,,151198.0
012,485,2020-05-05T09:27:09,EGV,,,,Android G6,105.0,,,,,151498.0
012,486,2020-05-05T09:32:10,EGV,,,,Android G6,103.0,,,,,151798.0
012,487,2020-05-05T09:37:10,EGV,,,,Android G6,105.0,,,,,152098.0
012,488,2020-05-05T09:42:09,EGV,,,,Android G6,108.0,,,,,152398.0
012,489,2020-05-05T09:47:10,EGV,,,,Android G6,109.0,,,,,152698.0
012,490,2020-05-05T09:52:10,EGV,,,,Android G6,109.0,,,,,152998.0
012,491,2020-05-05T09:57:10,EGV,,,,Android G6,107.0,,,,,153298.0
012,492,2020-05-05T10:02:10,EGV,,,,Android G6,105.0,,,,,153598.0
012,493,2020-05-05T10:07:10,EGV,,,,Android G6,105.0,,,,,153898.0
012,494,2020-05-05T10:12:10,EGV,,,,Android G6,106.0,,,,,154198.0
012,495,2020-05-05T10:17:10,EGV,,,,Android G6,108.0,,,,,154498.0
012,496,2020-05-05T10:22:10,EGV,,,,Android G6,108.0,,,,,154798.0
012,497,2020-05-05T10:27:10,EGV,,,,Android G6,106.0,,,,,155098.0
012,498,2020-05-05T10:32:10,EGV,,,,Android G6,102.0,,,,,155398.0
012,499,2020-05-05T10:37:10,EGV,,,,Android G6,100.0,,,,,155698.0
