patientNumber,datetime,eda
001,2020-02-13 15:28:50.000,0.0
001,2020-02-13 15:28:50.250,0.001281
001,2020-02-13 15:28:50.500,0.026905000000000002
001,2020-02-13 15:28:50.750,0.028186000000000003
001,2020-02-13 15:28:51.000,0.029467
001,2020-02-13 15:28:51.250,0.030748
001,2020-02-13 15:28:51.500,0.028186000000000003
001,2020-02-13 15:28:51.750,0.030748
001,2020-02-13 15:28:52.000,0.028186000000000003
001,2020-02-13 15:28:52.250,0.029467
001,2020-02-13 15:28:52.500,0.029467
001,2020-02-13 15:28:52.750,0.029467
001,2020-02-13 15:28:53.000,0.029467
001,2020-02-13 15:28:53.250,0.026905000000000002
001,2020-02-13 15:28:53.500,0.028186000000000003
001,2020-02-13 15:28:53.750,0.026905000000000002
001,2020-02-13 15:28:54.000,0.033311
001,2020-02-13 15:28:54.250,0.034592000000000005
001,2020-02-13 15:28:54.500,0.038435000000000004
001,2020-02-13 15:28:54.750,0.040998
001,2020-02-13 15:28:55.000,0.042279000000000004
001,2020-02-13 15:28:55.250,0.044841000000000006
001,2020-02-13 15:28:55.500,0.046122
001,2020-02-13 15:28:55.750,0.052528
001,2020-02-13 15:28:56.000,0.052528
001,2020-02-13 15:28:56.250,0.053809
001,2020-02-13 15:28:56.500,0.053809
001,2020-02-13 15:28:56.750,0.040998
001,2020-02-13 15:28:57.000,0.032029
001,2020-02-13 15:28:57.250,0.039716
001,2020-02-13 15:28:57.500,0.035873
001,2020-02-13 15:28:57.750,0.038435000000000004
001,2020-02-13 15:28:58.000,0.040998
001,2020-02-13 15:28:58.250,0.044841000000000006
001,2020-02-13 15:28:58.500,0.058934
001,2020-02-13 15:28:58.750,0.110181
001,2020-02-13 15:28:59.000,0.028186000000000003
001,2020-02-13 15:28:59.250,0.020499
001,2020-02-13 15:28:59.500,0.023061
001,2020-02-13 15:28:59.750,0.020499
001,2020-02-13 15:29:00.000,0.020499
001,2020-02-13 15:29:00.250,0.020499
001,2020-02-13 15:29:00.500,0.019218
001,2020-02-13 15:29:00.750,0.020499
001,2020-02-13 15:29:01.000,0.020499
001,2020-02-13 15:29:01.250,0.017936
001,2020-02-13 15:29:01.500,0.020499
001,2020-02-13 15:29:01.750,0.019218
001,2020-02-13 15:29:02.000,0.017936
001,2020-02-13 15:29:02.250,0.019218
001,2020-02-13 15:29:02.500,0.016655
001,2020-02-13 15:29:02.750,0.017936
001,2020-02-13 15:29:03.000,0.016655
001,2020-02-13 15:29:03.250,0.016655
001,2020-02-13 15:29:03.500,0.015374
001,2020-02-13 15:29:03.750,0.016655
001,2020-02-13 15:29:04.000,0.016655
001,2020-02-13 15:29:04.250,0.015374
001,2020-02-13 15:29:04.500,0.016655
001,2020-02-13 15:29:04.750,0.016655
001,2020-02-13 15:29:05.000,0.016655
001,2020-02-13 15:29:05.250,0.015374
001,2020-02-13 15:29:05.500,0.016655
001,2020-02-13 15:29:05.750,0.015374
001,2020-02-13 15:29:06.000,0.015374
001,2020-02-13 15:29:06.250,0.016655
001,2020-02-13 15:29:06.500,0.015374
001,2020-02-13 15:29:06.750,0.017936
001,2020-02-13 15:29:07.000,0.017936
001,2020-02-13 15:29:07.250,0.016655
001,2020-02-13 15:29:07.500,0.016655
001,2020-02-13 15:29:07.750,0.016655
001,2020-02-13 15:29:08.000,0.015374
001,2020-02-13 15:29:08.250,0.015374
001,2020-02-13 15:29:08.500,0.019218
001,2020-02-13 15:29:08.750,0.02178
001,2020-02-13 15:29:09.000,0.030748
001,2020-02-13 15:29:09.250,0.047404
001,2020-02-13 15:29:09.500,0.030748
001,2020-02-13 15:29:09.750,0.032029
001,2020-02-13 15:29:10.000,0.02178
001,2020-02-13 15:29:10.250,0.015374
001,2020-02-13 15:29:10.500,0.012812
001,2020-02-13 15:29:10.750,0.014093000000000001
001,2020-02-13 15:29:11.000,0.016655
001,2020-02-13 15:29:11.250,0.015374
001,2020-02-13 15:29:11.500,0.015374
001,2020-02-13 15:29:11.750,0.016655
001,2020-02-13 15:29:12.000,0.014093000000000001
001,2020-02-13 15:29:12.250,0.019218
001,2020-02-13 15:29:12.500,0.014093000000000001
001,2020-02-13 15:29:12.750,0.016655
001,2020-02-13 15:29:13.000,0.016655
001,2020-02-13 15:29:13.250,0.019218
001,2020-02-13 15:29:13.500,0.02178
001,2020-02-13 15:29:13.750,0.019218
001,2020-02-13 15:29:14.000,0.015374
001,2020-02-13 15:29:14.250,0.015374
001,2020-02-13 15:29:14.500,0.016655
001,2020-02-13 15:29:14.750,0.016655
001,2020-02-13 15:29:15.000,0.014093000000000001
001,2020-02-13 15:29:15.250,0.016655
001,2020-02-13 15:29:15.500,0.016655
001,2020-02-13 15:29:15.750,0.025624
001,2020-02-13 15:29:16.000,0.025624
001,2020-02-13 15:29:16.250,0.014093000000000001
001,2020-02-13 15:29:16.500,0.016655
001,2020-02-13 15:29:16.750,0.015374
001,2020-02-13 15:29:17.000,0.020499
001,2020-02-13 15:29:17.250,0.052528
001,2020-02-13 15:29:17.500,0.015374
001,2020-02-13 15:29:17.750,0.024342
001,2020-02-13 15:29:18.000,0.02178
001,2020-02-13 15:29:18.250,0.034592000000000005
001,2020-02-13 15:29:18.500,0.032029
001,2020-02-13 15:29:18.750,0.014093000000000001
001,2020-02-13 15:29:19.000,0.015374
001,2020-02-13 15:29:19.250,0.014093000000000001
001,2020-02-13 15:29:19.500,0.014093000000000001
001,2020-02-13 15:29:19.750,0.016655
001,2020-02-13 15:29:20.000,0.028186000000000003
001,2020-02-13 15:29:20.250,0.058934
001,2020-02-13 15:29:20.500,0.029467
001,2020-02-13 15:29:20.750,0.015374
001,2020-02-13 15:29:21.000,0.014093000000000001
001,2020-02-13 15:29:21.250,0.015374
001,2020-02-13 15:29:21.500,0.016655
001,2020-02-13 15:29:21.750,0.012812
001,2020-02-13 15:29:22.000,0.015374
001,2020-02-13 15:29:22.250,0.015374
001,2020-02-13 15:29:22.500,0.014093000000000001
001,2020-02-13 15:29:22.750,0.017936
001,2020-02-13 15:29:23.000,0.040998
001,2020-02-13 15:29:23.250,0.042279000000000004
001,2020-02-13 15:29:23.500,0.053809
001,2020-02-13 15:29:23.750,0.06918400000000001
001,2020-02-13 15:29:24.000,0.042279000000000004
001,2020-02-13 15:29:24.250,0.015374
001,2020-02-13 15:29:24.500,0.014093000000000001
001,2020-02-13 15:29:24.750,0.012812
001,2020-02-13 15:29:25.000,0.046122
001,2020-02-13 15:29:25.250,0.016655
001,2020-02-13 15:29:25.500,0.014093000000000001
001,2020-02-13 15:29:25.750,0.015374
001,2020-02-13 15:29:26.000,0.055090999999999994
001,2020-02-13 15:29:26.250,0.049966
001,2020-02-13 15:29:26.500,0.014093000000000001
001,2020-02-13 15:29:26.750,0.037154
001,2020-02-13 15:29:27.000,0.033311
001,2020-02-13 15:29:27.250,0.061496
001,2020-02-13 15:29:27.500,0.074308
001,2020-02-13 15:29:27.750,0.016655
001,2020-02-13 15:29:28.000,0.015374
001,2020-02-13 15:29:28.250,0.061496
001,2020-02-13 15:29:28.500,0.056372000000000005
001,2020-02-13 15:29:28.750,0.020499
001,2020-02-13 15:29:29.000,0.028186000000000003
001,2020-02-13 15:29:29.250,0.052528
001,2020-02-13 15:29:29.500,0.052528
001,2020-02-13 15:29:29.750,0.053809
001,2020-02-13 15:29:30.000,0.048685
001,2020-02-13 15:29:30.250,0.033311
001,2020-02-13 15:29:30.500,0.048685
001,2020-02-13 15:29:30.750,0.048685
001,2020-02-13 15:29:31.000,0.035873
001,2020-02-13 15:29:31.250,0.029467
001,2020-02-13 15:29:31.500,0.026905000000000002
001,2020-02-13 15:29:31.750,0.014093000000000001
001,2020-02-13 15:29:32.000,0.028186000000000003
001,2020-02-13 15:29:32.250,0.015374
001,2020-02-13 15:29:32.500,0.012812
001,2020-02-13 15:29:32.750,0.012812
001,2020-02-13 15:29:33.000,0.015374
001,2020-02-13 15:29:33.250,0.012812
001,2020-02-13 15:29:33.500,0.014093000000000001
001,2020-02-13 15:29:33.750,0.014093000000000001
001,2020-02-13 15:29:34.000,0.015374
001,2020-02-13 15:29:34.250,0.014093000000000001
001,2020-02-13 15:29:34.500,0.014093000000000001
001,2020-02-13 15:29:34.750,0.014093000000000001
001,2020-02-13 15:29:35.000,0.012812
001,2020-02-13 15:29:35.250,0.015374
001,2020-02-13 15:29:35.500,0.011531
001,2020-02-13 15:29:35.750,0.014093000000000001
001,2020-02-13 15:29:36.000,0.014093000000000001
001,2020-02-13 15:29:36.250,0.029467
001,2020-02-13 15:29:36.500,0.032029
001,2020-02-13 15:29:36.750,0.032029
001,2020-02-13 15:29:37.000,0.039716
001,2020-02-13 15:29:37.250,0.015374
001,2020-02-13 15:29:37.500,0.014093000000000001
001,2020-02-13 15:29:37.750,0.02178
001,2020-02-13 15:29:38.000,0.024342
001,2020-02-13 15:29:38.250,0.016655
001,2020-02-13 15:29:38.500,0.014093000000000001
001,2020-02-13 15:29:38.750,0.014093000000000001
001,2020-02-13 15:29:39.000,0.012812
001,2020-02-13 15:29:39.250,0.015374
001,2020-02-13 15:29:39.500,0.042279000000000004
001,2020-02-13 15:29:39.750,0.047404
001,2020-02-13 15:29:40.000,0.051247
001,2020-02-13 15:29:40.250,0.062778
001,2020-02-13 15:29:40.500,0.025624
001,2020-02-13 15:29:40.750,0.026905000000000002
001,2020-02-13 15:29:41.000,0.012812
001,2020-02-13 15:29:41.250,0.014093000000000001
001,2020-02-13 15:29:41.500,0.012812
001,2020-02-13 15:29:41.750,0.053809
001,2020-02-13 15:29:42.000,0.078152
001,2020-02-13 15:29:42.250,0.080714
001,2020-02-13 15:29:42.500,0.080714
001,2020-02-13 15:29:42.750,0.083276
001,2020-02-13 15:29:43.000,0.088401
001,2020-02-13 15:29:43.250,0.08712
001,2020-02-13 15:29:43.500,0.08968200000000001
001,2020-02-13 15:29:43.750,0.08968200000000001
001,2020-02-13 15:29:44.000,0.090964
001,2020-02-13 15:29:44.250,0.08968200000000001
001,2020-02-13 15:29:44.500,0.08968200000000001
001,2020-02-13 15:29:44.750,0.085839
001,2020-02-13 15:29:45.000,0.083276
001,2020-02-13 15:29:45.250,0.085839
001,2020-02-13 15:29:45.500,0.08712
001,2020-02-13 15:29:45.750,0.08712
001,2020-02-13 15:29:46.000,0.085839
001,2020-02-13 15:29:46.250,0.075589
001,2020-02-13 15:29:46.500,0.09736900000000001
001,2020-02-13 15:29:46.750,0.131961
001,2020-02-13 15:29:47.000,0.135805
001,2020-02-13 15:29:47.250,0.099932
001,2020-02-13 15:29:47.500,0.02178
001,2020-02-13 15:29:47.750,0.035873
001,2020-02-13 15:29:48.000,0.012812
001,2020-02-13 15:29:48.250,0.012812
001,2020-02-13 15:29:48.500,0.015374
001,2020-02-13 15:29:48.750,0.061496
001,2020-02-13 15:29:49.000,0.070465
001,2020-02-13 15:29:49.250,0.06918400000000001
001,2020-02-13 15:29:49.500,0.070465
001,2020-02-13 15:29:49.750,0.073027
001,2020-02-13 15:29:50.000,0.075589
001,2020-02-13 15:29:50.250,0.07687100000000001
001,2020-02-13 15:29:50.500,0.080714
001,2020-02-13 15:29:50.750,0.088401
001,2020-02-13 15:29:51.000,0.09736900000000001
001,2020-02-13 15:29:51.250,0.102494
001,2020-02-13 15:29:51.500,0.103775
001,2020-02-13 15:29:51.750,0.09224500000000001
001,2020-02-13 15:29:52.000,0.024342
001,2020-02-13 15:29:52.250,0.033311
001,2020-02-13 15:29:52.500,0.060215
001,2020-02-13 15:29:52.750,0.060215
001,2020-02-13 15:29:53.000,0.075589
001,2020-02-13 15:29:53.250,0.070465
001,2020-02-13 15:29:53.500,0.062778
001,2020-02-13 15:29:53.750,0.056372000000000005
001,2020-02-13 15:29:54.000,0.07687100000000001
001,2020-02-13 15:29:54.250,0.081995
001,2020-02-13 15:29:54.500,0.073027
001,2020-02-13 15:29:54.750,0.071746
001,2020-02-13 15:29:55.000,0.073027
001,2020-02-13 15:29:55.250,0.071746
001,2020-02-13 15:29:55.500,0.071746
001,2020-02-13 15:29:55.750,0.071746
001,2020-02-13 15:29:56.000,0.070465
001,2020-02-13 15:29:56.250,0.070465
001,2020-02-13 15:29:56.500,0.06918400000000001
001,2020-02-13 15:29:56.750,0.070465
001,2020-02-13 15:29:57.000,0.067902
001,2020-02-13 15:29:57.250,0.06918400000000001
001,2020-02-13 15:29:57.500,0.070465
001,2020-02-13 15:29:57.750,0.071746
001,2020-02-13 15:29:58.000,0.080714
001,2020-02-13 15:29:58.250,0.079433
001,2020-02-13 15:29:58.500,0.080714
001,2020-02-13 15:29:58.750,0.081995
001,2020-02-13 15:29:59.000,0.083276
001,2020-02-13 15:29:59.250,0.085839
001,2020-02-13 15:29:59.500,0.085839
001,2020-02-13 15:29:59.750,0.078152
001,2020-02-13 15:30:00.000,0.073027
001,2020-02-13 15:30:00.250,0.067902
001,2020-02-13 15:30:00.500,0.070465
001,2020-02-13 15:30:00.750,0.067902
001,2020-02-13 15:30:01.000,0.071746
001,2020-02-13 15:30:01.250,0.06534
001,2020-02-13 15:30:01.500,0.058934
001,2020-02-13 15:30:01.750,0.061496
001,2020-02-13 15:30:02.000,0.081995
001,2020-02-13 15:30:02.250,0.08455800000000001
001,2020-02-13 15:30:02.500,0.08712
001,2020-02-13 15:30:02.750,0.08712
001,2020-02-13 15:30:03.000,0.085839
001,2020-02-13 15:30:03.250,0.08968200000000001
001,2020-02-13 15:30:03.500,0.088401
001,2020-02-13 15:30:03.750,0.08712
001,2020-02-13 15:30:04.000,0.09224500000000001
001,2020-02-13 15:30:04.250,0.08712
001,2020-02-13 15:30:04.500,0.093526
001,2020-02-13 15:30:04.750,0.080714
001,2020-02-13 15:30:05.000,0.081995
001,2020-02-13 15:30:05.250,0.081995
001,2020-02-13 15:30:05.500,0.083276
001,2020-02-13 15:30:05.750,0.080714
001,2020-02-13 15:30:06.000,0.083276
001,2020-02-13 15:30:06.250,0.098651
001,2020-02-13 15:30:06.500,0.080714
001,2020-02-13 15:30:06.750,0.080714
001,2020-02-13 15:30:07.000,0.078152
001,2020-02-13 15:30:07.250,0.080714
001,2020-02-13 15:30:07.500,0.078152
001,2020-02-13 15:30:07.750,0.071746
001,2020-02-13 15:30:08.000,0.075589
001,2020-02-13 15:30:08.250,0.075589
001,2020-02-13 15:30:08.500,0.074308
001,2020-02-13 15:30:08.750,0.070465
001,2020-02-13 15:30:09.000,0.066621
001,2020-02-13 15:30:09.250,0.060215
001,2020-02-13 15:30:09.500,0.053809
001,2020-02-13 15:30:09.750,0.056372000000000005
001,2020-02-13 15:30:10.000,0.070465
001,2020-02-13 15:30:10.250,0.067902
001,2020-02-13 15:30:10.500,0.074308
001,2020-02-13 15:30:10.750,0.070465
001,2020-02-13 15:30:11.000,0.071746
001,2020-02-13 15:30:11.250,0.055090999999999994
001,2020-02-13 15:30:11.500,0.056372000000000005
001,2020-02-13 15:30:11.750,0.056372000000000005
001,2020-02-13 15:30:12.000,0.056372000000000005
001,2020-02-13 15:30:12.250,0.057652999999999996
001,2020-02-13 15:30:12.500,0.070465
001,2020-02-13 15:30:12.750,0.070465
001,2020-02-13 15:30:13.000,0.067902
001,2020-02-13 15:30:13.250,0.071746
001,2020-02-13 15:30:13.500,0.083276
001,2020-02-13 15:30:13.750,0.080714
001,2020-02-13 15:30:14.000,0.080714
001,2020-02-13 15:30:14.250,0.08455800000000001
001,2020-02-13 15:30:14.500,0.085839
001,2020-02-13 15:30:14.750,0.085839
001,2020-02-13 15:30:15.000,0.08455800000000001
001,2020-02-13 15:30:15.250,0.085839
001,2020-02-13 15:30:15.500,0.083276
001,2020-02-13 15:30:15.750,0.081995
001,2020-02-13 15:30:16.000,0.07687100000000001
001,2020-02-13 15:30:16.250,0.07687100000000001
001,2020-02-13 15:30:16.500,0.07687100000000001
001,2020-02-13 15:30:16.750,0.062778
001,2020-02-13 15:30:17.000,0.049966
001,2020-02-13 15:30:17.250,0.049966
001,2020-02-13 15:30:17.500,0.052528
001,2020-02-13 15:30:17.750,0.053809
001,2020-02-13 15:30:18.000,0.051247
001,2020-02-13 15:30:18.250,0.060215
001,2020-02-13 15:30:18.500,0.064059
001,2020-02-13 15:30:18.750,0.062778
001,2020-02-13 15:30:19.000,0.060215
001,2020-02-13 15:30:19.250,0.06534
001,2020-02-13 15:30:19.500,0.074308
001,2020-02-13 15:30:19.750,0.080714
001,2020-02-13 15:30:20.000,0.083276
001,2020-02-13 15:30:20.250,0.081995
001,2020-02-13 15:30:20.500,0.083276
001,2020-02-13 15:30:20.750,0.080714
001,2020-02-13 15:30:21.000,0.083276
001,2020-02-13 15:30:21.250,0.083276
001,2020-02-13 15:30:21.500,0.081995
001,2020-02-13 15:30:21.750,0.083276
001,2020-02-13 15:30:22.000,0.081995
001,2020-02-13 15:30:22.250,0.081995
001,2020-02-13 15:30:22.500,0.083276
001,2020-02-13 15:30:22.750,0.083276
001,2020-02-13 15:30:23.000,0.081995
001,2020-02-13 15:30:23.250,0.081995
001,2020-02-13 15:30:23.500,0.085839
001,2020-02-13 15:30:23.750,0.080714
001,2020-02-13 15:30:24.000,0.079433
001,2020-02-13 15:30:24.250,0.080714
001,2020-02-13 15:30:24.500,0.081995
001,2020-02-13 15:30:24.750,0.085839
001,2020-02-13 15:30:25.000,0.08455800000000001
001,2020-02-13 15:30:25.250,0.08712
001,2020-02-13 15:30:25.500,0.08712
001,2020-02-13 15:30:25.750,0.08712
001,2020-02-13 15:30:26.000,0.08712
001,2020-02-13 15:30:26.250,0.085839
001,2020-02-13 15:30:26.500,0.08968200000000001
001,2020-02-13 15:30:26.750,0.088401
001,2020-02-13 15:30:27.000,0.08712
001,2020-02-13 15:30:27.250,0.070465
001,2020-02-13 15:30:27.500,0.067902
001,2020-02-13 15:30:27.750,0.06534
001,2020-02-13 15:30:28.000,0.064059
001,2020-02-13 15:30:28.250,0.064059
001,2020-02-13 15:30:28.500,0.06918400000000001
001,2020-02-13 15:30:28.750,0.078152
001,2020-02-13 15:30:29.000,0.079433
001,2020-02-13 15:30:29.250,0.080714
001,2020-02-13 15:30:29.500,0.079433
001,2020-02-13 15:30:29.750,0.080714
001,2020-02-13 15:30:30.000,0.078152
001,2020-02-13 15:30:30.250,0.07687100000000001
001,2020-02-13 15:30:30.500,0.075589
001,2020-02-13 15:30:30.750,0.075589
001,2020-02-13 15:30:31.000,0.073027
001,2020-02-13 15:30:31.250,0.08712
001,2020-02-13 15:30:31.500,0.090964
001,2020-02-13 15:30:31.750,0.07687100000000001
001,2020-02-13 15:30:32.000,0.090964
001,2020-02-13 15:30:32.250,0.088401
001,2020-02-13 15:30:32.500,0.088401
001,2020-02-13 15:30:32.750,0.08968200000000001
001,2020-02-13 15:30:33.000,0.088401
001,2020-02-13 15:30:33.250,0.08712
001,2020-02-13 15:30:33.500,0.07687100000000001
001,2020-02-13 15:30:33.750,0.074308
001,2020-02-13 15:30:34.000,0.079433
001,2020-02-13 15:30:34.250,0.08968200000000001
001,2020-02-13 15:30:34.500,0.08455800000000001
001,2020-02-13 15:30:34.750,0.079433
001,2020-02-13 15:30:35.000,0.07687100000000001
001,2020-02-13 15:30:35.250,0.071746
001,2020-02-13 15:30:35.500,0.071746
001,2020-02-13 15:30:35.750,0.078152
001,2020-02-13 15:30:36.000,0.08712
001,2020-02-13 15:30:36.250,0.08712
001,2020-02-13 15:30:36.500,0.085839
001,2020-02-13 15:30:36.750,0.083276
001,2020-02-13 15:30:37.000,0.07687100000000001
001,2020-02-13 15:30:37.250,0.07687100000000001
001,2020-02-13 15:30:37.500,0.07687100000000001
001,2020-02-13 15:30:37.750,0.074308
001,2020-02-13 15:30:38.000,0.074308
001,2020-02-13 15:30:38.250,0.066621
001,2020-02-13 15:30:38.500,0.06534
001,2020-02-13 15:30:38.750,0.071746
001,2020-02-13 15:30:39.000,0.07687100000000001
001,2020-02-13 15:30:39.250,0.07687100000000001
001,2020-02-13 15:30:39.500,0.074308
001,2020-02-13 15:30:39.750,0.075589
001,2020-02-13 15:30:40.000,0.075589
001,2020-02-13 15:30:40.250,0.078152
001,2020-02-13 15:30:40.500,0.07687100000000001
001,2020-02-13 15:30:40.750,0.07687100000000001
001,2020-02-13 15:30:41.000,0.078152
001,2020-02-13 15:30:41.250,0.075589
001,2020-02-13 15:30:41.500,0.073027
001,2020-02-13 15:30:41.750,0.07687100000000001
001,2020-02-13 15:30:42.000,0.075589
001,2020-02-13 15:30:42.250,0.078152
001,2020-02-13 15:30:42.500,0.07687100000000001
001,2020-02-13 15:30:42.750,0.07687100000000001
001,2020-02-13 15:30:43.000,0.078152
001,2020-02-13 15:30:43.250,0.080714
001,2020-02-13 15:30:43.500,0.078152
001,2020-02-13 15:30:43.750,0.079433
001,2020-02-13 15:30:44.000,0.078152
001,2020-02-13 15:30:44.250,0.071746
001,2020-02-13 15:30:44.500,0.071746
001,2020-02-13 15:30:44.750,0.071746
001,2020-02-13 15:30:45.000,0.074308
001,2020-02-13 15:30:45.250,0.075589
001,2020-02-13 15:30:45.500,0.074308
001,2020-02-13 15:30:45.750,0.075589
001,2020-02-13 15:30:46.000,0.074308
001,2020-02-13 15:30:46.250,0.075589
001,2020-02-13 15:30:46.500,0.075589
001,2020-02-13 15:30:46.750,0.074308
001,2020-02-13 15:30:47.000,0.074308
001,2020-02-13 15:30:47.250,0.073027
001,2020-02-13 15:30:47.500,0.073027
001,2020-02-13 15:30:47.750,0.074308
001,2020-02-13 15:30:48.000,0.073027
001,2020-02-13 15:30:48.250,0.074308
001,2020-02-13 15:30:48.500,0.071746
001,2020-02-13 15:30:48.750,0.073027
001,2020-02-13 15:30:49.000,0.073027
001,2020-02-13 15:30:49.250,0.071746
001,2020-02-13 15:30:49.500,0.073027
001,2020-02-13 15:30:49.750,0.070465
001,2020-02-13 15:30:50.000,0.071746
001,2020-02-13 15:30:50.250,0.071746
001,2020-02-13 15:30:50.500,0.071746
001,2020-02-13 15:30:50.750,0.073027
001,2020-02-13 15:30:51.000,0.071746
001,2020-02-13 15:30:51.250,0.073027
001,2020-02-13 15:30:51.500,0.071746
001,2020-02-13 15:30:51.750,0.071746
001,2020-02-13 15:30:52.000,0.06918400000000001
001,2020-02-13 15:30:52.250,0.067902
001,2020-02-13 15:30:52.500,0.066621
001,2020-02-13 15:30:52.750,0.066621
001,2020-02-13 15:30:53.000,0.067902
001,2020-02-13 15:30:53.250,0.067902
001,2020-02-13 15:30:53.500,0.067902
001,2020-02-13 15:30:53.750,0.067902
001,2020-02-13 15:30:54.000,0.067902
001,2020-02-13 15:30:54.250,0.06918400000000001
001,2020-02-13 15:30:54.500,0.067902
002,2020-02-21 09:19:06.000,0.0
002,2020-02-21 09:19:06.250,0.139648
002,2020-02-21 09:19:06.500,0.202426
002,2020-02-21 09:19:06.750,0.202426
002,2020-02-21 09:19:07.000,0.204988
002,2020-02-21 09:19:07.250,0.204988
002,2020-02-21 09:19:07.500,0.204988
002,2020-02-21 09:19:07.750,0.204988
002,2020-02-21 09:19:08.000,0.203707
002,2020-02-21 09:19:08.250,0.204988
002,2020-02-21 09:19:08.500,0.203707
002,2020-02-21 09:19:08.750,0.204988
002,2020-02-21 09:19:09.000,0.203707
002,2020-02-21 09:19:09.250,0.202426
002,2020-02-21 09:19:09.500,0.204988
002,2020-02-21 09:19:09.750,0.204988
002,2020-02-21 09:19:10.000,0.203707
002,2020-02-21 09:19:10.250,0.203707
002,2020-02-21 09:19:10.500,0.204988
002,2020-02-21 09:19:10.750,0.203707
002,2020-02-21 09:19:11.000,0.203707
002,2020-02-21 09:19:11.250,0.203707
002,2020-02-21 09:19:11.500,0.204988
002,2020-02-21 09:19:11.750,0.203707
002,2020-02-21 09:19:12.000,0.203707
002,2020-02-21 09:19:12.250,0.203707
002,2020-02-21 09:19:12.500,0.203707
002,2020-02-21 09:19:12.750,0.204988
002,2020-02-21 09:19:13.000,0.202426
002,2020-02-21 09:19:13.250,0.204988
002,2020-02-21 09:19:13.500,0.202426
002,2020-02-21 09:19:13.750,0.204988
002,2020-02-21 09:19:14.000,0.203707
002,2020-02-21 09:19:14.250,0.203707
002,2020-02-21 09:19:14.500,0.202426
002,2020-02-21 09:19:14.750,0.202426
002,2020-02-21 09:19:15.000,0.203707
002,2020-02-21 09:19:15.250,0.203707
002,2020-02-21 09:19:15.500,0.203707
002,2020-02-21 09:19:15.750,0.202426
002,2020-02-21 09:19:16.000,0.204988
002,2020-02-21 09:19:16.250,0.203707
002,2020-02-21 09:19:16.500,0.206269
002,2020-02-21 09:19:16.750,0.204988
002,2020-02-21 09:19:17.000,0.206269
002,2020-02-21 09:19:17.250,0.204988
002,2020-02-21 09:19:17.500,0.206269
002,2020-02-21 09:19:17.750,0.206269
002,2020-02-21 09:19:18.000,0.206269
002,2020-02-21 09:19:18.250,0.204988
002,2020-02-21 09:19:18.500,0.203707
002,2020-02-21 09:19:18.750,0.204988
002,2020-02-21 09:19:19.000,0.204988
002,2020-02-21 09:19:19.250,0.204988
002,2020-02-21 09:19:19.500,0.204988
002,2020-02-21 09:19:19.750,0.206269
002,2020-02-21 09:19:20.000,0.202426
002,2020-02-21 09:19:20.250,0.202426
002,2020-02-21 09:19:20.500,0.20114500000000002
002,2020-02-21 09:19:20.750,0.204988
002,2020-02-21 09:19:21.000,0.203707
002,2020-02-21 09:19:21.250,0.204988
002,2020-02-21 09:19:21.500,0.204988
002,2020-02-21 09:19:21.750,0.213957
002,2020-02-21 09:19:22.000,0.229331
002,2020-02-21 09:19:22.250,0.23958000000000002
002,2020-02-21 09:19:22.500,0.23958000000000002
002,2020-02-21 09:19:22.750,0.23829899999999998
002,2020-02-21 09:19:23.000,0.231893
002,2020-02-21 09:19:23.250,0.224206
002,2020-02-21 09:19:23.500,0.219081
002,2020-02-21 09:19:23.750,0.220362
002,2020-02-21 09:19:24.000,0.221644
002,2020-02-21 09:19:24.250,0.220362
002,2020-02-21 09:19:24.500,0.212675
002,2020-02-21 09:19:24.750,0.212675
002,2020-02-21 09:19:25.000,0.212675
002,2020-02-21 09:19:25.250,0.213957
002,2020-02-21 09:19:25.500,0.212675
002,2020-02-21 09:19:25.750,0.211394
002,2020-02-21 09:19:26.000,0.211394
002,2020-02-21 09:19:26.250,0.211394
002,2020-02-21 09:19:26.500,0.21011300000000002
002,2020-02-21 09:19:26.750,0.207551
002,2020-02-21 09:19:27.000,0.221644
002,2020-02-21 09:19:27.250,0.26648499999999997
002,2020-02-21 09:19:27.500,0.252392
002,2020-02-21 09:19:27.750,0.211394
002,2020-02-21 09:19:28.000,0.207551
002,2020-02-21 09:19:28.250,0.206269
002,2020-02-21 09:19:28.500,0.21011300000000002
002,2020-02-21 09:19:28.750,0.213957
002,2020-02-21 09:19:29.000,0.213957
002,2020-02-21 09:19:29.250,0.213957
002,2020-02-21 09:19:29.500,0.213957
002,2020-02-21 09:19:29.750,0.212675
002,2020-02-21 09:19:30.000,0.211394
002,2020-02-21 09:19:30.250,0.212675
002,2020-02-21 09:19:30.500,0.221644
002,2020-02-21 09:19:30.750,0.225487
002,2020-02-21 09:19:31.000,0.22804899999999997
002,2020-02-21 09:19:31.250,0.23061199999999998
002,2020-02-21 09:19:31.500,0.229331
002,2020-02-21 09:19:31.750,0.229331
002,2020-02-21 09:19:32.000,0.22804899999999997
002,2020-02-21 09:19:32.250,0.229331
002,2020-02-21 09:19:32.500,0.22804899999999997
002,2020-02-21 09:19:32.750,0.22804899999999997
002,2020-02-21 09:19:33.000,0.22804899999999997
002,2020-02-21 09:19:33.250,0.23061199999999998
002,2020-02-21 09:19:33.500,0.22804899999999997
002,2020-02-21 09:19:33.750,0.22804899999999997
002,2020-02-21 09:19:34.000,0.226768
002,2020-02-21 09:19:34.250,0.226768
002,2020-02-21 09:19:34.500,0.22804899999999997
002,2020-02-21 09:19:34.750,0.226768
002,2020-02-21 09:19:35.000,0.226768
002,2020-02-21 09:19:35.250,0.22804899999999997
002,2020-02-21 09:19:35.500,0.226768
002,2020-02-21 09:19:35.750,0.225487
002,2020-02-21 09:19:36.000,0.226768
002,2020-02-21 09:19:36.250,0.226768
002,2020-02-21 09:19:36.500,0.226768
002,2020-02-21 09:19:36.750,0.225487
002,2020-02-21 09:19:37.000,0.225487
002,2020-02-21 09:19:37.250,0.226768
002,2020-02-21 09:19:37.500,0.23061199999999998
002,2020-02-21 09:19:37.750,0.222925
002,2020-02-21 09:19:38.000,0.21651900000000002
002,2020-02-21 09:19:38.250,0.212675
002,2020-02-21 09:19:38.500,0.212675
002,2020-02-21 09:19:38.750,0.215238
002,2020-02-21 09:19:39.000,0.21651900000000002
002,2020-02-21 09:19:39.250,0.220362
002,2020-02-21 09:19:39.500,0.224206
002,2020-02-21 09:19:39.750,0.225487
002,2020-02-21 09:19:40.000,0.221644
002,2020-02-21 09:19:40.250,0.2178
002,2020-02-21 09:19:40.500,0.225487
002,2020-02-21 09:19:40.750,0.231893
002,2020-02-21 09:19:41.000,0.23317399999999996
002,2020-02-21 09:19:41.250,0.23445500000000002
002,2020-02-21 09:19:41.500,0.23317399999999996
002,2020-02-21 09:19:41.750,0.23445500000000002
002,2020-02-21 09:19:42.000,0.235737
002,2020-02-21 09:19:42.250,0.23701799999999998
002,2020-02-21 09:19:42.500,0.23829899999999998
002,2020-02-21 09:19:42.750,0.23701799999999998
002,2020-02-21 09:19:43.000,0.23829899999999998
002,2020-02-21 09:19:43.250,0.23701799999999998
002,2020-02-21 09:19:43.500,0.23829899999999998
002,2020-02-21 09:19:43.750,0.23701799999999998
002,2020-02-21 09:19:44.000,0.23829899999999998
002,2020-02-21 09:19:44.250,0.23829899999999998
002,2020-02-21 09:19:44.500,0.23701799999999998
002,2020-02-21 09:19:44.750,0.235737
002,2020-02-21 09:19:45.000,0.23701799999999998
002,2020-02-21 09:19:45.250,0.235737
002,2020-02-21 09:19:45.500,0.235737
002,2020-02-21 09:19:45.750,0.235737
002,2020-02-21 09:19:46.000,0.23445500000000002
002,2020-02-21 09:19:46.250,0.235737
002,2020-02-21 09:19:46.500,0.235737
002,2020-02-21 09:19:46.750,0.235737
002,2020-02-21 09:19:47.000,0.23445500000000002
002,2020-02-21 09:19:47.250,0.235737
002,2020-02-21 09:19:47.500,0.23445500000000002
002,2020-02-21 09:19:47.750,0.235737
002,2020-02-21 09:19:48.000,0.23445500000000002
002,2020-02-21 09:19:48.250,0.23445500000000002
002,2020-02-21 09:19:48.500,0.23317399999999996
002,2020-02-21 09:19:48.750,0.23317399999999996
002,2020-02-21 09:19:49.000,0.23445500000000002
002,2020-02-21 09:19:49.250,0.23317399999999996
002,2020-02-21 09:19:49.500,0.23445500000000002
002,2020-02-21 09:19:49.750,0.23317399999999996
002,2020-02-21 09:19:50.000,0.23445500000000002
002,2020-02-21 09:19:50.250,0.23445500000000002
002,2020-02-21 09:19:50.500,0.23445500000000002
002,2020-02-21 09:19:50.750,0.23445500000000002
002,2020-02-21 09:19:51.000,0.23445500000000002
002,2020-02-21 09:19:51.250,0.23317399999999996
002,2020-02-21 09:19:51.500,0.23317399999999996
002,2020-02-21 09:19:51.750,0.23317399999999996
002,2020-02-21 09:19:52.000,0.23317399999999996
002,2020-02-21 09:19:52.250,0.23445500000000002
002,2020-02-21 09:19:52.500,0.23445500000000002
002,2020-02-21 09:19:52.750,0.23445500000000002
002,2020-02-21 09:19:53.000,0.23445500000000002
002,2020-02-21 09:19:53.250,0.23445500000000002
002,2020-02-21 09:19:53.500,0.23445500000000002
002,2020-02-21 09:19:53.750,0.23445500000000002
002,2020-02-21 09:19:54.000,0.23317399999999996
002,2020-02-21 09:19:54.250,0.23445500000000002
002,2020-02-21 09:19:54.500,0.231893
002,2020-02-21 09:19:54.750,0.23061199999999998
002,2020-02-21 09:19:55.000,0.231893
002,2020-02-21 09:19:55.250,0.23061199999999998
002,2020-02-21 09:19:55.500,0.226768
002,2020-02-21 09:19:55.750,0.224206
002,2020-02-21 09:19:56.000,0.225487
002,2020-02-21 09:19:56.250,0.225487
002,2020-02-21 09:19:56.500,0.226768
002,2020-02-21 09:19:56.750,0.225487
002,2020-02-21 09:19:57.000,0.225487
002,2020-02-21 09:19:57.250,0.225487
002,2020-02-21 09:19:57.500,0.22804899999999997
002,2020-02-21 09:19:57.750,0.229331
002,2020-02-21 09:19:58.000,0.23317399999999996
002,2020-02-21 09:19:58.250,0.231893
002,2020-02-21 09:19:58.500,0.231893
002,2020-02-21 09:19:58.750,0.23061199999999998
002,2020-02-21 09:19:59.000,0.231893
002,2020-02-21 09:19:59.250,0.231893
002,2020-02-21 09:19:59.500,0.23061199999999998
002,2020-02-21 09:19:59.750,0.231893
002,2020-02-21 09:20:00.000,0.231893
002,2020-02-21 09:20:00.250,0.23317399999999996
002,2020-02-21 09:20:00.500,0.231893
002,2020-02-21 09:20:00.750,0.23317399999999996
002,2020-02-21 09:20:01.000,0.231893
002,2020-02-21 09:20:01.250,0.23445500000000002
002,2020-02-21 09:20:01.500,0.231893
002,2020-02-21 09:20:01.750,0.23445500000000002
002,2020-02-21 09:20:02.000,0.23317399999999996
002,2020-02-21 09:20:02.250,0.23317399999999996
002,2020-02-21 09:20:02.500,0.231893
002,2020-02-21 09:20:02.750,0.23317399999999996
002,2020-02-21 09:20:03.000,0.23317399999999996
002,2020-02-21 09:20:03.250,0.23445500000000002
002,2020-02-21 09:20:03.500,0.23445500000000002
002,2020-02-21 09:20:03.750,0.23317399999999996
002,2020-02-21 09:20:04.000,0.23317399999999996
002,2020-02-21 09:20:04.250,0.23317399999999996
002,2020-02-21 09:20:04.500,0.23445500000000002
002,2020-02-21 09:20:04.750,0.231893
002,2020-02-21 09:20:05.000,0.23317399999999996
002,2020-02-21 09:20:05.250,0.231893
002,2020-02-21 09:20:05.500,0.229331
002,2020-02-21 09:20:05.750,0.225487
002,2020-02-21 09:20:06.000,0.222925
002,2020-02-21 09:20:06.250,0.222925
002,2020-02-21 09:20:06.500,0.224206
002,2020-02-21 09:20:06.750,0.224206
002,2020-02-21 09:20:07.000,0.224206
002,2020-02-21 09:20:07.250,0.225487
002,2020-02-21 09:20:07.500,0.222925
002,2020-02-21 09:20:07.750,0.224206
002,2020-02-21 09:20:08.000,0.224206
002,2020-02-21 09:20:08.250,0.225487
002,2020-02-21 09:20:08.500,0.222925
002,2020-02-21 09:20:08.750,0.224206
002,2020-02-21 09:20:09.000,0.222925
002,2020-02-21 09:20:09.250,0.225487
002,2020-02-21 09:20:09.500,0.225487
002,2020-02-21 09:20:09.750,0.224206
002,2020-02-21 09:20:10.000,0.225487
002,2020-02-21 09:20:10.250,0.224206
002,2020-02-21 09:20:10.500,0.224206
002,2020-02-21 09:20:10.750,0.222925
002,2020-02-21 09:20:11.000,0.229331
002,2020-02-21 09:20:11.250,0.23061199999999998
002,2020-02-21 09:20:11.500,0.23317399999999996
002,2020-02-21 09:20:11.750,0.231893
002,2020-02-21 09:20:12.000,0.23317399999999996
002,2020-02-21 09:20:12.250,0.231893
002,2020-02-21 09:20:12.500,0.23317399999999996
002,2020-02-21 09:20:12.750,0.231893
002,2020-02-21 09:20:13.000,0.231893
002,2020-02-21 09:20:13.250,0.23317399999999996
002,2020-02-21 09:20:13.500,0.23061199999999998
002,2020-02-21 09:20:13.750,0.23317399999999996
002,2020-02-21 09:20:14.000,0.231893
002,2020-02-21 09:20:14.250,0.23317399999999996
002,2020-02-21 09:20:14.500,0.231893
002,2020-02-21 09:20:14.750,0.23317399999999996
002,2020-02-21 09:20:15.000,0.231893
002,2020-02-21 09:20:15.250,0.23317399999999996
002,2020-02-21 09:20:15.500,0.231893
002,2020-02-21 09:20:15.750,0.231893
002,2020-02-21 09:20:16.000,0.23061199999999998
002,2020-02-21 09:20:16.250,0.23061199999999998
002,2020-02-21 09:20:16.500,0.23061199999999998
002,2020-02-21 09:20:16.750,0.229331
002,2020-02-21 09:20:17.000,0.23061199999999998
002,2020-02-21 09:20:17.250,0.23061199999999998
002,2020-02-21 09:20:17.500,0.23061199999999998
002,2020-02-21 09:20:17.750,0.229331
002,2020-02-21 09:20:18.000,0.23061199999999998
002,2020-02-21 09:20:18.250,0.229331
002,2020-02-21 09:20:18.500,0.23061199999999998
002,2020-02-21 09:20:18.750,0.229331
002,2020-02-21 09:20:19.000,0.229331
002,2020-02-21 09:20:19.250,0.23061199999999998
002,2020-02-21 09:20:19.500,0.229331
002,2020-02-21 09:20:19.750,0.229331
002,2020-02-21 09:20:20.000,0.229331
002,2020-02-21 09:20:20.250,0.229331
002,2020-02-21 09:20:20.500,0.229331
002,2020-02-21 09:20:20.750,0.23061199999999998
002,2020-02-21 09:20:21.000,0.229331
002,2020-02-21 09:20:21.250,0.23061199999999998
002,2020-02-21 09:20:21.500,0.22804899999999997
002,2020-02-21 09:20:21.750,0.229331
002,2020-02-21 09:20:22.000,0.229331
002,2020-02-21 09:20:22.250,0.229331
002,2020-02-21 09:20:22.500,0.229331
002,2020-02-21 09:20:22.750,0.23061199999999998
002,2020-02-21 09:20:23.000,0.229331
002,2020-02-21 09:20:23.250,0.229331
002,2020-02-21 09:20:23.500,0.22804899999999997
002,2020-02-21 09:20:23.750,0.229331
002,2020-02-21 09:20:24.000,0.22804899999999997
002,2020-02-21 09:20:24.250,0.22804899999999997
002,2020-02-21 09:20:24.500,0.229331
002,2020-02-21 09:20:24.750,0.229331
002,2020-02-21 09:20:25.000,0.229331
002,2020-02-21 09:20:25.250,0.22804899999999997
002,2020-02-21 09:20:25.500,0.229331
002,2020-02-21 09:20:25.750,0.229331
002,2020-02-21 09:20:26.000,0.229331
002,2020-02-21 09:20:26.250,0.229331
002,2020-02-21 09:20:26.500,0.231893
002,2020-02-21 09:20:26.750,0.229331
002,2020-02-21 09:20:27.000,0.229331
002,2020-02-21 09:20:27.250,0.22804899999999997
002,2020-02-21 09:20:27.500,0.229331
002,2020-02-21 09:20:27.750,0.229331
002,2020-02-21 09:20:28.000,0.22804899999999997
002,2020-02-21 09:20:28.250,0.226768
002,2020-02-21 09:20:28.500,0.22804899999999997
002,2020-02-21 09:20:28.750,0.229331
002,2020-02-21 09:20:29.000,0.22804899999999997
002,2020-02-21 09:20:29.250,0.23061199999999998
002,2020-02-21 09:20:29.500,0.22804899999999997
002,2020-02-21 09:20:29.750,0.229331
002,2020-02-21 09:20:30.000,0.22804899999999997
002,2020-02-21 09:20:30.250,0.22804899999999997
002,2020-02-21 09:20:30.500,0.22804899999999997
002,2020-02-21 09:20:30.750,0.22804899999999997
002,2020-02-21 09:20:31.000,0.22804899999999997
002,2020-02-21 09:20:31.250,0.22804899999999997
002,2020-02-21 09:20:31.500,0.229331
002,2020-02-21 09:20:31.750,0.226768
002,2020-02-21 09:20:32.000,0.229331
002,2020-02-21 09:20:32.250,0.22804899999999997
002,2020-02-21 09:20:32.500,0.22804899999999997
002,2020-02-21 09:20:32.750,0.226768
002,2020-02-21 09:20:33.000,0.226768
002,2020-02-21 09:20:33.250,0.22804899999999997
002,2020-02-21 09:20:33.500,0.22804899999999997
002,2020-02-21 09:20:33.750,0.229331
002,2020-02-21 09:20:34.000,0.22804899999999997
002,2020-02-21 09:20:34.250,0.229331
002,2020-02-21 09:20:34.500,0.22804899999999997
002,2020-02-21 09:20:34.750,0.23061199999999998
002,2020-02-21 09:20:35.000,0.22804899999999997
002,2020-02-21 09:20:35.250,0.22804899999999997
002,2020-02-21 09:20:35.500,0.226768
002,2020-02-21 09:20:35.750,0.22804899999999997
002,2020-02-21 09:20:36.000,0.226768
002,2020-02-21 09:20:36.250,0.22804899999999997
002,2020-02-21 09:20:36.500,0.22804899999999997
002,2020-02-21 09:20:36.750,0.226768
002,2020-02-21 09:20:37.000,0.22804899999999997
002,2020-02-21 09:20:37.250,0.22804899999999997
002,2020-02-21 09:20:37.500,0.229331
002,2020-02-21 09:20:37.750,0.226768
002,2020-02-21 09:20:38.000,0.22804899999999997
002,2020-02-21 09:20:38.250,0.226768
002,2020-02-21 09:20:38.500,0.22804899999999997
002,2020-02-21 09:20:38.750,0.226768
002,2020-02-21 09:20:39.000,0.226768
002,2020-02-21 09:20:39.250,0.226768
002,2020-02-21 09:20:39.500,0.226768
002,2020-02-21 09:20:39.750,0.22804899999999997
002,2020-02-21 09:20:40.000,0.226768
002,2020-02-21 09:20:40.250,0.22804899999999997
002,2020-02-21 09:20:40.500,0.226768
002,2020-02-21 09:20:40.750,0.22804899999999997
002,2020-02-21 09:20:41.000,0.225487
002,2020-02-21 09:20:41.250,0.22804899999999997
002,2020-02-21 09:20:41.500,0.226768
002,2020-02-21 09:20:41.750,0.226768
002,2020-02-21 09:20:42.000,0.226768
002,2020-02-21 09:20:42.250,0.22804899999999997
002,2020-02-21 09:20:42.500,0.226768
002,2020-02-21 09:20:42.750,0.226768
002,2020-02-21 09:20:43.000,0.226768
002,2020-02-21 09:20:43.250,0.22804899999999997
002,2020-02-21 09:20:43.500,0.225487
002,2020-02-21 09:20:43.750,0.224206
002,2020-02-21 09:20:44.000,0.226768
002,2020-02-21 09:20:44.250,0.225487
002,2020-02-21 09:20:44.500,0.226768
002,2020-02-21 09:20:44.750,0.225487
002,2020-02-21 09:20:45.000,0.226768
002,2020-02-21 09:20:45.250,0.225487
002,2020-02-21 09:20:45.500,0.226768
002,2020-02-21 09:20:45.750,0.226768
002,2020-02-21 09:20:46.000,0.229331
002,2020-02-21 09:20:46.250,0.23061199999999998
002,2020-02-21 09:20:46.500,0.229331
002,2020-02-21 09:20:46.750,0.229331
002,2020-02-21 09:20:47.000,0.226768
002,2020-02-21 09:20:47.250,0.226768
002,2020-02-21 09:20:47.500,0.225487
002,2020-02-21 09:20:47.750,0.225487
002,2020-02-21 09:20:48.000,0.226768
002,2020-02-21 09:20:48.250,0.226768
002,2020-02-21 09:20:48.500,0.226768
002,2020-02-21 09:20:48.750,0.22804899999999997
002,2020-02-21 09:20:49.000,0.226768
002,2020-02-21 09:20:49.250,0.22804899999999997
002,2020-02-21 09:20:49.500,0.226768
002,2020-02-21 09:20:49.750,0.226768
002,2020-02-21 09:20:50.000,0.226768
002,2020-02-21 09:20:50.250,0.22804899999999997
002,2020-02-21 09:20:50.500,0.22804899999999997
002,2020-02-21 09:20:50.750,0.22804899999999997
002,2020-02-21 09:20:51.000,0.226768
002,2020-02-21 09:20:51.250,0.229331
002,2020-02-21 09:20:51.500,0.22804899999999997
002,2020-02-21 09:20:51.750,0.22804899999999997
002,2020-02-21 09:20:52.000,0.226768
002,2020-02-21 09:20:52.250,0.22804899999999997
002,2020-02-21 09:20:52.500,0.22804899999999997
002,2020-02-21 09:20:52.750,0.22804899999999997
002,2020-02-21 09:20:53.000,0.22804899999999997
002,2020-02-21 09:20:53.250,0.22804899999999997
002,2020-02-21 09:20:53.500,0.226768
002,2020-02-21 09:20:53.750,0.226768
002,2020-02-21 09:20:54.000,0.22804899999999997
002,2020-02-21 09:20:54.250,0.225487
002,2020-02-21 09:20:54.500,0.22804899999999997
002,2020-02-21 09:20:54.750,0.226768
002,2020-02-21 09:20:55.000,0.226768
002,2020-02-21 09:20:55.250,0.226768
002,2020-02-21 09:20:55.500,0.22804899999999997
002,2020-02-21 09:20:55.750,0.226768
002,2020-02-21 09:20:56.000,0.22804899999999997
002,2020-02-21 09:20:56.250,0.226768
002,2020-02-21 09:20:56.500,0.22804899999999997
002,2020-02-21 09:20:56.750,0.22804899999999997
002,2020-02-21 09:20:57.000,0.22804899999999997
002,2020-02-21 09:20:57.250,0.226768
002,2020-02-21 09:20:57.500,0.22804899999999997
002,2020-02-21 09:20:57.750,0.22804899999999997
002,2020-02-21 09:20:58.000,0.226768
002,2020-02-21 09:20:58.250,0.226768
002,2020-02-21 09:20:58.500,0.226768
002,2020-02-21 09:20:58.750,0.226768
002,2020-02-21 09:20:59.000,0.226768
002,2020-02-21 09:20:59.250,0.226768
002,2020-02-21 09:20:59.500,0.22804899999999997
002,2020-02-21 09:20:59.750,0.22804899999999997
002,2020-02-21 09:21:00.000,0.226768
002,2020-02-21 09:21:00.250,0.22804899999999997
002,2020-02-21 09:21:00.500,0.226768
002,2020-02-21 09:21:00.750,0.226768
002,2020-02-21 09:21:01.000,0.226768
002,2020-02-21 09:21:01.250,0.226768
002,2020-02-21 09:21:01.500,0.226768
002,2020-02-21 09:21:01.750,0.22804899999999997
002,2020-02-21 09:21:02.000,0.225487
002,2020-02-21 09:21:02.250,0.22804899999999997
002,2020-02-21 09:21:02.500,0.226768
002,2020-02-21 09:21:02.750,0.226768
002,2020-02-21 09:21:03.000,0.225487
002,2020-02-21 09:21:03.250,0.226768
002,2020-02-21 09:21:03.500,0.225487
002,2020-02-21 09:21:03.750,0.226768
002,2020-02-21 09:21:04.000,0.225487
002,2020-02-21 09:21:04.250,0.226768
002,2020-02-21 09:21:04.500,0.225487
002,2020-02-21 09:21:04.750,0.226768
002,2020-02-21 09:21:05.000,0.226768
002,2020-02-21 09:21:05.250,0.226768
002,2020-02-21 09:21:05.500,0.225487
002,2020-02-21 09:21:05.750,0.226768
002,2020-02-21 09:21:06.000,0.225487
002,2020-02-21 09:21:06.250,0.224206
002,2020-02-21 09:21:06.500,0.226768
002,2020-02-21 09:21:06.750,0.225487
002,2020-02-21 09:21:07.000,0.225487
002,2020-02-21 09:21:07.250,0.225487
002,2020-02-21 09:21:07.500,0.220362
002,2020-02-21 09:21:07.750,0.221644
002,2020-02-21 09:21:08.000,0.222925
002,2020-02-21 09:21:08.250,0.222925
002,2020-02-21 09:21:08.500,0.224206
002,2020-02-21 09:21:08.750,0.224206
002,2020-02-21 09:21:09.000,0.222925
002,2020-02-21 09:21:09.250,0.224206
002,2020-02-21 09:21:09.500,0.225487
002,2020-02-21 09:21:09.750,0.224206
002,2020-02-21 09:21:10.000,0.225487
002,2020-02-21 09:21:10.250,0.225487
002,2020-02-21 09:21:10.500,0.226768
003,2020-02-22 18:09:41.000,0.0
003,2020-02-22 18:09:41.250,0.24071599999999999
003,2020-02-22 18:09:41.500,0.31498000000000004
003,2020-02-22 18:09:41.750,0.318821
003,2020-02-22 18:09:42.000,0.31754099999999996
003,2020-02-22 18:09:42.250,0.31754099999999996
003,2020-02-22 18:09:42.500,0.31754099999999996
003,2020-02-22 18:09:42.750,0.31626
003,2020-02-22 18:09:43.000,0.313699
003,2020-02-22 18:09:43.250,0.31498000000000004
003,2020-02-22 18:09:43.500,0.313699
003,2020-02-22 18:09:43.750,0.312419
003,2020-02-22 18:09:44.000,0.311139
003,2020-02-22 18:09:44.250,0.311139
003,2020-02-22 18:09:44.500,0.30985799999999997
003,2020-02-22 18:09:44.750,0.30985799999999997
003,2020-02-22 18:09:45.000,0.308578
003,2020-02-22 18:09:45.250,0.308578
003,2020-02-22 18:09:45.500,0.30985799999999997
003,2020-02-22 18:09:45.750,0.307297
003,2020-02-22 18:09:46.000,0.307297
003,2020-02-22 18:09:46.250,0.307297
003,2020-02-22 18:09:46.500,0.306017
003,2020-02-22 18:09:46.750,0.306017
003,2020-02-22 18:09:47.000,0.304737
003,2020-02-22 18:09:47.250,0.304737
003,2020-02-22 18:09:47.500,0.303456
003,2020-02-22 18:09:47.750,0.303456
003,2020-02-22 18:09:48.000,0.302176
003,2020-02-22 18:09:48.250,0.304737
003,2020-02-22 18:09:48.500,0.303456
003,2020-02-22 18:09:48.750,0.303456
003,2020-02-22 18:09:49.000,0.302176
003,2020-02-22 18:09:49.250,0.30089499999999997
003,2020-02-22 18:09:49.500,0.303456
003,2020-02-22 18:09:49.750,0.302176
003,2020-02-22 18:09:50.000,0.302176
003,2020-02-22 18:09:50.250,0.302176
003,2020-02-22 18:09:50.500,0.30089499999999997
003,2020-02-22 18:09:50.750,0.30089499999999997
003,2020-02-22 18:09:51.000,0.302176
003,2020-02-22 18:09:51.250,0.30089499999999997
003,2020-02-22 18:09:51.500,0.302176
003,2020-02-22 18:09:51.750,0.302176
003,2020-02-22 18:09:52.000,0.302176
003,2020-02-22 18:09:52.250,0.303456
003,2020-02-22 18:09:52.500,0.303456
003,2020-02-22 18:09:52.750,0.304737
003,2020-02-22 18:09:53.000,0.304737
003,2020-02-22 18:09:53.250,0.303456
003,2020-02-22 18:09:53.500,0.304737
003,2020-02-22 18:09:53.750,0.306017
003,2020-02-22 18:09:54.000,0.304737
003,2020-02-22 18:09:54.250,0.304737
003,2020-02-22 18:09:54.500,0.304737
003,2020-02-22 18:09:54.750,0.304737
003,2020-02-22 18:09:55.000,0.303456
003,2020-02-22 18:09:55.250,0.304737
003,2020-02-22 18:09:55.500,0.304737
003,2020-02-22 18:09:55.750,0.299615
003,2020-02-22 18:09:56.000,0.30089499999999997
003,2020-02-22 18:09:56.250,0.303456
003,2020-02-22 18:09:56.500,0.294493
003,2020-02-22 18:09:56.750,0.290652
003,2020-02-22 18:09:57.000,0.28937199999999996
003,2020-02-22 18:09:57.250,0.28937199999999996
003,2020-02-22 18:09:57.500,0.288091
003,2020-02-22 18:09:57.750,0.288091
003,2020-02-22 18:09:58.000,0.288091
003,2020-02-22 18:09:58.250,0.291933
003,2020-02-22 18:09:58.500,0.290652
003,2020-02-22 18:09:58.750,0.295774
003,2020-02-22 18:09:59.000,0.295774
003,2020-02-22 18:09:59.250,0.298335
003,2020-02-22 18:09:59.500,0.297054
003,2020-02-22 18:09:59.750,0.297054
003,2020-02-22 18:10:00.000,0.297054
003,2020-02-22 18:10:00.250,0.298335
003,2020-02-22 18:10:00.500,0.295774
003,2020-02-22 18:10:00.750,0.297054
003,2020-02-22 18:10:01.000,0.297054
003,2020-02-22 18:10:01.250,0.295774
003,2020-02-22 18:10:01.500,0.298335
003,2020-02-22 18:10:01.750,0.295774
003,2020-02-22 18:10:02.000,0.297054
003,2020-02-22 18:10:02.250,0.297054
003,2020-02-22 18:10:02.500,0.298335
003,2020-02-22 18:10:02.750,0.298335
003,2020-02-22 18:10:03.000,0.298335
003,2020-02-22 18:10:03.250,0.30089499999999997
003,2020-02-22 18:10:03.500,0.30089499999999997
003,2020-02-22 18:10:03.750,0.30089499999999997
003,2020-02-22 18:10:04.000,0.30089499999999997
003,2020-02-22 18:10:04.250,0.302176
003,2020-02-22 18:10:04.500,0.302176
003,2020-02-22 18:10:04.750,0.299615
003,2020-02-22 18:10:05.000,0.298335
003,2020-02-22 18:10:05.250,0.293213
003,2020-02-22 18:10:05.500,0.297054
003,2020-02-22 18:10:05.750,0.290652
003,2020-02-22 18:10:06.000,0.285531
003,2020-02-22 18:10:06.250,0.28681100000000004
003,2020-02-22 18:10:06.500,0.285531
003,2020-02-22 18:10:06.750,0.285531
003,2020-02-22 18:10:07.000,0.28681100000000004
003,2020-02-22 18:10:07.250,0.28425
003,2020-02-22 18:10:07.500,0.285531
003,2020-02-22 18:10:07.750,0.285531
003,2020-02-22 18:10:08.000,0.28425
003,2020-02-22 18:10:08.250,0.285531
003,2020-02-22 18:10:08.500,0.285531
003,2020-02-22 18:10:08.750,0.288091
003,2020-02-22 18:10:09.000,0.28937199999999996
003,2020-02-22 18:10:09.250,0.291933
003,2020-02-22 18:10:09.500,0.28937199999999996
003,2020-02-22 18:10:09.750,0.288091
003,2020-02-22 18:10:10.000,0.288091
003,2020-02-22 18:10:10.250,0.28937199999999996
003,2020-02-22 18:10:10.500,0.28937199999999996
003,2020-02-22 18:10:10.750,0.291933
003,2020-02-22 18:10:11.000,0.290652
003,2020-02-22 18:10:11.250,0.291933
003,2020-02-22 18:10:11.500,0.291933
003,2020-02-22 18:10:11.750,0.290652
003,2020-02-22 18:10:12.000,0.293213
003,2020-02-22 18:10:12.250,0.293213
003,2020-02-22 18:10:12.500,0.291933
003,2020-02-22 18:10:12.750,0.291933
003,2020-02-22 18:10:13.000,0.291933
003,2020-02-22 18:10:13.250,0.291933
003,2020-02-22 18:10:13.500,0.294493
003,2020-02-22 18:10:13.750,0.293213
003,2020-02-22 18:10:14.000,0.293213
003,2020-02-22 18:10:14.250,0.294493
003,2020-02-22 18:10:14.500,0.294493
003,2020-02-22 18:10:14.750,0.295774
003,2020-02-22 18:10:15.000,0.295774
003,2020-02-22 18:10:15.250,0.295774
003,2020-02-22 18:10:15.500,0.294493
003,2020-02-22 18:10:15.750,0.294493
003,2020-02-22 18:10:16.000,0.293213
003,2020-02-22 18:10:16.250,0.291933
003,2020-02-22 18:10:16.500,0.291933
003,2020-02-22 18:10:16.750,0.293213
003,2020-02-22 18:10:17.000,0.294493
003,2020-02-22 18:10:17.250,0.294493
003,2020-02-22 18:10:17.500,0.294493
003,2020-02-22 18:10:17.750,0.295774
003,2020-02-22 18:10:18.000,0.294493
003,2020-02-22 18:10:18.250,0.295774
003,2020-02-22 18:10:18.500,0.295774
003,2020-02-22 18:10:18.750,0.293213
003,2020-02-22 18:10:19.000,0.294493
003,2020-02-22 18:10:19.250,0.294493
003,2020-02-22 18:10:19.500,0.295774
003,2020-02-22 18:10:19.750,0.298335
003,2020-02-22 18:10:20.000,0.295774
003,2020-02-22 18:10:20.250,0.297054
003,2020-02-22 18:10:20.500,0.297054
003,2020-02-22 18:10:20.750,0.295774
003,2020-02-22 18:10:21.000,0.293213
003,2020-02-22 18:10:21.250,0.291933
003,2020-02-22 18:10:21.500,0.291933
003,2020-02-22 18:10:21.750,0.293213
003,2020-02-22 18:10:22.000,0.293213
003,2020-02-22 18:10:22.250,0.293213
003,2020-02-22 18:10:22.500,0.293213
003,2020-02-22 18:10:22.750,0.291933
003,2020-02-22 18:10:23.000,0.293213
003,2020-02-22 18:10:23.250,0.294493
003,2020-02-22 18:10:23.500,0.294493
003,2020-02-22 18:10:23.750,0.295774
003,2020-02-22 18:10:24.000,0.298335
003,2020-02-22 18:10:24.250,0.302176
003,2020-02-22 18:10:24.500,0.307297
003,2020-02-22 18:10:24.750,0.312419
003,2020-02-22 18:10:25.000,0.311139
003,2020-02-22 18:10:25.250,0.31754099999999996
003,2020-02-22 18:10:25.500,0.31498000000000004
003,2020-02-22 18:10:25.750,0.31754099999999996
003,2020-02-22 18:10:26.000,0.31754099999999996
003,2020-02-22 18:10:26.250,0.313699
003,2020-02-22 18:10:26.500,0.320101
003,2020-02-22 18:10:26.750,0.31754099999999996
003,2020-02-22 18:10:27.000,0.312419
003,2020-02-22 18:10:27.250,0.327784
003,2020-02-22 18:10:27.500,0.340588
003,2020-02-22 18:10:27.750,0.339308
003,2020-02-22 18:10:28.000,0.33674699999999996
003,2020-02-22 18:10:28.250,0.331625
003,2020-02-22 18:10:28.500,0.322662
003,2020-02-22 18:10:28.750,0.32906399999999997
003,2020-02-22 18:10:29.000,0.330345
003,2020-02-22 18:10:29.250,0.326504
003,2020-02-22 18:10:29.500,0.325223
003,2020-02-22 18:10:29.750,0.330345
003,2020-02-22 18:10:30.000,0.33418600000000004
003,2020-02-22 18:10:30.250,0.335466
003,2020-02-22 18:10:30.500,0.33418600000000004
003,2020-02-22 18:10:30.750,0.338027
003,2020-02-22 18:10:31.000,0.338027
003,2020-02-22 18:10:31.250,0.339308
003,2020-02-22 18:10:31.500,0.340588
003,2020-02-22 18:10:31.750,0.339308
003,2020-02-22 18:10:32.000,0.340588
003,2020-02-22 18:10:32.250,0.340588
003,2020-02-22 18:10:32.500,0.340588
003,2020-02-22 18:10:32.750,0.341868
003,2020-02-22 18:10:33.000,0.341868
003,2020-02-22 18:10:33.250,0.341868
003,2020-02-22 18:10:33.500,0.343149
003,2020-02-22 18:10:33.750,0.341868
003,2020-02-22 18:10:34.000,0.343149
003,2020-02-22 18:10:34.250,0.343149
003,2020-02-22 18:10:34.500,0.343149
003,2020-02-22 18:10:34.750,0.344429
003,2020-02-22 18:10:35.000,0.343149
003,2020-02-22 18:10:35.250,0.344429
003,2020-02-22 18:10:35.500,0.344429
003,2020-02-22 18:10:35.750,0.344429
003,2020-02-22 18:10:36.000,0.341868
003,2020-02-22 18:10:36.250,0.33674699999999996
003,2020-02-22 18:10:36.500,0.331625
003,2020-02-22 18:10:36.750,0.332906
003,2020-02-22 18:10:37.000,0.335466
003,2020-02-22 18:10:37.250,0.33418600000000004
003,2020-02-22 18:10:37.500,0.335466
003,2020-02-22 18:10:37.750,0.33674699999999996
003,2020-02-22 18:10:38.000,0.335466
003,2020-02-22 18:10:38.250,0.338027
003,2020-02-22 18:10:38.500,0.33674699999999996
003,2020-02-22 18:10:38.750,0.33674699999999996
003,2020-02-22 18:10:39.000,0.33674699999999996
003,2020-02-22 18:10:39.250,0.33674699999999996
003,2020-02-22 18:10:39.500,0.33674699999999996
003,2020-02-22 18:10:39.750,0.338027
003,2020-02-22 18:10:40.000,0.33674699999999996
003,2020-02-22 18:10:40.250,0.33674699999999996
003,2020-02-22 18:10:40.500,0.338027
003,2020-02-22 18:10:40.750,0.33674699999999996
003,2020-02-22 18:10:41.000,0.338027
003,2020-02-22 18:10:41.250,0.33674699999999996
003,2020-02-22 18:10:41.500,0.339308
003,2020-02-22 18:10:41.750,0.338027
003,2020-02-22 18:10:42.000,0.33674699999999996
003,2020-02-22 18:10:42.250,0.338027
003,2020-02-22 18:10:42.500,0.338027
003,2020-02-22 18:10:42.750,0.33674699999999996
003,2020-02-22 18:10:43.000,0.338027
003,2020-02-22 18:10:43.250,0.338027
003,2020-02-22 18:10:43.500,0.338027
003,2020-02-22 18:10:43.750,0.339308
003,2020-02-22 18:10:44.000,0.338027
003,2020-02-22 18:10:44.250,0.338027
003,2020-02-22 18:10:44.500,0.339308
003,2020-02-22 18:10:44.750,0.338027
003,2020-02-22 18:10:45.000,0.339308
003,2020-02-22 18:10:45.250,0.339308
003,2020-02-22 18:10:45.500,0.339308
003,2020-02-22 18:10:45.750,0.339308
003,2020-02-22 18:10:46.000,0.339308
003,2020-02-22 18:10:46.250,0.339308
003,2020-02-22 18:10:46.500,0.340588
003,2020-02-22 18:10:46.750,0.339308
003,2020-02-22 18:10:47.000,0.340588
003,2020-02-22 18:10:47.250,0.340588
003,2020-02-22 18:10:47.500,0.339308
003,2020-02-22 18:10:47.750,0.339308
003,2020-02-22 18:10:48.000,0.340588
003,2020-02-22 18:10:48.250,0.340588
003,2020-02-22 18:10:48.500,0.340588
003,2020-02-22 18:10:48.750,0.339308
003,2020-02-22 18:10:49.000,0.331625
003,2020-02-22 18:10:49.250,0.331625
003,2020-02-22 18:10:49.500,0.320101
003,2020-02-22 18:10:49.750,0.33674699999999996
003,2020-02-22 18:10:50.000,0.335466
003,2020-02-22 18:10:50.250,0.31754099999999996
003,2020-02-22 18:10:50.500,0.320101
003,2020-02-22 18:10:50.750,0.313699
003,2020-02-22 18:10:51.000,0.30985799999999997
003,2020-02-22 18:10:51.250,0.30985799999999997
003,2020-02-22 18:10:51.500,0.312419
003,2020-02-22 18:10:51.750,0.311139
003,2020-02-22 18:10:52.000,0.332906
003,2020-02-22 18:10:52.250,0.33418600000000004
003,2020-02-22 18:10:52.500,0.327784
003,2020-02-22 18:10:52.750,0.343149
003,2020-02-22 18:10:53.000,0.339308
003,2020-02-22 18:10:53.250,0.338027
003,2020-02-22 18:10:53.500,0.33418600000000004
003,2020-02-22 18:10:53.750,0.331625
003,2020-02-22 18:10:54.000,0.32906399999999997
003,2020-02-22 18:10:54.250,0.32906399999999997
003,2020-02-22 18:10:54.500,0.327784
003,2020-02-22 18:10:54.750,0.327784
003,2020-02-22 18:10:55.000,0.326504
003,2020-02-22 18:10:55.250,0.327784
003,2020-02-22 18:10:55.500,0.325223
003,2020-02-22 18:10:55.750,0.326504
003,2020-02-22 18:10:56.000,0.325223
003,2020-02-22 18:10:56.250,0.325223
003,2020-02-22 18:10:56.500,0.325223
003,2020-02-22 18:10:56.750,0.323943
003,2020-02-22 18:10:57.000,0.326504
003,2020-02-22 18:10:57.250,0.325223
003,2020-02-22 18:10:57.500,0.322662
003,2020-02-22 18:10:57.750,0.318821
003,2020-02-22 18:10:58.000,0.311139
003,2020-02-22 18:10:58.250,0.307297
003,2020-02-22 18:10:58.500,0.31754099999999996
003,2020-02-22 18:10:58.750,0.312419
003,2020-02-22 18:10:59.000,0.313699
003,2020-02-22 18:10:59.250,0.318821
003,2020-02-22 18:10:59.500,0.31754099999999996
003,2020-02-22 18:10:59.750,0.322662
003,2020-02-22 18:11:00.000,0.323943
003,2020-02-22 18:11:00.250,0.321382
003,2020-02-22 18:11:00.500,0.321382
003,2020-02-22 18:11:00.750,0.320101
003,2020-02-22 18:11:01.000,0.318821
003,2020-02-22 18:11:01.250,0.318821
003,2020-02-22 18:11:01.500,0.320101
003,2020-02-22 18:11:01.750,0.318821
003,2020-02-22 18:11:02.000,0.31754099999999996
003,2020-02-22 18:11:02.250,0.31498000000000004
003,2020-02-22 18:11:02.500,0.312419
003,2020-02-22 18:11:02.750,0.307297
003,2020-02-22 18:11:03.000,0.297054
003,2020-02-22 18:11:03.250,0.295774
003,2020-02-22 18:11:03.500,0.293213
003,2020-02-22 18:11:03.750,0.290652
003,2020-02-22 18:11:04.000,0.288091
003,2020-02-22 18:11:04.250,0.28937199999999996
003,2020-02-22 18:11:04.500,0.28681100000000004
003,2020-02-22 18:11:04.750,0.28681100000000004
003,2020-02-22 18:11:05.000,0.28681100000000004
003,2020-02-22 18:11:05.250,0.288091
003,2020-02-22 18:11:05.500,0.28681100000000004
003,2020-02-22 18:11:05.750,0.28681100000000004
003,2020-02-22 18:11:06.000,0.28425
003,2020-02-22 18:11:06.250,0.285531
003,2020-02-22 18:11:06.500,0.28425
003,2020-02-22 18:11:06.750,0.28297
003,2020-02-22 18:11:07.000,0.28425
003,2020-02-22 18:11:07.250,0.28425
003,2020-02-22 18:11:07.500,0.28425
003,2020-02-22 18:11:07.750,0.28297
003,2020-02-22 18:11:08.000,0.28297
003,2020-02-22 18:11:08.250,0.28297
003,2020-02-22 18:11:08.500,0.28168899999999997
003,2020-02-22 18:11:08.750,0.28168899999999997
003,2020-02-22 18:11:09.000,0.28168899999999997
003,2020-02-22 18:11:09.250,0.280409
003,2020-02-22 18:11:09.500,0.28168899999999997
003,2020-02-22 18:11:09.750,0.28168899999999997
003,2020-02-22 18:11:10.000,0.27912800000000004
003,2020-02-22 18:11:10.250,0.28168899999999997
003,2020-02-22 18:11:10.500,0.27912800000000004
003,2020-02-22 18:11:10.750,0.280409
003,2020-02-22 18:11:11.000,0.280409
003,2020-02-22 18:11:11.250,0.280409
003,2020-02-22 18:11:11.500,0.28168899999999997
003,2020-02-22 18:11:11.750,0.27912800000000004
003,2020-02-22 18:11:12.000,0.277848
003,2020-02-22 18:11:12.250,0.27912800000000004
003,2020-02-22 18:11:12.500,0.27912800000000004
003,2020-02-22 18:11:12.750,0.280409
003,2020-02-22 18:11:13.000,0.277848
003,2020-02-22 18:11:13.250,0.28937199999999996
003,2020-02-22 18:11:13.500,0.297054
003,2020-02-22 18:11:13.750,0.28937199999999996
003,2020-02-22 18:11:14.000,0.28681100000000004
003,2020-02-22 18:11:14.250,0.288091
003,2020-02-22 18:11:14.500,0.288091
003,2020-02-22 18:11:14.750,0.28937199999999996
003,2020-02-22 18:11:15.000,0.288091
003,2020-02-22 18:11:15.250,0.28937199999999996
003,2020-02-22 18:11:15.500,0.288091
003,2020-02-22 18:11:15.750,0.28297
003,2020-02-22 18:11:16.000,0.28297
003,2020-02-22 18:11:16.250,0.28425
003,2020-02-22 18:11:16.500,0.28297
003,2020-02-22 18:11:16.750,0.28425
003,2020-02-22 18:11:17.000,0.285531
003,2020-02-22 18:11:17.250,0.28937199999999996
003,2020-02-22 18:11:17.500,0.28937199999999996
003,2020-02-22 18:11:17.750,0.28937199999999996
003,2020-02-22 18:11:18.000,0.28937199999999996
003,2020-02-22 18:11:18.250,0.290652
003,2020-02-22 18:11:18.500,0.288091
003,2020-02-22 18:11:18.750,0.28297
003,2020-02-22 18:11:19.000,0.280409
003,2020-02-22 18:11:19.250,0.27912800000000004
003,2020-02-22 18:11:19.500,0.27912800000000004
003,2020-02-22 18:11:19.750,0.277848
003,2020-02-22 18:11:20.000,0.277848
003,2020-02-22 18:11:20.250,0.277848
003,2020-02-22 18:11:20.500,0.275287
003,2020-02-22 18:11:20.750,0.277848
003,2020-02-22 18:11:21.000,0.276568
003,2020-02-22 18:11:21.250,0.275287
003,2020-02-22 18:11:21.500,0.276568
003,2020-02-22 18:11:21.750,0.275287
003,2020-02-22 18:11:22.000,0.272726
003,2020-02-22 18:11:22.250,0.274007
003,2020-02-22 18:11:22.500,0.272726
003,2020-02-22 18:11:22.750,0.274007
003,2020-02-22 18:11:23.000,0.272726
003,2020-02-22 18:11:23.250,0.272726
003,2020-02-22 18:11:23.500,0.274007
003,2020-02-22 18:11:23.750,0.272726
003,2020-02-22 18:11:24.000,0.280409
003,2020-02-22 18:11:24.250,0.290652
003,2020-02-22 18:11:24.500,0.285531
003,2020-02-22 18:11:24.750,0.28425
003,2020-02-22 18:11:25.000,0.28425
003,2020-02-22 18:11:25.250,0.28168899999999997
003,2020-02-22 18:11:25.500,0.277848
003,2020-02-22 18:11:25.750,0.276568
003,2020-02-22 18:11:26.000,0.27912800000000004
003,2020-02-22 18:11:26.250,0.280409
003,2020-02-22 18:11:26.500,0.27912800000000004
003,2020-02-22 18:11:26.750,0.280409
003,2020-02-22 18:11:27.000,0.27912800000000004
003,2020-02-22 18:11:27.250,0.280409
003,2020-02-22 18:11:27.500,0.27912800000000004
003,2020-02-22 18:11:27.750,0.27912800000000004
003,2020-02-22 18:11:28.000,0.27912800000000004
003,2020-02-22 18:11:28.250,0.277848
003,2020-02-22 18:11:28.500,0.27912800000000004
003,2020-02-22 18:11:28.750,0.28168899999999997
003,2020-02-22 18:11:29.000,0.280409
003,2020-02-22 18:11:29.250,0.28168899999999997
003,2020-02-22 18:11:29.500,0.280409
003,2020-02-22 18:11:29.750,0.27912800000000004
003,2020-02-22 18:11:30.000,0.28297
003,2020-02-22 18:11:30.250,0.28297
003,2020-02-22 18:11:30.500,0.28425
003,2020-02-22 18:11:30.750,0.28297
003,2020-02-22 18:11:31.000,0.28168899999999997
003,2020-02-22 18:11:31.250,0.28425
003,2020-02-22 18:11:31.500,0.28297
003,2020-02-22 18:11:31.750,0.28297
003,2020-02-22 18:11:32.000,0.28425
003,2020-02-22 18:11:32.250,0.28297
003,2020-02-22 18:11:32.500,0.28425
003,2020-02-22 18:11:32.750,0.28297
003,2020-02-22 18:11:33.000,0.28168899999999997
003,2020-02-22 18:11:33.250,0.28425
003,2020-02-22 18:11:33.500,0.28297
003,2020-02-22 18:11:33.750,0.28425
003,2020-02-22 18:11:34.000,0.285531
003,2020-02-22 18:11:34.250,0.28425
003,2020-02-22 18:11:34.500,0.28425
003,2020-02-22 18:11:34.750,0.28297
003,2020-02-22 18:11:35.000,0.28168899999999997
003,2020-02-22 18:11:35.250,0.28425
003,2020-02-22 18:11:35.500,0.28425
003,2020-02-22 18:11:35.750,0.28297
003,2020-02-22 18:11:36.000,0.28425
003,2020-02-22 18:11:36.250,0.28297
003,2020-02-22 18:11:36.500,0.28425
003,2020-02-22 18:11:36.750,0.28297
003,2020-02-22 18:11:37.000,0.28297
003,2020-02-22 18:11:37.250,0.28425
003,2020-02-22 18:11:37.500,0.28297
003,2020-02-22 18:11:37.750,0.28425
003,2020-02-22 18:11:38.000,0.28297
003,2020-02-22 18:11:38.250,0.28297
003,2020-02-22 18:11:38.500,0.28168899999999997
003,2020-02-22 18:11:38.750,0.28168899999999997
003,2020-02-22 18:11:39.000,0.28297
003,2020-02-22 18:11:39.250,0.28168899999999997
003,2020-02-22 18:11:39.500,0.28168899999999997
003,2020-02-22 18:11:39.750,0.28168899999999997
003,2020-02-22 18:11:40.000,0.28168899999999997
003,2020-02-22 18:11:40.250,0.28297
003,2020-02-22 18:11:40.500,0.28297
003,2020-02-22 18:11:40.750,0.280409
003,2020-02-22 18:11:41.000,0.28297
003,2020-02-22 18:11:41.250,0.28168899999999997
003,2020-02-22 18:11:41.500,0.280409
003,2020-02-22 18:11:41.750,0.27912800000000004
003,2020-02-22 18:11:42.000,0.280409
003,2020-02-22 18:11:42.250,0.28168899999999997
003,2020-02-22 18:11:42.500,0.280409
003,2020-02-22 18:11:42.750,0.28168899999999997
003,2020-02-22 18:11:43.000,0.280409
003,2020-02-22 18:11:43.250,0.280409
003,2020-02-22 18:11:43.500,0.27912800000000004
003,2020-02-22 18:11:43.750,0.28168899999999997
003,2020-02-22 18:11:44.000,0.28168899999999997
003,2020-02-22 18:11:44.250,0.28297
003,2020-02-22 18:11:44.500,0.28168899999999997
003,2020-02-22 18:11:44.750,0.28168899999999997
003,2020-02-22 18:11:45.000,0.28168899999999997
003,2020-02-22 18:11:45.250,0.280409
003,2020-02-22 18:11:45.500,0.280409
004,2020-02-27 08:37:22.000,0.0
004,2020-02-27 08:37:22.250,0.056379
004,2020-02-27 08:37:22.500,0.099944
004,2020-02-27 08:37:22.750,0.102506
004,2020-02-27 08:37:23.000,0.099944
004,2020-02-27 08:37:23.250,0.102506
004,2020-02-27 08:37:23.500,0.102506
004,2020-02-27 08:37:23.750,0.099944
004,2020-02-27 08:37:24.000,0.101225
004,2020-02-27 08:37:24.250,0.102506
004,2020-02-27 08:37:24.500,0.099944
004,2020-02-27 08:37:24.750,0.098662
004,2020-02-27 08:37:25.000,0.098662
004,2020-02-27 08:37:25.250,0.098662
004,2020-02-27 08:37:25.500,0.099944
004,2020-02-27 08:37:25.750,0.097381
004,2020-02-27 08:37:26.000,0.10506900000000001
004,2020-02-27 08:37:26.250,0.10635
004,2020-02-27 08:37:26.500,0.11788199999999999
004,2020-02-27 08:37:26.750,0.11532
004,2020-02-27 08:37:27.000,0.111476
004,2020-02-27 08:37:27.250,0.110194
004,2020-02-27 08:37:27.500,0.10763199999999999
004,2020-02-27 08:37:27.750,0.102506
004,2020-02-27 08:37:28.000,0.101225
004,2020-02-27 08:37:28.250,0.10635
004,2020-02-27 08:37:28.500,0.102506
004,2020-02-27 08:37:28.750,0.0961
004,2020-02-27 08:37:29.000,0.094818
004,2020-02-27 08:37:29.250,0.097381
004,2020-02-27 08:37:29.500,0.097381
004,2020-02-27 08:37:29.750,0.099944
004,2020-02-27 08:37:30.000,0.101225
004,2020-02-27 08:37:30.250,0.10763199999999999
004,2020-02-27 08:37:30.500,0.11403800000000001
004,2020-02-27 08:37:30.750,0.10891300000000001
004,2020-02-27 08:37:31.000,0.10763199999999999
004,2020-02-27 08:37:31.250,0.11403800000000001
004,2020-02-27 08:37:31.500,0.11403800000000001
004,2020-02-27 08:37:31.750,0.097381
004,2020-02-27 08:37:32.000,0.10635
004,2020-02-27 08:37:32.250,0.112757
004,2020-02-27 08:37:32.500,0.119164
004,2020-02-27 08:37:32.750,0.116601
004,2020-02-27 08:37:33.000,0.116601
004,2020-02-27 08:37:33.250,0.11532
004,2020-02-27 08:37:33.500,0.11532
004,2020-02-27 08:37:33.750,0.116601
004,2020-02-27 08:37:34.000,0.11532
004,2020-02-27 08:37:34.250,0.11532
004,2020-02-27 08:37:34.500,0.116601
004,2020-02-27 08:37:34.750,0.116601
004,2020-02-27 08:37:35.000,0.116601
004,2020-02-27 08:37:35.250,0.11788199999999999
004,2020-02-27 08:37:35.500,0.11532
004,2020-02-27 08:37:35.750,0.11403800000000001
004,2020-02-27 08:37:36.000,0.11532
004,2020-02-27 08:37:36.250,0.11403800000000001
004,2020-02-27 08:37:36.500,0.11403800000000001
004,2020-02-27 08:37:36.750,0.11532
004,2020-02-27 08:37:37.000,0.11532
004,2020-02-27 08:37:37.250,0.11532
004,2020-02-27 08:37:37.500,0.11532
004,2020-02-27 08:37:37.750,0.11403800000000001
004,2020-02-27 08:37:38.000,0.11403800000000001
004,2020-02-27 08:37:38.250,0.11532
004,2020-02-27 08:37:38.500,0.11403800000000001
004,2020-02-27 08:37:38.750,0.11532
004,2020-02-27 08:37:39.000,0.11532
004,2020-02-27 08:37:39.250,0.11532
004,2020-02-27 08:37:39.500,0.11532
004,2020-02-27 08:37:39.750,0.116601
004,2020-02-27 08:37:40.000,0.11532
004,2020-02-27 08:37:40.250,0.11532
004,2020-02-27 08:37:40.500,0.11532
004,2020-02-27 08:37:40.750,0.116601
004,2020-02-27 08:37:41.000,0.11532
004,2020-02-27 08:37:41.250,0.116601
004,2020-02-27 08:37:41.500,0.116601
004,2020-02-27 08:37:41.750,0.11532
004,2020-02-27 08:37:42.000,0.116601
004,2020-02-27 08:37:42.250,0.11788199999999999
004,2020-02-27 08:37:42.500,0.11403800000000001
004,2020-02-27 08:37:42.750,0.11403800000000001
004,2020-02-27 08:37:43.000,0.11788199999999999
004,2020-02-27 08:37:43.250,0.116601
004,2020-02-27 08:37:43.500,0.11788199999999999
004,2020-02-27 08:37:43.750,0.11788199999999999
004,2020-02-27 08:37:44.000,0.116601
004,2020-02-27 08:37:44.250,0.116601
004,2020-02-27 08:37:44.500,0.110194
004,2020-02-27 08:37:44.750,0.10506900000000001
004,2020-02-27 08:37:45.000,0.098662
004,2020-02-27 08:37:45.250,0.094818
004,2020-02-27 08:37:45.500,0.0961
004,2020-02-27 08:37:45.750,0.101225
004,2020-02-27 08:37:46.000,0.099944
004,2020-02-27 08:37:46.250,0.093537
004,2020-02-27 08:37:46.500,0.094818
004,2020-02-27 08:37:46.750,0.097381
004,2020-02-27 08:37:47.000,0.098662
004,2020-02-27 08:37:47.250,0.099944
004,2020-02-27 08:37:47.500,0.101225
004,2020-02-27 08:37:47.750,0.098662
004,2020-02-27 08:37:48.000,0.098662
004,2020-02-27 08:37:48.250,0.103788
004,2020-02-27 08:37:48.500,0.119164
004,2020-02-27 08:37:48.750,0.126852
004,2020-02-27 08:37:49.000,0.128133
004,2020-02-27 08:37:49.250,0.11788199999999999
004,2020-02-27 08:37:49.500,0.12044500000000001
004,2020-02-27 08:37:49.750,0.121726
004,2020-02-27 08:37:50.000,0.11403800000000001
004,2020-02-27 08:37:50.250,0.112757
004,2020-02-27 08:37:50.500,0.111476
004,2020-02-27 08:37:50.750,0.110194
004,2020-02-27 08:37:51.000,0.10891300000000001
004,2020-02-27 08:37:51.250,0.10635
004,2020-02-27 08:37:51.500,0.10506900000000001
004,2020-02-27 08:37:51.750,0.10635
004,2020-02-27 08:37:52.000,0.10506900000000001
004,2020-02-27 08:37:52.250,0.103788
004,2020-02-27 08:37:52.500,0.10635
004,2020-02-27 08:37:52.750,0.103788
004,2020-02-27 08:37:53.000,0.10506900000000001
004,2020-02-27 08:37:53.250,0.10763199999999999
004,2020-02-27 08:37:53.500,0.10763199999999999
004,2020-02-27 08:37:53.750,0.10763199999999999
004,2020-02-27 08:37:54.000,0.10763199999999999
004,2020-02-27 08:37:54.250,0.10635
004,2020-02-27 08:37:54.500,0.10763199999999999
004,2020-02-27 08:37:54.750,0.10763199999999999
004,2020-02-27 08:37:55.000,0.10506900000000001
004,2020-02-27 08:37:55.250,0.10891300000000001
004,2020-02-27 08:37:55.500,0.12300799999999999
004,2020-02-27 08:37:55.750,0.12428900000000001
004,2020-02-27 08:37:56.000,0.116601
004,2020-02-27 08:37:56.250,0.111476
004,2020-02-27 08:37:56.500,0.112757
004,2020-02-27 08:37:56.750,0.11403800000000001
004,2020-02-27 08:37:57.000,0.112757
004,2020-02-27 08:37:57.250,0.110194
004,2020-02-27 08:37:57.500,0.101225
004,2020-02-27 08:37:57.750,0.099944
004,2020-02-27 08:37:58.000,0.101225
004,2020-02-27 08:37:58.250,0.101225
004,2020-02-27 08:37:58.500,0.099944
004,2020-02-27 08:37:58.750,0.101225
004,2020-02-27 08:37:59.000,0.101225
004,2020-02-27 08:37:59.250,0.099944
004,2020-02-27 08:37:59.500,0.099944
004,2020-02-27 08:37:59.750,0.099944
004,2020-02-27 08:38:00.000,0.101225
004,2020-02-27 08:38:00.250,0.101225
004,2020-02-27 08:38:00.500,0.099944
004,2020-02-27 08:38:00.750,0.099944
004,2020-02-27 08:38:01.000,0.101225
004,2020-02-27 08:38:01.250,0.099944
004,2020-02-27 08:38:01.500,0.101225
004,2020-02-27 08:38:01.750,0.102506
004,2020-02-27 08:38:02.000,0.098662
004,2020-02-27 08:38:02.250,0.101225
004,2020-02-27 08:38:02.500,0.098662
004,2020-02-27 08:38:02.750,0.102506
004,2020-02-27 08:38:03.000,0.102506
004,2020-02-27 08:38:03.250,0.101225
004,2020-02-27 08:38:03.500,0.099944
004,2020-02-27 08:38:03.750,0.101225
004,2020-02-27 08:38:04.000,0.099944
004,2020-02-27 08:38:04.250,0.099944
004,2020-02-27 08:38:04.500,0.101225
004,2020-02-27 08:38:04.750,0.098662
004,2020-02-27 08:38:05.000,0.099944
004,2020-02-27 08:38:05.250,0.098662
004,2020-02-27 08:38:05.500,0.099944
004,2020-02-27 08:38:05.750,0.099944
004,2020-02-27 08:38:06.000,0.098662
004,2020-02-27 08:38:06.250,0.099944
004,2020-02-27 08:38:06.500,0.101225
004,2020-02-27 08:38:06.750,0.099944
004,2020-02-27 08:38:07.000,0.099944
004,2020-02-27 08:38:07.250,0.098662
004,2020-02-27 08:38:07.500,0.0961
004,2020-02-27 08:38:07.750,0.0961
004,2020-02-27 08:38:08.000,0.098662
004,2020-02-27 08:38:08.250,0.099944
004,2020-02-27 08:38:08.500,0.099944
004,2020-02-27 08:38:08.750,0.098662
004,2020-02-27 08:38:09.000,0.099944
004,2020-02-27 08:38:09.250,0.098662
004,2020-02-27 08:38:09.500,0.097381
004,2020-02-27 08:38:09.750,0.099944
004,2020-02-27 08:38:10.000,0.098662
004,2020-02-27 08:38:10.250,0.098662
004,2020-02-27 08:38:10.500,0.099944
004,2020-02-27 08:38:10.750,0.098662
004,2020-02-27 08:38:11.000,0.099944
004,2020-02-27 08:38:11.250,0.099944
004,2020-02-27 08:38:11.500,0.098662
004,2020-02-27 08:38:11.750,0.099944
004,2020-02-27 08:38:12.000,0.098662
004,2020-02-27 08:38:12.250,0.098662
004,2020-02-27 08:38:12.500,0.099944
004,2020-02-27 08:38:12.750,0.098662
004,2020-02-27 08:38:13.000,0.098662
004,2020-02-27 08:38:13.250,0.099944
004,2020-02-27 08:38:13.500,0.098662
004,2020-02-27 08:38:13.750,0.099944
004,2020-02-27 08:38:14.000,0.099944
004,2020-02-27 08:38:14.250,0.098662
004,2020-02-27 08:38:14.500,0.099944
004,2020-02-27 08:38:14.750,0.098662
004,2020-02-27 08:38:15.000,0.099944
004,2020-02-27 08:38:15.250,0.099944
004,2020-02-27 08:38:15.500,0.097381
004,2020-02-27 08:38:15.750,0.098662
004,2020-02-27 08:38:16.000,0.099944
004,2020-02-27 08:38:16.250,0.098662
004,2020-02-27 08:38:16.500,0.098662
004,2020-02-27 08:38:16.750,0.098662
004,2020-02-27 08:38:17.000,0.098662
004,2020-02-27 08:38:17.250,0.099944
004,2020-02-27 08:38:17.500,0.097381
004,2020-02-27 08:38:17.750,0.097381
004,2020-02-27 08:38:18.000,0.098662
004,2020-02-27 08:38:18.250,0.097381
004,2020-02-27 08:38:18.500,0.098662
004,2020-02-27 08:38:18.750,0.099944
004,2020-02-27 08:38:19.000,0.097381
004,2020-02-27 08:38:19.250,0.098662
004,2020-02-27 08:38:19.500,0.097381
004,2020-02-27 08:38:19.750,0.098662
004,2020-02-27 08:38:20.000,0.098662
004,2020-02-27 08:38:20.250,0.097381
004,2020-02-27 08:38:20.500,0.098662
004,2020-02-27 08:38:20.750,0.098662
004,2020-02-27 08:38:21.000,0.097381
004,2020-02-27 08:38:21.250,0.098662
004,2020-02-27 08:38:21.500,0.098662
004,2020-02-27 08:38:21.750,0.097381
004,2020-02-27 08:38:22.000,0.099944
004,2020-02-27 08:38:22.250,0.097381
004,2020-02-27 08:38:22.500,0.097381
004,2020-02-27 08:38:22.750,0.098662
004,2020-02-27 08:38:23.000,0.097381
004,2020-02-27 08:38:23.250,0.099944
004,2020-02-27 08:38:23.500,0.098662
004,2020-02-27 08:38:23.750,0.097381
004,2020-02-27 08:38:24.000,0.097381
004,2020-02-27 08:38:24.250,0.098662
004,2020-02-27 08:38:24.500,0.098662
004,2020-02-27 08:38:24.750,0.098662
004,2020-02-27 08:38:25.000,0.098662
004,2020-02-27 08:38:25.250,0.098662
004,2020-02-27 08:38:25.500,0.098662
004,2020-02-27 08:38:25.750,0.097381
004,2020-02-27 08:38:26.000,0.098662
004,2020-02-27 08:38:26.250,0.099944
004,2020-02-27 08:38:26.500,0.098662
004,2020-02-27 08:38:26.750,0.098662
004,2020-02-27 08:38:27.000,0.097381
004,2020-02-27 08:38:27.250,0.098662
004,2020-02-27 08:38:27.500,0.098662
004,2020-02-27 08:38:27.750,0.098662
004,2020-02-27 08:38:28.000,0.099944
004,2020-02-27 08:38:28.250,0.099944
004,2020-02-27 08:38:28.500,0.098662
004,2020-02-27 08:38:28.750,0.098662
004,2020-02-27 08:38:29.000,0.098662
004,2020-02-27 08:38:29.250,0.098662
004,2020-02-27 08:38:29.500,0.098662
004,2020-02-27 08:38:29.750,0.098662
004,2020-02-27 08:38:30.000,0.097381
004,2020-02-27 08:38:30.250,0.098662
004,2020-02-27 08:38:30.500,0.097381
004,2020-02-27 08:38:30.750,0.099944
004,2020-02-27 08:38:31.000,0.099944
004,2020-02-27 08:38:31.250,0.098662
004,2020-02-27 08:38:31.500,0.098662
004,2020-02-27 08:38:31.750,0.098662
004,2020-02-27 08:38:32.000,0.098662
004,2020-02-27 08:38:32.250,0.098662
004,2020-02-27 08:38:32.500,0.098662
004,2020-02-27 08:38:32.750,0.098662
004,2020-02-27 08:38:33.000,0.099944
004,2020-02-27 08:38:33.250,0.099944
004,2020-02-27 08:38:33.500,0.099944
004,2020-02-27 08:38:33.750,0.098662
004,2020-02-27 08:38:34.000,0.099944
004,2020-02-27 08:38:34.250,0.099944
004,2020-02-27 08:38:34.500,0.098662
004,2020-02-27 08:38:34.750,0.099944
004,2020-02-27 08:38:35.000,0.098662
004,2020-02-27 08:38:35.250,0.099944
004,2020-02-27 08:38:35.500,0.098662
004,2020-02-27 08:38:35.750,0.098662
004,2020-02-27 08:38:36.000,0.099944
004,2020-02-27 08:38:36.250,0.099944
004,2020-02-27 08:38:36.500,0.098662
004,2020-02-27 08:38:36.750,0.099944
004,2020-02-27 08:38:37.000,0.098662
004,2020-02-27 08:38:37.250,0.099944
004,2020-02-27 08:38:37.500,0.099944
004,2020-02-27 08:38:37.750,0.098662
004,2020-02-27 08:38:38.000,0.099944
004,2020-02-27 08:38:38.250,0.099944
004,2020-02-27 08:38:38.500,0.098662
004,2020-02-27 08:38:38.750,0.099944
004,2020-02-27 08:38:39.000,0.099944
004,2020-02-27 08:38:39.250,0.098662
004,2020-02-27 08:38:39.500,0.099944
004,2020-02-27 08:38:39.750,0.098662
004,2020-02-27 08:38:40.000,0.099944
004,2020-02-27 08:38:40.250,0.099944
004,2020-02-27 08:38:40.500,0.098662
004,2020-02-27 08:38:40.750,0.099944
004,2020-02-27 08:38:41.000,0.098662
004,2020-02-27 08:38:41.250,0.099944
004,2020-02-27 08:38:41.500,0.101225
004,2020-02-27 08:38:41.750,0.10506900000000001
004,2020-02-27 08:38:42.000,0.10763199999999999
004,2020-02-27 08:38:42.250,0.10763199999999999
004,2020-02-27 08:38:42.500,0.10891300000000001
004,2020-02-27 08:38:42.750,0.111476
004,2020-02-27 08:38:43.000,0.112757
004,2020-02-27 08:38:43.250,0.111476
004,2020-02-27 08:38:43.500,0.11403800000000001
004,2020-02-27 08:38:43.750,0.112757
004,2020-02-27 08:38:44.000,0.10891300000000001
004,2020-02-27 08:38:44.250,0.10891300000000001
004,2020-02-27 08:38:44.500,0.110194
004,2020-02-27 08:38:44.750,0.111476
004,2020-02-27 08:38:45.000,0.112757
004,2020-02-27 08:38:45.250,0.111476
004,2020-02-27 08:38:45.500,0.10891300000000001
004,2020-02-27 08:38:45.750,0.110194
004,2020-02-27 08:38:46.000,0.10891300000000001
004,2020-02-27 08:38:46.250,0.10891300000000001
004,2020-02-27 08:38:46.500,0.10891300000000001
004,2020-02-27 08:38:46.750,0.10891300000000001
004,2020-02-27 08:38:47.000,0.110194
004,2020-02-27 08:38:47.250,0.110194
004,2020-02-27 08:38:47.500,0.10763199999999999
004,2020-02-27 08:38:47.750,0.10763199999999999
004,2020-02-27 08:38:48.000,0.10891300000000001
004,2020-02-27 08:38:48.250,0.110194
004,2020-02-27 08:38:48.500,0.116601
004,2020-02-27 08:38:48.750,0.116601
004,2020-02-27 08:38:49.000,0.11532
004,2020-02-27 08:38:49.250,0.116601
004,2020-02-27 08:38:49.500,0.116601
004,2020-02-27 08:38:49.750,0.11403800000000001
004,2020-02-27 08:38:50.000,0.11532
004,2020-02-27 08:38:50.250,0.116601
004,2020-02-27 08:38:50.500,0.11532
004,2020-02-27 08:38:50.750,0.11532
004,2020-02-27 08:38:51.000,0.11532
004,2020-02-27 08:38:51.250,0.11403800000000001
004,2020-02-27 08:38:51.500,0.11532
004,2020-02-27 08:38:51.750,0.11532
004,2020-02-27 08:38:52.000,0.11403800000000001
004,2020-02-27 08:38:52.250,0.11532
004,2020-02-27 08:38:52.500,0.11532
004,2020-02-27 08:38:52.750,0.11403800000000001
004,2020-02-27 08:38:53.000,0.11532
004,2020-02-27 08:38:53.250,0.11532
004,2020-02-27 08:38:53.500,0.11532
004,2020-02-27 08:38:53.750,0.116601
004,2020-02-27 08:38:54.000,0.11532
004,2020-02-27 08:38:54.250,0.11403800000000001
004,2020-02-27 08:38:54.500,0.116601
004,2020-02-27 08:38:54.750,0.11403800000000001
004,2020-02-27 08:38:55.000,0.116601
004,2020-02-27 08:38:55.250,0.116601
004,2020-02-27 08:38:55.500,0.11532
004,2020-02-27 08:38:55.750,0.116601
004,2020-02-27 08:38:56.000,0.116601
004,2020-02-27 08:38:56.250,0.11532
004,2020-02-27 08:38:56.500,0.11532
004,2020-02-27 08:38:56.750,0.116601
004,2020-02-27 08:38:57.000,0.11403800000000001
004,2020-02-27 08:38:57.250,0.116601
004,2020-02-27 08:38:57.500,0.116601
004,2020-02-27 08:38:57.750,0.11532
004,2020-02-27 08:38:58.000,0.116601
004,2020-02-27 08:38:58.250,0.116601
004,2020-02-27 08:38:58.500,0.11532
004,2020-02-27 08:38:58.750,0.116601
004,2020-02-27 08:38:59.000,0.116601
004,2020-02-27 08:38:59.250,0.11788199999999999
004,2020-02-27 08:38:59.500,0.119164
004,2020-02-27 08:38:59.750,0.119164
004,2020-02-27 08:39:00.000,0.11788199999999999
004,2020-02-27 08:39:00.250,0.119164
004,2020-02-27 08:39:00.500,0.119164
004,2020-02-27 08:39:00.750,0.12044500000000001
004,2020-02-27 08:39:01.000,0.12044500000000001
004,2020-02-27 08:39:01.250,0.119164
004,2020-02-27 08:39:01.500,0.119164
004,2020-02-27 08:39:01.750,0.12044500000000001
004,2020-02-27 08:39:02.000,0.119164
004,2020-02-27 08:39:02.250,0.12044500000000001
004,2020-02-27 08:39:02.500,0.11788199999999999
004,2020-02-27 08:39:02.750,0.119164
004,2020-02-27 08:39:03.000,0.119164
004,2020-02-27 08:39:03.250,0.12044500000000001
004,2020-02-27 08:39:03.500,0.119164
004,2020-02-27 08:39:03.750,0.12044500000000001
004,2020-02-27 08:39:04.000,0.119164
004,2020-02-27 08:39:04.250,0.119164
004,2020-02-27 08:39:04.500,0.12044500000000001
004,2020-02-27 08:39:04.750,0.119164
004,2020-02-27 08:39:05.000,0.12044500000000001
004,2020-02-27 08:39:05.250,0.12044500000000001
004,2020-02-27 08:39:05.500,0.119164
004,2020-02-27 08:39:05.750,0.119164
004,2020-02-27 08:39:06.000,0.12044500000000001
004,2020-02-27 08:39:06.250,0.119164
004,2020-02-27 08:39:06.500,0.12044500000000001
004,2020-02-27 08:39:06.750,0.12044500000000001
004,2020-02-27 08:39:07.000,0.119164
004,2020-02-27 08:39:07.250,0.12044500000000001
004,2020-02-27 08:39:07.500,0.12044500000000001
004,2020-02-27 08:39:07.750,0.119164
004,2020-02-27 08:39:08.000,0.119164
004,2020-02-27 08:39:08.250,0.119164
004,2020-02-27 08:39:08.500,0.119164
004,2020-02-27 08:39:08.750,0.12044500000000001
004,2020-02-27 08:39:09.000,0.12044500000000001
004,2020-02-27 08:39:09.250,0.12044500000000001
004,2020-02-27 08:39:09.500,0.12044500000000001
004,2020-02-27 08:39:09.750,0.119164
004,2020-02-27 08:39:10.000,0.119164
004,2020-02-27 08:39:10.250,0.12044500000000001
004,2020-02-27 08:39:10.500,0.119164
004,2020-02-27 08:39:10.750,0.119164
004,2020-02-27 08:39:11.000,0.12044500000000001
004,2020-02-27 08:39:11.250,0.119164
004,2020-02-27 08:39:11.500,0.12044500000000001
004,2020-02-27 08:39:11.750,0.12044500000000001
004,2020-02-27 08:39:12.000,0.119164
004,2020-02-27 08:39:12.250,0.12044500000000001
004,2020-02-27 08:39:12.500,0.119164
004,2020-02-27 08:39:12.750,0.12044500000000001
004,2020-02-27 08:39:13.000,0.12044500000000001
004,2020-02-27 08:39:13.250,0.119164
004,2020-02-27 08:39:13.500,0.119164
004,2020-02-27 08:39:13.750,0.12044500000000001
004,2020-02-27 08:39:14.000,0.119164
004,2020-02-27 08:39:14.250,0.12044500000000001
004,2020-02-27 08:39:14.500,0.12044500000000001
004,2020-02-27 08:39:14.750,0.119164
004,2020-02-27 08:39:15.000,0.12044500000000001
004,2020-02-27 08:39:15.250,0.12044500000000001
004,2020-02-27 08:39:15.500,0.119164
004,2020-02-27 08:39:15.750,0.11788199999999999
004,2020-02-27 08:39:16.000,0.121726
004,2020-02-27 08:39:16.250,0.119164
004,2020-02-27 08:39:16.500,0.12044500000000001
004,2020-02-27 08:39:16.750,0.119164
004,2020-02-27 08:39:17.000,0.119164
004,2020-02-27 08:39:17.250,0.11788199999999999
004,2020-02-27 08:39:17.500,0.116601
004,2020-02-27 08:39:17.750,0.11788199999999999
004,2020-02-27 08:39:18.000,0.116601
004,2020-02-27 08:39:18.250,0.11532
004,2020-02-27 08:39:18.500,0.11403800000000001
004,2020-02-27 08:39:18.750,0.11532
004,2020-02-27 08:39:19.000,0.11403800000000001
004,2020-02-27 08:39:19.250,0.116601
004,2020-02-27 08:39:19.500,0.11532
004,2020-02-27 08:39:19.750,0.11532
004,2020-02-27 08:39:20.000,0.116601
004,2020-02-27 08:39:20.250,0.116601
004,2020-02-27 08:39:20.500,0.11532
004,2020-02-27 08:39:20.750,0.11532
004,2020-02-27 08:39:21.000,0.11532
004,2020-02-27 08:39:21.250,0.116601
004,2020-02-27 08:39:21.500,0.116601
004,2020-02-27 08:39:21.750,0.11532
004,2020-02-27 08:39:22.000,0.11532
004,2020-02-27 08:39:22.250,0.11532
004,2020-02-27 08:39:22.500,0.11403800000000001
004,2020-02-27 08:39:22.750,0.11532
004,2020-02-27 08:39:23.000,0.116601
004,2020-02-27 08:39:23.250,0.11532
004,2020-02-27 08:39:23.500,0.11532
004,2020-02-27 08:39:23.750,0.116601
004,2020-02-27 08:39:24.000,0.11532
004,2020-02-27 08:39:24.250,0.116601
004,2020-02-27 08:39:24.500,0.11532
004,2020-02-27 08:39:24.750,0.11403800000000001
004,2020-02-27 08:39:25.000,0.11532
004,2020-02-27 08:39:25.250,0.11532
004,2020-02-27 08:39:25.500,0.11532
004,2020-02-27 08:39:25.750,0.11532
004,2020-02-27 08:39:26.000,0.11403800000000001
004,2020-02-27 08:39:26.250,0.11532
004,2020-02-27 08:39:26.500,0.11403800000000001
005,2020-02-27 13:34:02.000,0.0
005,2020-02-27 13:34:02.250,0.836457
005,2020-02-27 13:34:02.500,1.1787370000000001
005,2020-02-27 13:34:02.750,1.616889
005,2020-02-27 13:34:03.000,1.604179
005,2020-02-27 13:34:03.250,1.460713
005,2020-02-27 13:34:03.500,1.4876120000000002
005,2020-02-27 13:34:03.750,1.636202
005,2020-02-27 13:34:04.000,1.766859
005,2020-02-27 13:34:04.250,1.827063
005,2020-02-27 13:34:04.500,1.855244
005,2020-02-27 13:34:04.750,1.873177
005,2020-02-27 13:34:05.000,1.8859869999999999
005,2020-02-27 13:34:05.250,1.883425
005,2020-02-27 13:34:05.500,1.888548
005,2020-02-27 13:34:05.750,1.852682
005,2020-02-27 13:34:06.000,1.846277
005,2020-02-27 13:34:06.250,1.818096
005,2020-02-27 13:34:06.500,1.6746310000000002
005,2020-02-27 13:34:06.750,1.771982
005,2020-02-27 13:34:07.000,1.827063
005,2020-02-27 13:34:07.250,1.802725
005,2020-02-27 13:34:07.500,0.821521
005,2020-02-27 13:34:07.750,1.29281
005,2020-02-27 13:34:08.000,1.601518
005,2020-02-27 13:34:08.250,1.733554
005,2020-02-27 13:34:08.500,1.7988819999999999
005,2020-02-27 13:34:08.750,1.859087
005,2020-02-27 13:34:09.000,1.9180099999999998
005,2020-02-27 13:34:09.250,1.948753
005,2020-02-27 13:34:09.500,1.9668849999999998
005,2020-02-27 13:34:09.750,1.987381
005,2020-02-27 13:34:10.000,1.8439150000000002
005,2020-02-27 13:34:10.250,1.811891
005,2020-02-27 13:34:10.500,1.5339260000000001
005,2020-02-27 13:34:10.750,1.5736350000000001
005,2020-02-27 13:34:11.000,1.667144
005,2020-02-27 13:34:11.250,1.913086
005,2020-02-27 13:34:11.500,1.8362290000000001
005,2020-02-27 13:34:11.750,1.842634
005,2020-02-27 13:34:12.000,1.8849049999999998
005,2020-02-27 13:34:12.250,1.7593720000000002
005,2020-02-27 13:34:12.500,1.8093290000000002
005,2020-02-27 13:34:12.750,1.833667
005,2020-02-27 13:34:13.000,1.866972
005,2020-02-27 13:34:13.250,1.8900290000000002
005,2020-02-27 13:34:13.500,1.895152
005,2020-02-27 13:34:13.750,1.8887479999999999
005,2020-02-27 13:34:14.000,1.9335810000000002
005,2020-02-27 13:34:14.250,2.037337
005,2020-02-27 13:34:14.500,2.185927
005,2020-02-27 13:34:14.750,2.266627
005,2020-02-27 13:34:15.000,2.266627
005,2020-02-27 13:34:15.250,2.29865
005,2020-02-27 13:34:15.500,1.833667
005,2020-02-27 13:34:15.750,1.604378
005,2020-02-27 13:34:16.000,1.9258950000000001
005,2020-02-27 13:34:16.250,2.021966
005,2020-02-27 13:34:16.500,2.105227
005,2020-02-27 13:34:16.750,2.139813
005,2020-02-27 13:34:17.000,1.8849049999999998
005,2020-02-27 13:34:17.250,1.656897
005,2020-02-27 13:34:17.500,1.831105
005,2020-02-27 13:34:17.750,1.695325
005,2020-02-27 13:34:18.000,1.8413529999999998
005,2020-02-27 13:34:18.250,1.832386
005,2020-02-27 13:34:18.500,1.795239
005,2020-02-27 13:34:18.750,2.042461
005,2020-02-27 13:34:19.000,2.28456
005,2020-02-27 13:34:19.250,2.337079
005,2020-02-27 13:34:19.500,2.2884029999999997
005,2020-02-27 13:34:19.750,2.270469
005,2020-02-27 13:34:20.000,2.1628700000000003
005,2020-02-27 13:34:20.250,1.992504
005,2020-02-27 13:34:20.500,1.9323
005,2020-02-27 13:34:20.750,1.94639
005,2020-02-27 13:34:21.000,2.12188
005,2020-02-27 13:34:21.250,2.188489
005,2020-02-27 13:34:21.500,2.011719
005,2020-02-27 13:34:21.750,1.832386
005,2020-02-27 13:34:22.000,1.8042049999999998
005,2020-02-27 13:34:22.250,1.9630419999999997
005,2020-02-27 13:34:22.500,2.141094
005,2020-02-27 13:34:22.750,2.097542
005,2020-02-27 13:34:23.000,1.8964330000000003
005,2020-02-27 13:34:23.250,1.8375099999999998
005,2020-02-27 13:34:23.500,1.786272
005,2020-02-27 13:34:23.750,1.7657770000000002
005,2020-02-27 13:34:24.000,1.817015
005,2020-02-27 13:34:24.250,1.8874669999999998
005,2020-02-27 13:34:24.500,1.961762
005,2020-02-27 13:34:24.750,2.01428
005,2020-02-27 13:34:25.000,2.023247
005,2020-02-27 13:34:25.250,1.9809759999999998
005,2020-02-27 13:34:25.500,1.9694470000000002
005,2020-02-27 13:34:25.750,2.071923
005,2020-02-27 13:34:26.000,2.134689
005,2020-02-27 13:34:26.250,2.157746
005,2020-02-27 13:34:26.500,2.142375
005,2020-02-27 13:34:26.750,2.1270029999999998
005,2020-02-27 13:34:27.000,2.080889
005,2020-02-27 13:34:27.250,2.075766
005,2020-02-27 13:34:27.500,2.091137
005,2020-02-27 13:34:27.750,2.12188
005,2020-02-27 13:34:28.000,2.200017
005,2020-02-27 13:34:28.250,2.265346
005,2020-02-27 13:34:28.500,2.2973689999999998
005,2020-02-27 13:34:28.750,2.3191450000000002
005,2020-02-27 13:34:29.000,2.329393
005,2020-02-27 13:34:29.250,2.329393
005,2020-02-27 13:34:29.500,2.320426
005,2020-02-27 13:34:29.750,2.31146
005,2020-02-27 13:34:30.000,2.274312
005,2020-02-27 13:34:30.250,2.221793
005,2020-02-27 13:34:30.500,2.223074
005,2020-02-27 13:34:30.750,2.219232
005,2020-02-27 13:34:31.000,2.192332
005,2020-02-27 13:34:31.250,2.219232
005,2020-02-27 13:34:31.500,2.287122
005,2020-02-27 13:34:31.750,2.157746
005,2020-02-27 13:34:32.000,2.01428
005,2020-02-27 13:34:32.250,1.983538
005,2020-02-27 13:34:32.500,1.996347
005,2020-02-27 13:34:32.750,2.091137
005,2020-02-27 13:34:33.000,2.132127
005,2020-02-27 13:34:33.250,2.139813
005,2020-02-27 13:34:33.500,2.0001900000000004
005,2020-02-27 13:34:33.750,2.009156
005,2020-02-27 13:34:34.000,1.9105240000000001
005,2020-02-27 13:34:34.250,2.004033
005,2020-02-27 13:34:34.500,2.1065080000000003
005,2020-02-27 13:34:34.750,1.941266
005,2020-02-27 13:34:35.000,1.758091
005,2020-02-27 13:34:35.250,1.7965200000000001
005,2020-02-27 13:34:35.500,1.8964330000000003
005,2020-02-27 13:34:35.750,2.089856
005,2020-02-27 13:34:36.000,2.037337
005,2020-02-27 13:34:36.250,1.9630419999999997
005,2020-02-27 13:34:36.500,1.9335810000000002
005,2020-02-27 13:34:36.750,1.8439150000000002
005,2020-02-27 13:34:37.000,1.9745709999999999
005,2020-02-27 13:34:37.250,2.1244419999999997
005,2020-02-27 13:34:37.500,2.111632
005,2020-02-27 13:34:37.750,2.196175
005,2020-02-27 13:34:38.000,2.039899
005,2020-02-27 13:34:38.250,2.17696
005,2020-02-27 13:34:38.500,2.256379
005,2020-02-27 13:34:38.750,2.193613
005,2020-02-27 13:34:39.000,2.18977
005,2020-02-27 13:34:39.250,2.221793
005,2020-02-27 13:34:39.500,2.221793
005,2020-02-27 13:34:39.750,2.305055
005,2020-02-27 13:34:40.000,2.351169
005,2020-02-27 13:34:40.250,2.322988
005,2020-02-27 13:34:40.500,2.329393
005,2020-02-27 13:34:40.750,1.897714
005,2020-02-27 13:34:41.000,1.872095
005,2020-02-27 13:34:41.250,1.869534
005,2020-02-27 13:34:41.500,1.863129
005,2020-02-27 13:34:41.750,1.8567240000000003
005,2020-02-27 13:34:42.000,1.863129
005,2020-02-27 13:34:42.250,1.865691
005,2020-02-27 13:34:42.500,1.9054
005,2020-02-27 13:34:42.750,1.9668849999999998
005,2020-02-27 13:34:43.000,1.938704
005,2020-02-27 13:34:43.250,1.8528810000000002
005,2020-02-27 13:34:43.500,2.1564650000000003
005,2020-02-27 13:34:43.750,2.1833650000000002
005,2020-02-27 13:34:44.000,2.296088
005,2020-02-27 13:34:44.250,2.307617
005,2020-02-27 13:34:44.500,2.316583
005,2020-02-27 13:34:44.750,2.347326
005,2020-02-27 13:34:45.000,2.356293
005,2020-02-27 13:34:45.250,2.384474
005,2020-02-27 13:34:45.500,2.376788
005,2020-02-27 13:34:45.750,2.293526
005,2020-02-27 13:34:46.000,1.9732900000000002
005,2020-02-27 13:34:46.250,1.898995
005,2020-02-27 13:34:46.500,1.877219
005,2020-02-27 13:34:46.750,1.897714
005,2020-02-27 13:34:47.000,2.064237
005,2020-02-27 13:34:47.250,2.141094
005,2020-02-27 13:34:47.500,2.2410080000000003
005,2020-02-27 13:34:47.750,2.442116
005,2020-02-27 13:34:48.000,2.523218
005,2020-02-27 13:34:48.250,2.550118
005,2020-02-27 13:34:48.500,2.53987
005,2020-02-27 13:34:48.750,2.528342
005,2020-02-27 13:34:49.000,2.425866
005,2020-02-27 13:34:49.250,2.397685
005,2020-02-27 13:34:49.500,2.349009
005,2020-02-27 13:34:49.750,2.277277
005,2020-02-27 13:34:50.000,2.235005
005,2020-02-27 13:34:50.250,2.223477
005,2020-02-27 13:34:50.500,2.3144240000000003
005,2020-02-27 13:34:50.750,2.3631
005,2020-02-27 13:34:51.000,2.428428
005,2020-02-27 13:34:51.250,2.559084
005,2020-02-27 13:34:51.500,2.538589
005,2020-02-27 13:34:51.750,2.580861
005,2020-02-27 13:34:52.000,2.528342
005,2020-02-27 13:34:52.250,2.521937
005,2020-02-27 13:34:52.500,2.504004
005,2020-02-27 13:34:52.750,2.523218
005,2020-02-27 13:34:53.000,2.6205700000000003
005,2020-02-27 13:34:53.250,2.648751
005,2020-02-27 13:34:53.500,2.630817
005,2020-02-27 13:34:53.750,2.6141650000000003
005,2020-02-27 13:34:54.000,2.524499
005,2020-02-27 13:34:54.250,2.504004
005,2020-02-27 13:34:54.500,2.678212
005,2020-02-27 13:34:54.750,2.6141650000000003
005,2020-02-27 13:34:55.000,2.546275
005,2020-02-27 13:34:55.250,2.463013
005,2020-02-27 13:34:55.500,2.751226
005,2020-02-27 13:34:55.750,2.780688
005,2020-02-27 13:34:56.000,2.798621
005,2020-02-27 13:34:56.250,2.8549830000000003
005,2020-02-27 13:34:56.500,2.943368
005,2020-02-27 13:34:56.750,2.847297
005,2020-02-27 13:34:57.000,2.801183
005,2020-02-27 13:34:57.250,2.792217
005,2020-02-27 13:34:57.500,2.764036
005,2020-02-27 13:34:57.750,2.687179
005,2020-02-27 13:34:58.000,2.610322
005,2020-02-27 13:34:58.250,2.57958
005,2020-02-27 13:34:58.500,2.577018
005,2020-02-27 13:34:58.750,2.605198
005,2020-02-27 13:34:59.000,2.639784
005,2020-02-27 13:34:59.250,2.760193
005,2020-02-27 13:34:59.500,2.610322
005,2020-02-27 13:34:59.750,2.587265
005,2020-02-27 13:35:00.000,2.478385
005,2020-02-27 13:35:00.250,2.360538
005,2020-02-27 13:35:00.500,2.274714
005,2020-02-27 13:35:00.750,2.327233
005,2020-02-27 13:35:01.000,2.446361
005,2020-02-27 13:35:01.250,2.465575
005,2020-02-27 13:35:01.500,2.4578900000000004
005,2020-02-27 13:35:01.750,2.5757369999999997
005,2020-02-27 13:35:02.000,2.633379
005,2020-02-27 13:35:02.250,2.79734
005,2020-02-27 13:35:02.500,2.846016
005,2020-02-27 13:35:02.750,2.8255209999999997
005,2020-02-27 13:35:03.000,2.602637
005,2020-02-27 13:35:03.250,2.615446
005,2020-02-27 13:35:03.500,2.4642939999999998
005,2020-02-27 13:35:03.750,2.560365
005,2020-02-27 13:35:04.000,2.644908
005,2020-02-27 13:35:04.250,2.547556
005,2020-02-27 13:35:04.500,2.486071
005,2020-02-27 13:35:04.750,2.6551549999999997
005,2020-02-27 13:35:05.000,2.598794
005,2020-02-27 13:35:05.250,2.597513
005,2020-02-27 13:35:05.500,2.751226
005,2020-02-27 13:35:05.750,2.761474
005,2020-02-27 13:35:06.000,2.779407
005,2020-02-27 13:35:06.250,2.8280830000000003
005,2020-02-27 13:35:06.500,2.884444
005,2020-02-27 13:35:06.750,2.856264
005,2020-02-27 13:35:07.000,2.712798
005,2020-02-27 13:35:07.250,2.594951
005,2020-02-27 13:35:07.500,2.386157
005,2020-02-27 13:35:07.750,2.304176
005,2020-02-27 13:35:08.000,2.4143380000000003
005,2020-02-27 13:35:08.250,2.4386759999999996
005,2020-02-27 13:35:08.500,2.368224
005,2020-02-27 13:35:08.750,2.4117759999999997
005,2020-02-27 13:35:09.000,2.4386759999999996
005,2020-02-27 13:35:09.250,2.461733
005,2020-02-27 13:35:09.500,2.516813
005,2020-02-27 13:35:09.750,2.5782990000000003
005,2020-02-27 13:35:10.000,2.573175
005,2020-02-27 13:35:10.250,2.5052849999999998
005,2020-02-27 13:35:10.500,2.507847
005,2020-02-27 13:35:10.750,2.4437990000000003
005,2020-02-27 13:35:11.000,2.56677
005,2020-02-27 13:35:11.250,2.41818
005,2020-02-27 13:35:11.500,2.641065
005,2020-02-27 13:35:11.750,2.5680509999999996
005,2020-02-27 13:35:12.000,2.805026
005,2020-02-27 13:35:12.250,2.765317
005,2020-02-27 13:35:12.500,2.76916
005,2020-02-27 13:35:12.750,2.3208290000000003
005,2020-02-27 13:35:13.000,2.122282
005,2020-02-27 13:35:13.250,2.428428
005,2020-02-27 13:35:13.500,2.714079
005,2020-02-27 13:35:13.750,2.806307
005,2020-02-27 13:35:14.000,2.93312
005,2020-02-27 13:35:14.250,2.948492
005,2020-02-27 13:35:14.500,2.982236
005,2020-02-27 13:35:14.750,2.945088
005,2020-02-27 13:35:15.000,2.939965
005,2020-02-27 13:35:15.250,2.9322790000000003
005,2020-02-27 13:35:15.500,2.911784
005,2020-02-27 13:35:15.750,2.911784
005,2020-02-27 13:35:16.000,2.895132
005,2020-02-27 13:35:16.250,2.870794
005,2020-02-27 13:35:16.500,2.7324509999999997
005,2020-02-27 13:35:16.750,2.537748
005,2020-02-27 13:35:17.000,2.64919
005,2020-02-27 13:35:17.250,2.740137
005,2020-02-27 13:35:17.500,2.660718
005,2020-02-27 13:35:17.750,2.532624
005,2020-02-27 13:35:18.000,2.536467
005,2020-02-27 13:35:18.250,2.556962
005,2020-02-27 13:35:18.500,2.601795
005,2020-02-27 13:35:18.750,2.5966709999999997
005,2020-02-27 13:35:19.000,2.692742
005,2020-02-27 13:35:19.250,2.749104
005,2020-02-27 13:35:19.500,2.795218
005,2020-02-27 13:35:19.750,2.782408
005,2020-02-27 13:35:20.000,2.763194
005,2020-02-27 13:35:20.250,2.751666
005,2020-02-27 13:35:20.500,2.724766
005,2020-02-27 13:35:20.750,2.679933
005,2020-02-27 13:35:21.000,2.66328
005,2020-02-27 13:35:21.250,2.6415040000000003
005,2020-02-27 13:35:21.500,2.627414
005,2020-02-27 13:35:21.750,2.650471
005,2020-02-27 13:35:22.000,2.683776
005,2020-02-27 13:35:22.250,2.720923
005,2020-02-27 13:35:22.500,2.749104
005,2020-02-27 13:35:22.750,2.7670369999999997
005,2020-02-27 13:35:23.000,2.790094
005,2020-02-27 13:35:23.250,2.8323650000000002
005,2020-02-27 13:35:23.500,2.869513
005,2020-02-27 13:35:23.750,2.731171
005,2020-02-27 13:35:24.000,2.604357
005,2020-02-27 13:35:24.250,2.551838
005,2020-02-27 13:35:24.500,2.489072
005,2020-02-27 13:35:24.750,2.32383
005,2020-02-27 13:35:25.000,2.519375
005,2020-02-27 13:35:25.250,2.6987080000000003
005,2020-02-27 13:35:25.500,2.785812
005,2020-02-27 13:35:25.750,2.82424
005,2020-02-27 13:35:26.000,2.856264
005,2020-02-27 13:35:26.250,2.678212
005,2020-02-27 13:35:26.500,2.719203
005,2020-02-27 13:35:26.750,2.8114310000000002
005,2020-02-27 13:35:27.000,2.857545
005,2020-02-27 13:35:27.250,2.876759
005,2020-02-27 13:35:27.500,2.812712
005,2020-02-27 13:35:27.750,2.833207
005,2020-02-27 13:35:28.000,2.838331
005,2020-02-27 13:35:28.250,2.846016
005,2020-02-27 13:35:28.500,2.8549830000000003
005,2020-02-27 13:35:28.750,2.830645
005,2020-02-27 13:35:29.000,2.805026
005,2020-02-27 13:35:29.250,2.803745
005,2020-02-27 13:35:29.500,2.847297
005,2020-02-27 13:35:29.750,2.812712
005,2020-02-27 13:35:30.000,2.796059
005,2020-02-27 13:35:30.250,2.807588
005,2020-02-27 13:35:30.500,2.801183
005,2020-02-27 13:35:30.750,2.790936
005,2020-02-27 13:35:31.000,2.761474
005,2020-02-27 13:35:31.250,2.7550689999999998
005,2020-02-27 13:35:31.500,2.7550689999999998
005,2020-02-27 13:35:31.750,2.753788
005,2020-02-27 13:35:32.000,2.7409790000000003
005,2020-02-27 13:35:32.250,2.728169
005,2020-02-27 13:35:32.500,2.719203
005,2020-02-27 13:35:32.750,2.706393
005,2020-02-27 13:35:33.000,2.660279
005,2020-02-27 13:35:33.250,2.648751
005,2020-02-27 13:35:33.500,2.639784
005,2020-02-27 13:35:33.750,2.626975
005,2020-02-27 13:35:34.000,2.623132
005,2020-02-27 13:35:34.250,2.632098
005,2020-02-27 13:35:34.500,2.635941
005,2020-02-27 13:35:34.750,2.6141650000000003
005,2020-02-27 13:35:35.000,2.475823
005,2020-02-27 13:35:35.250,2.597513
005,2020-02-27 13:35:35.500,2.673089
005,2020-02-27 13:35:35.750,2.7384169999999997
005,2020-02-27 13:35:36.000,2.81015
005,2020-02-27 13:35:36.250,2.785812
005,2020-02-27 13:35:36.500,2.794778
005,2020-02-27 13:35:36.750,2.805026
005,2020-02-27 13:35:37.000,2.8255209999999997
005,2020-02-27 13:35:37.250,2.852421
005,2020-02-27 13:35:37.500,2.924154
005,2020-02-27 13:35:37.750,2.968987
005,2020-02-27 13:35:38.000,3.024507
005,2020-02-27 13:35:38.250,3.102645
005,2020-02-27 13:35:38.500,3.132107
005,2020-02-27 13:35:38.750,3.135949
005,2020-02-27 13:35:39.000,3.157725
005,2020-02-27 13:35:39.250,3.1372299999999997
005,2020-02-27 13:35:39.500,3.111611
005,2020-02-27 13:35:39.750,3.06934
005,2020-02-27 13:35:40.000,2.9309979999999998
005,2020-02-27 13:35:40.250,2.768318
005,2020-02-27 13:35:40.500,2.701709
005,2020-02-27 13:35:40.750,2.682495
005,2020-02-27 13:35:41.000,2.656876
005,2020-02-27 13:35:41.250,2.674809
005,2020-02-27 13:35:41.500,2.795218
005,2020-02-27 13:35:41.750,2.963022
005,2020-02-27 13:35:42.000,3.148759
005,2020-02-27 13:35:42.250,3.256358
005,2020-02-27 13:35:42.500,3.3127199999999997
005,2020-02-27 13:35:42.750,3.3370580000000003
005,2020-02-27 13:35:43.000,3.343462
005,2020-02-27 13:35:43.250,3.322967
005,2020-02-27 13:35:43.500,3.293506
005,2020-02-27 13:35:43.750,3.292225
005,2020-02-27 13:35:44.000,3.265325
005,2020-02-27 13:35:44.250,3.210244
005,2020-02-27 13:35:44.500,3.290944
005,2020-02-27 13:35:44.750,3.2576389999999997
005,2020-02-27 13:35:45.000,3.20512
005,2020-02-27 13:35:45.250,3.1935919999999998
005,2020-02-27 13:35:45.500,3.1820630000000003
005,2020-02-27 13:35:45.750,3.1730970000000003
005,2020-02-27 13:35:46.000,3.161568
005,2020-02-27 13:35:46.250,3.148759
005,2020-02-27 13:35:46.500,3.1372299999999997
005,2020-02-27 13:35:46.750,3.115454
005,2020-02-27 13:35:47.000,3.116735
005,2020-02-27 13:35:47.250,3.141073
005,2020-02-27 13:35:47.500,3.19103
005,2020-02-27 13:35:47.750,3.251234
005,2020-02-27 13:35:48.000,3.298629
005,2020-02-27 13:35:48.250,3.333215
005,2020-02-27 13:35:48.500,3.3396199999999996
005,2020-02-27 13:35:48.750,3.340901
005,2020-02-27 13:35:49.000,3.3319339999999995
005,2020-02-27 13:35:49.250,3.3075959999999998
005,2020-02-27 13:35:49.500,3.2871010000000003
005,2020-02-27 13:35:49.750,3.2666060000000003
005,2020-02-27 13:35:50.000,3.240987
005,2020-02-27 13:35:50.250,3.2217729999999998
005,2020-02-27 13:35:50.500,3.20512
005,2020-02-27 13:35:50.750,3.1871869999999998
005,2020-02-27 13:35:51.000,3.175659
005,2020-02-27 13:35:51.250,3.174378
005,2020-02-27 13:35:51.500,3.1820630000000003
005,2020-02-27 13:35:51.750,3.189749
005,2020-02-27 13:35:52.000,3.197435
005,2020-02-27 13:35:52.250,3.196154
005,2020-02-27 13:35:52.500,3.189749
005,2020-02-27 13:35:52.750,3.192311
005,2020-02-27 13:35:53.000,3.176939
005,2020-02-27 13:35:53.250,3.16413
005,2020-02-27 13:35:53.500,3.151321
005,2020-02-27 13:35:53.750,3.1385110000000003
005,2020-02-27 13:35:54.000,3.133387
005,2020-02-27 13:35:54.250,3.1436349999999997
005,2020-02-27 13:35:54.500,3.174378
005,2020-02-27 13:35:54.750,3.225616
005,2020-02-27 13:35:55.000,3.240987
005,2020-02-27 13:35:55.250,3.262763
005,2020-02-27 13:35:55.500,3.279415
005,2020-02-27 13:35:55.750,3.271729
005,2020-02-27 13:35:56.000,3.261482
005,2020-02-27 13:35:56.250,3.246111
005,2020-02-27 13:35:56.500,3.226897
005,2020-02-27 13:35:56.750,3.1871869999999998
005,2020-02-27 13:35:57.000,3.16413
005,2020-02-27 13:35:57.250,3.157725
005,2020-02-27 13:35:57.500,3.146197
005,2020-02-27 13:35:57.750,3.139792
005,2020-02-27 13:35:58.000,3.130826
005,2020-02-27 13:35:58.250,3.126983
005,2020-02-27 13:35:58.500,3.112892
005,2020-02-27 13:35:58.750,3.103926
005,2020-02-27 13:35:59.000,3.101364
005,2020-02-27 13:35:59.250,3.107769
005,2020-02-27 13:35:59.500,3.11033
005,2020-02-27 13:35:59.750,3.087273
005,2020-02-27 13:36:00.000,3.146197
005,2020-02-27 13:36:00.250,3.183344
005,2020-02-27 13:36:00.500,3.233301
005,2020-02-27 13:36:00.750,3.2589200000000003
005,2020-02-27 13:36:01.000,3.279415
005,2020-02-27 13:36:01.250,3.2819769999999995
005,2020-02-27 13:36:01.500,3.275572
005,2020-02-27 13:36:01.750,3.274291
005,2020-02-27 13:36:02.000,3.274291
005,2020-02-27 13:36:02.250,3.275572
005,2020-02-27 13:36:02.500,3.2819769999999995
005,2020-02-27 13:36:02.750,3.276853
005,2020-02-27 13:36:03.000,3.2781339999999997
005,2020-02-27 13:36:03.250,3.271729
005,2020-02-27 13:36:03.500,3.230739
005,2020-02-27 13:36:03.750,3.198716
005,2020-02-27 13:36:04.000,3.199996
005,2020-02-27 13:36:04.250,3.2089630000000002
005,2020-02-27 13:36:04.500,3.210244
005,2020-02-27 13:36:04.750,3.1935919999999998
005,2020-02-27 13:36:05.000,3.198716
005,2020-02-27 13:36:05.250,3.1871869999999998
005,2020-02-27 13:36:05.500,3.176939
005,2020-02-27 13:36:05.750,3.1782209999999997
005,2020-02-27 13:36:06.000,3.196154
005,2020-02-27 13:36:06.250,3.237144
005,2020-02-27 13:36:06.500,3.294786
006,2020-02-28 10:18:28.000,0.0
006,2020-02-28 10:18:28.250,0.0
006,2020-02-28 10:18:28.500,0.032026
006,2020-02-28 10:18:28.750,0.03715
006,2020-02-28 10:18:29.000,0.039712
006,2020-02-28 10:18:29.250,0.038431
006,2020-02-28 10:18:29.500,0.039712
006,2020-02-28 10:18:29.750,0.038431
006,2020-02-28 10:18:30.000,0.039712
006,2020-02-28 10:18:30.250,0.040993
006,2020-02-28 10:18:30.500,0.053803
006,2020-02-28 10:18:30.750,0.051240999999999995
006,2020-02-28 10:18:31.000,0.088391
006,2020-02-28 10:18:31.250,0.042274
006,2020-02-28 10:18:31.500,0.040993
006,2020-02-28 10:18:31.750,0.039712
006,2020-02-28 10:18:32.000,0.039712
006,2020-02-28 10:18:32.250,0.047398
006,2020-02-28 10:18:32.500,0.039712
006,2020-02-28 10:18:32.750,0.039712
006,2020-02-28 10:18:33.000,0.038431
006,2020-02-28 10:18:33.250,0.039712
006,2020-02-28 10:18:33.500,0.039712
006,2020-02-28 10:18:33.750,0.039712
006,2020-02-28 10:18:34.000,0.039712
006,2020-02-28 10:18:34.250,0.039712
006,2020-02-28 10:18:34.500,0.038431
006,2020-02-28 10:18:34.750,0.039712
006,2020-02-28 10:18:35.000,0.03715
006,2020-02-28 10:18:35.250,0.035869
006,2020-02-28 10:18:35.500,0.035869
006,2020-02-28 10:18:35.750,0.033306999999999996
006,2020-02-28 10:18:36.000,0.034588
006,2020-02-28 10:18:36.250,0.033306999999999996
006,2020-02-28 10:18:36.500,0.034588
006,2020-02-28 10:18:36.750,0.034588
006,2020-02-28 10:18:37.000,0.034588
006,2020-02-28 10:18:37.250,0.032026
006,2020-02-28 10:18:37.500,0.034588
006,2020-02-28 10:18:37.750,0.033306999999999996
006,2020-02-28 10:18:38.000,0.034588
006,2020-02-28 10:18:38.250,0.032026
006,2020-02-28 10:18:38.500,0.034588
006,2020-02-28 10:18:38.750,0.032026
006,2020-02-28 10:18:39.000,0.034588
006,2020-02-28 10:18:39.250,0.032026
006,2020-02-28 10:18:39.500,0.034588
006,2020-02-28 10:18:39.750,0.033306999999999996
006,2020-02-28 10:18:40.000,0.032026
006,2020-02-28 10:18:40.250,0.033306999999999996
006,2020-02-28 10:18:40.500,0.033306999999999996
006,2020-02-28 10:18:40.750,0.032026
006,2020-02-28 10:18:41.000,0.030744999999999998
006,2020-02-28 10:18:41.250,0.032026
006,2020-02-28 10:18:41.500,0.032026
006,2020-02-28 10:18:41.750,0.032026
006,2020-02-28 10:18:42.000,0.032026
006,2020-02-28 10:18:42.250,0.032026
006,2020-02-28 10:18:42.500,0.030744999999999998
006,2020-02-28 10:18:42.750,0.032026
006,2020-02-28 10:18:43.000,0.030744999999999998
006,2020-02-28 10:18:43.250,0.030744999999999998
006,2020-02-28 10:18:43.500,0.032026
006,2020-02-28 10:18:43.750,0.032026
006,2020-02-28 10:18:44.000,0.029463999999999997
006,2020-02-28 10:18:44.250,0.032026
006,2020-02-28 10:18:44.500,0.030744999999999998
006,2020-02-28 10:18:44.750,0.032026
006,2020-02-28 10:18:45.000,0.032026
006,2020-02-28 10:18:45.250,0.033306999999999996
006,2020-02-28 10:18:45.500,0.030744999999999998
006,2020-02-28 10:18:45.750,0.032026
006,2020-02-28 10:18:46.000,0.028183
006,2020-02-28 10:18:46.250,0.032026
006,2020-02-28 10:18:46.500,0.029463999999999997
006,2020-02-28 10:18:46.750,0.032026
006,2020-02-28 10:18:47.000,0.029463999999999997
006,2020-02-28 10:18:47.250,0.029463999999999997
006,2020-02-28 10:18:47.500,0.02562
006,2020-02-28 10:18:47.750,0.030744999999999998
006,2020-02-28 10:18:48.000,0.028183
006,2020-02-28 10:18:48.250,0.034588
006,2020-02-28 10:18:48.500,0.029463999999999997
006,2020-02-28 10:18:48.750,0.030744999999999998
006,2020-02-28 10:18:49.000,0.029463999999999997
006,2020-02-28 10:18:49.250,0.030744999999999998
006,2020-02-28 10:18:49.500,0.089672
006,2020-02-28 10:18:49.750,0.06789400000000001
006,2020-02-28 10:18:50.000,0.030744999999999998
006,2020-02-28 10:18:50.250,0.07814199999999999
006,2020-02-28 10:18:50.500,0.044836
006,2020-02-28 10:18:50.750,0.030744999999999998
006,2020-02-28 10:18:51.000,0.060208000000000005
006,2020-02-28 10:18:51.250,0.053803
006,2020-02-28 10:18:51.500,0.028183
006,2020-02-28 10:18:51.750,0.040993
006,2020-02-28 10:18:52.000,0.040993
006,2020-02-28 10:18:52.250,0.044836
006,2020-02-28 10:18:52.500,0.035869
006,2020-02-28 10:18:52.750,0.029463999999999997
006,2020-02-28 10:18:53.000,0.028183
006,2020-02-28 10:18:53.250,0.048679
006,2020-02-28 10:18:53.500,0.061489
006,2020-02-28 10:18:53.750,0.030744999999999998
006,2020-02-28 10:18:54.000,0.028183
006,2020-02-28 10:18:54.250,0.029463999999999997
006,2020-02-28 10:18:54.500,0.030744999999999998
006,2020-02-28 10:18:54.750,0.029463999999999997
006,2020-02-28 10:18:55.000,0.030744999999999998
006,2020-02-28 10:18:55.250,0.030744999999999998
006,2020-02-28 10:18:55.500,0.029463999999999997
006,2020-02-28 10:18:55.750,0.029463999999999997
006,2020-02-28 10:18:56.000,0.028183
006,2020-02-28 10:18:56.250,0.030744999999999998
006,2020-02-28 10:18:56.500,0.028183
006,2020-02-28 10:18:56.750,0.029463999999999997
006,2020-02-28 10:18:57.000,0.029463999999999997
006,2020-02-28 10:18:57.250,0.029463999999999997
006,2020-02-28 10:18:57.500,0.035869
006,2020-02-28 10:18:57.750,0.047398
006,2020-02-28 10:18:58.000,0.098639
006,2020-02-28 10:18:58.250,0.088391
006,2020-02-28 10:18:58.500,0.060208000000000005
006,2020-02-28 10:18:58.750,0.066613
006,2020-02-28 10:18:59.000,0.13835
006,2020-02-28 10:18:59.250,0.190872
006,2020-02-28 10:18:59.500,0.130664
006,2020-02-28 10:18:59.750,0.039712
006,2020-02-28 10:19:00.000,0.060208000000000005
006,2020-02-28 10:19:00.250,0.085829
006,2020-02-28 10:19:00.500,0.130664
006,2020-02-28 10:19:00.750,0.101201
006,2020-02-28 10:19:01.000,0.064051
006,2020-02-28 10:19:01.250,0.030744999999999998
006,2020-02-28 10:19:01.500,0.029463999999999997
006,2020-02-28 10:19:01.750,0.030744999999999998
006,2020-02-28 10:19:02.000,0.030744999999999998
006,2020-02-28 10:19:02.250,0.046117
006,2020-02-28 10:19:02.500,0.034588
006,2020-02-28 10:19:02.750,0.048679
006,2020-02-28 10:19:03.000,0.035869
006,2020-02-28 10:19:03.250,0.033306999999999996
006,2020-02-28 10:19:03.500,0.03715
006,2020-02-28 10:19:03.750,0.028183
006,2020-02-28 10:19:04.000,0.039712
006,2020-02-28 10:19:04.250,0.044836
006,2020-02-28 10:19:04.500,0.030744999999999998
006,2020-02-28 10:19:04.750,0.028183
006,2020-02-28 10:19:05.000,0.029463999999999997
006,2020-02-28 10:19:05.250,0.026900999999999998
006,2020-02-28 10:19:05.500,0.029463999999999997
006,2020-02-28 10:19:05.750,0.040993
006,2020-02-28 10:19:06.000,0.032026
006,2020-02-28 10:19:06.250,0.129383
006,2020-02-28 10:19:06.500,0.20880700000000002
006,2020-02-28 10:19:06.750,0.254923
006,2020-02-28 10:19:07.000,0.27413899999999997
006,2020-02-28 10:19:07.250,0.277982
006,2020-02-28 10:19:07.500,0.106325
006,2020-02-28 10:19:07.750,0.092234
006,2020-02-28 10:19:08.000,0.071737
006,2020-02-28 10:19:08.250,0.187029
006,2020-02-28 10:19:08.500,0.220336
006,2020-02-28 10:19:08.750,0.23698899999999998
006,2020-02-28 10:19:09.000,0.28823000000000004
006,2020-02-28 10:19:09.250,0.222898
006,2020-02-28 10:19:09.500,0.32153699999999996
006,2020-02-28 10:19:09.750,0.178062
006,2020-02-28 10:19:10.000,0.23826999999999998
006,2020-02-28 10:19:10.250,0.093515
006,2020-02-28 10:19:10.500,0.046117
006,2020-02-28 10:19:10.750,0.061489
006,2020-02-28 10:19:11.000,0.06789400000000001
006,2020-02-28 10:19:11.250,0.028183
006,2020-02-28 10:19:11.500,0.024339
006,2020-02-28 10:19:11.750,0.124259
006,2020-02-28 10:19:12.000,0.047398
006,2020-02-28 10:19:12.250,0.028183
006,2020-02-28 10:19:12.500,0.029463999999999997
006,2020-02-28 10:19:12.750,0.028183
006,2020-02-28 10:19:13.000,0.029463999999999997
006,2020-02-28 10:19:13.250,0.026900999999999998
006,2020-02-28 10:19:13.500,0.026900999999999998
006,2020-02-28 10:19:13.750,0.028183
006,2020-02-28 10:19:14.000,0.02562
006,2020-02-28 10:19:14.250,0.029463999999999997
006,2020-02-28 10:19:14.500,0.029463999999999997
006,2020-02-28 10:19:14.750,0.026900999999999998
006,2020-02-28 10:19:15.000,0.024339
006,2020-02-28 10:19:15.250,0.065332
006,2020-02-28 10:19:15.500,0.046117
006,2020-02-28 10:19:15.750,0.032026
006,2020-02-28 10:19:16.000,0.02562
006,2020-02-28 10:19:16.250,0.029463999999999997
006,2020-02-28 10:19:16.500,0.028183
006,2020-02-28 10:19:16.750,0.029463999999999997
006,2020-02-28 10:19:17.000,0.026900999999999998
006,2020-02-28 10:19:17.250,0.038431
006,2020-02-28 10:19:17.500,0.029463999999999997
006,2020-02-28 10:19:17.750,0.033306999999999996
006,2020-02-28 10:19:18.000,0.064051
006,2020-02-28 10:19:18.250,0.051240999999999995
006,2020-02-28 10:19:18.500,0.117854
006,2020-02-28 10:19:18.750,0.033306999999999996
006,2020-02-28 10:19:19.000,0.028183
006,2020-02-28 10:19:19.250,0.028183
006,2020-02-28 10:19:19.500,0.10248199999999999
006,2020-02-28 10:19:19.750,0.030744999999999998
006,2020-02-28 10:19:20.000,0.029463999999999997
006,2020-02-28 10:19:20.250,0.030744999999999998
006,2020-02-28 10:19:20.500,0.029463999999999997
006,2020-02-28 10:19:20.750,0.028183
006,2020-02-28 10:19:21.000,0.029463999999999997
006,2020-02-28 10:19:21.250,0.030744999999999998
006,2020-02-28 10:19:21.500,0.033306999999999996
006,2020-02-28 10:19:21.750,0.07558
006,2020-02-28 10:19:22.000,0.183186
006,2020-02-28 10:19:22.250,0.202402
006,2020-02-28 10:19:22.500,0.026900999999999998
006,2020-02-28 10:19:22.750,0.358686
006,2020-02-28 10:19:23.000,0.032026
006,2020-02-28 10:19:23.250,0.044836
006,2020-02-28 10:19:23.500,0.133226
006,2020-02-28 10:19:23.750,0.226741
006,2020-02-28 10:19:24.000,0.203683
006,2020-02-28 10:19:24.250,0.144756
006,2020-02-28 10:19:24.500,0.10888699999999998
006,2020-02-28 10:19:24.750,0.12554
006,2020-02-28 10:19:25.000,0.298478
006,2020-02-28 10:19:25.250,0.306164
006,2020-02-28 10:19:25.500,0.088391
006,2020-02-28 10:19:25.750,0.24723699999999998
006,2020-02-28 10:19:26.000,0.625139
006,2020-02-28 10:19:26.250,0.030744999999999998
006,2020-02-28 10:19:26.500,0.01281
006,2020-02-28 10:19:26.750,0.030744999999999998
006,2020-02-28 10:19:27.000,0.032026
006,2020-02-28 10:19:27.250,0.02562
006,2020-02-28 10:19:27.500,0.030744999999999998
006,2020-02-28 10:19:27.750,0.028183
006,2020-02-28 10:19:28.000,0.02562
006,2020-02-28 10:19:28.250,0.02562
006,2020-02-28 10:19:28.500,0.49575600000000003
006,2020-02-28 10:19:28.750,0.832665
006,2020-02-28 10:19:29.000,0.727888
006,2020-02-28 10:19:29.250,0.6689609999999999
006,2020-02-28 10:19:29.500,0.916198
006,2020-02-28 10:19:29.750,0.0
006,2020-02-28 10:19:30.000,0.046117
006,2020-02-28 10:19:30.250,0.0
006,2020-02-28 10:19:30.500,0.096077
006,2020-02-28 10:19:30.750,0.26517199999999996
006,2020-02-28 10:19:31.000,0.028183
006,2020-02-28 10:19:31.250,0.021777
006,2020-02-28 10:19:31.500,0.023058000000000002
006,2020-02-28 10:19:31.750,0.024339
006,2020-02-28 10:19:32.000,0.014091
006,2020-02-28 10:19:32.250,0.023058000000000002
006,2020-02-28 10:19:32.500,0.066613
006,2020-02-28 10:19:32.750,0.258767
006,2020-02-28 10:19:33.000,0.202402
006,2020-02-28 10:19:33.250,0.097358
006,2020-02-28 10:19:33.500,0.22802199999999997
006,2020-02-28 10:19:33.750,0.329223
006,2020-02-28 10:19:34.000,0.37534
006,2020-02-28 10:19:34.250,0.408646
006,2020-02-28 10:19:34.500,0.377902
006,2020-02-28 10:19:34.750,0.033306999999999996
006,2020-02-28 10:19:35.000,0.026900999999999998
006,2020-02-28 10:19:35.250,0.023058000000000002
006,2020-02-28 10:19:35.500,0.133226
006,2020-02-28 10:19:35.750,0.057646
006,2020-02-28 10:19:36.000,0.024339
006,2020-02-28 10:19:36.250,0.051240999999999995
006,2020-02-28 10:19:36.500,0.029463999999999997
006,2020-02-28 10:19:36.750,0.023058000000000002
006,2020-02-28 10:19:37.000,0.057646
006,2020-02-28 10:19:37.250,0.15884700000000002
006,2020-02-28 10:19:37.500,0.318975
006,2020-02-28 10:19:37.750,0.028183
006,2020-02-28 10:19:38.000,0.02562
006,2020-02-28 10:19:38.250,0.10888699999999998
006,2020-02-28 10:19:38.500,0.11401099999999999
006,2020-02-28 10:19:38.750,0.101201
006,2020-02-28 10:19:39.000,0.07558
006,2020-02-28 10:19:39.250,0.377902
006,2020-02-28 10:19:39.500,0.5738979999999999
006,2020-02-28 10:19:39.750,0.028183
006,2020-02-28 10:19:40.000,0.024339
006,2020-02-28 10:19:40.250,0.10248199999999999
006,2020-02-28 10:19:40.500,0.348438
006,2020-02-28 10:19:40.750,0.458606
006,2020-02-28 10:19:41.000,0.7224970000000001
006,2020-02-28 10:19:41.250,0.703548
006,2020-02-28 10:19:41.500,0.23981799999999998
006,2020-02-28 10:19:41.750,0.20138699999999998
006,2020-02-28 10:19:42.000,0.115559
006,2020-02-28 10:19:42.250,0.174486
006,2020-02-28 10:19:42.500,0.330771
006,2020-02-28 10:19:42.750,0.519081
006,2020-02-28 10:19:43.000,0.721483
006,2020-02-28 10:19:43.250,0.659993
006,2020-02-28 10:19:43.500,0.134774
006,2020-02-28 10:19:43.750,0.702267
006,2020-02-28 10:19:44.000,0.19626300000000002
006,2020-02-28 10:19:44.250,0.0
006,2020-02-28 10:19:44.500,0.0
006,2020-02-28 10:19:44.750,0.098639
006,2020-02-28 10:19:45.000,0.015372
006,2020-02-28 10:19:45.250,0.024339
006,2020-02-28 10:19:45.500,0.069175
006,2020-02-28 10:19:45.750,0.147318
006,2020-02-28 10:19:46.000,0.02562
006,2020-02-28 10:19:46.250,0.032026
006,2020-02-28 10:19:46.500,0.023058000000000002
006,2020-02-28 10:19:46.750,0.03715
006,2020-02-28 10:19:47.000,0.030744999999999998
006,2020-02-28 10:19:47.250,0.09095299999999999
006,2020-02-28 10:19:47.500,0.245956
006,2020-02-28 10:19:47.750,0.42145600000000005
006,2020-02-28 10:19:48.000,0.5277810000000001
006,2020-02-28 10:19:48.250,0.585427
006,2020-02-28 10:19:48.500,0.8044819999999999
006,2020-02-28 10:19:48.750,0.8905770000000001
006,2020-02-28 10:19:49.000,0.809873
006,2020-02-28 10:19:49.250,0.8393370000000001
006,2020-02-28 10:19:49.500,0.9110739999999999
006,2020-02-28 10:19:49.750,0.989216
006,2020-02-28 10:19:50.000,1.1519059999999999
006,2020-02-28 10:19:50.250,0.9406059999999999
006,2020-02-28 10:19:50.500,1.1173879999999998
006,2020-02-28 10:19:50.750,0.999534
006,2020-02-28 10:19:51.000,1.150694
006,2020-02-28 10:19:51.250,1.341567
006,2020-02-28 10:19:51.500,1.437643
006,2020-02-28 10:19:51.750,1.5285959999999998
006,2020-02-28 10:19:52.000,1.558158
006,2020-02-28 10:19:52.250,1.546629
006,2020-02-28 10:19:52.500,1.432618
006,2020-02-28 10:19:52.750,1.312202
006,2020-02-28 10:19:53.000,1.331417
006,2020-02-28 10:19:53.250,1.3596
006,2020-02-28 10:19:53.500,1.354476
006,2020-02-28 10:19:53.750,1.368567
006,2020-02-28 10:19:54.000,1.408279
006,2020-02-28 10:19:54.250,1.450552
006,2020-02-28 10:19:54.500,1.524852
006,2020-02-28 10:19:54.750,1.4249319999999999
006,2020-02-28 10:19:55.000,0.889465
006,2020-02-28 10:19:55.250,0.347493
006,2020-02-28 10:19:55.500,0.0
006,2020-02-28 10:19:55.750,0.094796
006,2020-02-28 10:19:56.000,0.827541
006,2020-02-28 10:19:56.250,1.180089
006,2020-02-28 10:19:56.500,1.151975
006,2020-02-28 10:19:56.750,0.9137049999999999
006,2020-02-28 10:19:57.000,0.44356999999999996
006,2020-02-28 10:19:57.250,0.0
006,2020-02-28 10:19:57.500,0.039712
006,2020-02-28 10:19:57.750,0.221617
006,2020-02-28 10:19:58.000,0.298478
006,2020-02-28 10:19:58.250,0.284387
006,2020-02-28 10:19:58.500,0.316413
006,2020-02-28 10:19:58.750,0.32538
006,2020-02-28 10:19:59.000,0.316413
006,2020-02-28 10:19:59.250,0.411208
006,2020-02-28 10:19:59.500,0.411208
006,2020-02-28 10:19:59.750,0.27670100000000003
006,2020-02-28 10:20:00.000,0.080704
006,2020-02-28 10:20:00.250,0.048679
006,2020-02-28 10:20:00.500,0.128102
006,2020-02-28 10:20:00.750,0.153723
006,2020-02-28 10:20:01.000,0.060208000000000005
006,2020-02-28 10:20:01.250,0.13835
006,2020-02-28 10:20:01.500,0.180624
006,2020-02-28 10:20:01.750,0.190872
006,2020-02-28 10:20:02.000,0.172938
006,2020-02-28 10:20:02.250,0.155004
006,2020-02-28 10:20:02.500,0.139631
006,2020-02-28 10:20:02.750,0.116573
006,2020-02-28 10:20:03.000,0.111449
006,2020-02-28 10:20:03.250,0.12041600000000001
006,2020-02-28 10:20:03.500,0.115292
006,2020-02-28 10:20:03.750,0.115292
006,2020-02-28 10:20:04.000,0.11273
006,2020-02-28 10:20:04.250,0.117854
006,2020-02-28 10:20:04.500,0.117854
006,2020-02-28 10:20:04.750,0.117854
006,2020-02-28 10:20:05.000,0.116573
006,2020-02-28 10:20:05.250,0.11913499999999999
006,2020-02-28 10:20:05.500,0.117854
006,2020-02-28 10:20:05.750,0.11913499999999999
006,2020-02-28 10:20:06.000,0.11913499999999999
006,2020-02-28 10:20:06.250,0.11913499999999999
006,2020-02-28 10:20:06.500,0.11913499999999999
006,2020-02-28 10:20:06.750,0.12041600000000001
006,2020-02-28 10:20:07.000,0.11913499999999999
006,2020-02-28 10:20:07.250,0.121697
006,2020-02-28 10:20:07.500,0.121697
006,2020-02-28 10:20:07.750,0.121697
006,2020-02-28 10:20:08.000,0.121697
006,2020-02-28 10:20:08.250,0.12041600000000001
006,2020-02-28 10:20:08.500,0.116573
006,2020-02-28 10:20:08.750,0.12041600000000001
006,2020-02-28 10:20:09.000,0.121697
006,2020-02-28 10:20:09.250,0.11913499999999999
006,2020-02-28 10:20:09.500,0.12041600000000001
006,2020-02-28 10:20:09.750,0.12041600000000001
006,2020-02-28 10:20:10.000,0.12041600000000001
006,2020-02-28 10:20:10.250,0.11913499999999999
006,2020-02-28 10:20:10.500,0.12041600000000001
006,2020-02-28 10:20:10.750,0.11913499999999999
006,2020-02-28 10:20:11.000,0.12554
006,2020-02-28 10:20:11.250,0.134507
006,2020-02-28 10:20:11.500,0.143475
006,2020-02-28 10:20:11.750,0.30104000000000003
006,2020-02-28 10:20:12.000,0.707124
006,2020-02-28 10:20:12.250,0.7150770000000001
006,2020-02-28 10:20:12.500,0.589537
006,2020-02-28 10:20:12.750,0.607472
006,2020-02-28 10:20:13.000,0.6164390000000001
006,2020-02-28 10:20:13.250,0.620282
006,2020-02-28 10:20:13.500,0.622844
006,2020-02-28 10:20:13.750,0.6356539999999999
006,2020-02-28 10:20:14.000,0.672804
006,2020-02-28 10:20:14.250,0.6856140000000001
006,2020-02-28 10:20:14.500,0.688176
006,2020-02-28 10:20:14.750,0.689457
006,2020-02-28 10:20:15.000,0.688176
006,2020-02-28 10:20:15.250,0.686895
006,2020-02-28 10:20:15.500,0.6856140000000001
006,2020-02-28 10:20:15.750,0.683052
006,2020-02-28 10:20:16.000,0.683052
006,2020-02-28 10:20:16.250,0.684333
006,2020-02-28 10:20:16.500,0.699705
006,2020-02-28 10:20:16.750,0.7163579999999999
006,2020-02-28 10:20:17.000,0.720201
006,2020-02-28 10:20:17.250,0.721483
006,2020-02-28 10:20:17.500,0.727888
006,2020-02-28 10:20:17.750,0.808592
006,2020-02-28 10:20:18.000,0.844461
006,2020-02-28 10:20:18.250,0.862395
006,2020-02-28 10:20:18.500,0.826526
006,2020-02-28 10:20:18.750,0.8380559999999999
006,2020-02-28 10:20:19.000,0.852147
006,2020-02-28 10:20:19.250,0.8688
006,2020-02-28 10:20:19.500,0.877767
006,2020-02-28 10:20:19.750,0.9085120000000001
006,2020-02-28 10:20:20.000,0.957191
006,2020-02-28 10:20:20.250,1.021242
006,2020-02-28 10:20:20.500,1.094329
006,2020-02-28 10:20:20.750,1.199373
006,2020-02-28 10:20:21.000,1.2608620000000001
006,2020-02-28 10:20:21.250,1.309541
006,2020-02-28 10:20:21.500,1.3300370000000001
006,2020-02-28 10:20:21.750,1.327475
006,2020-02-28 10:20:22.000,1.3159459999999998
006,2020-02-28 10:20:22.250,1.313384
006,2020-02-28 10:20:22.500,1.301855
006,2020-02-28 10:20:22.750,1.2941690000000001
006,2020-02-28 10:20:23.000,1.2967309999999999
006,2020-02-28 10:20:23.250,1.3172270000000001
006,2020-02-28 10:20:23.500,1.324913
006,2020-02-28 10:20:23.750,1.3197889999999999
006,2020-02-28 10:20:24.000,1.305698
006,2020-02-28 10:20:24.250,1.290326
006,2020-02-28 10:20:24.500,1.257019
006,2020-02-28 10:20:24.750,1.181439
006,2020-02-28 10:20:25.000,1.061023
006,2020-02-28 10:20:25.250,1.058461
006,2020-02-28 10:20:25.500,0.69465
006,2020-02-28 10:20:25.750,0.567829
006,2020-02-28 10:20:26.000,0.42051099999999997
006,2020-02-28 10:20:26.250,0.53061
006,2020-02-28 10:20:26.500,0.629249
006,2020-02-28 10:20:26.750,0.745822
006,2020-02-28 10:20:27.000,0.7983439999999999
006,2020-02-28 10:20:27.250,0.775285
006,2020-02-28 10:20:27.500,0.644621
006,2020-02-28 10:20:27.750,0.493461
006,2020-02-28 10:20:28.000,0.44990600000000003
006,2020-02-28 10:20:28.250,0.44222
006,2020-02-28 10:20:28.500,0.47424499999999997
006,2020-02-28 10:20:28.750,0.671523
006,2020-02-28 10:20:29.000,0.866238
006,2020-02-28 10:20:29.250,0.862395
006,2020-02-28 10:20:29.500,0.8559899999999999
006,2020-02-28 10:20:29.750,0.812435
006,2020-02-28 10:20:30.000,0.774004
006,2020-02-28 10:20:30.250,0.73045
006,2020-02-28 10:20:30.500,0.729169
006,2020-02-28 10:20:30.750,0.726607
006,2020-02-28 10:20:31.000,0.7227640000000001
006,2020-02-28 10:20:31.250,0.725326
006,2020-02-28 10:20:31.500,0.725326
006,2020-02-28 10:20:31.750,0.725326
006,2020-02-28 10:20:32.000,0.725326
006,2020-02-28 10:20:32.250,0.725326
006,2020-02-28 10:20:32.500,0.726607
007,2020-03-14 10:24:28.000,0.0
007,2020-03-14 10:24:28.250,0.835227
007,2020-03-14 10:24:28.500,1.18137
007,2020-03-14 10:24:28.750,1.604176
007,2020-03-14 10:24:29.000,1.8796950000000001
007,2020-03-14 10:24:29.250,1.896348
007,2020-03-14 10:24:29.500,1.900191
007,2020-03-14 10:24:29.750,1.904034
007,2020-03-14 10:24:30.000,1.9142830000000002
007,2020-03-14 10:24:30.250,1.939903
007,2020-03-14 10:24:30.500,1.9682849999999998
007,2020-03-14 10:24:30.750,2.104073
007,2020-03-14 10:24:31.000,2.224489
007,2020-03-14 10:24:31.250,1.300872
007,2020-03-14 10:24:31.500,1.714443
007,2020-03-14 10:24:31.750,1.725972
007,2020-03-14 10:24:32.000,0.9343
007,2020-03-14 10:24:32.250,0.6344420000000001
007,2020-03-14 10:24:32.500,1.166066
007,2020-03-14 10:24:32.750,1.608019
007,2020-03-14 10:24:33.000,2.097469
007,2020-03-14 10:24:33.250,2.585738
007,2020-03-14 10:24:33.500,2.755948
007,2020-03-14 10:24:33.750,2.667557
007,2020-03-14 10:24:34.000,2.666276
007,2020-03-14 10:24:34.250,2.910952
007,2020-03-14 10:24:34.500,3.076204
007,2020-03-14 10:24:34.750,3.58512
007,2020-03-14 10:24:35.000,3.6362989999999997
007,2020-03-14 10:24:35.250,3.642704
007,2020-03-14 10:24:35.500,3.7195650000000002
007,2020-03-14 10:24:35.750,3.7477480000000005
007,2020-03-14 10:24:36.000,3.807956
007,2020-03-14 10:24:36.250,3.790022
007,2020-03-14 10:24:36.500,3.814361
007,2020-03-14 10:24:36.750,3.847668
007,2020-03-14 10:24:37.000,3.795146
007,2020-03-14 10:24:37.250,3.711879
007,2020-03-14 10:24:37.500,3.831014
007,2020-03-14 10:24:37.750,3.8489489999999997
007,2020-03-14 10:24:38.000,3.877131
007,2020-03-14 10:24:38.250,3.9104379999999996
007,2020-03-14 10:24:38.500,3.9693650000000003
007,2020-03-14 10:24:38.750,3.6981010000000003
007,2020-03-14 10:24:39.000,3.666075
007,2020-03-14 10:24:39.250,3.865915
007,2020-03-14 10:24:39.500,3.9658339999999996
007,2020-03-14 10:24:39.750,3.5776839999999996
007,2020-03-14 10:24:40.000,3.8441370000000004
007,2020-03-14 10:24:40.250,3.9978599999999997
007,2020-03-14 10:24:40.500,4.0260419999999995
007,2020-03-14 10:24:40.750,4.037571
007,2020-03-14 10:24:41.000,3.7749620000000004
007,2020-03-14 10:24:41.250,4.0708779999999996
007,2020-03-14 10:24:41.500,4.275842
007,2020-03-14 10:24:41.750,4.375762
007,2020-03-14 10:24:42.000,4.441093
007,2020-03-14 10:24:42.250,4.488835
007,2020-03-14 10:24:42.500,4.534952
007,2020-03-14 10:24:42.750,4.559292
007,2020-03-14 10:24:43.000,4.587473999999999
007,2020-03-14 10:24:43.250,4.610533
007,2020-03-14 10:24:43.500,4.622062000000001
007,2020-03-14 10:24:43.750,4.637434
007,2020-03-14 10:24:44.000,4.643839
007,2020-03-14 10:24:44.250,4.66946
007,2020-03-14 10:24:44.500,4.689956
007,2020-03-14 10:24:44.750,4.679708
007,2020-03-14 10:24:45.000,4.688675
007,2020-03-14 10:24:45.250,4.436314
007,2020-03-14 10:24:45.500,3.811175
007,2020-03-14 10:24:45.750,3.895378
007,2020-03-14 10:24:46.000,4.5089879999999996
007,2020-03-14 10:24:46.250,4.6323099999999995
007,2020-03-14 10:24:46.500,4.638715
007,2020-03-14 10:24:46.750,4.513175
007,2020-03-14 10:24:47.000,4.488835
007,2020-03-14 10:24:47.250,4.484993
007,2020-03-14 10:24:47.500,4.488835
007,2020-03-14 10:24:47.750,4.490117
007,2020-03-14 10:24:48.000,4.497803
007,2020-03-14 10:24:48.250,4.500365
007,2020-03-14 10:24:48.500,4.51958
007,2020-03-14 10:24:48.750,4.546482
007,2020-03-14 10:24:49.000,4.5900360000000004
007,2020-03-14 10:24:49.250,4.622062000000001
007,2020-03-14 10:24:49.500,4.654088
007,2020-03-14 10:24:49.750,4.679708
007,2020-03-14 10:24:50.000,4.842398
007,2020-03-14 10:24:50.250,4.893639
007,2020-03-14 10:24:50.500,4.916697
007,2020-03-14 10:24:50.750,4.941036
007,2020-03-14 10:24:51.000,4.95407
007,2020-03-14 10:24:51.250,4.959194
007,2020-03-14 10:24:51.500,4.968161
007,2020-03-14 10:24:51.750,4.97969
007,2020-03-14 10:24:52.000,4.987376
007,2020-03-14 10:24:52.250,4.996344000000001
007,2020-03-14 10:24:52.500,5.007873
007,2020-03-14 10:24:52.750,5.007873
007,2020-03-14 10:24:53.000,5.01684
007,2020-03-14 10:24:53.250,5.00403
007,2020-03-14 10:24:53.500,5.000186
007,2020-03-14 10:24:53.750,4.980971
007,2020-03-14 10:24:54.000,4.973285
007,2020-03-14 10:24:54.250,4.980971
007,2020-03-14 10:24:54.500,4.983533
007,2020-03-14 10:24:54.750,4.9925
007,2020-03-14 10:24:55.000,5.012997
007,2020-03-14 10:24:55.250,5.002748
007,2020-03-14 10:24:55.500,5.020683
007,2020-03-14 10:24:55.750,5.0283690000000005
007,2020-03-14 10:24:56.000,5.0386169999999995
007,2020-03-14 10:24:56.250,5.048865
007,2020-03-14 10:24:56.500,5.052708999999999
007,2020-03-14 10:24:56.750,5.043741000000001
007,2020-03-14 10:24:57.000,5.052708999999999
007,2020-03-14 10:24:57.250,5.046303
007,2020-03-14 10:24:57.500,5.0578330000000005
007,2020-03-14 10:24:57.750,5.062957
007,2020-03-14 10:24:58.000,5.0578330000000005
007,2020-03-14 10:24:58.250,5.110354
007,2020-03-14 10:24:58.500,5.1449419999999995
007,2020-03-14 10:24:58.750,5.169281
007,2020-03-14 10:24:59.000,5.319161
007,2020-03-14 10:24:59.250,5.51772
007,2020-03-14 10:24:59.500,5.750364
007,2020-03-14 10:24:59.750,5.882308999999999
007,2020-03-14 10:25:00.000,5.945079
007,2020-03-14 10:25:00.250,6.000463
007,2020-03-14 10:25:00.500,6.010712
007,2020-03-14 10:25:00.750,5.9953389999999995
007,2020-03-14 10:25:01.000,5.967157
007,2020-03-14 10:25:01.250,5.922321
007,2020-03-14 10:25:01.500,5.872361
007,2020-03-14 10:25:01.750,5.827525
007,2020-03-14 10:25:02.000,5.7801279999999995
007,2020-03-14 10:25:02.250,5.7506639999999996
007,2020-03-14 10:25:02.500,5.7212
007,2020-03-14 10:25:02.750,5.699423
007,2020-03-14 10:25:03.000,5.691737
007,2020-03-14 10:25:03.250,5.68277
007,2020-03-14 10:25:03.500,5.6763650000000005
007,2020-03-14 10:25:03.750,5.672522
007,2020-03-14 10:25:04.000,5.662273
007,2020-03-14 10:25:04.250,5.658431
007,2020-03-14 10:25:04.500,5.652025
007,2020-03-14 10:25:04.750,5.655869
007,2020-03-14 10:25:05.000,5.6738029999999995
007,2020-03-14 10:25:05.250,5.7058279999999995
007,2020-03-14 10:25:05.500,5.728887
007,2020-03-14 10:25:05.750,5.740416000000001
007,2020-03-14 10:25:06.000,5.751945
007,2020-03-14 10:25:06.250,5.757069
007,2020-03-14 10:25:06.500,5.767317
007,2020-03-14 10:25:06.750,5.8147150000000005
007,2020-03-14 10:25:07.000,5.867237
007,2020-03-14 10:25:07.250,5.912073
007,2020-03-14 10:25:07.500,5.947941
007,2020-03-14 10:25:07.750,5.9530650000000005
007,2020-03-14 10:25:08.000,5.9402550000000005
007,2020-03-14 10:25:08.250,5.935131
007,2020-03-14 10:25:08.500,5.923602
007,2020-03-14 10:25:08.750,5.899262
007,2020-03-14 10:25:09.000,5.853146
007,2020-03-14 10:25:09.250,5.848022
007,2020-03-14 10:25:09.500,5.851865
007,2020-03-14 10:25:09.750,5.863394
007,2020-03-14 10:25:10.000,5.900544
007,2020-03-14 10:25:10.250,5.926164
007,2020-03-14 10:25:10.500,5.89542
007,2020-03-14 10:25:10.750,5.905668
007,2020-03-14 10:25:11.000,5.9210400000000005
007,2020-03-14 10:25:11.250,5.915916
007,2020-03-14 10:25:11.500,5.897982
007,2020-03-14 10:25:11.750,5.87108
007,2020-03-14 10:25:12.000,5.854426999999999
007,2020-03-14 10:25:12.250,5.835211
007,2020-03-14 10:25:12.500,5.810872
007,2020-03-14 10:25:12.750,5.804467
007,2020-03-14 10:25:13.000,5.796781
007,2020-03-14 10:25:13.250,5.794219
007,2020-03-14 10:25:13.500,5.786533
007,2020-03-14 10:25:13.750,5.775003
007,2020-03-14 10:25:14.000,5.790376
007,2020-03-14 10:25:14.250,5.823682
007,2020-03-14 10:25:14.500,5.841616999999999
007,2020-03-14 10:25:14.750,5.859551000000001
007,2020-03-14 10:25:15.000,5.867237
007,2020-03-14 10:25:15.250,5.876204
007,2020-03-14 10:25:15.500,5.88389
007,2020-03-14 10:25:15.750,5.868518
007,2020-03-14 10:25:16.000,5.85827
007,2020-03-14 10:25:16.250,5.840335
007,2020-03-14 10:25:16.500,5.815996
007,2020-03-14 10:25:16.750,5.804467
007,2020-03-14 10:25:17.000,5.791657
007,2020-03-14 10:25:17.250,5.783971
007,2020-03-14 10:25:17.500,5.787814
007,2020-03-14 10:25:17.750,5.783971
007,2020-03-14 10:25:18.000,5.798062
007,2020-03-14 10:25:18.250,5.80831
007,2020-03-14 10:25:18.500,5.810872
007,2020-03-14 10:25:18.750,5.819839
007,2020-03-14 10:25:19.000,5.828806
007,2020-03-14 10:25:19.250,5.830087000000001
007,2020-03-14 10:25:19.500,5.822401
007,2020-03-14 10:25:19.750,5.8121529999999995
007,2020-03-14 10:25:20.000,5.805748
007,2020-03-14 10:25:20.250,5.804467
007,2020-03-14 10:25:20.500,5.799343
007,2020-03-14 10:25:20.750,5.805748
007,2020-03-14 10:25:21.000,5.815996
007,2020-03-14 10:25:21.250,5.815996
007,2020-03-14 10:25:21.500,5.818558
007,2020-03-14 10:25:21.750,5.8121529999999995
007,2020-03-14 10:25:22.000,5.8121529999999995
007,2020-03-14 10:25:22.250,5.8019050000000005
007,2020-03-14 10:25:22.500,5.7929379999999995
007,2020-03-14 10:25:22.750,5.786533
007,2020-03-14 10:25:23.000,5.778847
007,2020-03-14 10:25:23.250,5.773723
007,2020-03-14 10:25:23.500,5.754507
007,2020-03-14 10:25:23.750,5.751945
007,2020-03-14 10:25:24.000,5.755788
007,2020-03-14 10:25:24.250,5.7634739999999995
007,2020-03-14 10:25:24.500,5.764755
007,2020-03-14 10:25:24.750,5.769879
007,2020-03-14 10:25:25.000,5.773723
007,2020-03-14 10:25:25.250,5.778847
007,2020-03-14 10:25:25.500,5.7955
007,2020-03-14 10:25:25.750,5.8121529999999995
007,2020-03-14 10:25:26.000,5.813434
007,2020-03-14 10:25:26.250,5.805748
007,2020-03-14 10:25:26.500,5.807029
007,2020-03-14 10:25:26.750,5.818558
007,2020-03-14 10:25:27.000,5.8019050000000005
007,2020-03-14 10:25:27.250,5.815996
007,2020-03-14 10:25:27.500,5.851865
007,2020-03-14 10:25:27.750,5.878766000000001
007,2020-03-14 10:25:28.000,5.897982
007,2020-03-14 10:25:28.250,5.946661
007,2020-03-14 10:25:28.500,6.047861
007,2020-03-14 10:25:28.750,6.164434
007,2020-03-14 10:25:29.000,6.260511
007,2020-03-14 10:25:29.250,6.325843
007,2020-03-14 10:25:29.500,6.360431
007,2020-03-14 10:25:29.750,6.375802999999999
007,2020-03-14 10:25:30.000,6.373241
007,2020-03-14 10:25:30.250,6.352745
007,2020-03-14 10:25:30.500,6.311751999999999
007,2020-03-14 10:25:30.750,6.275883
007,2020-03-14 10:25:31.000,6.23361
007,2020-03-14 10:25:31.250,6.200303
007,2020-03-14 10:25:31.500,6.169559
007,2020-03-14 10:25:31.750,6.140095
007,2020-03-14 10:25:32.000,6.132409
007,2020-03-14 10:25:32.250,6.127285
007,2020-03-14 10:25:32.500,6.102945
007,2020-03-14 10:25:32.750,6.110631
007,2020-03-14 10:25:33.000,6.134971
007,2020-03-14 10:25:33.250,6.127285
007,2020-03-14 10:25:33.500,6.088854
007,2020-03-14 10:25:33.750,6.1208800000000005
007,2020-03-14 10:25:34.000,5.992776999999999
007,2020-03-14 10:25:34.250,5.947941
007,2020-03-14 10:25:34.500,5.923602
007,2020-03-14 10:25:34.750,6.058109
007,2020-03-14 10:25:35.000,6.061953
007,2020-03-14 10:25:35.250,5.6571489999999995
007,2020-03-14 10:25:35.500,5.29462
007,2020-03-14 10:25:35.750,5.202086
007,2020-03-14 10:25:36.000,4.922823
007,2020-03-14 10:25:36.250,5.310194
007,2020-03-14 10:25:36.500,5.435734
007,2020-03-14 10:25:36.750,5.463415
007,2020-03-14 10:25:37.000,5.4787870000000005
007,2020-03-14 10:25:37.250,5.48263
007,2020-03-14 10:25:37.500,5.465977
007,2020-03-14 10:25:37.750,5.449324
007,2020-03-14 10:25:38.000,5.445481
007,2020-03-14 10:25:38.250,5.454448
007,2020-03-14 10:25:38.500,5.450605
007,2020-03-14 10:25:38.750,5.4467620000000005
007,2020-03-14 10:25:39.000,5.428827
007,2020-03-14 10:25:39.250,5.422422
007,2020-03-14 10:25:39.500,5.417298000000001
007,2020-03-14 10:25:39.750,5.405769
007,2020-03-14 10:25:40.000,5.423703
007,2020-03-14 10:25:40.250,5.49416
007,2020-03-14 10:25:40.500,5.613295
007,2020-03-14 10:25:40.750,5.743958999999999
007,2020-03-14 10:25:41.000,5.841317
007,2020-03-14 10:25:41.250,5.9040870000000005
007,2020-03-14 10:25:41.500,5.93355
007,2020-03-14 10:25:41.750,5.945379
007,2020-03-14 10:25:42.000,5.932569
007,2020-03-14 10:25:42.250,5.8967
007,2020-03-14 10:25:42.500,5.859551000000001
007,2020-03-14 10:25:42.750,5.817277
007,2020-03-14 10:25:43.000,5.773723
007,2020-03-14 10:25:43.250,5.744259
007,2020-03-14 10:25:43.500,5.716076
007,2020-03-14 10:25:43.750,5.691737
007,2020-03-14 10:25:44.000,5.672522
007,2020-03-14 10:25:44.250,5.643058
007,2020-03-14 10:25:44.500,5.628966999999999
007,2020-03-14 10:25:44.750,5.614876000000001
007,2020-03-14 10:25:45.000,5.605908
007,2020-03-14 10:25:45.250,5.603346
007,2020-03-14 10:25:45.500,5.594379
007,2020-03-14 10:25:45.750,5.613595
007,2020-03-14 10:25:46.000,5.643058
007,2020-03-14 10:25:46.250,5.6866129999999995
007,2020-03-14 10:25:46.500,5.716076
007,2020-03-14 10:25:46.750,5.734011
007,2020-03-14 10:25:47.000,5.741697
007,2020-03-14 10:25:47.250,5.742978
007,2020-03-14 10:25:47.500,5.727606
007,2020-03-14 10:25:47.750,5.722482
007,2020-03-14 10:25:48.000,5.707109
007,2020-03-14 10:25:48.250,5.685332
007,2020-03-14 10:25:48.500,5.689175
007,2020-03-14 10:25:48.750,5.667397
007,2020-03-14 10:25:49.000,5.648182
007,2020-03-14 10:25:49.250,5.630248
007,2020-03-14 10:25:49.500,5.617438
007,2020-03-14 10:25:49.750,5.609751999999999
007,2020-03-14 10:25:50.000,5.5995040000000005
007,2020-03-14 10:25:50.250,5.59566
007,2020-03-14 10:25:50.500,5.585412
007,2020-03-14 10:25:50.750,5.5892550000000005
007,2020-03-14 10:25:51.000,5.626405
007,2020-03-14 10:25:51.250,5.717358
007,2020-03-14 10:25:51.500,5.856989
007,2020-03-14 10:25:51.750,5.997901000000001
007,2020-03-14 10:25:52.000,6.111912
007,2020-03-14 10:25:52.250,6.1823690000000004
007,2020-03-14 10:25:52.500,6.195179
007,2020-03-14 10:25:52.750,6.191336
007,2020-03-14 10:25:53.000,6.156748
007,2020-03-14 10:25:53.250,6.108069
007,2020-03-14 10:25:53.500,6.045299
007,2020-03-14 10:25:53.750,5.994058
007,2020-03-14 10:25:54.000,5.958189
007,2020-03-14 10:25:54.250,5.938974
007,2020-03-14 10:25:54.500,5.928726
007,2020-03-14 10:25:54.750,5.904387
007,2020-03-14 10:25:55.000,5.894138
007,2020-03-14 10:25:55.250,5.885171
007,2020-03-14 10:25:55.500,5.87108
007,2020-03-14 10:25:55.750,5.854426999999999
007,2020-03-14 10:25:56.000,5.845459
007,2020-03-14 10:25:56.250,5.831368
007,2020-03-14 10:25:56.500,5.82112
007,2020-03-14 10:25:56.750,5.817277
007,2020-03-14 10:25:57.000,5.803186
007,2020-03-14 10:25:57.250,5.794219
007,2020-03-14 10:25:57.500,5.789095
007,2020-03-14 10:25:57.750,5.7801279999999995
007,2020-03-14 10:25:58.000,5.769879
007,2020-03-14 10:25:58.250,5.75835
007,2020-03-14 10:25:58.500,5.757069
007,2020-03-14 10:25:58.750,5.751945
007,2020-03-14 10:25:59.000,5.754507
007,2020-03-14 10:25:59.250,5.781409
007,2020-03-14 10:25:59.500,5.8441790000000005
007,2020-03-14 10:25:59.750,5.972281
007,2020-03-14 10:26:00.000,6.137533
007,2020-03-14 10:26:00.250,6.284851000000001
007,2020-03-14 10:26:00.500,6.391175
007,2020-03-14 10:26:00.750,6.442416000000001
007,2020-03-14 10:26:01.000,6.497065
007,2020-03-14 10:26:01.250,6.507313
007,2020-03-14 10:26:01.500,6.475287000000001
007,2020-03-14 10:26:01.750,6.435575
007,2020-03-14 10:26:02.000,6.3830540000000004
007,2020-03-14 10:26:02.250,6.343342
007,2020-03-14 10:26:02.500,6.307473
007,2020-03-14 10:26:02.750,6.285696
007,2020-03-14 10:26:03.000,6.2831339999999996
007,2020-03-14 10:26:03.250,6.2895389999999995
007,2020-03-14 10:26:03.500,6.279291000000001
007,2020-03-14 10:26:03.750,6.275448
007,2020-03-14 10:26:04.000,6.261356
007,2020-03-14 10:26:04.250,6.243422
007,2020-03-14 10:26:04.500,6.226769
007,2020-03-14 10:26:04.750,6.199868
007,2020-03-14 10:26:05.000,6.1832139999999995
007,2020-03-14 10:26:05.250,6.160156
007,2020-03-14 10:26:05.500,6.137097
007,2020-03-14 10:26:05.750,6.116601
007,2020-03-14 10:26:06.000,6.1089150000000005
007,2020-03-14 10:26:06.250,6.090981
007,2020-03-14 10:26:06.500,6.0704839999999995
007,2020-03-14 10:26:06.750,6.061517
007,2020-03-14 10:26:07.000,6.053831
007,2020-03-14 10:26:07.250,6.043583
007,2020-03-14 10:26:07.500,6.026929
007,2020-03-14 10:26:07.750,6.028211
007,2020-03-14 10:26:08.000,6.0128379999999995
007,2020-03-14 10:26:08.250,6.005152
007,2020-03-14 10:26:08.500,5.997466
007,2020-03-14 10:26:08.750,6.019243
007,2020-03-14 10:26:09.000,6.05255
007,2020-03-14 10:26:09.250,6.101229
007,2020-03-14 10:26:09.500,6.142221
007,2020-03-14 10:26:09.750,6.180651999999999
007,2020-03-14 10:26:10.000,6.166561
007,2020-03-14 10:26:10.250,5.921885
007,2020-03-14 10:26:10.500,5.822401
007,2020-03-14 10:26:10.750,5.777565
007,2020-03-14 10:26:11.000,5.741697
007,2020-03-14 10:26:11.250,5.731449
007,2020-03-14 10:26:11.500,5.881328
007,2020-03-14 10:26:11.750,5.88389
007,2020-03-14 10:26:12.000,5.9184779999999995
007,2020-03-14 10:26:12.250,6.006868
007,2020-03-14 10:26:12.500,6.0952589999999995
007,2020-03-14 10:26:12.750,6.1465
007,2020-03-14 10:26:13.000,6.169559
007,2020-03-14 10:26:13.250,6.231048
007,2020-03-14 10:26:13.500,6.266916
007,2020-03-14 10:26:13.750,6.265635
007,2020-03-14 10:26:14.000,6.242577
007,2020-03-14 10:26:14.250,6.215675
007,2020-03-14 10:26:14.500,6.195179
007,2020-03-14 10:26:14.750,6.181087000000001
007,2020-03-14 10:26:15.000,6.1657150000000005
007,2020-03-14 10:26:15.250,6.1529050000000005
007,2020-03-14 10:26:15.500,6.127285
007,2020-03-14 10:26:15.750,6.100383
007,2020-03-14 10:26:16.000,6.078606
007,2020-03-14 10:26:16.250,5.999182
007,2020-03-14 10:26:16.500,6.056828
007,2020-03-14 10:26:16.750,6.106788
007,2020-03-14 10:26:17.000,6.178525
007,2020-03-14 10:26:17.250,6.268197
007,2020-03-14 10:26:17.500,6.333529
007,2020-03-14 10:26:17.750,6.38477
007,2020-03-14 10:26:18.000,6.415515
007,2020-03-14 10:26:18.250,6.4142339999999995
007,2020-03-14 10:26:18.500,6.416796
007,2020-03-14 10:26:18.750,6.406548
007,2020-03-14 10:26:19.000,6.379646
007,2020-03-14 10:26:19.250,6.368117
007,2020-03-14 10:26:19.500,6.355307
007,2020-03-14 10:26:19.750,6.345058
007,2020-03-14 10:26:20.000,6.337372
007,2020-03-14 10:26:20.250,6.328405
007,2020-03-14 10:26:20.500,6.318157
007,2020-03-14 10:26:20.750,6.306628
007,2020-03-14 10:26:21.000,6.300223
007,2020-03-14 10:26:21.250,6.292537
007,2020-03-14 10:26:21.500,6.287413
007,2020-03-14 10:26:21.750,6.281007
007,2020-03-14 10:26:22.000,6.281007
007,2020-03-14 10:26:22.250,6.261792
007,2020-03-14 10:26:22.500,6.260511
007,2020-03-14 10:26:22.750,6.243858
007,2020-03-14 10:26:23.000,6.241296
007,2020-03-14 10:26:23.250,6.236172
007,2020-03-14 10:26:23.500,6.224642
007,2020-03-14 10:26:23.750,6.219518
007,2020-03-14 10:26:24.000,6.211832
007,2020-03-14 10:26:24.250,6.2079889999999995
007,2020-03-14 10:26:24.500,6.205426999999999
007,2020-03-14 10:26:24.750,6.19646
007,2020-03-14 10:26:25.000,6.193898
007,2020-03-14 10:26:25.250,6.1887739999999996
007,2020-03-14 10:26:25.500,6.177245
007,2020-03-14 10:26:25.750,6.174683
007,2020-03-14 10:26:26.000,6.174683
007,2020-03-14 10:26:26.250,6.175962999999999
007,2020-03-14 10:26:26.500,6.166996
007,2020-03-14 10:26:26.750,6.158029
007,2020-03-14 10:26:27.000,6.1529050000000005
007,2020-03-14 10:26:27.250,6.164434
007,2020-03-14 10:26:27.500,6.156748
007,2020-03-14 10:26:27.750,6.149062000000001
007,2020-03-14 10:26:28.000,6.158029
007,2020-03-14 10:26:28.250,6.186212
007,2020-03-14 10:26:28.500,6.243858
007,2020-03-14 10:26:28.750,6.293818
007,2020-03-14 10:26:29.000,6.338654
007,2020-03-14 10:26:29.250,6.362993
007,2020-03-14 10:26:29.500,6.388612999999999
007,2020-03-14 10:26:29.750,6.396299
007,2020-03-14 10:26:30.000,6.383489
007,2020-03-14 10:26:30.250,6.375802999999999
007,2020-03-14 10:26:30.500,6.360431
007,2020-03-14 10:26:30.750,6.3565879999999995
007,2020-03-14 10:26:31.000,6.348902
007,2020-03-14 10:26:31.250,6.361712000000001
007,2020-03-14 10:26:31.500,6.411672
007,2020-03-14 10:26:31.750,6.491095
007,2020-03-14 10:26:32.000,6.645663000000001
007,2020-03-14 10:26:32.250,6.714839
007,2020-03-14 10:26:32.500,6.810915
008,2020-03-14 12:20:47.000,0.0
008,2020-03-14 12:20:47.250,0.061474
008,2020-03-14 12:20:47.500,0.11910599999999999
008,2020-03-14 12:20:47.750,0.137036
008,2020-03-14 12:20:48.000,0.130633
008,2020-03-14 12:20:48.250,0.128071
008,2020-03-14 12:20:48.500,0.12550999999999998
008,2020-03-14 12:20:48.750,0.12422899999999999
008,2020-03-14 12:20:49.000,0.12550999999999998
008,2020-03-14 12:20:49.250,0.12550999999999998
008,2020-03-14 12:20:49.500,0.12166800000000001
008,2020-03-14 12:20:49.750,0.12166800000000001
008,2020-03-14 12:20:50.000,0.117826
008,2020-03-14 12:20:50.250,0.11910599999999999
008,2020-03-14 12:20:50.500,0.120387
008,2020-03-14 12:20:50.750,0.120387
008,2020-03-14 12:20:51.000,0.12166800000000001
008,2020-03-14 12:20:51.250,0.120387
008,2020-03-14 12:20:51.500,0.120387
008,2020-03-14 12:20:51.750,0.12166800000000001
008,2020-03-14 12:20:52.000,0.120387
008,2020-03-14 12:20:52.250,0.12166800000000001
008,2020-03-14 12:20:52.500,0.122949
008,2020-03-14 12:20:52.750,0.12166800000000001
008,2020-03-14 12:20:53.000,0.120387
008,2020-03-14 12:20:53.250,0.12166800000000001
008,2020-03-14 12:20:53.500,0.12166800000000001
008,2020-03-14 12:20:53.750,0.122949
008,2020-03-14 12:20:54.000,0.12166800000000001
008,2020-03-14 12:20:54.250,0.11910599999999999
008,2020-03-14 12:20:54.500,0.11910599999999999
008,2020-03-14 12:20:54.750,0.122949
008,2020-03-14 12:20:55.000,0.12550999999999998
008,2020-03-14 12:20:55.250,0.12550999999999998
008,2020-03-14 12:20:55.500,0.12166800000000001
008,2020-03-14 12:20:55.750,0.11654500000000001
008,2020-03-14 12:20:56.000,0.117826
008,2020-03-14 12:20:56.250,0.117826
008,2020-03-14 12:20:56.500,0.11654500000000001
008,2020-03-14 12:20:56.750,0.11398399999999999
008,2020-03-14 12:20:57.000,0.115264
008,2020-03-14 12:20:57.250,0.112703
008,2020-03-14 12:20:57.500,0.112703
008,2020-03-14 12:20:57.750,0.110141
008,2020-03-14 12:20:58.000,0.11398399999999999
008,2020-03-14 12:20:58.250,0.11654500000000001
008,2020-03-14 12:20:58.500,0.117826
008,2020-03-14 12:20:58.750,0.11654500000000001
008,2020-03-14 12:20:59.000,0.11654500000000001
008,2020-03-14 12:20:59.250,0.11910599999999999
008,2020-03-14 12:20:59.500,0.11910599999999999
008,2020-03-14 12:20:59.750,0.120387
008,2020-03-14 12:21:00.000,0.11910599999999999
008,2020-03-14 12:21:00.250,0.120387
008,2020-03-14 12:21:00.500,0.120387
008,2020-03-14 12:21:00.750,0.120387
008,2020-03-14 12:21:01.000,0.120387
008,2020-03-14 12:21:01.250,0.11910599999999999
008,2020-03-14 12:21:01.500,0.11910599999999999
008,2020-03-14 12:21:01.750,0.120387
008,2020-03-14 12:21:02.000,0.120387
008,2020-03-14 12:21:02.250,0.117826
008,2020-03-14 12:21:02.500,0.120387
008,2020-03-14 12:21:02.750,0.120387
008,2020-03-14 12:21:03.000,0.12166800000000001
008,2020-03-14 12:21:03.250,0.122949
008,2020-03-14 12:21:03.500,0.120387
008,2020-03-14 12:21:03.750,0.120387
008,2020-03-14 12:21:04.000,0.12166800000000001
008,2020-03-14 12:21:04.250,0.12166800000000001
008,2020-03-14 12:21:04.500,0.11654500000000001
008,2020-03-14 12:21:04.750,0.11398399999999999
008,2020-03-14 12:21:05.000,0.112703
008,2020-03-14 12:21:05.250,0.112703
008,2020-03-14 12:21:05.500,0.11398399999999999
008,2020-03-14 12:21:05.750,0.11398399999999999
008,2020-03-14 12:21:06.000,0.11398399999999999
008,2020-03-14 12:21:06.250,0.115264
008,2020-03-14 12:21:06.500,0.11398399999999999
008,2020-03-14 12:21:06.750,0.096054
008,2020-03-14 12:21:07.000,0.099896
008,2020-03-14 12:21:07.250,0.11142200000000001
008,2020-03-14 12:21:07.500,0.105019
008,2020-03-14 12:21:07.750,0.110141
008,2020-03-14 12:21:08.000,0.110141
008,2020-03-14 12:21:08.250,0.110141
008,2020-03-14 12:21:08.500,0.112703
008,2020-03-14 12:21:08.750,0.11142200000000001
008,2020-03-14 12:21:09.000,0.112703
008,2020-03-14 12:21:09.250,0.110141
008,2020-03-14 12:21:09.500,0.112703
008,2020-03-14 12:21:09.750,0.115264
008,2020-03-14 12:21:10.000,0.11654500000000001
008,2020-03-14 12:21:10.250,0.117826
008,2020-03-14 12:21:10.500,0.11654500000000001
008,2020-03-14 12:21:10.750,0.117826
008,2020-03-14 12:21:11.000,0.117826
008,2020-03-14 12:21:11.250,0.120387
008,2020-03-14 12:21:11.500,0.11910599999999999
008,2020-03-14 12:21:11.750,0.117826
008,2020-03-14 12:21:12.000,0.117826
008,2020-03-14 12:21:12.250,0.11910599999999999
008,2020-03-14 12:21:12.500,0.120387
008,2020-03-14 12:21:12.750,0.11910599999999999
008,2020-03-14 12:21:13.000,0.117826
008,2020-03-14 12:21:13.250,0.117826
008,2020-03-14 12:21:13.500,0.11910599999999999
008,2020-03-14 12:21:13.750,0.11910599999999999
008,2020-03-14 12:21:14.000,0.11910599999999999
008,2020-03-14 12:21:14.250,0.11910599999999999
008,2020-03-14 12:21:14.500,0.11910599999999999
008,2020-03-14 12:21:14.750,0.120387
008,2020-03-14 12:21:15.000,0.120387
008,2020-03-14 12:21:15.250,0.120387
008,2020-03-14 12:21:15.500,0.11910599999999999
008,2020-03-14 12:21:15.750,0.120387
008,2020-03-14 12:21:16.000,0.120387
008,2020-03-14 12:21:16.250,0.12166800000000001
008,2020-03-14 12:21:16.500,0.11910599999999999
008,2020-03-14 12:21:16.750,0.11910599999999999
008,2020-03-14 12:21:17.000,0.12166800000000001
008,2020-03-14 12:21:17.250,0.12166800000000001
008,2020-03-14 12:21:17.500,0.11910599999999999
008,2020-03-14 12:21:17.750,0.11910599999999999
008,2020-03-14 12:21:18.000,0.12166800000000001
008,2020-03-14 12:21:18.250,0.12166800000000001
008,2020-03-14 12:21:18.500,0.120387
008,2020-03-14 12:21:18.750,0.11910599999999999
008,2020-03-14 12:21:19.000,0.120387
008,2020-03-14 12:21:19.250,0.120387
008,2020-03-14 12:21:19.500,0.12166800000000001
008,2020-03-14 12:21:19.750,0.12166800000000001
008,2020-03-14 12:21:20.000,0.120387
008,2020-03-14 12:21:20.250,0.12166800000000001
008,2020-03-14 12:21:20.500,0.122949
008,2020-03-14 12:21:20.750,0.12166800000000001
008,2020-03-14 12:21:21.000,0.12166800000000001
008,2020-03-14 12:21:21.250,0.120387
008,2020-03-14 12:21:21.500,0.12166800000000001
008,2020-03-14 12:21:21.750,0.12166800000000001
008,2020-03-14 12:21:22.000,0.12166800000000001
008,2020-03-14 12:21:22.250,0.12166800000000001
008,2020-03-14 12:21:22.500,0.12166800000000001
008,2020-03-14 12:21:22.750,0.122949
008,2020-03-14 12:21:23.000,0.12166800000000001
008,2020-03-14 12:21:23.250,0.12166800000000001
008,2020-03-14 12:21:23.500,0.12166800000000001
008,2020-03-14 12:21:23.750,0.122949
008,2020-03-14 12:21:24.000,0.122949
008,2020-03-14 12:21:24.250,0.122949
008,2020-03-14 12:21:24.500,0.120387
008,2020-03-14 12:21:24.750,0.120387
008,2020-03-14 12:21:25.000,0.12422899999999999
008,2020-03-14 12:21:25.250,0.131914
008,2020-03-14 12:21:25.500,0.133194
008,2020-03-14 12:21:25.750,0.129352
008,2020-03-14 12:21:26.000,0.151124
008,2020-03-14 12:21:26.250,0.15496600000000002
008,2020-03-14 12:21:26.500,0.151124
008,2020-03-14 12:21:26.750,0.148563
008,2020-03-14 12:21:27.000,0.147282
008,2020-03-14 12:21:27.250,0.149844
008,2020-03-14 12:21:27.500,0.15880899999999998
008,2020-03-14 12:21:27.750,0.160089
008,2020-03-14 12:21:28.000,0.15880899999999998
008,2020-03-14 12:21:28.250,0.15880899999999998
008,2020-03-14 12:21:28.500,0.15880899999999998
008,2020-03-14 12:21:28.750,0.15496600000000002
008,2020-03-14 12:21:29.000,0.153686
008,2020-03-14 12:21:29.250,0.153686
008,2020-03-14 12:21:29.500,0.153686
008,2020-03-14 12:21:29.750,0.153686
008,2020-03-14 12:21:30.000,0.153686
008,2020-03-14 12:21:30.250,0.153686
008,2020-03-14 12:21:30.500,0.153686
008,2020-03-14 12:21:30.750,0.15496600000000002
008,2020-03-14 12:21:31.000,0.15496600000000002
008,2020-03-14 12:21:31.250,0.153686
008,2020-03-14 12:21:31.500,0.15240499999999998
008,2020-03-14 12:21:31.750,0.15496600000000002
008,2020-03-14 12:21:32.000,0.15496600000000002
008,2020-03-14 12:21:32.250,0.15496600000000002
008,2020-03-14 12:21:32.500,0.153686
008,2020-03-14 12:21:32.750,0.153686
008,2020-03-14 12:21:33.000,0.153686
008,2020-03-14 12:21:33.250,0.15496600000000002
008,2020-03-14 12:21:33.500,0.153686
008,2020-03-14 12:21:33.750,0.153686
008,2020-03-14 12:21:34.000,0.153686
008,2020-03-14 12:21:34.250,0.15496600000000002
008,2020-03-14 12:21:34.500,0.156247
008,2020-03-14 12:21:34.750,0.153686
008,2020-03-14 12:21:35.000,0.15496600000000002
008,2020-03-14 12:21:35.250,0.157528
008,2020-03-14 12:21:35.500,0.157528
008,2020-03-14 12:21:35.750,0.156247
008,2020-03-14 12:21:36.000,0.15496600000000002
008,2020-03-14 12:21:36.250,0.156247
008,2020-03-14 12:21:36.500,0.15496600000000002
008,2020-03-14 12:21:36.750,0.15496600000000002
008,2020-03-14 12:21:37.000,0.153686
008,2020-03-14 12:21:37.250,0.153686
008,2020-03-14 12:21:37.500,0.153686
008,2020-03-14 12:21:37.750,0.15240499999999998
008,2020-03-14 12:21:38.000,0.15240499999999998
008,2020-03-14 12:21:38.250,0.15240499999999998
008,2020-03-14 12:21:38.500,0.151124
008,2020-03-14 12:21:38.750,0.15240499999999998
008,2020-03-14 12:21:39.000,0.153686
008,2020-03-14 12:21:39.250,0.15240499999999998
008,2020-03-14 12:21:39.500,0.151124
008,2020-03-14 12:21:39.750,0.15240499999999998
008,2020-03-14 12:21:40.000,0.15240499999999998
008,2020-03-14 12:21:40.250,0.151124
008,2020-03-14 12:21:40.500,0.149844
008,2020-03-14 12:21:40.750,0.151124
008,2020-03-14 12:21:41.000,0.151124
008,2020-03-14 12:21:41.250,0.149844
008,2020-03-14 12:21:41.500,0.148563
008,2020-03-14 12:21:41.750,0.149844
008,2020-03-14 12:21:42.000,0.149844
008,2020-03-14 12:21:42.250,0.149844
008,2020-03-14 12:21:42.500,0.148563
008,2020-03-14 12:21:42.750,0.148563
008,2020-03-14 12:21:43.000,0.149844
008,2020-03-14 12:21:43.250,0.151124
008,2020-03-14 12:21:43.500,0.148563
008,2020-03-14 12:21:43.750,0.148563
008,2020-03-14 12:21:44.000,0.148563
008,2020-03-14 12:21:44.250,0.135756
008,2020-03-14 12:21:44.500,0.137036
008,2020-03-14 12:21:44.750,0.135756
008,2020-03-14 12:21:45.000,0.138317
008,2020-03-14 12:21:45.250,0.138317
008,2020-03-14 12:21:45.500,0.138317
008,2020-03-14 12:21:45.750,0.137036
008,2020-03-14 12:21:46.000,0.137036
008,2020-03-14 12:21:46.250,0.135756
008,2020-03-14 12:21:46.500,0.134475
008,2020-03-14 12:21:46.750,0.131914
008,2020-03-14 12:21:47.000,0.131914
008,2020-03-14 12:21:47.250,0.133194
008,2020-03-14 12:21:47.500,0.131914
008,2020-03-14 12:21:47.750,0.130633
008,2020-03-14 12:21:48.000,0.12550999999999998
008,2020-03-14 12:21:48.250,0.12422899999999999
008,2020-03-14 12:21:48.500,0.12166800000000001
008,2020-03-14 12:21:48.750,0.120387
008,2020-03-14 12:21:49.000,0.11910599999999999
008,2020-03-14 12:21:49.250,0.117826
008,2020-03-14 12:21:49.500,0.11910599999999999
008,2020-03-14 12:21:49.750,0.120387
008,2020-03-14 12:21:50.000,0.11910599999999999
008,2020-03-14 12:21:50.250,0.12166800000000001
008,2020-03-14 12:21:50.500,0.12166800000000001
008,2020-03-14 12:21:50.750,0.12166800000000001
008,2020-03-14 12:21:51.000,0.133194
008,2020-03-14 12:21:51.250,0.134475
008,2020-03-14 12:21:51.500,0.135756
008,2020-03-14 12:21:51.750,0.135756
008,2020-03-14 12:21:52.000,0.138317
008,2020-03-14 12:21:52.250,0.138317
008,2020-03-14 12:21:52.500,0.137036
008,2020-03-14 12:21:52.750,0.138317
008,2020-03-14 12:21:53.000,0.139598
008,2020-03-14 12:21:53.250,0.138317
008,2020-03-14 12:21:53.500,0.137036
008,2020-03-14 12:21:53.750,0.12422899999999999
008,2020-03-14 12:21:54.000,0.12166800000000001
008,2020-03-14 12:21:54.250,0.117826
008,2020-03-14 12:21:54.500,0.117826
008,2020-03-14 12:21:54.750,0.120387
008,2020-03-14 12:21:55.000,0.11910599999999999
008,2020-03-14 12:21:55.250,0.120387
008,2020-03-14 12:21:55.500,0.12166800000000001
008,2020-03-14 12:21:55.750,0.117826
008,2020-03-14 12:21:56.000,0.11910599999999999
008,2020-03-14 12:21:56.250,0.11910599999999999
008,2020-03-14 12:21:56.500,0.117826
008,2020-03-14 12:21:56.750,0.11910599999999999
008,2020-03-14 12:21:57.000,0.11910599999999999
008,2020-03-14 12:21:57.250,0.11654500000000001
008,2020-03-14 12:21:57.500,0.115264
008,2020-03-14 12:21:57.750,0.120387
008,2020-03-14 12:21:58.000,0.117826
008,2020-03-14 12:21:58.250,0.11654500000000001
008,2020-03-14 12:21:58.500,0.115264
008,2020-03-14 12:21:58.750,0.115264
008,2020-03-14 12:21:59.000,0.115264
008,2020-03-14 12:21:59.250,0.11654500000000001
008,2020-03-14 12:21:59.500,0.11654500000000001
008,2020-03-14 12:21:59.750,0.115264
008,2020-03-14 12:22:00.000,0.115264
008,2020-03-14 12:22:00.250,0.11654500000000001
008,2020-03-14 12:22:00.500,0.115264
008,2020-03-14 12:22:00.750,0.11654500000000001
008,2020-03-14 12:22:01.000,0.115264
008,2020-03-14 12:22:01.250,0.115264
008,2020-03-14 12:22:01.500,0.11654500000000001
008,2020-03-14 12:22:01.750,0.11654500000000001
008,2020-03-14 12:22:02.000,0.117826
008,2020-03-14 12:22:02.250,0.115264
008,2020-03-14 12:22:02.500,0.11654500000000001
008,2020-03-14 12:22:02.750,0.11654500000000001
008,2020-03-14 12:22:03.000,0.11654500000000001
008,2020-03-14 12:22:03.250,0.115264
008,2020-03-14 12:22:03.500,0.115264
008,2020-03-14 12:22:03.750,0.117826
008,2020-03-14 12:22:04.000,0.117826
008,2020-03-14 12:22:04.250,0.11654500000000001
008,2020-03-14 12:22:04.500,0.11654500000000001
008,2020-03-14 12:22:04.750,0.117826
008,2020-03-14 12:22:05.000,0.117826
008,2020-03-14 12:22:05.250,0.117826
008,2020-03-14 12:22:05.500,0.115264
008,2020-03-14 12:22:05.750,0.117826
008,2020-03-14 12:22:06.000,0.11654500000000001
008,2020-03-14 12:22:06.250,0.117826
008,2020-03-14 12:22:06.500,0.11654500000000001
008,2020-03-14 12:22:06.750,0.117826
008,2020-03-14 12:22:07.000,0.115264
008,2020-03-14 12:22:07.250,0.11654500000000001
008,2020-03-14 12:22:07.500,0.112703
008,2020-03-14 12:22:07.750,0.112703
008,2020-03-14 12:22:08.000,0.11398399999999999
008,2020-03-14 12:22:08.250,0.112703
008,2020-03-14 12:22:08.500,0.11142200000000001
008,2020-03-14 12:22:08.750,0.11142200000000001
008,2020-03-14 12:22:09.000,0.112703
008,2020-03-14 12:22:09.250,0.112703
008,2020-03-14 12:22:09.500,0.112703
008,2020-03-14 12:22:09.750,0.115264
008,2020-03-14 12:22:10.000,0.11654500000000001
008,2020-03-14 12:22:10.250,0.12166800000000001
008,2020-03-14 12:22:10.500,0.122949
008,2020-03-14 12:22:10.750,0.12422899999999999
008,2020-03-14 12:22:11.000,0.122949
008,2020-03-14 12:22:11.250,0.122949
008,2020-03-14 12:22:11.500,0.11910599999999999
008,2020-03-14 12:22:11.750,0.115264
008,2020-03-14 12:22:12.000,0.115264
008,2020-03-14 12:22:12.250,0.11654500000000001
008,2020-03-14 12:22:12.500,0.11654500000000001
008,2020-03-14 12:22:12.750,0.115264
008,2020-03-14 12:22:13.000,0.12679100000000001
008,2020-03-14 12:22:13.250,0.16137
008,2020-03-14 12:22:13.500,0.17161600000000002
008,2020-03-14 12:22:13.750,0.148563
008,2020-03-14 12:22:14.000,0.146001
008,2020-03-14 12:22:14.250,0.14472100000000002
008,2020-03-14 12:22:14.500,0.147282
008,2020-03-14 12:22:14.750,0.151124
008,2020-03-14 12:22:15.000,0.148563
008,2020-03-14 12:22:15.250,0.149844
008,2020-03-14 12:22:15.500,0.149844
008,2020-03-14 12:22:15.750,0.149844
008,2020-03-14 12:22:16.000,0.148563
008,2020-03-14 12:22:16.250,0.146001
008,2020-03-14 12:22:16.500,0.146001
008,2020-03-14 12:22:16.750,0.147282
008,2020-03-14 12:22:17.000,0.147282
008,2020-03-14 12:22:17.250,0.148563
008,2020-03-14 12:22:17.500,0.147282
008,2020-03-14 12:22:17.750,0.151124
008,2020-03-14 12:22:18.000,0.147282
008,2020-03-14 12:22:18.250,0.137036
008,2020-03-14 12:22:18.500,0.131914
008,2020-03-14 12:22:18.750,0.128071
008,2020-03-14 12:22:19.000,0.12422899999999999
008,2020-03-14 12:22:19.250,0.130633
008,2020-03-14 12:22:19.500,0.130633
008,2020-03-14 12:22:19.750,0.129352
008,2020-03-14 12:22:20.000,0.131914
008,2020-03-14 12:22:20.250,0.130633
008,2020-03-14 12:22:20.500,0.130633
008,2020-03-14 12:22:20.750,0.130633
008,2020-03-14 12:22:21.000,0.130633
008,2020-03-14 12:22:21.250,0.134475
008,2020-03-14 12:22:21.500,0.133194
008,2020-03-14 12:22:21.750,0.129352
008,2020-03-14 12:22:22.000,0.12550999999999998
008,2020-03-14 12:22:22.250,0.131914
008,2020-03-14 12:22:22.500,0.133194
008,2020-03-14 12:22:22.750,0.135756
008,2020-03-14 12:22:23.000,0.133194
008,2020-03-14 12:22:23.250,0.135756
008,2020-03-14 12:22:23.500,0.137036
008,2020-03-14 12:22:23.750,0.146001
008,2020-03-14 12:22:24.000,0.157528
008,2020-03-14 12:22:24.250,0.157528
008,2020-03-14 12:22:24.500,0.15880899999999998
008,2020-03-14 12:22:24.750,0.15496600000000002
008,2020-03-14 12:22:25.000,0.148563
008,2020-03-14 12:22:25.250,0.151124
008,2020-03-14 12:22:25.500,0.153686
008,2020-03-14 12:22:25.750,0.153686
008,2020-03-14 12:22:26.000,0.148563
008,2020-03-14 12:22:26.250,0.151124
008,2020-03-14 12:22:26.500,0.149844
008,2020-03-14 12:22:26.750,0.137036
008,2020-03-14 12:22:27.000,0.135756
008,2020-03-14 12:22:27.250,0.137036
008,2020-03-14 12:22:27.500,0.137036
008,2020-03-14 12:22:27.750,0.151124
008,2020-03-14 12:22:28.000,0.151124
008,2020-03-14 12:22:28.250,0.133194
008,2020-03-14 12:22:28.500,0.129352
008,2020-03-14 12:22:28.750,0.133194
008,2020-03-14 12:22:29.000,0.133194
008,2020-03-14 12:22:29.250,0.129352
008,2020-03-14 12:22:29.500,0.12166800000000001
008,2020-03-14 12:22:29.750,0.160089
008,2020-03-14 12:22:30.000,0.166493
008,2020-03-14 12:22:30.250,0.169054
008,2020-03-14 12:22:30.500,0.15496600000000002
008,2020-03-14 12:22:30.750,0.157528
008,2020-03-14 12:22:31.000,0.181861
008,2020-03-14 12:22:31.250,0.19723
008,2020-03-14 12:22:31.500,0.192107
008,2020-03-14 12:22:31.750,0.19723
008,2020-03-14 12:22:32.000,0.19723
008,2020-03-14 12:22:32.250,0.18826500000000002
008,2020-03-14 12:22:32.500,0.176739
008,2020-03-14 12:22:32.750,0.206195
008,2020-03-14 12:22:33.000,0.21131799999999998
008,2020-03-14 12:22:33.250,0.20747600000000002
008,2020-03-14 12:22:33.500,0.20363399999999998
008,2020-03-14 12:22:33.750,0.20747600000000002
008,2020-03-14 12:22:34.000,0.219002
008,2020-03-14 12:22:34.250,0.21516
008,2020-03-14 12:22:34.500,0.22156399999999998
008,2020-03-14 12:22:34.750,0.216441
008,2020-03-14 12:22:35.000,0.219002
008,2020-03-14 12:22:35.250,0.23565100000000003
008,2020-03-14 12:22:35.500,0.206195
008,2020-03-14 12:22:35.750,0.219002
008,2020-03-14 12:22:36.000,0.217721
008,2020-03-14 12:22:36.250,0.217721
008,2020-03-14 12:22:36.500,0.216441
008,2020-03-14 12:22:36.750,0.224125
008,2020-03-14 12:22:37.000,0.239494
008,2020-03-14 12:22:37.250,0.224125
008,2020-03-14 12:22:37.500,0.22156399999999998
008,2020-03-14 12:22:37.750,0.220283
008,2020-03-14 12:22:38.000,0.22156399999999998
008,2020-03-14 12:22:38.250,0.22156399999999998
008,2020-03-14 12:22:38.500,0.219002
008,2020-03-14 12:22:38.750,0.20491399999999999
008,2020-03-14 12:22:39.000,0.201072
008,2020-03-14 12:22:39.250,0.210037
008,2020-03-14 12:22:39.500,0.210037
008,2020-03-14 12:22:39.750,0.220283
008,2020-03-14 12:22:40.000,0.22156399999999998
008,2020-03-14 12:22:40.250,0.229248
008,2020-03-14 12:22:40.500,0.22668600000000003
008,2020-03-14 12:22:40.750,0.229248
008,2020-03-14 12:22:41.000,0.234371
008,2020-03-14 12:22:41.250,0.219002
008,2020-03-14 12:22:41.500,0.21259899999999998
008,2020-03-14 12:22:41.750,0.183142
008,2020-03-14 12:22:42.000,0.183142
008,2020-03-14 12:22:42.250,0.192107
008,2020-03-14 12:22:42.500,0.185704
008,2020-03-14 12:22:42.750,0.20363399999999998
008,2020-03-14 12:22:43.000,0.220283
008,2020-03-14 12:22:43.250,0.21516
008,2020-03-14 12:22:43.500,0.21516
008,2020-03-14 12:22:43.750,0.21259899999999998
008,2020-03-14 12:22:44.000,0.206195
008,2020-03-14 12:22:44.250,0.208756
008,2020-03-14 12:22:44.500,0.210037
008,2020-03-14 12:22:44.750,0.21387899999999999
008,2020-03-14 12:22:45.000,0.219002
008,2020-03-14 12:22:45.250,0.229248
008,2020-03-14 12:22:45.500,0.23052899999999998
008,2020-03-14 12:22:45.750,0.23565100000000003
008,2020-03-14 12:22:46.000,0.23180900000000002
008,2020-03-14 12:22:46.250,0.229248
008,2020-03-14 12:22:46.500,0.22156399999999998
008,2020-03-14 12:22:46.750,0.219002
008,2020-03-14 12:22:47.000,0.220283
008,2020-03-14 12:22:47.250,0.224125
008,2020-03-14 12:22:47.500,0.225406
008,2020-03-14 12:22:47.750,0.22668600000000003
008,2020-03-14 12:22:48.000,0.22284400000000001
008,2020-03-14 12:22:48.250,0.236932
008,2020-03-14 12:22:48.500,0.254862
008,2020-03-14 12:22:48.750,0.23565100000000003
008,2020-03-14 12:22:49.000,0.22668600000000003
008,2020-03-14 12:22:49.250,0.20747600000000002
008,2020-03-14 12:22:49.500,0.217721
008,2020-03-14 12:22:49.750,0.224125
008,2020-03-14 12:22:50.000,0.22156399999999998
008,2020-03-14 12:22:50.250,0.219002
008,2020-03-14 12:22:50.500,0.208756
008,2020-03-14 12:22:50.750,0.21131799999999998
008,2020-03-14 12:22:51.000,0.20747600000000002
008,2020-03-14 12:22:51.250,0.217721
008,2020-03-14 12:22:51.500,0.216441
009,2020-03-21 08:41:26.000,0.0
009,2020-03-21 08:41:26.250,0.00256
009,2020-03-21 08:41:26.500,0.026885000000000003
009,2020-03-21 08:41:26.750,0.032006
009,2020-03-21 08:41:27.000,0.029445999999999996
009,2020-03-21 08:41:27.250,0.029445999999999996
009,2020-03-21 08:41:27.500,0.028166000000000004
009,2020-03-21 08:41:27.750,0.715661
009,2020-03-21 08:41:28.000,1.048793
009,2020-03-21 08:41:28.250,1.631377
009,2020-03-21 08:41:28.500,2.10901
009,2020-03-21 08:41:28.750,2.5969849999999997
009,2020-03-21 08:41:29.000,3.092068
009,2020-03-21 08:41:29.250,2.719662
009,2020-03-21 08:41:29.500,2.3087009999999997
009,2020-03-21 08:41:29.750,1.811816
009,2020-03-21 08:41:30.000,1.316733
009,2020-03-21 08:41:30.250,1.119375
009,2020-03-21 08:41:30.500,1.424075
009,2020-03-21 08:41:30.750,1.439438
009,2020-03-21 08:41:31.000,1.430476
009,2020-03-21 08:41:31.250,1.5521
009,2020-03-21 08:41:31.500,1.792787
009,2020-03-21 08:41:31.750,1.8670419999999999
009,2020-03-21 08:41:32.000,2.0859650000000003
009,2020-03-21 08:41:32.250,2.132253
009,2020-03-21 08:41:32.500,2.069521
009,2020-03-21 08:41:32.750,1.316733
009,2020-03-21 08:41:33.000,0.826197
009,2020-03-21 08:41:33.250,1.631377
009,2020-03-21 08:41:33.500,0.827477
009,2020-03-21 08:41:33.750,0.351125
009,2020-03-21 08:41:34.000,0.0
009,2020-03-21 08:41:34.250,0.0
009,2020-03-21 08:41:34.500,0.0
009,2020-03-21 08:41:34.750,0.0
009,2020-03-21 08:41:35.000,0.0064010000000000004
009,2020-03-21 08:41:35.250,0.008962000000000001
009,2020-03-21 08:41:35.500,0.010242
009,2020-03-21 08:41:35.750,0.010242
009,2020-03-21 08:41:36.000,0.010242
009,2020-03-21 08:41:36.250,0.011522
009,2020-03-21 08:41:36.500,0.010242
009,2020-03-21 08:41:36.750,0.012802000000000001
009,2020-03-21 08:41:37.000,0.012802000000000001
009,2020-03-21 08:41:37.250,0.010242
009,2020-03-21 08:41:37.500,0.012802000000000001
009,2020-03-21 08:41:37.750,0.011522
009,2020-03-21 08:41:38.000,0.012802000000000001
009,2020-03-21 08:41:38.250,0.012802000000000001
009,2020-03-21 08:41:38.500,0.011522
009,2020-03-21 08:41:38.750,0.011522
009,2020-03-21 08:41:39.000,0.010242
009,2020-03-21 08:41:39.250,0.012802000000000001
009,2020-03-21 08:41:39.500,0.011522
009,2020-03-21 08:41:39.750,0.012802000000000001
009,2020-03-21 08:41:40.000,0.012802000000000001
009,2020-03-21 08:41:40.250,0.010242
009,2020-03-21 08:41:40.500,0.012802000000000001
009,2020-03-21 08:41:40.750,0.012802000000000001
009,2020-03-21 08:41:41.000,0.011522
009,2020-03-21 08:41:41.250,0.011522
009,2020-03-21 08:41:41.500,0.35975100000000004
009,2020-03-21 08:41:41.750,0.011522
009,2020-03-21 08:41:42.000,0.011522
009,2020-03-21 08:41:42.250,0.011522
009,2020-03-21 08:41:42.500,0.011522
009,2020-03-21 08:41:42.750,0.010242
009,2020-03-21 08:41:43.000,0.011522
009,2020-03-21 08:41:43.250,0.011522
009,2020-03-21 08:41:43.500,0.010242
009,2020-03-21 08:41:43.750,0.010242
009,2020-03-21 08:41:44.000,0.008962000000000001
009,2020-03-21 08:41:44.250,0.011522
009,2020-03-21 08:41:44.500,0.010242
009,2020-03-21 08:41:44.750,0.008962000000000001
009,2020-03-21 08:41:45.000,0.010242
009,2020-03-21 08:41:45.250,0.007681
009,2020-03-21 08:41:45.500,0.010242
009,2020-03-21 08:41:45.750,0.008962000000000001
009,2020-03-21 08:41:46.000,0.021764
009,2020-03-21 08:41:46.250,0.011522
009,2020-03-21 08:41:46.500,0.0064010000000000004
009,2020-03-21 08:41:46.750,0.008962000000000001
009,2020-03-21 08:41:47.000,0.008962000000000001
009,2020-03-21 08:41:47.250,0.010242
009,2020-03-21 08:41:47.500,0.010242
009,2020-03-21 08:41:47.750,0.008962000000000001
009,2020-03-21 08:41:48.000,0.010242
009,2020-03-21 08:41:48.250,0.010242
009,2020-03-21 08:41:48.500,0.008962000000000001
009,2020-03-21 08:41:48.750,0.008962000000000001
009,2020-03-21 08:41:49.000,0.008962000000000001
009,2020-03-21 08:41:49.250,0.010242
009,2020-03-21 08:41:49.500,0.007681
009,2020-03-21 08:41:49.750,0.010242
009,2020-03-21 08:41:50.000,0.008962000000000001
009,2020-03-21 08:41:50.250,0.320063
009,2020-03-21 08:41:50.500,0.743826
009,2020-03-21 08:41:50.750,0.884921
009,2020-03-21 08:41:51.000,0.861876
009,2020-03-21 08:41:51.250,1.016787
009,2020-03-21 08:41:51.500,0.722329
009,2020-03-21 08:41:51.750,0.672399
009,2020-03-21 08:41:52.000,0.0
009,2020-03-21 08:41:52.250,0.0
009,2020-03-21 08:41:52.500,0.0
009,2020-03-21 08:41:52.750,0.0
009,2020-03-21 08:41:53.000,0.003841
009,2020-03-21 08:41:53.250,0.005121
009,2020-03-21 08:41:53.500,0.007681
009,2020-03-21 08:41:53.750,0.007681
009,2020-03-21 08:41:54.000,0.008962000000000001
009,2020-03-21 08:41:54.250,0.007681
009,2020-03-21 08:41:54.500,0.008962000000000001
009,2020-03-21 08:41:54.750,0.010242
009,2020-03-21 08:41:55.000,0.015363
009,2020-03-21 08:41:55.250,0.500578
009,2020-03-21 08:41:55.500,0.8462459999999999
009,2020-03-21 08:41:55.750,0.9386909999999999
009,2020-03-21 08:41:56.000,0.9118059999999999
009,2020-03-21 08:41:56.250,0.9835
009,2020-03-21 08:41:56.500,1.1025639999999999
009,2020-03-21 08:41:56.750,1.084709
009,2020-03-21 08:41:57.000,1.096231
009,2020-03-21 08:41:57.250,1.0834290000000002
009,2020-03-21 08:41:57.500,1.197371
009,2020-03-21 08:41:57.750,1.34204
009,2020-03-21 08:41:58.000,1.377887
009,2020-03-21 08:41:58.250,1.368925
009,2020-03-21 08:41:58.500,1.313874
009,2020-03-21 08:41:58.750,1.29339
009,2020-03-21 08:41:59.000,1.288269
009,2020-03-21 08:41:59.250,1.312594
009,2020-03-21 08:41:59.500,1.338199
009,2020-03-21 08:41:59.750,1.439339
009,2020-03-21 08:42:00.000,1.371485
009,2020-03-21 08:42:00.250,1.412453
009,2020-03-21 08:42:00.500,1.4483
009,2020-03-21 08:42:00.750,1.416294
009,2020-03-21 08:42:01.000,1.44446
009,2020-03-21 08:42:01.250,1.352282
009,2020-03-21 08:42:01.500,0.897792
009,2020-03-21 08:42:01.750,0.8593850000000001
009,2020-03-21 08:42:02.000,1.025817
009,2020-03-21 08:42:02.250,1.256263
009,2020-03-21 08:42:02.500,0.351125
009,2020-03-21 08:42:02.750,0.150056
009,2020-03-21 08:42:03.000,0.330572
009,2020-03-21 08:42:03.250,0.409947
009,2020-03-21 08:42:03.500,0.717208
009,2020-03-21 08:42:03.750,0.756895
009,2020-03-21 08:42:04.000,0.817067
009,2020-03-21 08:42:04.250,0.7901819999999999
009,2020-03-21 08:42:04.500,0.753055
009,2020-03-21 08:42:04.750,0.06684
009,2020-03-21 08:42:05.000,0.605826
009,2020-03-21 08:42:05.250,1.092322
009,2020-03-21 08:42:05.500,1.119276
009,2020-03-21 08:42:05.750,1.084709
009,2020-03-21 08:42:06.000,1.263944
009,2020-03-21 08:42:06.250,1.114155
009,2020-03-21 08:42:06.500,1.094951
009,2020-03-21 08:42:06.750,1.028378
009,2020-03-21 08:42:07.000,0.796652
009,2020-03-21 08:42:07.250,0.559806
009,2020-03-21 08:42:07.500,0.558526
009,2020-03-21 08:42:07.750,0.39209299999999997
009,2020-03-21 08:42:08.000,0.27296
009,2020-03-21 08:42:08.250,0.39714499999999997
009,2020-03-21 08:42:08.500,0.452196
009,2020-03-21 08:42:08.750,0.342094
009,2020-03-21 08:42:09.000,0.22175
009,2020-03-21 08:42:09.250,0.050196
009,2020-03-21 08:42:09.500,0.497004
009,2020-03-21 08:42:09.750,0.5174880000000001
009,2020-03-21 08:42:10.000,0.617348
009,2020-03-21 08:42:10.250,0.765857
009,2020-03-21 08:42:10.500,0.604546
009,2020-03-21 08:42:10.750,0.529011
009,2020-03-21 08:42:11.000,0.6032649999999999
009,2020-03-21 08:42:11.250,0.618628
009,2020-03-21 08:42:11.500,0.32161
009,2020-03-21 08:42:11.750,0.10140700000000001
009,2020-03-21 08:42:12.000,0.288323
009,2020-03-21 08:42:12.250,0.495724
009,2020-03-21 08:42:12.500,0.025872000000000003
009,2020-03-21 08:42:12.750,0.064013
009,2020-03-21 08:42:13.000,0.47113299999999997
009,2020-03-21 08:42:13.250,0.677253
009,2020-03-21 08:42:13.500,0.8321639999999999
009,2020-03-21 08:42:13.750,0.83115
009,2020-03-21 08:42:14.000,0.823469
009,2020-03-21 08:42:14.250,0.886201
009,2020-03-21 08:42:14.500,0.9118059999999999
009,2020-03-21 08:42:14.750,0.928449
009,2020-03-21 08:42:15.000,0.961736
009,2020-03-21 08:42:15.250,0.965577
009,2020-03-21 08:42:15.500,0.970698
009,2020-03-21 08:42:15.750,0.966857
009,2020-03-21 08:42:16.000,0.963016
009,2020-03-21 08:42:16.250,0.9642959999999999
009,2020-03-21 08:42:16.500,0.957895
009,2020-03-21 08:42:16.750,0.960456
009,2020-03-21 08:42:17.000,0.957895
009,2020-03-21 08:42:17.250,0.955335
009,2020-03-21 08:42:17.500,0.9514940000000001
009,2020-03-21 08:42:17.750,0.9476530000000001
009,2020-03-21 08:42:18.000,0.9463729999999999
009,2020-03-21 08:42:18.250,0.945092
009,2020-03-21 08:42:18.500,0.9425319999999999
009,2020-03-21 08:42:18.750,0.9386909999999999
009,2020-03-21 08:42:19.000,0.9361309999999999
009,2020-03-21 08:42:19.250,0.9386909999999999
009,2020-03-21 08:42:19.500,0.9399719999999999
009,2020-03-21 08:42:19.750,0.948933
009,2020-03-21 08:42:20.000,0.950213
009,2020-03-21 08:42:20.250,0.9540540000000001
009,2020-03-21 08:42:20.500,0.956615
009,2020-03-21 08:42:20.750,0.955335
009,2020-03-21 08:42:21.000,0.956615
009,2020-03-21 08:42:21.250,0.959175
009,2020-03-21 08:42:21.500,0.959175
009,2020-03-21 08:42:21.750,0.9719780000000001
009,2020-03-21 08:42:22.000,0.9770989999999999
009,2020-03-21 08:42:22.250,0.973258
009,2020-03-21 08:42:22.500,0.973258
009,2020-03-21 08:42:22.750,0.968137
009,2020-03-21 08:42:23.000,0.969417
009,2020-03-21 08:42:23.250,0.969417
009,2020-03-21 08:42:23.500,0.968137
009,2020-03-21 08:42:23.750,0.969417
009,2020-03-21 08:42:24.000,0.970698
009,2020-03-21 08:42:24.250,0.966857
009,2020-03-21 08:42:24.500,0.973258
009,2020-03-21 08:42:24.750,0.9745379999999999
009,2020-03-21 08:42:25.000,0.9796590000000001
009,2020-03-21 08:42:25.250,0.9770989999999999
009,2020-03-21 08:42:25.500,0.9809399999999999
009,2020-03-21 08:42:25.750,0.9809399999999999
009,2020-03-21 08:42:26.000,0.996303
009,2020-03-21 08:42:26.250,0.997583
009,2020-03-21 08:42:26.500,1.003984
009,2020-03-21 08:42:26.750,1.000143
009,2020-03-21 08:42:27.000,0.989901
009,2020-03-21 08:42:27.250,0.969417
009,2020-03-21 08:42:27.500,0.9386909999999999
009,2020-03-21 08:42:27.750,0.927169
009,2020-03-21 08:42:28.000,0.924608
009,2020-03-21 08:42:28.250,0.9374110000000001
009,2020-03-21 08:42:28.500,0.9770989999999999
009,2020-03-21 08:42:28.750,0.9886209999999999
009,2020-03-21 08:42:29.000,0.993742
009,2020-03-21 08:42:29.250,0.997583
009,2020-03-21 08:42:29.500,1.005264
009,2020-03-21 08:42:29.750,1.014226
009,2020-03-21 08:42:30.000,1.012946
009,2020-03-21 08:42:30.250,1.015506
009,2020-03-21 08:42:30.500,1.0270290000000002
009,2020-03-21 08:42:30.750,1.0334299999999998
009,2020-03-21 08:42:31.000,0.974607
009,2020-03-21 08:42:31.250,0.9694860000000001
009,2020-03-21 08:42:31.500,0.9682059999999999
009,2020-03-21 08:42:31.750,0.9656459999999999
009,2020-03-21 08:42:32.000,0.9682059999999999
009,2020-03-21 08:42:32.250,0.9656459999999999
009,2020-03-21 08:42:32.500,0.9297989999999999
009,2020-03-21 08:42:32.750,0.925958
009,2020-03-21 08:42:33.000,0.925958
009,2020-03-21 08:42:33.250,0.925958
009,2020-03-21 08:42:33.500,0.9195559999999999
009,2020-03-21 08:42:33.750,0.9195559999999999
009,2020-03-21 08:42:34.000,0.914436
009,2020-03-21 08:42:34.250,0.915716
009,2020-03-21 08:42:34.500,0.915716
009,2020-03-21 08:42:34.750,0.826098
009,2020-03-21 08:42:35.000,0.794092
009,2020-03-21 08:42:35.250,0.831219
009,2020-03-21 08:42:35.500,0.83762
009,2020-03-21 08:42:35.750,0.83634
009,2020-03-21 08:42:36.000,0.841461
009,2020-03-21 08:42:36.250,0.8440219999999999
009,2020-03-21 08:42:36.500,0.8517030000000001
009,2020-03-21 08:42:36.750,0.864506
009,2020-03-21 08:42:37.000,0.864506
009,2020-03-21 08:42:37.250,0.860665
009,2020-03-21 08:42:37.500,0.8593850000000001
009,2020-03-21 08:42:37.750,0.8593850000000001
009,2020-03-21 08:42:38.000,0.8581040000000001
009,2020-03-21 08:42:38.250,0.856824
009,2020-03-21 08:42:38.500,0.8593850000000001
009,2020-03-21 08:42:38.750,0.845302
009,2020-03-21 08:42:39.000,0.842741
009,2020-03-21 08:42:39.250,0.8619450000000001
009,2020-03-21 08:42:39.500,0.863225
009,2020-03-21 08:42:39.750,0.841461
009,2020-03-21 08:42:40.000,0.8440219999999999
009,2020-03-21 08:42:40.250,0.838901
009,2020-03-21 08:42:40.500,0.83506
009,2020-03-21 08:42:40.750,0.846582
009,2020-03-21 08:42:41.000,0.8504229999999999
009,2020-03-21 08:42:41.250,0.750563
009,2020-03-21 08:42:41.500,0.815856
009,2020-03-21 08:42:41.750,0.788971
009,2020-03-21 08:42:42.000,0.696793
009,2020-03-21 08:42:42.250,0.680149
009,2020-03-21 08:42:42.500,0.700633
009,2020-03-21 08:42:42.750,0.645583
009,2020-03-21 08:42:43.000,0.538041
009,2020-03-21 08:42:43.250,0.609736
009,2020-03-21 08:42:43.500,0.603334
009,2020-03-21 08:42:43.750,0.591812
009,2020-03-21 08:42:44.000,0.651984
009,2020-03-21 08:42:44.250,0.7044739999999999
009,2020-03-21 08:42:44.500,0.6737479999999999
009,2020-03-21 08:42:44.750,0.518838
009,2020-03-21 08:42:45.000,0.349844
009,2020-03-21 08:42:45.250,0.33569299999999996
009,2020-03-21 08:42:45.500,0.409947
009,2020-03-21 08:42:45.750,0.516208
009,2020-03-21 08:42:46.000,0.820908
009,2020-03-21 08:42:46.250,0.7018449999999999
009,2020-03-21 08:42:46.500,0.417629
009,2020-03-21 08:42:46.750,0.389463
009,2020-03-21 08:42:47.000,0.463718
009,2020-03-21 08:42:47.250,0.47652
009,2020-03-21 08:42:47.500,0.349775
009,2020-03-21 08:42:47.750,0.294725
009,2020-03-21 08:42:48.000,0.276801
009,2020-03-21 08:42:48.250,0.275521
009,2020-03-21 08:42:48.500,0.27296
009,2020-03-21 08:42:48.750,0.29088400000000003
009,2020-03-21 08:42:49.000,0.37922100000000003
009,2020-03-21 08:42:49.250,0.7197680000000001
009,2020-03-21 08:42:49.500,0.892602
009,2020-03-21 08:42:49.750,0.646794
009,2020-03-21 08:42:50.000,0.35233600000000004
009,2020-03-21 08:42:50.250,0.253757
009,2020-03-21 08:42:50.500,0.07964199999999999
009,2020-03-21 08:42:50.750,0.074521
009,2020-03-21 08:42:51.000,0.078362
009,2020-03-21 08:42:51.250,0.078362
009,2020-03-21 08:42:51.500,0.07708200000000001
009,2020-03-21 08:42:51.750,0.06684
009,2020-03-21 08:42:52.000,0.056598
009,2020-03-21 08:42:52.250,0.057878
009,2020-03-21 08:42:52.500,0.10012599999999999
009,2020-03-21 08:42:52.750,0.13981400000000002
009,2020-03-21 08:42:53.000,0.15773800000000002
009,2020-03-21 08:42:53.250,0.11548900000000001
009,2020-03-21 08:42:53.500,0.087324
009,2020-03-21 08:42:53.750,0.087324
009,2020-03-21 08:42:54.000,0.09500499999999999
009,2020-03-21 08:42:54.250,0.09500499999999999
009,2020-03-21 08:42:54.500,0.143655
009,2020-03-21 08:42:54.750,0.255037
009,2020-03-21 08:42:55.000,0.33313200000000004
009,2020-03-21 08:42:55.250,0.561017
009,2020-03-21 08:42:55.500,0.7735390000000001
009,2020-03-21 08:42:55.750,0.865717
009,2020-03-21 08:42:56.000,0.847793
009,2020-03-21 08:42:56.250,0.886201
009,2020-03-21 08:42:56.500,0.9079649999999999
009,2020-03-21 08:42:56.750,0.9054049999999999
009,2020-03-21 08:42:57.000,0.918207
009,2020-03-21 08:42:57.250,0.925889
009,2020-03-21 08:42:57.500,0.924608
009,2020-03-21 08:42:57.750,0.9335700000000001
009,2020-03-21 08:42:58.000,0.9540540000000001
009,2020-03-21 08:42:58.250,0.963016
009,2020-03-21 08:42:58.500,0.965577
009,2020-03-21 08:42:58.750,0.9745379999999999
009,2020-03-21 08:42:59.000,0.9822200000000001
009,2020-03-21 08:42:59.250,1.000143
009,2020-03-21 08:42:59.500,0.998863
009,2020-03-21 08:42:59.750,1.002704
009,2020-03-21 08:43:00.000,1.000143
009,2020-03-21 08:43:00.250,1.010385
009,2020-03-21 08:43:00.500,1.015506
009,2020-03-21 08:43:00.750,1.050073
009,2020-03-21 08:43:01.000,0.9989319999999999
009,2020-03-21 08:43:01.250,0.9976520000000001
009,2020-03-21 08:43:01.500,0.9976520000000001
009,2020-03-21 08:43:01.750,1.004053
009,2020-03-21 08:43:02.000,1.011735
009,2020-03-21 08:43:02.250,1.0142950000000002
009,2020-03-21 08:43:02.500,1.025817
009,2020-03-21 08:43:02.750,1.0399
009,2020-03-21 08:43:03.000,1.001493
009,2020-03-21 08:43:03.250,1.0219770000000001
009,2020-03-21 08:43:03.500,1.0578239999999999
009,2020-03-21 08:43:03.750,1.077027
009,2020-03-21 08:43:04.000,1.0872700000000002
009,2020-03-21 08:43:04.250,1.097512
009,2020-03-21 08:43:04.500,0.9694860000000001
009,2020-03-21 08:43:04.750,0.915716
009,2020-03-21 08:43:05.000,0.946442
009,2020-03-21 08:43:05.250,0.9362
009,2020-03-21 08:43:05.500,0.9630850000000001
009,2020-03-21 08:43:05.750,0.973327
009,2020-03-21 08:43:06.000,0.982289
009,2020-03-21 08:43:06.250,0.9938110000000001
009,2020-03-21 08:43:06.500,0.9976520000000001
009,2020-03-21 08:43:06.750,0.9938110000000001
009,2020-03-21 08:43:07.000,0.977168
009,2020-03-21 08:43:07.250,0.981009
009,2020-03-21 08:43:07.500,0.984849
009,2020-03-21 08:43:07.750,0.984849
009,2020-03-21 08:43:08.000,0.982289
009,2020-03-21 08:43:08.250,0.970767
009,2020-03-21 08:43:08.500,0.949002
009,2020-03-21 08:43:08.750,0.9349200000000001
009,2020-03-21 08:43:09.000,0.9310790000000001
009,2020-03-21 08:43:09.250,0.9694860000000001
009,2020-03-21 08:43:09.500,1.0578239999999999
009,2020-03-21 08:43:09.750,1.070626
009,2020-03-21 08:43:10.000,1.062945
009,2020-03-21 08:43:10.250,1.0731870000000001
009,2020-03-21 08:43:10.500,1.082149
009,2020-03-21 08:43:10.750,1.0859889999999999
009,2020-03-21 08:43:11.000,1.0898299999999999
009,2020-03-21 08:43:11.250,1.0859889999999999
009,2020-03-21 08:43:11.500,1.080868
009,2020-03-21 08:43:11.750,1.0872700000000002
009,2020-03-21 08:43:12.000,1.080868
009,2020-03-21 08:43:12.250,1.078308
009,2020-03-21 08:43:12.500,1.079588
009,2020-03-21 08:43:12.750,1.077027
009,2020-03-21 08:43:13.000,1.078308
009,2020-03-21 08:43:13.250,1.059104
009,2020-03-21 08:43:13.500,1.059104
009,2020-03-21 08:43:13.750,1.070626
009,2020-03-21 08:43:14.000,1.062945
009,2020-03-21 08:43:14.250,1.0578239999999999
009,2020-03-21 08:43:14.500,1.053983
009,2020-03-21 08:43:14.750,0.9669260000000001
009,2020-03-21 08:43:15.000,0.941321
009,2020-03-21 08:43:15.250,0.940041
009,2020-03-21 08:43:15.500,0.93748
009,2020-03-21 08:43:15.750,0.9349200000000001
009,2020-03-21 08:43:16.000,0.93876
009,2020-03-21 08:43:16.250,0.979728
009,2020-03-21 08:43:16.500,1.005333
009,2020-03-21 08:43:16.750,1.002773
009,2020-03-21 08:43:17.000,1.0181360000000002
009,2020-03-21 08:43:17.250,1.030938
009,2020-03-21 08:43:17.500,1.042461
009,2020-03-21 08:43:17.750,1.047582
009,2020-03-21 08:43:18.000,1.0527030000000002
009,2020-03-21 08:43:18.250,1.0578239999999999
009,2020-03-21 08:43:18.500,1.061664
009,2020-03-21 08:43:18.750,1.066785
009,2020-03-21 08:43:19.000,1.066785
009,2020-03-21 08:43:19.250,1.068066
009,2020-03-21 08:43:19.500,1.069346
009,2020-03-21 08:43:19.750,1.075747
009,2020-03-21 08:43:20.000,1.0731870000000001
009,2020-03-21 08:43:20.250,1.0731870000000001
009,2020-03-21 08:43:20.500,1.0731870000000001
009,2020-03-21 08:43:20.750,1.075747
009,2020-03-21 08:43:21.000,1.068066
009,2020-03-21 08:43:21.250,1.082149
009,2020-03-21 08:43:21.500,1.097512
009,2020-03-21 08:43:21.750,1.111594
009,2020-03-21 08:43:22.000,1.117996
009,2020-03-21 08:43:22.250,1.1282379999999999
009,2020-03-21 08:43:22.500,1.125677
009,2020-03-21 08:43:22.750,1.133359
009,2020-03-21 08:43:23.000,1.13848
009,2020-03-21 08:43:23.250,1.144881
009,2020-03-21 08:43:23.500,1.146161
009,2020-03-21 08:43:23.750,1.150002
009,2020-03-21 08:43:24.000,1.150002
009,2020-03-21 08:43:24.250,1.156403
009,2020-03-21 08:43:24.500,1.161524
009,2020-03-21 08:43:24.750,1.1589639999999999
009,2020-03-21 08:43:25.000,1.126957
009,2020-03-21 08:43:25.250,1.119276
009,2020-03-21 08:43:25.500,1.121836
009,2020-03-21 08:43:25.750,1.129518
009,2020-03-21 08:43:26.000,1.130798
009,2020-03-21 08:43:26.250,1.130798
009,2020-03-21 08:43:26.500,1.130798
009,2020-03-21 08:43:26.750,1.110314
009,2020-03-21 08:43:27.000,1.1077540000000001
009,2020-03-21 08:43:27.250,1.112875
009,2020-03-21 08:43:27.500,1.109034
009,2020-03-21 08:43:27.750,1.110314
009,2020-03-21 08:43:28.000,1.1077540000000001
009,2020-03-21 08:43:28.250,1.016856
009,2020-03-21 08:43:28.500,0.9899700000000001
009,2020-03-21 08:43:28.750,0.93748
009,2020-03-21 08:43:29.000,0.9349200000000001
009,2020-03-21 08:43:29.250,0.942601
009,2020-03-21 08:43:29.500,0.9656459999999999
009,2020-03-21 08:43:29.750,0.984849
009,2020-03-21 08:43:30.000,0.9899700000000001
009,2020-03-21 08:43:30.250,1.000212
009,2020-03-21 08:43:30.500,0.9989319999999999
010,2020-03-22 10:06:55.000,0.0
010,2020-03-22 10:06:55.250,0.0038439999999999998
010,2020-03-22 10:06:55.500,0.026905000000000002
010,2020-03-22 10:06:55.750,0.028186000000000003
010,2020-03-22 10:06:56.000,0.028186000000000003
010,2020-03-22 10:06:56.250,0.029467
010,2020-03-22 10:06:56.500,0.028186000000000003
010,2020-03-22 10:06:56.750,0.029467
010,2020-03-22 10:06:57.000,0.026905000000000002
010,2020-03-22 10:06:57.250,0.029467
010,2020-03-22 10:06:57.500,0.029467
010,2020-03-22 10:06:57.750,0.026905000000000002
010,2020-03-22 10:06:58.000,0.029467
010,2020-03-22 10:06:58.250,0.029467
010,2020-03-22 10:06:58.500,0.029467
010,2020-03-22 10:06:58.750,0.029467
010,2020-03-22 10:06:59.000,0.026905000000000002
010,2020-03-22 10:06:59.250,0.029467
010,2020-03-22 10:06:59.500,0.029467
010,2020-03-22 10:06:59.750,0.028186000000000003
010,2020-03-22 10:07:00.000,0.029467
010,2020-03-22 10:07:00.250,0.028186000000000003
010,2020-03-22 10:07:00.500,0.029467
010,2020-03-22 10:07:00.750,0.029467
010,2020-03-22 10:07:01.000,0.028186000000000003
010,2020-03-22 10:07:01.250,0.029467
010,2020-03-22 10:07:01.500,0.029467
010,2020-03-22 10:07:01.750,0.029467
010,2020-03-22 10:07:02.000,0.028186000000000003
010,2020-03-22 10:07:02.250,0.029467
010,2020-03-22 10:07:02.500,0.028186000000000003
010,2020-03-22 10:07:02.750,0.032029
010,2020-03-22 10:07:03.000,0.029467
010,2020-03-22 10:07:03.250,0.028186000000000003
010,2020-03-22 10:07:03.500,0.21651900000000002
010,2020-03-22 10:07:03.750,0.830203
010,2020-03-22 10:07:04.000,1.180231
010,2020-03-22 10:07:04.250,1.241796
010,2020-03-22 10:07:04.500,1.295606
010,2020-03-22 10:07:04.750,1.5851520000000001
010,2020-03-22 10:07:05.000,1.650591
010,2020-03-22 10:07:05.250,1.4276659999999999
010,2020-03-22 10:07:05.500,1.885046
010,2020-03-22 10:07:05.750,1.899139
010,2020-03-22 10:07:06.000,1.972166
010,2020-03-22 10:07:06.250,1.913431
010,2020-03-22 10:07:06.500,1.8429669999999998
010,2020-03-22 10:07:06.750,1.2959040000000002
010,2020-03-22 10:07:07.000,0.8075760000000001
010,2020-03-22 10:07:07.250,0.329598
010,2020-03-22 10:07:07.500,0.0
010,2020-03-22 10:07:07.750,0.0
010,2020-03-22 10:07:08.000,0.0
010,2020-03-22 10:07:08.250,0.006406
010,2020-03-22 10:07:08.500,0.014093000000000001
010,2020-03-22 10:07:08.750,0.015374
010,2020-03-22 10:07:09.000,0.020499
010,2020-03-22 10:07:09.250,0.02178
010,2020-03-22 10:07:09.500,0.02178
010,2020-03-22 10:07:09.750,0.024342
010,2020-03-22 10:07:10.000,0.023061
010,2020-03-22 10:07:10.250,0.035873
010,2020-03-22 10:07:10.500,0.025624
010,2020-03-22 10:07:10.750,0.025624
010,2020-03-22 10:07:11.000,0.025624
010,2020-03-22 10:07:11.250,0.026905000000000002
010,2020-03-22 10:07:11.500,0.026905000000000002
010,2020-03-22 10:07:11.750,0.025624
010,2020-03-22 10:07:12.000,0.028186000000000003
010,2020-03-22 10:07:12.250,0.028186000000000003
010,2020-03-22 10:07:12.500,0.026905000000000002
010,2020-03-22 10:07:12.750,0.028186000000000003
010,2020-03-22 10:07:13.000,0.026905000000000002
010,2020-03-22 10:07:13.250,0.028186000000000003
010,2020-03-22 10:07:13.500,0.026905000000000002
010,2020-03-22 10:07:13.750,0.026905000000000002
010,2020-03-22 10:07:14.000,0.028186000000000003
010,2020-03-22 10:07:14.250,0.028186000000000003
010,2020-03-22 10:07:14.500,0.028186000000000003
010,2020-03-22 10:07:14.750,0.028186000000000003
010,2020-03-22 10:07:15.000,0.029467
010,2020-03-22 10:07:15.250,0.028186000000000003
010,2020-03-22 10:07:15.500,0.025624
010,2020-03-22 10:07:15.750,0.028186000000000003
010,2020-03-22 10:07:16.000,0.026905000000000002
010,2020-03-22 10:07:16.250,0.028186000000000003
010,2020-03-22 10:07:16.500,0.026905000000000002
010,2020-03-22 10:07:16.750,0.029467
010,2020-03-22 10:07:17.000,0.028186000000000003
010,2020-03-22 10:07:17.250,0.028186000000000003
010,2020-03-22 10:07:17.500,0.029467
010,2020-03-22 10:07:17.750,0.026905000000000002
010,2020-03-22 10:07:18.000,0.029467
010,2020-03-22 10:07:18.250,0.029467
010,2020-03-22 10:07:18.500,0.026905000000000002
010,2020-03-22 10:07:18.750,0.029467
010,2020-03-22 10:07:19.000,0.028186000000000003
010,2020-03-22 10:07:19.250,0.029467
010,2020-03-22 10:07:19.500,0.029467
010,2020-03-22 10:07:19.750,0.028186000000000003
010,2020-03-22 10:07:20.000,0.028186000000000003
010,2020-03-22 10:07:20.250,0.028186000000000003
010,2020-03-22 10:07:20.500,0.029467
010,2020-03-22 10:07:20.750,0.028186000000000003
010,2020-03-22 10:07:21.000,0.029467
010,2020-03-22 10:07:21.250,0.028186000000000003
010,2020-03-22 10:07:21.500,0.028186000000000003
010,2020-03-22 10:07:21.750,0.028186000000000003
010,2020-03-22 10:07:22.000,0.026905000000000002
010,2020-03-22 10:07:22.250,0.029467
010,2020-03-22 10:07:22.500,0.029467
010,2020-03-22 10:07:22.750,0.028186000000000003
010,2020-03-22 10:07:23.000,0.028186000000000003
010,2020-03-22 10:07:23.250,0.028186000000000003
010,2020-03-22 10:07:23.500,0.064059
010,2020-03-22 10:07:23.750,0.491972
010,2020-03-22 10:07:24.000,0.13708599999999999
010,2020-03-22 10:07:24.250,0.029467
010,2020-03-22 10:07:24.500,0.028186000000000003
010,2020-03-22 10:07:24.750,0.029467
010,2020-03-22 10:07:25.000,0.028186000000000003
010,2020-03-22 10:07:25.250,0.029467
010,2020-03-22 10:07:25.500,0.026905000000000002
010,2020-03-22 10:07:25.750,0.029467
010,2020-03-22 10:07:26.000,0.832765
010,2020-03-22 10:07:26.250,1.180231
010,2020-03-22 10:07:26.500,1.46344
010,2020-03-22 10:07:26.750,1.444321
010,2020-03-22 10:07:27.000,1.437915
010,2020-03-22 10:07:27.250,1.367451
010,2020-03-22 10:07:27.500,1.414854
010,2020-03-22 10:07:27.750,1.501974
010,2020-03-22 10:07:28.000,1.535285
010,2020-03-22 10:07:28.250,1.248301
010,2020-03-22 10:07:28.500,1.31236
010,2020-03-22 10:07:28.750,0.856261
010,2020-03-22 10:07:29.000,1.618462
010,2020-03-22 10:07:29.250,1.928606
010,2020-03-22 10:07:29.500,2.0964400000000003
010,2020-03-22 10:07:29.750,2.584768
010,2020-03-22 10:07:30.000,2.868018
010,2020-03-22 10:07:30.250,3.107598
010,2020-03-22 10:07:30.500,3.604047
010,2020-03-22 10:07:30.750,4.095365
010,2020-03-22 10:07:31.000,3.3091730000000004
010,2020-03-22 10:07:31.250,2.811626
010,2020-03-22 10:07:31.500,2.315183
010,2020-03-22 10:07:31.750,1.818734
010,2020-03-22 10:07:32.000,1.2959040000000002
010,2020-03-22 10:07:32.250,0.806295
010,2020-03-22 10:07:32.500,0.329598
010,2020-03-22 10:07:32.750,0.0
010,2020-03-22 10:07:33.000,0.0
010,2020-03-22 10:07:33.250,0.0
010,2020-03-22 10:07:33.500,0.006406
010,2020-03-22 10:07:33.750,0.011531
010,2020-03-22 10:07:34.000,0.016655
010,2020-03-22 10:07:34.250,0.017936
010,2020-03-22 10:07:34.500,0.020499
010,2020-03-22 10:07:34.750,0.02178
010,2020-03-22 10:07:35.000,0.020499
010,2020-03-22 10:07:35.250,0.023061
010,2020-03-22 10:07:35.500,0.020499
010,2020-03-22 10:07:35.750,0.024342
010,2020-03-22 10:07:36.000,0.024342
010,2020-03-22 10:07:36.250,0.025624
010,2020-03-22 10:07:36.500,0.024342
010,2020-03-22 10:07:36.750,0.026905000000000002
010,2020-03-22 10:07:37.000,0.026905000000000002
010,2020-03-22 10:07:37.250,0.025624
010,2020-03-22 10:07:37.500,0.026905000000000002
010,2020-03-22 10:07:37.750,0.048685
010,2020-03-22 10:07:38.000,0.029467
010,2020-03-22 10:07:38.250,0.025624
010,2020-03-22 10:07:38.500,0.026905000000000002
010,2020-03-22 10:07:38.750,0.028186000000000003
010,2020-03-22 10:07:39.000,0.026905000000000002
010,2020-03-22 10:07:39.250,0.061496
010,2020-03-22 10:07:39.500,0.119149
010,2020-03-22 10:07:39.750,0.120431
010,2020-03-22 10:07:40.000,0.11274400000000001
010,2020-03-22 10:07:40.250,0.18448900000000001
010,2020-03-22 10:07:40.500,0.231893
010,2020-03-22 10:07:40.750,0.26648499999999997
010,2020-03-22 10:07:41.000,0.189614
010,2020-03-22 10:07:41.250,0.19858199999999998
010,2020-03-22 10:07:41.500,0.139648
010,2020-03-22 10:07:41.750,0.060215
010,2020-03-22 10:07:42.000,0.12683599999999998
010,2020-03-22 10:07:42.250,0.23317399999999996
010,2020-03-22 10:07:42.500,0.35488600000000003
010,2020-03-22 10:07:42.750,0.099932
010,2020-03-22 10:07:43.000,0.028186000000000003
010,2020-03-22 10:07:43.250,0.028186000000000003
010,2020-03-22 10:07:43.500,0.026905000000000002
010,2020-03-22 10:07:43.750,0.026905000000000002
010,2020-03-22 10:07:44.000,0.028186000000000003
010,2020-03-22 10:07:44.250,0.028186000000000003
010,2020-03-22 10:07:44.500,0.028186000000000003
010,2020-03-22 10:07:44.750,0.029467
010,2020-03-22 10:07:45.000,0.029467
010,2020-03-22 10:07:45.250,0.7635810000000001
010,2020-03-22 10:07:45.500,1.180231
010,2020-03-22 10:07:45.750,0.972749
010,2020-03-22 10:07:46.000,0.715233
010,2020-03-22 10:07:46.250,0.329598
010,2020-03-22 10:07:46.500,0.20141199999999998
010,2020-03-22 10:07:46.750,0.032296
010,2020-03-22 10:07:47.000,0.0
010,2020-03-22 10:07:47.250,0.093526
010,2020-03-22 10:07:47.500,0.30491999999999997
010,2020-03-22 10:07:47.750,0.23829899999999998
010,2020-03-22 10:07:48.000,0.211394
010,2020-03-22 10:07:48.250,0.260079
010,2020-03-22 10:07:48.500,0.253673
010,2020-03-22 10:07:48.750,0.249829
010,2020-03-22 10:07:49.000,0.254954
010,2020-03-22 10:07:49.250,0.256235
010,2020-03-22 10:07:49.500,0.075589
010,2020-03-22 10:07:49.750,0.025624
010,2020-03-22 10:07:50.000,0.023061
010,2020-03-22 10:07:50.250,0.025624
010,2020-03-22 10:07:50.500,0.024342
010,2020-03-22 10:07:50.750,0.024342
010,2020-03-22 10:07:51.000,0.025624
010,2020-03-22 10:07:51.250,0.025624
010,2020-03-22 10:07:51.500,0.026905000000000002
010,2020-03-22 10:07:51.750,0.025624
010,2020-03-22 10:07:52.000,0.026905000000000002
010,2020-03-22 10:07:52.250,0.025624
010,2020-03-22 10:07:52.500,0.028186000000000003
010,2020-03-22 10:07:52.750,0.032029
010,2020-03-22 10:07:53.000,0.187052
010,2020-03-22 10:07:53.250,0.206269
010,2020-03-22 10:07:53.500,0.31132600000000005
010,2020-03-22 10:07:53.750,0.368979
010,2020-03-22 10:07:54.000,0.35488600000000003
010,2020-03-22 10:07:54.250,0.504784
010,2020-03-22 10:07:54.500,0.636745
010,2020-03-22 10:07:54.750,0.661087
010,2020-03-22 10:07:55.000,0.786643
010,2020-03-22 10:07:55.250,1.102079
010,2020-03-22 10:07:55.500,0.5717409999999999
010,2020-03-22 10:07:55.750,0.546117
010,2020-03-22 10:07:56.000,0.739575
010,2020-03-22 10:07:56.250,0.889473
010,2020-03-22 10:07:56.500,0.715233
010,2020-03-22 10:07:56.750,0.551242
010,2020-03-22 10:07:57.000,0.501276
010,2020-03-22 10:07:57.250,0.6473300000000001
010,2020-03-22 10:07:57.500,0.515369
010,2020-03-22 10:07:57.750,0.434655
010,2020-03-22 10:07:58.000,0.36027800000000004
010,2020-03-22 10:07:58.250,0.335935
010,2020-03-22 10:07:58.500,0.270595
010,2020-03-22 10:07:58.750,0.227035
010,2020-03-22 10:07:59.000,0.125822
010,2020-03-22 10:07:59.250,0.302625
010,2020-03-22 10:07:59.500,0.311593
010,2020-03-22 10:07:59.750,0.23984699999999998
010,2020-03-22 10:08:00.000,0.270595
010,2020-03-22 10:08:00.250,0.315436
010,2020-03-22 10:08:00.500,0.334654
010,2020-03-22 10:08:00.750,0.291094
010,2020-03-22 10:08:01.000,0.284688
010,2020-03-22 10:08:01.250,0.342341
010,2020-03-22 10:08:01.500,0.380776
010,2020-03-22 10:08:01.750,0.421774
010,2020-03-22 10:08:02.000,0.426899
010,2020-03-22 10:08:02.250,0.433305
010,2020-03-22 10:08:02.500,0.42818
010,2020-03-22 10:08:02.750,0.433305
010,2020-03-22 10:08:03.000,0.437148
010,2020-03-22 10:08:03.250,0.47430200000000006
010,2020-03-22 10:08:03.500,0.470459
010,2020-03-22 10:08:03.750,0.44227299999999997
010,2020-03-22 10:08:04.000,0.416649
010,2020-03-22 10:08:04.250,0.234722
010,2020-03-22 10:08:04.500,0.302625
010,2020-03-22 10:08:04.750,0.037420999999999996
010,2020-03-22 10:08:05.000,0.202693
010,2020-03-22 10:08:05.250,0.443554
010,2020-03-22 10:08:05.500,0.567828
010,2020-03-22 10:08:05.750,0.607545
010,2020-03-22 10:08:06.000,0.5153
010,2020-03-22 10:08:06.250,0.433305
010,2020-03-22 10:08:06.500,0.47942700000000005
010,2020-03-22 10:08:06.750,0.0
010,2020-03-22 10:08:07.000,0.312607
010,2020-03-22 10:08:07.250,0.535532
010,2020-03-22 10:08:07.500,0.550906
010,2020-03-22 10:08:07.750,0.27929699999999996
010,2020-03-22 10:08:08.000,0.611121
010,2020-03-22 10:08:08.250,0.652119
010,2020-03-22 10:08:08.500,0.644432
010,2020-03-22 10:08:08.750,0.6815859999999999
010,2020-03-22 10:08:09.000,0.740787
010,2020-03-22 10:08:09.250,0.635731
010,2020-03-22 10:08:09.500,0.594733
010,2020-03-22 10:08:09.750,0.6421359999999999
010,2020-03-22 10:08:10.000,0.6331680000000001
010,2020-03-22 10:08:10.250,0.638293
010,2020-03-22 10:08:10.500,0.569109
010,2020-03-22 10:08:10.750,0.617794
010,2020-03-22 10:08:11.000,0.629325
010,2020-03-22 10:08:11.250,0.628043
010,2020-03-22 10:08:11.500,0.6242
010,2020-03-22 10:08:11.750,0.6421359999999999
010,2020-03-22 10:08:12.000,0.589608
010,2020-03-22 10:08:12.250,0.617794
010,2020-03-22 10:08:12.500,0.707476
010,2020-03-22 10:08:12.750,0.713882
010,2020-03-22 10:08:13.000,0.7215689999999999
010,2020-03-22 10:08:13.250,0.556298
010,2020-03-22 10:08:13.500,0.36027800000000004
010,2020-03-22 10:08:13.750,0.45892799999999995
010,2020-03-22 10:08:14.000,0.521706
010,2020-03-22 10:08:14.250,0.5434859999999999
010,2020-03-22 10:08:14.500,0.585765
010,2020-03-22 10:08:14.750,0.546048
010,2020-03-22 10:08:15.000,0.256502
010,2020-03-22 10:08:15.250,0.024609
010,2020-03-22 10:08:15.500,0.539375
010,2020-03-22 10:08:15.750,0.77255
010,2020-03-22 10:08:16.000,0.735662
010,2020-03-22 10:08:16.250,0.671604
010,2020-03-22 10:08:16.500,0.693384
010,2020-03-22 10:08:16.750,0.760005
010,2020-03-22 10:08:17.000,0.666479
010,2020-03-22 10:08:17.250,0.6728850000000001
010,2020-03-22 10:08:17.500,0.738225
010,2020-03-22 10:08:17.750,0.753599
010,2020-03-22 10:08:18.000,0.745912
010,2020-03-22 10:08:18.250,0.763848
010,2020-03-22 10:08:18.500,0.794596
010,2020-03-22 10:08:18.750,0.803565
010,2020-03-22 10:08:19.000,0.815095
010,2020-03-22 10:08:19.250,0.8202200000000001
010,2020-03-22 10:08:19.500,0.806127
010,2020-03-22 10:08:19.750,0.799721
010,2020-03-22 10:08:20.000,0.783066
010,2020-03-22 10:08:20.250,0.7984399999999999
010,2020-03-22 10:08:20.500,0.812533
010,2020-03-22 10:08:20.750,0.827907
010,2020-03-22 10:08:21.000,0.8394379999999999
010,2020-03-22 10:08:21.250,0.836875
010,2020-03-22 10:08:21.500,0.8355940000000001
010,2020-03-22 10:08:21.750,0.833032
010,2020-03-22 10:08:22.000,0.833032
010,2020-03-22 10:08:22.250,0.826626
010,2020-03-22 10:08:22.500,0.8202200000000001
010,2020-03-22 10:08:22.750,0.813814
010,2020-03-22 10:08:23.000,0.808689
010,2020-03-22 10:08:23.250,0.808689
010,2020-03-22 10:08:23.500,0.806127
010,2020-03-22 10:08:23.750,0.808689
010,2020-03-22 10:08:24.000,0.804846
010,2020-03-22 10:08:24.250,0.809971
010,2020-03-22 10:08:24.500,0.809971
010,2020-03-22 10:08:24.750,0.804846
010,2020-03-22 10:08:25.000,0.804846
010,2020-03-22 10:08:25.250,0.803565
010,2020-03-22 10:08:25.500,0.803565
010,2020-03-22 10:08:25.750,0.802284
010,2020-03-22 10:08:26.000,0.806127
010,2020-03-22 10:08:26.250,0.804846
010,2020-03-22 10:08:26.500,0.802284
010,2020-03-22 10:08:26.750,0.802284
010,2020-03-22 10:08:27.000,0.7984399999999999
010,2020-03-22 10:08:27.250,0.795878
010,2020-03-22 10:08:27.500,0.794596
010,2020-03-22 10:08:27.750,0.792034
010,2020-03-22 10:08:28.000,0.785628
010,2020-03-22 10:08:28.250,0.784347
010,2020-03-22 10:08:28.500,0.783066
010,2020-03-22 10:08:28.750,0.780504
010,2020-03-22 10:08:29.000,0.779222
010,2020-03-22 10:08:29.250,0.785628
010,2020-03-22 10:08:29.500,0.7907529999999999
010,2020-03-22 10:08:29.750,0.7984399999999999
010,2020-03-22 10:08:30.000,0.803565
010,2020-03-22 10:08:30.250,0.807408
010,2020-03-22 10:08:30.500,0.809971
010,2020-03-22 10:08:30.750,0.809971
010,2020-03-22 10:08:31.000,0.806127
010,2020-03-22 10:08:31.250,0.804846
010,2020-03-22 10:08:31.500,0.799721
010,2020-03-22 10:08:31.750,0.794596
010,2020-03-22 10:08:32.000,0.7907529999999999
010,2020-03-22 10:08:32.250,0.788191
010,2020-03-22 10:08:32.500,0.786909
010,2020-03-22 10:08:32.750,0.783066
010,2020-03-22 10:08:33.000,0.780504
010,2020-03-22 10:08:33.250,0.780504
010,2020-03-22 10:08:33.500,0.775379
010,2020-03-22 10:08:33.750,0.786909
010,2020-03-22 10:08:34.000,0.801002
010,2020-03-22 10:08:34.250,0.8202200000000001
010,2020-03-22 10:08:34.500,0.8381559999999999
010,2020-03-22 10:08:34.750,0.8420000000000001
010,2020-03-22 10:08:35.000,0.7894720000000001
010,2020-03-22 10:08:35.250,0.812533
010,2020-03-22 10:08:35.500,0.886841
010,2020-03-22 10:08:35.750,0.9073399999999999
010,2020-03-22 10:08:36.000,0.902215
010,2020-03-22 10:08:36.250,0.8663420000000001
010,2020-03-22 10:08:36.500,0.895809
010,2020-03-22 10:08:36.750,0.815095
010,2020-03-22 10:08:37.000,0.943213
010,2020-03-22 10:08:37.250,0.970118
010,2020-03-22 10:08:37.500,0.982929
010,2020-03-22 10:08:37.750,0.991898
010,2020-03-22 10:08:38.000,0.895809
010,2020-03-22 10:08:38.250,0.966274
010,2020-03-22 10:08:38.500,1.01624
010,2020-03-22 10:08:38.750,1.022646
010,2020-03-22 10:08:39.000,0.933033
010,2020-03-22 10:08:39.250,0.9266270000000001
010,2020-03-22 10:08:39.500,0.933033
010,2020-03-22 10:08:39.750,0.836944
010,2020-03-22 10:08:40.000,0.8420690000000001
010,2020-03-22 10:08:40.250,0.957375
010,2020-03-22 10:08:40.500,0.9663430000000001
010,2020-03-22 10:08:40.750,0.97403
010,2020-03-22 10:08:41.000,0.9817170000000001
010,2020-03-22 10:08:41.250,0.9842799999999999
010,2020-03-22 10:08:41.500,0.9804360000000001
010,2020-03-22 10:08:41.750,0.9817170000000001
010,2020-03-22 10:08:42.000,0.9791549999999999
010,2020-03-22 10:08:42.250,0.9804360000000001
010,2020-03-22 10:08:42.500,0.9932479999999999
010,2020-03-22 10:08:42.750,1.020153
010,2020-03-22 10:08:43.000,1.016309
010,2020-03-22 10:08:43.250,1.007341
010,2020-03-22 10:08:43.500,1.013747
010,2020-03-22 10:08:43.750,1.0034969999999999
010,2020-03-22 10:08:44.000,1.009903
010,2020-03-22 10:08:44.250,1.011184
010,2020-03-22 10:08:44.500,1.00606
010,2020-03-22 10:08:44.750,1.011184
010,2020-03-22 10:08:45.000,1.015028
010,2020-03-22 10:08:45.250,1.036808
010,2020-03-22 10:08:45.500,1.031683
010,2020-03-22 10:08:45.750,1.020153
010,2020-03-22 10:08:46.000,1.020153
010,2020-03-22 10:08:46.250,1.062431
010,2020-03-22 10:08:46.500,1.072681
010,2020-03-22 10:08:46.750,1.08293
010,2020-03-22 10:08:47.000,1.085493
010,2020-03-22 10:08:47.250,1.090617
010,2020-03-22 10:08:47.500,1.090617
010,2020-03-22 10:08:47.750,1.089336
010,2020-03-22 10:08:48.000,1.091899
010,2020-03-22 10:08:48.250,1.091899
010,2020-03-22 10:08:48.500,1.08293
010,2020-03-22 10:08:48.750,1.077806
010,2020-03-22 10:08:49.000,1.075243
010,2020-03-22 10:08:49.250,1.072681
010,2020-03-22 10:08:49.500,1.075243
010,2020-03-22 10:08:49.750,1.075243
010,2020-03-22 10:08:50.000,1.076524
010,2020-03-22 10:08:50.250,1.073962
010,2020-03-22 10:08:50.500,1.075243
010,2020-03-22 10:08:50.750,1.081649
010,2020-03-22 10:08:51.000,1.08293
010,2020-03-22 10:08:51.250,1.091899
010,2020-03-22 10:08:51.500,1.0931799999999998
010,2020-03-22 10:08:51.750,1.0983049999999999
010,2020-03-22 10:08:52.000,1.105991
010,2020-03-22 10:08:52.250,1.111116
010,2020-03-22 10:08:52.500,1.108554
010,2020-03-22 10:08:52.750,1.103429
010,2020-03-22 10:08:53.000,1.103429
010,2020-03-22 10:08:53.250,1.107273
010,2020-03-22 10:08:53.500,1.120084
010,2020-03-22 10:08:53.750,1.117522
010,2020-03-22 10:08:54.000,1.11496
010,2020-03-22 10:08:54.250,1.116241
010,2020-03-22 10:08:54.500,1.108554
010,2020-03-22 10:08:54.750,1.105991
010,2020-03-22 10:08:55.000,1.100867
010,2020-03-22 10:08:55.250,1.103429
010,2020-03-22 10:08:55.500,1.089336
010,2020-03-22 10:08:55.750,1.066275
010,2020-03-22 10:08:56.000,1.063713
010,2020-03-22 10:08:56.250,1.0560260000000001
010,2020-03-22 10:08:56.500,1.045776
010,2020-03-22 10:08:56.750,1.018872
010,2020-03-22 10:08:57.000,1.01759
010,2020-03-22 10:08:57.250,0.998373
010,2020-03-22 10:08:57.500,0.947126
010,2020-03-22 10:08:57.750,0.9125340000000001
010,2020-03-22 10:08:58.000,0.9689059999999999
010,2020-03-22 10:08:58.250,1.012466
010,2020-03-22 10:08:58.500,1.0278399999999999
010,2020-03-22 10:08:58.750,1.031683
010,2020-03-22 10:08:59.000,1.0714
010,2020-03-22 10:08:59.250,1.0406520000000001
010,2020-03-22 10:08:59.500,0.9932479999999999
011,2020-04-06 08:24:55.000,0.0
011,2020-04-06 08:24:55.250,0.831534
011,2020-04-06 08:24:55.500,0.232174
011,2020-04-06 08:24:55.750,0.0
011,2020-04-06 08:24:56.000,0.0
011,2020-04-06 08:24:56.250,0.01025
011,2020-04-06 08:24:56.500,0.023063
011,2020-04-06 08:24:56.750,0.029469
011,2020-04-06 08:24:57.000,0.03075
011,2020-04-06 08:24:57.250,0.033313
011,2020-04-06 08:24:57.500,0.035875
011,2020-04-06 08:24:57.750,0.035875
011,2020-04-06 08:24:58.000,0.034594
011,2020-04-06 08:24:58.250,0.035875
011,2020-04-06 08:24:58.500,0.037156
011,2020-04-06 08:24:58.750,0.037156
011,2020-04-06 08:24:59.000,0.037156
011,2020-04-06 08:24:59.250,0.038438
011,2020-04-06 08:24:59.500,0.038438
011,2020-04-06 08:24:59.750,0.037156
011,2020-04-06 08:25:00.000,0.038438
011,2020-04-06 08:25:00.250,0.038438
011,2020-04-06 08:25:00.500,0.039719
011,2020-04-06 08:25:00.750,0.038438
011,2020-04-06 08:25:01.000,0.038438
011,2020-04-06 08:25:01.250,0.039719
011,2020-04-06 08:25:01.500,0.039719
011,2020-04-06 08:25:01.750,0.038438
011,2020-04-06 08:25:02.000,0.038438
011,2020-04-06 08:25:02.250,0.039719
011,2020-04-06 08:25:02.500,0.037156
011,2020-04-06 08:25:02.750,0.039719
011,2020-04-06 08:25:03.000,0.039719
011,2020-04-06 08:25:03.250,0.038438
011,2020-04-06 08:25:03.500,0.038438
011,2020-04-06 08:25:03.750,0.039719
011,2020-04-06 08:25:04.000,0.039719
011,2020-04-06 08:25:04.250,0.038438
011,2020-04-06 08:25:04.500,0.040999999999999995
011,2020-04-06 08:25:04.750,0.039719
011,2020-04-06 08:25:05.000,0.038438
011,2020-04-06 08:25:05.250,0.038438
011,2020-04-06 08:25:05.500,0.039719
011,2020-04-06 08:25:05.750,0.039719
011,2020-04-06 08:25:06.000,0.040999999999999995
011,2020-04-06 08:25:06.250,0.039719
011,2020-04-06 08:25:06.500,0.039719
011,2020-04-06 08:25:06.750,0.039719
011,2020-04-06 08:25:07.000,0.040999999999999995
011,2020-04-06 08:25:07.250,0.039719
011,2020-04-06 08:25:07.500,0.038438
011,2020-04-06 08:25:07.750,0.038438
011,2020-04-06 08:25:08.000,0.039719
011,2020-04-06 08:25:08.250,0.040999999999999995
011,2020-04-06 08:25:08.500,0.038438
011,2020-04-06 08:25:08.750,0.040999999999999995
011,2020-04-06 08:25:09.000,0.039719
011,2020-04-06 08:25:09.250,0.038438
011,2020-04-06 08:25:09.500,0.038438
011,2020-04-06 08:25:09.750,0.040999999999999995
011,2020-04-06 08:25:10.000,0.040999999999999995
011,2020-04-06 08:25:10.250,0.039719
011,2020-04-06 08:25:10.500,0.040999999999999995
011,2020-04-06 08:25:10.750,0.039719
011,2020-04-06 08:25:11.000,0.039719
011,2020-04-06 08:25:11.250,0.040999999999999995
011,2020-04-06 08:25:11.500,0.040999999999999995
011,2020-04-06 08:25:11.750,0.040999999999999995
011,2020-04-06 08:25:12.000,0.040999999999999995
011,2020-04-06 08:25:12.250,0.039719
011,2020-04-06 08:25:12.500,0.040999999999999995
011,2020-04-06 08:25:12.750,0.040999999999999995
011,2020-04-06 08:25:13.000,0.039719
011,2020-04-06 08:25:13.250,0.039719
011,2020-04-06 08:25:13.500,0.039719
011,2020-04-06 08:25:13.750,0.039719
011,2020-04-06 08:25:14.000,0.040999999999999995
011,2020-04-06 08:25:14.250,0.040999999999999995
011,2020-04-06 08:25:14.500,0.038438
011,2020-04-06 08:25:14.750,0.040999999999999995
011,2020-04-06 08:25:15.000,0.040999999999999995
011,2020-04-06 08:25:15.250,0.038438
011,2020-04-06 08:25:15.500,0.035875
011,2020-04-06 08:25:15.750,0.038438
011,2020-04-06 08:25:16.000,0.040999999999999995
011,2020-04-06 08:25:16.250,0.039719
011,2020-04-06 08:25:16.500,0.040999999999999995
011,2020-04-06 08:25:16.750,0.040999999999999995
011,2020-04-06 08:25:17.000,0.039719
011,2020-04-06 08:25:17.250,0.040999999999999995
011,2020-04-06 08:25:17.500,0.040999999999999995
011,2020-04-06 08:25:17.750,0.039719
011,2020-04-06 08:25:18.000,0.039719
011,2020-04-06 08:25:18.250,0.040999999999999995
011,2020-04-06 08:25:18.500,0.039719
011,2020-04-06 08:25:18.750,0.038438
011,2020-04-06 08:25:19.000,0.039719
011,2020-04-06 08:25:19.250,0.039719
011,2020-04-06 08:25:19.500,0.039719
011,2020-04-06 08:25:19.750,0.039719
011,2020-04-06 08:25:20.000,0.040999999999999995
011,2020-04-06 08:25:20.250,0.040999999999999995
011,2020-04-06 08:25:20.500,0.039719
011,2020-04-06 08:25:20.750,0.040999999999999995
011,2020-04-06 08:25:21.000,0.039719
011,2020-04-06 08:25:21.250,0.038438
011,2020-04-06 08:25:21.500,0.040999999999999995
011,2020-04-06 08:25:21.750,0.039719
011,2020-04-06 08:25:22.000,0.058938
011,2020-04-06 08:25:22.250,0.830253
011,2020-04-06 08:25:22.500,1.1777389999999999
011,2020-04-06 08:25:22.750,1.615997
011,2020-04-06 08:25:23.000,0.888344
011,2020-04-06 08:25:23.250,0.342431
011,2020-04-06 08:25:23.500,0.0
011,2020-04-06 08:25:23.750,0.0
011,2020-04-06 08:25:24.000,0.0076879999999999995
011,2020-04-06 08:25:24.250,0.0205
011,2020-04-06 08:25:24.500,0.026906
011,2020-04-06 08:25:24.750,0.03075
011,2020-04-06 08:25:25.000,0.034594
011,2020-04-06 08:25:25.250,0.035875
011,2020-04-06 08:25:25.500,0.035875
011,2020-04-06 08:25:25.750,0.038438
011,2020-04-06 08:25:26.000,0.038438
011,2020-04-06 08:25:26.250,0.037156
011,2020-04-06 08:25:26.500,0.039719
011,2020-04-06 08:25:26.750,0.038438
011,2020-04-06 08:25:27.000,0.038438
011,2020-04-06 08:25:27.250,0.038438
011,2020-04-06 08:25:27.500,0.039719
011,2020-04-06 08:25:27.750,0.039719
011,2020-04-06 08:25:28.000,0.039719
011,2020-04-06 08:25:28.250,0.040999999999999995
011,2020-04-06 08:25:28.500,0.039719
011,2020-04-06 08:25:28.750,0.038438
011,2020-04-06 08:25:29.000,0.039719
011,2020-04-06 08:25:29.250,0.040999999999999995
011,2020-04-06 08:25:29.500,0.039719
011,2020-04-06 08:25:29.750,0.040999999999999995
011,2020-04-06 08:25:30.000,0.039719
011,2020-04-06 08:25:30.250,0.039719
011,2020-04-06 08:25:30.500,0.039719
011,2020-04-06 08:25:30.750,0.040999999999999995
011,2020-04-06 08:25:31.000,0.040999999999999995
011,2020-04-06 08:25:31.250,0.039719
011,2020-04-06 08:25:31.500,0.040999999999999995
011,2020-04-06 08:25:31.750,0.040999999999999995
011,2020-04-06 08:25:32.000,0.039719
011,2020-04-06 08:25:32.250,0.039719
011,2020-04-06 08:25:32.500,0.040999999999999995
011,2020-04-06 08:25:32.750,0.039719
011,2020-04-06 08:25:33.000,0.040999999999999995
011,2020-04-06 08:25:33.250,0.040999999999999995
011,2020-04-06 08:25:33.500,0.039719
011,2020-04-06 08:25:33.750,0.039719
011,2020-04-06 08:25:34.000,0.040999999999999995
011,2020-04-06 08:25:34.250,0.040999999999999995
011,2020-04-06 08:25:34.500,0.039719
011,2020-04-06 08:25:34.750,0.040999999999999995
011,2020-04-06 08:25:35.000,0.038438
011,2020-04-06 08:25:35.250,0.032031
011,2020-04-06 08:25:35.500,0.025625
011,2020-04-06 08:25:35.750,0.040999999999999995
011,2020-04-06 08:25:36.000,0.039719
011,2020-04-06 08:25:36.250,0.039719
011,2020-04-06 08:25:36.500,0.040999999999999995
011,2020-04-06 08:25:36.750,0.040999999999999995
011,2020-04-06 08:25:37.000,0.042281
011,2020-04-06 08:25:37.250,0.048688
011,2020-04-06 08:25:37.500,0.070469
011,2020-04-06 08:25:37.750,0.044844
011,2020-04-06 08:25:38.000,0.042281
011,2020-04-06 08:25:38.250,0.044844
011,2020-04-06 08:25:38.500,0.039719
011,2020-04-06 08:25:38.750,0.040999999999999995
011,2020-04-06 08:25:39.000,0.040999999999999995
011,2020-04-06 08:25:39.250,0.048688
011,2020-04-06 08:25:39.500,0.039719
011,2020-04-06 08:25:39.750,0.040999999999999995
011,2020-04-06 08:25:40.000,0.039719
011,2020-04-06 08:25:40.250,0.040999999999999995
011,2020-04-06 08:25:40.500,0.040999999999999995
011,2020-04-06 08:25:40.750,0.040999999999999995
011,2020-04-06 08:25:41.000,0.038438
011,2020-04-06 08:25:41.250,0.038438
011,2020-04-06 08:25:41.500,0.040999999999999995
011,2020-04-06 08:25:41.750,0.039719
011,2020-04-06 08:25:42.000,0.042281
011,2020-04-06 08:25:42.250,0.049969
011,2020-04-06 08:25:42.500,0.05125
011,2020-04-06 08:25:42.750,0.05765599999999999
011,2020-04-06 08:25:43.000,0.09225
011,2020-04-06 08:25:43.250,0.117875
011,2020-04-06 08:25:43.500,0.084563
011,2020-04-06 08:25:43.750,0.042281
011,2020-04-06 08:25:44.000,0.039719
011,2020-04-06 08:25:44.250,0.313907
011,2020-04-06 08:25:44.500,0.498408
011,2020-04-06 08:25:44.750,0.548377
011,2020-04-06 08:25:45.000,0.535564
011,2020-04-06 08:25:45.250,0.503533
011,2020-04-06 08:25:45.500,0.600908
011,2020-04-06 08:25:45.750,0.799502
011,2020-04-06 08:25:46.000,1.1751770000000001
011,2020-04-06 08:25:46.250,1.6121530000000002
011,2020-04-06 08:25:46.500,0.819156
011,2020-04-06 08:25:46.750,0.822901
011,2020-04-06 08:25:47.000,0.922839
011,2020-04-06 08:25:47.250,0.8831200000000001
011,2020-04-06 08:25:47.500,0.8075260000000001
011,2020-04-06 08:25:47.750,0.98562
011,2020-04-06 08:25:48.000,0.863901
011,2020-04-06 08:25:48.250,0.8177760000000001
011,2020-04-06 08:25:48.500,0.8562139999999999
011,2020-04-06 08:25:48.750,0.758838
011,2020-04-06 08:25:49.000,0.772932
011,2020-04-06 08:25:49.250,0.79087
011,2020-04-06 08:25:49.500,0.810088
011,2020-04-06 08:25:49.750,0.828026
011,2020-04-06 08:25:50.000,0.722963
011,2020-04-06 08:25:50.250,0.766526
011,2020-04-06 08:25:50.500,0.534619
011,2020-04-06 08:25:50.750,0.647369
011,2020-04-06 08:25:51.000,0.681963
011,2020-04-06 08:25:51.250,0.8703069999999999
011,2020-04-06 08:25:51.500,0.8703069999999999
011,2020-04-06 08:25:51.750,0.884401
011,2020-04-06 08:25:52.000,0.92412
011,2020-04-06 08:25:52.250,1.263652
011,2020-04-06 08:25:52.500,1.038152
011,2020-04-06 08:25:52.750,0.9446200000000001
011,2020-04-06 08:25:53.000,0.637119
011,2020-04-06 08:25:53.250,0.9407760000000001
011,2020-04-06 08:25:53.500,0.9664010000000001
011,2020-04-06 08:25:53.750,0.9446200000000001
011,2020-04-06 08:25:54.000,0.9651200000000001
011,2020-04-06 08:25:54.250,0.9548700000000001
011,2020-04-06 08:25:54.500,0.9394950000000001
011,2020-04-06 08:25:54.750,0.9433389999999999
011,2020-04-06 08:25:55.000,0.961276
011,2020-04-06 08:25:55.250,0.967683
011,2020-04-06 08:25:55.500,0.974089
011,2020-04-06 08:25:55.750,0.967683
011,2020-04-06 08:25:56.000,0.9689639999999999
011,2020-04-06 08:25:56.250,0.959995
011,2020-04-06 08:25:56.500,0.976651
011,2020-04-06 08:25:56.750,0.972808
011,2020-04-06 08:25:57.000,0.9689639999999999
011,2020-04-06 08:25:57.250,0.971526
011,2020-04-06 08:25:57.500,0.958714
011,2020-04-06 08:25:57.750,0.967683
011,2020-04-06 08:25:58.000,0.967683
011,2020-04-06 08:25:58.250,0.959995
011,2020-04-06 08:25:58.500,0.9433389999999999
011,2020-04-06 08:25:58.750,0.948464
011,2020-04-06 08:25:59.000,0.9548700000000001
011,2020-04-06 08:25:59.250,0.962558
011,2020-04-06 08:25:59.500,0.9433389999999999
011,2020-04-06 08:25:59.750,0.976651
011,2020-04-06 08:26:00.000,0.970245
011,2020-04-06 08:26:00.250,0.9779329999999999
011,2020-04-06 08:26:00.500,1.030464
011,2020-04-06 08:26:00.750,1.0074020000000001
011,2020-04-06 08:26:01.000,0.9894639999999999
011,2020-04-06 08:26:01.250,0.9907450000000001
011,2020-04-06 08:26:01.500,0.99587
011,2020-04-06 08:26:01.750,0.9651200000000001
011,2020-04-06 08:26:02.000,1.537841
011,2020-04-06 08:26:02.250,2.094004
011,2020-04-06 08:26:02.500,2.479861
011,2020-04-06 08:26:02.750,2.618346
011,2020-04-06 08:26:03.000,1.8367810000000002
011,2020-04-06 08:26:03.250,2.582361
011,2020-04-06 08:26:03.500,2.394127
011,2020-04-06 08:26:03.750,2.123782
011,2020-04-06 08:26:04.000,1.830375
011,2020-04-06 08:26:04.250,1.392076
011,2020-04-06 08:26:04.500,1.316283
011,2020-04-06 08:26:04.750,1.2317200000000001
011,2020-04-06 08:26:05.000,1.197126
011,2020-04-06 08:26:05.250,1.910785
011,2020-04-06 08:26:05.500,2.094004
011,2020-04-06 08:26:05.750,2.019891
011,2020-04-06 08:26:06.000,2.542642
011,2020-04-06 08:26:06.250,2.759284
011,2020-04-06 08:26:06.500,1.830375
011,2020-04-06 08:26:06.750,1.593233
011,2020-04-06 08:26:07.000,1.4087319999999999
011,2020-04-06 08:26:07.250,1.3790639999999998
011,2020-04-06 08:26:07.500,1.422627
011,2020-04-06 08:26:07.750,1.569971
011,2020-04-06 08:26:08.000,1.56869
011,2020-04-06 08:26:08.250,1.531533
011,2020-04-06 08:26:08.500,1.516158
011,2020-04-06 08:26:08.750,1.500783
011,2020-04-06 08:26:09.000,1.485408
011,2020-04-06 08:26:09.250,1.4008459999999998
011,2020-04-06 08:26:09.500,1.464908
011,2020-04-06 08:26:09.750,1.411096
011,2020-04-06 08:26:10.000,1.381627
011,2020-04-06 08:26:10.250,1.373939
011,2020-04-06 08:26:10.500,1.382908
011,2020-04-06 08:26:10.750,1.336783
011,2020-04-06 08:26:11.000,1.3290950000000001
011,2020-04-06 08:26:11.250,1.318845
011,2020-04-06 08:26:11.500,1.309877
011,2020-04-06 08:26:11.750,1.300908
011,2020-04-06 08:26:12.000,1.286814
011,2020-04-06 08:26:12.250,1.2816889999999999
011,2020-04-06 08:26:12.500,1.271439
011,2020-04-06 08:26:12.750,1.261189
011,2020-04-06 08:26:13.000,1.249658
011,2020-04-06 08:26:13.250,1.240689
011,2020-04-06 08:26:13.500,1.227876
011,2020-04-06 08:26:13.750,1.225314
011,2020-04-06 08:26:14.000,1.218907
011,2020-04-06 08:26:14.250,1.218907
011,2020-04-06 08:26:14.500,1.216345
011,2020-04-06 08:26:14.750,1.217626
011,2020-04-06 08:26:15.000,1.217626
011,2020-04-06 08:26:15.250,1.207376
011,2020-04-06 08:26:15.500,1.203532
011,2020-04-06 08:26:15.750,1.193282
011,2020-04-06 08:26:16.000,1.1843139999999999
011,2020-04-06 08:26:16.250,1.174064
011,2020-04-06 08:26:16.500,1.168939
011,2020-04-06 08:26:16.750,1.161251
011,2020-04-06 08:26:17.000,1.156126
011,2020-04-06 08:26:17.250,1.194564
011,2020-04-06 08:26:17.500,1.194564
011,2020-04-06 08:26:17.750,1.1830319999999999
011,2020-04-06 08:26:18.000,1.179189
011,2020-04-06 08:26:18.250,1.174064
011,2020-04-06 08:26:18.500,1.168939
011,2020-04-06 08:26:18.750,1.163814
011,2020-04-06 08:26:19.000,1.1599700000000002
011,2020-04-06 08:26:19.250,1.1548450000000001
011,2020-04-06 08:26:19.500,1.148439
011,2020-04-06 08:26:19.750,1.144595
011,2020-04-06 08:26:20.000,1.1458760000000001
011,2020-04-06 08:26:20.250,1.142032
011,2020-04-06 08:26:20.500,1.143314
011,2020-04-06 08:26:20.750,1.138188
011,2020-04-06 08:26:21.000,1.131782
011,2020-04-06 08:26:21.250,1.125376
011,2020-04-06 08:26:21.500,1.126657
011,2020-04-06 08:26:21.750,1.126657
011,2020-04-06 08:26:22.000,1.126657
011,2020-04-06 08:26:22.250,1.124095
011,2020-04-06 08:26:22.500,1.124095
011,2020-04-06 08:26:22.750,1.124095
011,2020-04-06 08:26:23.000,1.124095
011,2020-04-06 08:26:23.250,1.1228129999999998
011,2020-04-06 08:26:23.500,1.1228129999999998
011,2020-04-06 08:26:23.750,1.11897
011,2020-04-06 08:26:24.000,1.120251
011,2020-04-06 08:26:24.250,1.120251
011,2020-04-06 08:26:24.500,1.11897
011,2020-04-06 08:26:24.750,1.120251
011,2020-04-06 08:26:25.000,1.113845
011,2020-04-06 08:26:25.250,1.112563
011,2020-04-06 08:26:25.500,1.11897
011,2020-04-06 08:26:25.750,1.115126
011,2020-04-06 08:26:26.000,1.116407
011,2020-04-06 08:26:26.250,1.124095
011,2020-04-06 08:26:26.500,1.130501
011,2020-04-06 08:26:26.750,1.138188
011,2020-04-06 08:26:27.000,1.148439
011,2020-04-06 08:26:27.250,1.1548450000000001
011,2020-04-06 08:26:27.500,1.157407
011,2020-04-06 08:26:27.750,1.1548450000000001
011,2020-04-06 08:26:28.000,1.153564
011,2020-04-06 08:26:28.250,1.147157
011,2020-04-06 08:26:28.500,1.147157
011,2020-04-06 08:26:28.750,1.140751
011,2020-04-06 08:26:29.000,1.1343450000000002
011,2020-04-06 08:26:29.250,1.135626
011,2020-04-06 08:26:29.500,1.131782
011,2020-04-06 08:26:29.750,1.127939
011,2020-04-06 08:26:30.000,1.124095
011,2020-04-06 08:26:30.250,1.125376
011,2020-04-06 08:26:30.500,1.126657
011,2020-04-06 08:26:30.750,1.131782
011,2020-04-06 08:26:31.000,1.142032
011,2020-04-06 08:26:31.250,1.14972
011,2020-04-06 08:26:31.500,1.148439
011,2020-04-06 08:26:31.750,1.148439
011,2020-04-06 08:26:32.000,1.148439
011,2020-04-06 08:26:32.250,1.13947
011,2020-04-06 08:26:32.500,1.0830950000000001
011,2020-04-06 08:26:32.750,0.916532
011,2020-04-06 08:26:33.000,0.9779329999999999
011,2020-04-06 08:26:33.250,0.994589
011,2020-04-06 08:26:33.500,0.999714
011,2020-04-06 08:26:33.750,0.9907450000000001
011,2020-04-06 08:26:34.000,0.972808
011,2020-04-06 08:26:34.250,1.015089
011,2020-04-06 08:26:34.500,1.066339
011,2020-04-06 08:26:34.750,1.088121
011,2020-04-06 08:26:35.000,1.099652
011,2020-04-06 08:26:35.250,1.113746
011,2020-04-06 08:26:35.500,1.1291209999999998
011,2020-04-06 08:26:35.750,1.198308
011,2020-04-06 08:26:36.000,1.27134
011,2020-04-06 08:26:36.250,1.2828709999999999
011,2020-04-06 08:26:36.500,1.268777
011,2020-04-06 08:26:36.750,1.267496
011,2020-04-06 08:26:37.000,1.27134
011,2020-04-06 08:26:37.250,1.267496
011,2020-04-06 08:26:37.500,1.270059
011,2020-04-06 08:26:37.750,1.267496
011,2020-04-06 08:26:38.000,1.264934
011,2020-04-06 08:26:38.250,1.264934
011,2020-04-06 08:26:38.500,1.26109
011,2020-04-06 08:26:38.750,1.258527
011,2020-04-06 08:26:39.000,1.258527
011,2020-04-06 08:26:39.250,1.25084
011,2020-04-06 08:26:39.500,1.2521209999999998
011,2020-04-06 08:26:39.750,1.254683
011,2020-04-06 08:26:40.000,1.254683
011,2020-04-06 08:26:40.250,1.255965
011,2020-04-06 08:26:40.500,1.255965
011,2020-04-06 08:26:40.750,1.259809
011,2020-04-06 08:26:41.000,1.25084
011,2020-04-06 08:26:41.250,1.259809
011,2020-04-06 08:26:41.500,1.25084
011,2020-04-06 08:26:41.750,1.32259
011,2020-04-06 08:26:42.000,1.327715
011,2020-04-06 08:26:42.250,1.387934
011,2020-04-06 08:26:42.500,1.280309
011,2020-04-06 08:26:42.750,1.398184
011,2020-04-06 08:26:43.000,1.419965
011,2020-04-06 08:26:43.250,1.443028
011,2020-04-06 08:26:43.500,1.4379030000000002
011,2020-04-06 08:26:43.750,1.441747
011,2020-04-06 08:26:44.000,1.4622469999999999
011,2020-04-06 08:26:44.250,1.454658
011,2020-04-06 08:26:44.500,1.4777209999999998
011,2020-04-06 08:26:44.750,1.49694
011,2020-04-06 08:26:45.000,1.545627
011,2020-04-06 08:26:45.250,1.443127
011,2020-04-06 08:26:45.500,1.5763770000000001
011,2020-04-06 08:26:45.750,1.63019
011,2020-04-06 08:26:46.000,1.639159
011,2020-04-06 08:26:46.250,1.6404400000000001
011,2020-04-06 08:26:46.500,1.403408
011,2020-04-06 08:26:46.750,1.156126
011,2020-04-06 08:26:47.000,1.267595
011,2020-04-06 08:26:47.250,1.4995020000000001
011,2020-04-06 08:26:47.500,1.505908
011,2020-04-06 08:26:47.750,1.522565
011,2020-04-06 08:26:48.000,1.54819
011,2020-04-06 08:26:48.250,1.539221
011,2020-04-06 08:26:48.500,1.522565
011,2020-04-06 08:26:48.750,1.4520959999999998
011,2020-04-06 08:26:49.000,1.534096
011,2020-04-06 08:26:49.250,1.545627
011,2020-04-06 08:26:49.500,1.553315
011,2020-04-06 08:26:49.750,1.596877
011,2020-04-06 08:26:50.000,1.685284
011,2020-04-06 08:26:50.250,1.759597
011,2020-04-06 08:26:50.500,1.8275029999999999
011,2020-04-06 08:26:50.750,1.865941
011,2020-04-06 08:26:51.000,1.8723470000000002
011,2020-04-06 08:26:51.250,1.9197529999999998
011,2020-04-06 08:26:51.500,1.9402529999999998
011,2020-04-06 08:26:51.750,1.843077
011,2020-04-06 08:26:52.000,1.8789529999999999
011,2020-04-06 08:26:52.250,1.9904220000000001
011,2020-04-06 08:26:52.500,2.048078
011,2020-04-06 08:26:52.750,2.076266
011,2020-04-06 08:26:53.000,2.077547
011,2020-04-06 08:26:53.250,2.071141
011,2020-04-06 08:26:53.500,2.073703
011,2020-04-06 08:26:53.750,2.081391
011,2020-04-06 08:26:54.000,2.071141
011,2020-04-06 08:26:54.250,2.06986
011,2020-04-06 08:26:54.500,2.064734
011,2020-04-06 08:26:54.750,2.054484
011,2020-04-06 08:26:55.000,2.041672
011,2020-04-06 08:26:55.250,2.023734
011,2020-04-06 08:26:55.500,2.0057970000000003
011,2020-04-06 08:26:55.750,1.9917029999999998
011,2020-04-06 08:26:56.000,1.977609
011,2020-04-06 08:26:56.250,1.962234
011,2020-04-06 08:26:56.500,1.9507029999999999
011,2020-04-06 08:26:56.750,1.9442959999999998
011,2020-04-06 08:26:57.000,1.936609
011,2020-04-06 08:26:57.250,1.940453
011,2020-04-06 08:26:57.500,1.9455779999999998
011,2020-04-06 08:26:57.750,1.951984
011,2020-04-06 08:26:58.000,1.9468590000000001
011,2020-04-06 08:26:58.250,1.9468590000000001
011,2020-04-06 08:26:58.500,1.9378900000000001
011,2020-04-06 08:26:58.750,1.930203
011,2020-04-06 08:26:59.000,1.9237959999999998
011,2020-04-06 08:26:59.250,1.912265
011,2020-04-06 08:26:59.500,1.9020150000000002
012,2020-05-03 16:41:52.000,0.0
012,2020-05-03 16:41:52.250,0.0
012,2020-05-03 16:41:52.500,0.012806
012,2020-05-03 16:41:52.750,0.017929
012,2020-05-03 16:41:53.000,0.016648
012,2020-05-03 16:41:53.250,0.016648
012,2020-05-03 16:41:53.500,0.014087
012,2020-05-03 16:41:53.750,0.014087
012,2020-05-03 16:41:54.000,0.010245
012,2020-05-03 16:41:54.250,0.008964
012,2020-05-03 16:41:54.500,0.056348
012,2020-05-03 16:41:54.750,0.34577199999999997
012,2020-05-03 16:41:55.000,0.006403
012,2020-05-03 16:41:55.250,0.006403
012,2020-05-03 16:41:55.500,0.005123
012,2020-05-03 16:41:55.750,0.002561
012,2020-05-03 16:41:56.000,0.210024
012,2020-05-03 16:41:56.250,0.735086
012,2020-05-03 16:41:56.500,1.001725
012,2020-05-03 16:41:56.750,1.186137
012,2020-05-03 16:41:57.000,1.624184
012,2020-05-03 16:41:57.250,2.10196
012,2020-05-03 16:41:57.500,1.54124
012,2020-05-03 16:41:57.750,1.303042
012,2020-05-03 16:41:58.000,0.813639
012,2020-05-03 16:41:58.250,0.33714299999999997
012,2020-05-03 16:41:58.500,0.0
012,2020-05-03 16:41:58.750,0.0
012,2020-05-03 16:41:59.000,0.0
012,2020-05-03 16:41:59.250,0.0
012,2020-05-03 16:41:59.500,0.0
012,2020-05-03 16:41:59.750,0.0
012,2020-05-03 16:42:00.000,0.0
012,2020-05-03 16:42:00.250,0.0
012,2020-05-03 16:42:00.500,0.0
012,2020-05-03 16:42:00.750,0.0
012,2020-05-03 16:42:01.000,0.0
012,2020-05-03 16:42:01.250,0.0
012,2020-05-03 16:42:01.500,0.0
012,2020-05-03 16:42:01.750,0.0
012,2020-05-03 16:42:02.000,0.0
012,2020-05-03 16:42:02.250,0.0
012,2020-05-03 16:42:02.500,0.0
012,2020-05-03 16:42:02.750,0.0
012,2020-05-03 16:42:03.000,0.0
012,2020-05-03 16:42:03.250,0.0
012,2020-05-03 16:42:03.500,0.0
012,2020-05-03 16:42:03.750,0.0
012,2020-05-03 16:42:04.000,0.0
012,2020-05-03 16:42:04.250,0.0
012,2020-05-03 16:42:04.500,0.0
012,2020-05-03 16:42:04.750,0.0
012,2020-05-03 16:42:05.000,0.0
012,2020-05-03 16:42:05.250,0.0
012,2020-05-03 16:42:05.500,0.0
012,2020-05-03 16:42:05.750,0.0
012,2020-05-03 16:42:06.000,0.0
012,2020-05-03 16:42:06.250,0.0
012,2020-05-03 16:42:06.500,0.0
012,2020-05-03 16:42:06.750,0.0
012,2020-05-03 16:42:07.000,0.0
012,2020-05-03 16:42:07.250,0.0
012,2020-05-03 16:42:07.500,0.0
012,2020-05-03 16:42:07.750,0.0
012,2020-05-03 16:42:08.000,0.0
012,2020-05-03 16:42:08.250,0.0
012,2020-05-03 16:42:08.500,0.0
012,2020-05-03 16:42:08.750,0.0
012,2020-05-03 16:42:09.000,0.0
012,2020-05-03 16:42:09.250,0.0
012,2020-05-03 16:42:09.500,0.0
012,2020-05-03 16:42:09.750,0.0
012,2020-05-03 16:42:10.000,0.0
012,2020-05-03 16:42:10.250,0.0
012,2020-05-03 16:42:10.500,0.688983
012,2020-05-03 16:42:10.750,1.101615
012,2020-05-03 16:42:11.000,1.237431
012,2020-05-03 16:42:11.250,1.216941
012,2020-05-03 16:42:11.500,0.512591
012,2020-05-03 16:42:11.750,0.335863
012,2020-05-03 16:42:12.000,0.0
012,2020-05-03 16:42:12.250,0.0
012,2020-05-03 16:42:12.500,0.0
012,2020-05-03 16:42:12.750,0.0
012,2020-05-03 16:42:13.000,0.500729
012,2020-05-03 16:42:13.250,0.45590699999999995
012,2020-05-03 16:42:13.500,0.372665
012,2020-05-03 16:42:13.750,0.016648
012,2020-05-03 16:42:14.000,0.0
012,2020-05-03 16:42:14.250,0.0
012,2020-05-03 16:42:14.500,0.0
012,2020-05-03 16:42:14.750,0.0
012,2020-05-03 16:42:15.000,0.0
012,2020-05-03 16:42:15.250,0.0
012,2020-05-03 16:42:15.500,0.0
012,2020-05-03 16:42:15.750,0.0
012,2020-05-03 16:42:16.000,0.0
012,2020-05-03 16:42:16.250,0.0
012,2020-05-03 16:42:16.500,0.0
012,2020-05-03 16:42:16.750,0.0
012,2020-05-03 16:42:17.000,0.0
012,2020-05-03 16:42:17.250,0.0
012,2020-05-03 16:42:17.500,0.0
012,2020-05-03 16:42:17.750,0.0
012,2020-05-03 16:42:18.000,0.0
012,2020-05-03 16:42:18.250,0.0
012,2020-05-03 16:42:18.500,0.0
012,2020-05-03 16:42:18.750,0.0
012,2020-05-03 16:42:19.000,0.0
012,2020-05-03 16:42:19.250,0.0
012,2020-05-03 16:42:19.500,0.0
012,2020-05-03 16:42:19.750,0.0
012,2020-05-03 16:42:20.000,0.0
012,2020-05-03 16:42:20.250,0.0
012,2020-05-03 16:42:20.500,0.0
012,2020-05-03 16:42:20.750,0.0
012,2020-05-03 16:42:21.000,0.0
012,2020-05-03 16:42:21.250,0.0
012,2020-05-03 16:42:21.500,0.0
012,2020-05-03 16:42:21.750,0.0
012,2020-05-03 16:42:22.000,0.0
012,2020-05-03 16:42:22.250,0.0
012,2020-05-03 16:42:22.500,0.0
012,2020-05-03 16:42:22.750,0.0
012,2020-05-03 16:42:23.000,0.0
012,2020-05-03 16:42:23.250,0.0
012,2020-05-03 16:42:23.500,0.0
012,2020-05-03 16:42:23.750,0.0
012,2020-05-03 16:42:24.000,0.0
012,2020-05-03 16:42:24.250,0.0
012,2020-05-03 16:42:24.500,0.0
012,2020-05-03 16:42:24.750,0.0
012,2020-05-03 16:42:25.000,0.0
012,2020-05-03 16:42:25.250,0.0
012,2020-05-03 16:42:25.500,0.0
012,2020-05-03 16:42:25.750,0.0
012,2020-05-03 16:42:26.000,0.0
012,2020-05-03 16:42:26.250,0.0
012,2020-05-03 16:42:26.500,0.0
012,2020-05-03 16:42:26.750,0.0
012,2020-05-03 16:42:27.000,0.0
012,2020-05-03 16:42:27.250,0.0
012,2020-05-03 16:42:27.500,0.0
012,2020-05-03 16:42:27.750,0.0
012,2020-05-03 16:42:28.000,0.0
012,2020-05-03 16:42:28.250,0.0
012,2020-05-03 16:42:28.500,0.0
012,2020-05-03 16:42:28.750,0.0
012,2020-05-03 16:42:29.000,0.0
012,2020-05-03 16:42:29.250,0.0
012,2020-05-03 16:42:29.500,0.0
012,2020-05-03 16:42:29.750,0.0
012,2020-05-03 16:42:30.000,0.0
012,2020-05-03 16:42:30.250,0.0
012,2020-05-03 16:42:30.500,0.0
012,2020-05-03 16:42:30.750,0.0
012,2020-05-03 16:42:31.000,0.0
012,2020-05-03 16:42:31.250,0.0
012,2020-05-03 16:42:31.500,0.049944999999999996
012,2020-05-03 16:42:31.750,0.048664
012,2020-05-03 16:42:32.000,0.032016
012,2020-05-03 16:42:32.250,0.084522
012,2020-05-03 16:42:32.500,0.057629
012,2020-05-03 16:42:32.750,0.09604800000000001
012,2020-05-03 16:42:33.000,0.093486
012,2020-05-03 16:42:33.250,0.069154
012,2020-05-03 16:42:33.500,0.037138
012,2020-05-03 16:42:33.750,0.032016
012,2020-05-03 16:42:34.000,0.023051
012,2020-05-03 16:42:34.250,0.234357
012,2020-05-03 16:42:34.500,0.332966
012,2020-05-03 16:42:34.750,0.152396
012,2020-05-03 16:42:35.000,0.185692
012,2020-05-03 16:42:35.250,0.04098
012,2020-05-03 16:42:35.500,0.001281
012,2020-05-03 16:42:35.750,0.053787
012,2020-05-03 16:42:36.000,0.204902
012,2020-05-03 16:42:36.250,0.006403
012,2020-05-03 16:42:36.500,0.0
012,2020-05-03 16:42:36.750,0.084522
012,2020-05-03 16:42:37.000,0.478958
012,2020-05-03 16:42:37.250,0.8298530000000001
012,2020-05-03 16:42:37.500,0.963306
012,2020-05-03 16:42:37.750,1.134911
012,2020-05-03 16:42:38.000,1.3731790000000001
012,2020-05-03 16:42:38.250,1.6024129999999999
012,2020-05-03 16:42:38.500,1.2221629999999999
012,2020-05-03 16:42:38.750,1.583302
012,2020-05-03 16:42:39.000,1.4782899999999999
012,2020-05-03 16:42:39.250,1.022383
012,2020-05-03 16:42:39.500,0.912248
012,2020-05-03 16:42:39.750,0.709809
012,2020-05-03 16:42:40.000,0.923675
012,2020-05-03 16:42:40.250,0.9428850000000001
012,2020-05-03 16:42:40.500,0.921114
012,2020-05-03 16:42:40.750,0.41142
012,2020-05-03 16:42:41.000,0.19236199999999998
012,2020-05-03 16:42:41.250,0.31914499999999996
012,2020-05-03 16:42:41.500,0.41391300000000003
012,2020-05-03 16:42:41.750,0.48562799999999995
012,2020-05-03 16:42:42.000,0.53045
012,2020-05-03 16:42:42.250,0.53045
012,2020-05-03 16:42:42.500,0.344758
012,2020-05-03 16:42:42.750,0.216694
012,2020-05-03 16:42:43.000,0.271762
012,2020-05-03 16:42:43.250,0.303778
012,2020-05-03 16:42:43.500,0.340916
012,2020-05-03 16:42:43.750,0.357564
012,2020-05-03 16:42:44.000,0.362687
012,2020-05-03 16:42:44.250,0.362687
012,2020-05-03 16:42:44.500,0.26792
012,2020-05-03 16:42:44.750,0.321707
012,2020-05-03 16:42:45.000,0.303778
012,2020-05-03 16:42:45.250,0.365248
012,2020-05-03 16:42:45.500,0.60985
012,2020-05-03 16:42:45.750,0.9120799999999999
012,2020-05-03 16:42:46.000,1.019654
012,2020-05-03 16:42:46.250,0.781455
012,2020-05-03 16:42:46.500,1.154121
012,2020-05-03 16:42:46.750,1.038932
012,2020-05-03 16:42:47.000,1.081193
012,2020-05-03 16:42:47.250,1.097842
012,2020-05-03 16:42:47.500,1.003075
012,2020-05-03 16:42:47.750,1.584484
012,2020-05-03 16:42:48.000,0.926335
012,2020-05-03 16:42:48.250,0.795611
012,2020-05-03 16:42:48.500,0.5484479999999999
012,2020-05-03 16:42:48.750,0.9492879999999999
012,2020-05-03 16:42:49.000,1.149067
012,2020-05-03 16:42:49.250,1.4397719999999998
012,2020-05-03 16:42:49.500,1.266886
012,2020-05-03 16:42:49.750,1.607535
012,2020-05-03 16:42:50.000,1.4552379999999998
012,2020-05-03 16:42:50.250,0.81492
012,2020-05-03 16:42:50.500,0.335863
012,2020-05-03 16:42:50.750,0.32042600000000004
012,2020-05-03 16:42:51.000,0.262797
012,2020-05-03 16:42:51.250,0.269201
012,2020-05-03 16:42:51.500,0.42543800000000004
012,2020-05-03 16:42:51.750,0.48050600000000004
012,2020-05-03 16:42:52.000,0.48946999999999996
012,2020-05-03 16:42:52.250,0.541976
012,2020-05-03 16:42:52.500,0.559905
012,2020-05-03 16:42:52.750,0.565028
012,2020-05-03 16:42:53.000,0.56887
012,2020-05-03 16:42:53.250,0.655953
012,2020-05-03 16:42:53.500,1.134911
012,2020-05-03 16:42:53.750,0.476733
012,2020-05-03 16:42:54.000,0.052773
012,2020-05-03 16:42:54.250,0.001547
012,2020-05-03 16:42:54.500,0.30095
012,2020-05-03 16:42:54.750,0.42133000000000004
012,2020-05-03 16:42:55.000,0.600619
012,2020-05-03 16:42:55.250,0.696667
012,2020-05-03 16:42:55.500,0.556063
012,2020-05-03 16:42:55.750,0.197485
012,2020-05-03 16:42:56.000,0.6072890000000001
012,2020-05-03 16:42:56.250,0.622656
012,2020-05-03 16:42:56.500,0.6444270000000001
012,2020-05-03 16:42:56.750,0.703336
012,2020-05-03 16:42:57.000,0.533012
012,2020-05-03 16:42:57.250,0.553502
012,2020-05-03 16:42:57.500,0.604727
012,2020-05-03 16:42:57.750,0.681566
012,2020-05-03 16:42:58.000,0.6418659999999999
012,2020-05-03 16:42:58.250,1.086247
012,2020-05-03 16:42:58.500,1.086316
012,2020-05-03 16:42:58.750,1.101684
012,2020-05-03 16:42:59.000,0.8801329999999999
012,2020-05-03 16:42:59.250,0.644496
012,2020-05-03 16:42:59.500,0.41013999999999995
012,2020-05-03 16:42:59.750,0.963306
012,2020-05-03 16:43:00.000,0.994041
012,2020-05-03 16:43:00.250,0.950499
012,2020-05-03 16:43:00.500,0.965867
012,2020-05-03 16:43:00.750,0.997883
012,2020-05-03 16:43:01.000,1.046547
012,2020-05-03 16:43:01.250,0.991549
012,2020-05-03 16:43:01.500,1.024845
012,2020-05-03 16:43:01.750,1.045336
012,2020-05-03 16:43:02.000,1.0530190000000001
012,2020-05-03 16:43:02.250,1.059423
012,2020-05-03 16:43:02.500,1.068387
012,2020-05-03 16:43:02.750,1.070948
012,2020-05-03 16:43:03.000,1.082474
012,2020-05-03 16:43:03.250,1.087597
012,2020-05-03 16:43:03.500,1.091439
012,2020-05-03 16:43:03.750,1.094
012,2020-05-03 16:43:04.000,1.092719
012,2020-05-03 16:43:04.250,1.091439
012,2020-05-03 16:43:04.500,0.681635
012,2020-05-03 16:43:04.750,1.077352
012,2020-05-03 16:43:05.000,1.1913280000000002
012,2020-05-03 16:43:05.250,1.300182
012,2020-05-03 16:43:05.500,0.818663
012,2020-05-03 16:43:05.750,0.33714299999999997
012,2020-05-03 16:43:06.000,0.6111310000000001
012,2020-05-03 16:43:06.250,0.663637
012,2020-05-03 16:43:06.500,0.7340720000000001
012,2020-05-03 16:43:06.750,0.9364120000000001
012,2020-05-03 16:43:07.000,0.958183
012,2020-05-03 16:43:07.250,0.9825149999999999
012,2020-05-03 16:43:07.500,0.994041
012,2020-05-03 16:43:07.750,1.005567
012,2020-05-03 16:43:08.000,1.006848
012,2020-05-03 16:43:08.250,1.0145309999999998
012,2020-05-03 16:43:08.500,1.0145309999999998
012,2020-05-03 16:43:08.750,1.018373
012,2020-05-03 16:43:09.000,1.023496
012,2020-05-03 16:43:09.250,1.0273379999999999
012,2020-05-03 16:43:09.500,0.969778
012,2020-05-03 16:43:09.750,0.980023
012,2020-05-03 16:43:10.000,0.980023
012,2020-05-03 16:43:10.250,0.9813040000000001
012,2020-05-03 16:43:10.500,0.982584
012,2020-05-03 16:43:10.750,0.982584
012,2020-05-03 16:43:11.000,0.9428850000000001
012,2020-05-03 16:43:11.250,0.9403229999999999
012,2020-05-03 16:43:11.500,0.9544100000000001
012,2020-05-03 16:43:11.750,0.955691
012,2020-05-03 16:43:12.000,0.963375
012,2020-05-03 16:43:12.250,0.963375
012,2020-05-03 16:43:12.500,0.978742
012,2020-05-03 16:43:12.750,0.977462
012,2020-05-03 16:43:13.000,0.983865
012,2020-05-03 16:43:13.250,0.983865
012,2020-05-03 16:43:13.500,0.986426
012,2020-05-03 16:43:13.750,0.9928299999999999
012,2020-05-03 16:43:14.000,0.991549
012,2020-05-03 16:43:14.250,0.955691
012,2020-05-03 16:43:14.500,0.965936
012,2020-05-03 16:43:14.750,1.090158
012,2020-05-03 16:43:15.000,1.077352
012,2020-05-03 16:43:15.250,1.076071
012,2020-05-03 16:43:15.500,1.085035
012,2020-05-03 16:43:15.750,1.0671059999999999
012,2020-05-03 16:43:16.000,1.024845
012,2020-05-03 16:43:16.250,1.036371
012,2020-05-03 16:43:16.500,1.100403
012,2020-05-03 16:43:16.750,1.137542
012,2020-05-03 16:43:17.000,1.150348
012,2020-05-03 16:43:17.250,1.131138
012,2020-05-03 16:43:17.500,1.1349799999999999
012,2020-05-03 16:43:17.750,1.141383
012,2020-05-03 16:43:18.000,1.142664
012,2020-05-03 16:43:18.250,1.146506
012,2020-05-03 16:43:18.500,1.151628
012,2020-05-03 16:43:18.750,1.151628
012,2020-05-03 16:43:19.000,1.151628
012,2020-05-03 16:43:19.250,1.15419
012,2020-05-03 16:43:19.500,1.15419
012,2020-05-03 16:43:19.750,1.15547
012,2020-05-03 16:43:20.000,1.156751
012,2020-05-03 16:43:20.250,1.15419
012,2020-05-03 16:43:20.500,1.15419
012,2020-05-03 16:43:20.750,1.15419
012,2020-05-03 16:43:21.000,1.151628
012,2020-05-03 16:43:21.250,1.149067
012,2020-05-03 16:43:21.500,1.142664
012,2020-05-03 16:43:21.750,1.140103
012,2020-05-03 16:43:22.000,1.142664
012,2020-05-03 16:43:22.250,1.143945
012,2020-05-03 16:43:22.500,1.140103
012,2020-05-03 16:43:22.750,1.141383
012,2020-05-03 16:43:23.000,1.140103
012,2020-05-03 16:43:23.250,1.138822
012,2020-05-03 16:43:23.500,1.137542
012,2020-05-03 16:43:23.750,1.1349799999999999
012,2020-05-03 16:43:24.000,1.137542
012,2020-05-03 16:43:24.250,1.141383
012,2020-05-03 16:43:24.500,1.145225
012,2020-05-03 16:43:24.750,1.141383
012,2020-05-03 16:43:25.000,1.138822
012,2020-05-03 16:43:25.250,1.138822
012,2020-05-03 16:43:25.500,1.1349799999999999
012,2020-05-03 16:43:25.750,1.1337
012,2020-05-03 16:43:26.000,1.1337
012,2020-05-03 16:43:26.250,1.138822
012,2020-05-03 16:43:26.500,1.1337
012,2020-05-03 16:43:26.750,1.1349799999999999
012,2020-05-03 16:43:27.000,1.1349799999999999
012,2020-05-03 16:43:27.250,1.132419
012,2020-05-03 16:43:27.500,1.141383
012,2020-05-03 16:43:27.750,1.1477870000000001
012,2020-05-03 16:43:28.000,1.146506
012,2020-05-03 16:43:28.250,1.1349799999999999
012,2020-05-03 16:43:28.500,1.132419
012,2020-05-03 16:43:28.750,1.131138
012,2020-05-03 16:43:29.000,1.1272959999999999
012,2020-05-03 16:43:29.250,1.124735
012,2020-05-03 16:43:29.500,1.124735
012,2020-05-03 16:43:29.750,1.1208930000000001
012,2020-05-03 16:43:30.000,1.1234540000000002
012,2020-05-03 16:43:30.250,1.119613
012,2020-05-03 16:43:30.500,1.1157709999999998
012,2020-05-03 16:43:30.750,1.117051
012,2020-05-03 16:43:31.000,1.1132090000000001
012,2020-05-03 16:43:31.250,1.1106479999999999
012,2020-05-03 16:43:31.500,1.1106479999999999
012,2020-05-03 16:43:31.750,1.11449
012,2020-05-03 16:43:32.000,1.100403
012,2020-05-03 16:43:32.250,1.091439
012,2020-05-03 16:43:32.500,1.094
012,2020-05-03 16:43:32.750,1.086316
012,2020-05-03 16:43:33.000,1.087597
012,2020-05-03 16:43:33.250,1.085035
012,2020-05-03 16:43:33.500,1.082474
012,2020-05-03 16:43:33.750,1.081193
012,2020-05-03 16:43:34.000,1.078632
012,2020-05-03 16:43:34.250,1.076071
012,2020-05-03 16:43:34.500,1.077352
012,2020-05-03 16:43:34.750,1.070948
012,2020-05-03 16:43:35.000,1.068387
012,2020-05-03 16:43:35.250,1.0671059999999999
012,2020-05-03 16:43:35.500,1.063264
012,2020-05-03 16:43:35.750,1.061984
012,2020-05-03 16:43:36.000,1.07351
012,2020-05-03 16:43:36.250,1.07351
012,2020-05-03 16:43:36.500,1.068387
012,2020-05-03 16:43:36.750,1.070948
012,2020-05-03 16:43:37.000,1.068387
012,2020-05-03 16:43:37.250,1.070948
012,2020-05-03 16:43:37.500,1.069668
012,2020-05-03 16:43:37.750,1.065826
012,2020-05-03 16:43:38.000,1.061984
012,2020-05-03 16:43:38.250,1.0530190000000001
012,2020-05-03 16:43:38.500,1.027407
012,2020-05-03 16:43:38.750,1.021003
012,2020-05-03 16:43:39.000,1.012039
012,2020-05-03 16:43:39.250,1.021003
012,2020-05-03 16:43:39.500,1.015881
012,2020-05-03 16:43:39.750,1.01332
012,2020-05-03 16:43:40.000,1.0146
012,2020-05-03 16:43:40.250,1.01332
012,2020-05-03 16:43:40.500,1.010758
012,2020-05-03 16:43:40.750,1.006917
012,2020-05-03 16:43:41.000,1.008197
012,2020-05-03 16:43:41.250,1.005636
012,2020-05-03 16:43:41.500,1.003075
012,2020-05-03 16:43:41.750,1.023565
012,2020-05-03 16:43:42.000,0.986426
012,2020-05-03 16:43:42.250,0.868608
012,2020-05-03 16:43:42.500,0.807137
012,2020-05-03 16:43:42.750,0.8788530000000001
012,2020-05-03 16:43:43.000,0.912149
012,2020-05-03 16:43:43.250,0.9300780000000001
012,2020-05-03 16:43:43.500,0.9326399999999999
012,2020-05-03 16:43:43.750,0.9390430000000001
012,2020-05-03 16:43:44.000,0.9480069999999999
012,2020-05-03 16:43:44.250,0.955691
012,2020-05-03 16:43:44.500,0.842995
012,2020-05-03 16:43:44.750,0.839153
012,2020-05-03 16:43:45.000,0.839153
012,2020-05-03 16:43:45.250,0.835311
012,2020-05-03 16:43:45.500,0.958252
012,2020-05-03 16:43:45.750,0.959533
012,2020-05-03 16:43:46.000,0.955691
012,2020-05-03 16:43:46.250,0.955691
012,2020-05-03 16:43:46.500,0.9544100000000001
012,2020-05-03 16:43:46.750,0.959533
012,2020-05-03 16:43:47.000,0.958252
012,2020-05-03 16:43:47.250,0.9569719999999999
012,2020-05-03 16:43:47.500,0.9569719999999999
012,2020-05-03 16:43:47.750,0.958252
012,2020-05-03 16:43:48.000,0.9544100000000001
012,2020-05-03 16:43:48.250,0.9544100000000001
012,2020-05-03 16:43:48.500,0.955691
012,2020-05-03 16:43:48.750,0.9531299999999999
012,2020-05-03 16:43:49.000,0.9467270000000001
012,2020-05-03 16:43:49.250,0.9492879999999999
012,2020-05-03 16:43:49.500,0.9441649999999999
012,2020-05-03 16:43:49.750,0.9441649999999999
012,2020-05-03 16:43:50.000,0.9390430000000001
012,2020-05-03 16:43:50.250,0.9352010000000001
012,2020-05-03 16:43:50.500,0.9326399999999999
012,2020-05-03 16:43:50.750,0.931359
012,2020-05-03 16:43:51.000,0.9262360000000001
012,2020-05-03 16:43:51.250,0.924956
012,2020-05-03 16:43:51.500,0.922394
012,2020-05-03 16:43:51.750,0.917272
012,2020-05-03 16:43:52.000,0.8890979999999999
012,2020-05-03 16:43:52.250,0.868608
012,2020-05-03 16:43:52.500,0.8711690000000001
012,2020-05-03 16:43:52.750,0.891659
012,2020-05-03 16:43:53.000,0.899343
012,2020-05-03 16:43:53.250,0.900624
012,2020-05-03 16:43:53.500,0.899343
012,2020-05-03 16:43:53.750,0.903185
012,2020-05-03 16:43:54.000,0.898062
012,2020-05-03 16:43:54.250,0.901904
012,2020-05-03 16:43:54.500,0.895501
012,2020-05-03 16:43:54.750,0.89294
012,2020-05-03 16:43:55.000,0.891659
012,2020-05-03 16:43:55.250,0.891659
012,2020-05-03 16:43:55.500,0.887817
012,2020-05-03 16:43:55.750,0.8865370000000001
012,2020-05-03 16:43:56.000,0.9287979999999999
012,2020-05-03 16:43:56.250,0.835311
012,2020-05-03 16:43:56.500,0.795611
