patientNumber,datetime,hr
001,2020-02-13 15:29:00,94
001,2020-02-13 15:29:01,99
001,2020-02-13 15:29:02,94
001,2020-02-13 15:29:03,82.5
001,2020-02-13 15:29:04,82.6
001,2020-02-13 15:29:05,82.67
001,2020-02-13 15:29:06,82.57
001,2020-02-13 15:29:07,82.38
001,2020-02-13 15:29:08,82.11
001,2020-02-13 15:29:09,81.8
001,2020-02-13 15:29:10,81.91
001,2020-02-13 15:29:11,81.83
001,2020-02-13 15:29:12,81.77
001,2020-02-13 15:29:13,81.79
001,2020-02-13 15:29:14,81.93
001,2020-02-13 15:29:15,82.12
001,2020-02-13 15:29:16,82.35
001,2020-02-13 15:29:17,82.67
001,2020-02-13 15:29:18,82.95
001,2020-02-13 15:29:19,83.15
001,2020-02-13 15:29:20,83.29
001,2020-02-13 15:29:21,83.41
001,2020-02-13 15:29:22,83.39
001,2020-02-13 15:29:23,83.33
001,2020-02-13 15:29:24,83.2
001,2020-02-13 15:29:25,83.08
001,2020-02-13 15:29:26,83
001,2020-02-13 15:29:27,83
001,2020-02-13 15:29:28,83
001,2020-02-13 15:29:29,83.07
001,2020-02-13 15:29:30,83.13
001,2020-02-13 15:29:31,83.22
001,2020-02-13 15:29:32,83.24
001,2020-02-13 15:29:33,83.44
001,2020-02-13 15:29:34,83.63
001,2020-02-13 15:29:35,83.86
001,2020-02-13 15:29:36,84.08
001,2020-02-13 15:29:37,84.37
001,2020-02-13 15:29:38,84.64
001,2020-02-13 15:29:39,84.9
001,2020-02-13 15:29:40,85.15
001,2020-02-13 15:29:41,85.36
001,2020-02-13 15:29:42,85.84
001,2020-02-13 15:29:43,86.27
001,2020-02-13 15:29:44,86.67
001,2020-02-13 15:29:45,86.98
001,2020-02-13 15:29:46,87.23
001,2020-02-13 15:29:47,87.5
001,2020-02-13 15:29:48,87.73
001,2020-02-13 15:29:49,87.88
001,2020-02-13 15:29:50,88.02
001,2020-02-13 15:29:51,88.15
001,2020-02-13 15:29:52,88.28
001,2020-02-13 15:29:53,88.41
001,2020-02-13 15:29:54,88.51
001,2020-02-13 15:29:55,88.57
001,2020-02-13 15:29:56,88.63
001,2020-02-13 15:29:57,88.71
001,2020-02-13 15:29:58,88.76
001,2020-02-13 15:29:59,88.8
001,2020-02-13 15:30:00,88.78
001,2020-02-13 15:30:01,88.58
001,2020-02-13 15:30:02,88.7
001,2020-02-13 15:30:03,89.42
001,2020-02-13 15:30:04,89.55
001,2020-02-13 15:30:05,89.67
001,2020-02-13 15:30:06,89.82
001,2020-02-13 15:30:07,89.97
001,2020-02-13 15:30:08,90.12
001,2020-02-13 15:30:09,90.27
001,2020-02-13 15:30:10,90.37
001,2020-02-13 15:30:11,90.37
001,2020-02-13 15:30:12,90.4
001,2020-02-13 15:30:13,90.42
001,2020-02-13 15:30:14,90.38
001,2020-02-13 15:30:15,90.28
001,2020-02-13 15:30:16,90.17
001,2020-02-13 15:30:17,90.03
001,2020-02-13 15:30:18,89.9
001,2020-02-13 15:30:19,89.8
001,2020-02-13 15:30:20,89.87
001,2020-02-13 15:30:21,89.98
001,2020-02-13 15:30:22,90.15
001,2020-02-13 15:30:23,90.33
001,2020-02-13 15:30:24,90.58
001,2020-02-13 15:30:25,90.93
001,2020-02-13 15:30:26,91.23
001,2020-02-13 15:30:27,91.53
001,2020-02-13 15:30:28,91.85
001,2020-02-13 15:30:29,92.17
001,2020-02-13 15:30:30,92.48
001,2020-02-13 15:30:31,92.8
001,2020-02-13 15:30:32,93.12
001,2020-02-13 15:30:33,93.4
001,2020-02-13 15:30:34,93.67
001,2020-02-13 15:30:35,93.9
001,2020-02-13 15:30:36,94.12
001,2020-02-13 15:30:37,94.3
001,2020-02-13 15:30:38,94.47
001,2020-02-13 15:30:39,94.63
001,2020-02-13 15:30:40,94.8
001,2020-02-13 15:30:41,95
001,2020-02-13 15:30:42,95
001,2020-02-13 15:30:43,95.05
001,2020-02-13 15:30:44,95.12
001,2020-02-13 15:30:45,95.23
001,2020-02-13 15:30:46,95.33
001,2020-02-13 15:30:47,95.43
001,2020-02-13 15:30:48,95.55
001,2020-02-13 15:30:49,95.7
001,2020-02-13 15:30:50,95.7
001,2020-02-13 15:30:51,95.75
001,2020-02-13 15:30:52,95.75
001,2020-02-13 15:30:53,95.77
001,2020-02-13 15:30:54,95.82
001,2020-02-13 15:30:55,95.9
001,2020-02-13 15:30:56,95.98
001,2020-02-13 15:30:57,96.03
001,2020-02-13 15:30:58,96.12
001,2020-02-13 15:30:59,96.25
001,2020-02-13 15:31:00,96.37
001,2020-02-13 15:31:01,96.5
001,2020-02-13 15:31:02,96.67
001,2020-02-13 15:31:03,96.83
001,2020-02-13 15:31:04,97.03
001,2020-02-13 15:31:05,97.25
001,2020-02-13 15:31:06,97.43
001,2020-02-13 15:31:07,97.62
001,2020-02-13 15:31:08,97.75
001,2020-02-13 15:31:09,97.9
001,2020-02-13 15:31:10,98.03
001,2020-02-13 15:31:11,98.27
001,2020-02-13 15:31:12,98.42
001,2020-02-13 15:31:13,98.57
001,2020-02-13 15:31:14,98.72
001,2020-02-13 15:31:15,98.92
001,2020-02-13 15:31:16,99.12
001,2020-02-13 15:31:17,99.32
001,2020-02-13 15:31:18,99.5
001,2020-02-13 15:31:19,99.67
001,2020-02-13 15:31:20,99.68
001,2020-02-13 15:31:21,99.65
001,2020-02-13 15:31:22,99.65
001,2020-02-13 15:31:23,99.67
001,2020-02-13 15:31:24,99.6
001,2020-02-13 15:31:25,99.42
001,2020-02-13 15:31:26,99.27
001,2020-02-13 15:31:27,99.08
001,2020-02-13 15:31:28,98.9
001,2020-02-13 15:31:29,98.78
001,2020-02-13 15:31:30,98.68
001,2020-02-13 15:31:31,98.55
001,2020-02-13 15:31:32,98.47
001,2020-02-13 15:31:33,98.32
001,2020-02-13 15:31:34,98.18
001,2020-02-13 15:31:35,98.03
001,2020-02-13 15:31:36,97.93
001,2020-02-13 15:31:37,97.78
001,2020-02-13 15:31:38,97.63
001,2020-02-13 15:31:39,97.47
001,2020-02-13 15:31:40,97.28
001,2020-02-13 15:31:41,97.12
001,2020-02-13 15:31:42,96.97
001,2020-02-13 15:31:43,96.77
001,2020-02-13 15:31:44,96.6
001,2020-02-13 15:31:45,96.43
001,2020-02-13 15:31:46,96.33
001,2020-02-13 15:31:47,96.27
001,2020-02-13 15:31:48,96.18
001,2020-02-13 15:31:49,96.12
001,2020-02-13 15:31:50,96.18
001,2020-02-13 15:31:51,96.22
001,2020-02-13 15:31:52,96.3
001,2020-02-13 15:31:53,96.37
001,2020-02-13 15:31:54,96.5
001,2020-02-13 15:31:55,96.62
001,2020-02-13 15:31:56,96.7
001,2020-02-13 15:31:57,96.83
001,2020-02-13 15:31:58,96.92
001,2020-02-13 15:31:59,97.03
001,2020-02-13 15:32:00,97.15
001,2020-02-13 15:32:01,97.2
001,2020-02-13 15:32:02,97.22
001,2020-02-13 15:32:03,97.23
001,2020-02-13 15:32:04,97.22
001,2020-02-13 15:32:05,97.22
001,2020-02-13 15:32:06,97.32
001,2020-02-13 15:32:07,97.32
001,2020-02-13 15:32:08,97.37
001,2020-02-13 15:32:09,97.42
001,2020-02-13 15:32:10,97.45
001,2020-02-13 15:32:11,97.37
001,2020-02-13 15:32:12,97.38
001,2020-02-13 15:32:13,97.37
001,2020-02-13 15:32:14,97.38
001,2020-02-13 15:32:15,97.35
001,2020-02-13 15:32:16,97.27
001,2020-02-13 15:32:17,97.15
001,2020-02-13 15:32:18,97.1
001,2020-02-13 15:32:19,97.33
001,2020-02-13 15:32:20,97.63
001,2020-02-13 15:32:21,97.92
001,2020-02-13 15:32:22,98.18
001,2020-02-13 15:32:23,98.42
001,2020-02-13 15:32:24,98.68
001,2020-02-13 15:32:25,98.97
001,2020-02-13 15:32:26,99.27
001,2020-02-13 15:32:27,99.55
001,2020-02-13 15:32:28,99.8
001,2020-02-13 15:32:29,99.93
001,2020-02-13 15:32:30,100.15
001,2020-02-13 15:32:31,100.32
001,2020-02-13 15:32:32,100.58
001,2020-02-13 15:32:33,100.85
001,2020-02-13 15:32:34,100.95
001,2020-02-13 15:32:35,100.93
001,2020-02-13 15:32:36,100.88
001,2020-02-13 15:32:37,100.88
001,2020-02-13 15:32:38,100.9
001,2020-02-13 15:32:39,100.93
001,2020-02-13 15:32:40,101.02
001,2020-02-13 15:32:41,101.13
001,2020-02-13 15:32:42,101.22
001,2020-02-13 15:32:43,101.32
001,2020-02-13 15:32:44,101.33
001,2020-02-13 15:32:45,101.3
001,2020-02-13 15:32:46,101.25
001,2020-02-13 15:32:47,101.12
001,2020-02-13 15:32:48,100.95
001,2020-02-13 15:32:49,100.8
001,2020-02-13 15:32:50,100.67
001,2020-02-13 15:32:51,100.5
001,2020-02-13 15:32:52,100.35
001,2020-02-13 15:32:53,100.18
001,2020-02-13 15:32:54,99.93
001,2020-02-13 15:32:55,99.65
001,2020-02-13 15:32:56,99.43
001,2020-02-13 15:32:57,99.12
001,2020-02-13 15:32:58,98.83
001,2020-02-13 15:32:59,98.43
001,2020-02-13 15:33:00,98.2
001,2020-02-13 15:33:01,98.02
001,2020-02-13 15:33:02,97.88
001,2020-02-13 15:33:03,97.67
001,2020-02-13 15:33:04,97.45
001,2020-02-13 15:33:05,97.2
001,2020-02-13 15:33:06,96.88
001,2020-02-13 15:33:07,96.63
001,2020-02-13 15:33:08,96.42
001,2020-02-13 15:33:09,96.3
001,2020-02-13 15:33:10,96.18
001,2020-02-13 15:33:11,96.15
001,2020-02-13 15:33:12,95.92
001,2020-02-13 15:33:13,95.53
001,2020-02-13 15:33:14,95.18
001,2020-02-13 15:33:15,94.95
001,2020-02-13 15:33:16,94.77
001,2020-02-13 15:33:17,94.58
001,2020-02-13 15:33:18,94.35
001,2020-02-13 15:33:19,93.83
001,2020-02-13 15:33:20,93.27
001,2020-02-13 15:33:21,92.78
001,2020-02-13 15:33:22,92.22
001,2020-02-13 15:33:23,91.67
001,2020-02-13 15:33:24,91.13
001,2020-02-13 15:33:25,90.6
001,2020-02-13 15:33:26,90.08
001,2020-02-13 15:33:27,89.6
001,2020-02-13 15:33:28,89.08
001,2020-02-13 15:33:29,88.58
001,2020-02-13 15:33:30,87.98
001,2020-02-13 15:33:31,87.45
001,2020-02-13 15:33:32,86.8
001,2020-02-13 15:33:33,86.25
001,2020-02-13 15:33:34,85.85
001,2020-02-13 15:33:35,85.55
001,2020-02-13 15:33:36,85.28
001,2020-02-13 15:33:37,85
001,2020-02-13 15:33:38,84.77
001,2020-02-13 15:33:39,84.57
001,2020-02-13 15:33:40,84.32
001,2020-02-13 15:33:41,83.98
001,2020-02-13 15:33:42,83.67
001,2020-02-13 15:33:43,83.38
001,2020-02-13 15:33:44,83
001,2020-02-13 15:33:45,82.7
001,2020-02-13 15:33:46,82.3
001,2020-02-13 15:33:47,81.98
001,2020-02-13 15:33:48,81.75
001,2020-02-13 15:33:49,81.55
001,2020-02-13 15:33:50,81.4
001,2020-02-13 15:33:51,81.28
001,2020-02-13 15:33:52,80.77
001,2020-02-13 15:33:53,80.33
001,2020-02-13 15:33:54,79.92
001,2020-02-13 15:33:55,79.47
001,2020-02-13 15:33:56,78.98
001,2020-02-13 15:33:57,78.62
001,2020-02-13 15:33:58,78.28
001,2020-02-13 15:33:59,78.02
001,2020-02-13 15:34:00,77.6
001,2020-02-13 15:34:01,77.13
001,2020-02-13 15:34:02,76.58
001,2020-02-13 15:34:03,76.12
001,2020-02-13 15:34:04,75.67
001,2020-02-13 15:34:05,75.22
001,2020-02-13 15:34:06,74.75
001,2020-02-13 15:34:07,74.33
001,2020-02-13 15:34:08,73.92
001,2020-02-13 15:34:09,73.37
001,2020-02-13 15:34:10,72.83
001,2020-02-13 15:34:11,72.38
001,2020-02-13 15:34:12,72.07
001,2020-02-13 15:34:13,71.93
001,2020-02-13 15:34:14,71.9
001,2020-02-13 15:34:15,71.77
001,2020-02-13 15:34:16,71.75
001,2020-02-13 15:34:17,71.87
001,2020-02-13 15:34:18,72.05
001,2020-02-13 15:34:19,72.27
001,2020-02-13 15:34:20,72.43
001,2020-02-13 15:34:21,72.52
001,2020-02-13 15:34:22,72.7
001,2020-02-13 15:34:23,72.85
001,2020-02-13 15:34:24,72.98
001,2020-02-13 15:34:25,73.12
001,2020-02-13 15:34:26,73.2
001,2020-02-13 15:34:27,73.28
001,2020-02-13 15:34:28,73.53
001,2020-02-13 15:34:29,73.8
001,2020-02-13 15:34:30,74.05
001,2020-02-13 15:34:31,74.38
001,2020-02-13 15:34:32,74.72
001,2020-02-13 15:34:33,74.97
001,2020-02-13 15:34:34,75.2
001,2020-02-13 15:34:35,75.43
001,2020-02-13 15:34:36,75.62
001,2020-02-13 15:34:37,75.8
001,2020-02-13 15:34:38,75.9
001,2020-02-13 15:34:39,75.97
001,2020-02-13 15:34:40,76.03
001,2020-02-13 15:34:41,76.17
001,2020-02-13 15:34:42,76.35
001,2020-02-13 15:34:43,76.52
001,2020-02-13 15:34:44,76.85
001,2020-02-13 15:34:45,77.1
001,2020-02-13 15:34:46,77.52
001,2020-02-13 15:34:47,78.07
001,2020-02-13 15:34:48,78.62
001,2020-02-13 15:34:49,79.07
001,2020-02-13 15:34:50,79.5
001,2020-02-13 15:34:51,79.93
001,2020-02-13 15:34:52,80.73
001,2020-02-13 15:34:53,81.5
001,2020-02-13 15:34:54,82.08
001,2020-02-13 15:34:55,82.33
001,2020-02-13 15:34:56,82.58
001,2020-02-13 15:34:57,82.77
001,2020-02-13 15:34:58,82.97
001,2020-02-13 15:34:59,83.18
001,2020-02-13 15:35:00,83.3
001,2020-02-13 15:35:01,83.48
001,2020-02-13 15:35:02,83.72
001,2020-02-13 15:35:03,83.95
001,2020-02-13 15:35:04,84.18
001,2020-02-13 15:35:05,84.45
001,2020-02-13 15:35:06,84.78
001,2020-02-13 15:35:07,85.12
001,2020-02-13 15:35:08,85.43
001,2020-02-13 15:35:09,85.8
001,2020-02-13 15:35:10,86.18
001,2020-02-13 15:35:11,86.62
001,2020-02-13 15:35:12,87.05
001,2020-02-13 15:35:13,87.47
001,2020-02-13 15:35:14,87.67
001,2020-02-13 15:35:15,87.87
001,2020-02-13 15:35:16,87.9
001,2020-02-13 15:35:17,87.8
001,2020-02-13 15:35:18,87.73
001,2020-02-13 15:35:19,87.57
001,2020-02-13 15:35:20,87.3
001,2020-02-13 15:35:21,87.07
001,2020-02-13 15:35:22,86.87
001,2020-02-13 15:35:23,86.87
001,2020-02-13 15:35:24,86.93
001,2020-02-13 15:35:25,86.98
001,2020-02-13 15:35:26,87.05
001,2020-02-13 15:35:27,87.1
001,2020-02-13 15:35:28,87.02
001,2020-02-13 15:35:29,86.93
001,2020-02-13 15:35:30,86.87
001,2020-02-13 15:35:31,86.72
001,2020-02-13 15:35:32,86.3
001,2020-02-13 15:35:33,85.53
001,2020-02-13 15:35:34,84.82
001,2020-02-13 15:35:35,84.15
001,2020-02-13 15:35:36,83.5
001,2020-02-13 15:35:37,82.87
001,2020-02-13 15:35:38,82.28
001,2020-02-13 15:35:39,81.68
001,2020-02-13 15:35:40,81.12
001,2020-02-13 15:35:41,80.55
001,2020-02-13 15:35:42,79.97
001,2020-02-13 15:35:43,79.4
001,2020-02-13 15:35:44,78.82
001,2020-02-13 15:35:45,78.3
001,2020-02-13 15:35:46,77.72
001,2020-02-13 15:35:47,76.95
001,2020-02-13 15:35:48,76.18
001,2020-02-13 15:35:49,75.57
001,2020-02-13 15:35:50,74.93
001,2020-02-13 15:35:51,74.32
001,2020-02-13 15:35:52,73.67
001,2020-02-13 15:35:53,73.05
001,2020-02-13 15:35:54,72.65
001,2020-02-13 15:35:55,72.72
001,2020-02-13 15:35:56,72.82
001,2020-02-13 15:35:57,72.97
001,2020-02-13 15:35:58,73.07
001,2020-02-13 15:35:59,73.12
001,2020-02-13 15:36:00,73.22
001,2020-02-13 15:36:01,73
001,2020-02-13 15:36:02,72.8
001,2020-02-13 15:36:03,72.63
001,2020-02-13 15:36:04,72.48
001,2020-02-13 15:36:05,72.3
001,2020-02-13 15:36:06,72.05
001,2020-02-13 15:36:07,71.8
001,2020-02-13 15:36:08,71.52
001,2020-02-13 15:36:09,71.23
001,2020-02-13 15:36:10,70.98
001,2020-02-13 15:36:11,70.62
001,2020-02-13 15:36:12,70.27
001,2020-02-13 15:36:13,69.92
001,2020-02-13 15:36:14,69.65
001,2020-02-13 15:36:15,69.38
001,2020-02-13 15:36:16,69.17
001,2020-02-13 15:36:17,68.95
001,2020-02-13 15:36:18,68.6
001,2020-02-13 15:36:19,68.3
001,2020-02-13 15:36:20,68.08
001,2020-02-13 15:36:21,67.83
001,2020-02-13 15:36:22,67.52
001,2020-02-13 15:36:23,67.02
001,2020-02-13 15:36:24,66.48
001,2020-02-13 15:36:25,65.97
001,2020-02-13 15:36:26,65.45
001,2020-02-13 15:36:27,64.93
001,2020-02-13 15:36:28,64.43
001,2020-02-13 15:36:29,63.92
001,2020-02-13 15:36:30,63.4
001,2020-02-13 15:36:31,62.88
001,2020-02-13 15:36:32,62.63
001,2020-02-13 15:36:33,62.73
001,2020-02-13 15:36:34,62.82
001,2020-02-13 15:36:35,62.87
001,2020-02-13 15:36:36,62.93
001,2020-02-13 15:36:37,62.98
001,2020-02-13 15:36:38,63
001,2020-02-13 15:36:39,63.05
001,2020-02-13 15:36:40,63.07
001,2020-02-13 15:36:41,63.03
001,2020-02-13 15:36:42,62.97
001,2020-02-13 15:36:43,62.87
001,2020-02-13 15:36:44,62.77
001,2020-02-13 15:36:45,62.67
001,2020-02-13 15:36:46,62.55
001,2020-02-13 15:36:47,62.45
001,2020-02-13 15:36:48,62.32
001,2020-02-13 15:36:49,62.12
001,2020-02-13 15:36:50,61.92
001,2020-02-13 15:36:51,61.7
001,2020-02-13 15:36:52,61.53
001,2020-02-13 15:36:53,61.3
001,2020-02-13 15:36:54,61.03
001,2020-02-13 15:36:55,60.73
001,2020-02-13 15:36:56,60.38
001,2020-02-13 15:36:57,60.02
001,2020-02-13 15:36:58,59.65
001,2020-02-13 15:36:59,59.28
001,2020-02-13 15:37:00,58.92
001,2020-02-13 15:37:01,58.88
001,2020-02-13 15:37:02,58.83
001,2020-02-13 15:37:03,58.75
001,2020-02-13 15:37:04,58.62
001,2020-02-13 15:37:05,58.5
001,2020-02-13 15:37:06,58.4
001,2020-02-13 15:37:07,58.28
001,2020-02-13 15:37:08,58.22
001,2020-02-13 15:37:09,58.13
001,2020-02-13 15:37:10,58
001,2020-02-13 15:37:11,57.92
001,2020-02-13 15:37:12,57.82
001,2020-02-13 15:37:13,57.73
001,2020-02-13 15:37:14,57.62
001,2020-02-13 15:37:15,57.53
001,2020-02-13 15:37:16,57.45
001,2020-02-13 15:37:17,57.42
001,2020-02-13 15:37:18,57.53
002,2020-02-21 09:19:16,58.0
002,2020-02-21 09:19:17,58.5
002,2020-02-21 09:19:18,56.33
002,2020-02-21 09:19:19,60.5
002,2020-02-21 09:19:20,73.2
002,2020-02-21 09:19:21,69.67
002,2020-02-21 09:19:22,67.0
002,2020-02-21 09:19:23,65.25
002,2020-02-21 09:19:24,64.0
002,2020-02-21 09:19:25,63.0
002,2020-02-21 09:19:26,62.73
002,2020-02-21 09:19:27,62.5
002,2020-02-21 09:19:28,62.31
002,2020-02-21 09:19:29,62.21
002,2020-02-21 09:19:30,62.2
002,2020-02-21 09:19:31,62.19
002,2020-02-21 09:19:32,62.24
002,2020-02-21 09:19:33,62.33
002,2020-02-21 09:19:34,62.53
002,2020-02-21 09:19:35,62.8
002,2020-02-21 09:19:36,63.14
002,2020-02-21 09:19:37,63.45
002,2020-02-21 09:19:38,63.74
002,2020-02-21 09:19:39,64.08
002,2020-02-21 09:19:40,64.48
002,2020-02-21 09:19:41,64.73
002,2020-02-21 09:19:42,64.93
002,2020-02-21 09:19:43,65.11
002,2020-02-21 09:19:44,65.24
002,2020-02-21 09:19:45,65.73
002,2020-02-21 09:19:46,66.77
002,2020-02-21 09:19:47,67.75
002,2020-02-21 09:19:48,68.58
002,2020-02-21 09:19:49,69.47
002,2020-02-21 09:19:50,70.23
002,2020-02-21 09:19:51,71.06
002,2020-02-21 09:19:52,71.51
002,2020-02-21 09:19:53,71.92
002,2020-02-21 09:19:54,72.23
002,2020-02-21 09:19:55,72.53
002,2020-02-21 09:19:56,72.76
002,2020-02-21 09:19:57,72.79
002,2020-02-21 09:19:58,72.81
002,2020-02-21 09:19:59,72.86
002,2020-02-21 09:20:00,72.91
002,2020-02-21 09:20:01,72.83
002,2020-02-21 09:20:02,72.79
002,2020-02-21 09:20:03,72.79
002,2020-02-21 09:20:04,72.84
002,2020-02-21 09:20:05,72.88
002,2020-02-21 09:20:06,72.92
002,2020-02-21 09:20:07,72.9
002,2020-02-21 09:20:08,72.89
002,2020-02-21 09:20:09,72.89
002,2020-02-21 09:20:10,72.82
002,2020-02-21 09:20:11,72.75
002,2020-02-21 09:20:12,72.68
002,2020-02-21 09:20:13,72.62
002,2020-02-21 09:20:14,72.54
002,2020-02-21 09:20:15,72.48
002,2020-02-21 09:20:16,72.7
002,2020-02-21 09:20:17,72.9
002,2020-02-21 09:20:18,73.25
002,2020-02-21 09:20:19,73.28
002,2020-02-21 09:20:20,72.53
002,2020-02-21 09:20:21,72.98
002,2020-02-21 09:20:22,73.43
002,2020-02-21 09:20:23,73.85
002,2020-02-21 09:20:24,74.25
002,2020-02-21 09:20:25,74.63
002,2020-02-21 09:20:26,74.92
002,2020-02-21 09:20:27,75.18
002,2020-02-21 09:20:28,75.43
002,2020-02-21 09:20:29,75.67
002,2020-02-21 09:20:30,75.88
002,2020-02-21 09:20:31,76.1
002,2020-02-21 09:20:32,76.3
002,2020-02-21 09:20:33,76.48
002,2020-02-21 09:20:34,76.63
002,2020-02-21 09:20:35,76.75
002,2020-02-21 09:20:36,76.83
002,2020-02-21 09:20:37,76.93
002,2020-02-21 09:20:38,77.05
002,2020-02-21 09:20:39,77.15
002,2020-02-21 09:20:40,77.22
002,2020-02-21 09:20:41,77.33
002,2020-02-21 09:20:42,77.47
002,2020-02-21 09:20:43,77.6
002,2020-02-21 09:20:44,77.77
002,2020-02-21 09:20:45,77.75
002,2020-02-21 09:20:46,77.43
002,2020-02-21 09:20:47,77.1
002,2020-02-21 09:20:48,76.82
002,2020-02-21 09:20:49,76.45
002,2020-02-21 09:20:50,76.13
002,2020-02-21 09:20:51,75.75
002,2020-02-21 09:20:52,75.62
002,2020-02-21 09:20:53,75.52
002,2020-02-21 09:20:54,75.48
002,2020-02-21 09:20:55,75.47
002,2020-02-21 09:20:56,75.5
002,2020-02-21 09:20:57,75.68
002,2020-02-21 09:20:58,75.85
002,2020-02-21 09:20:59,76.0
002,2020-02-21 09:21:00,76.13
002,2020-02-21 09:21:01,76.38
002,2020-02-21 09:21:02,76.6
002,2020-02-21 09:21:03,76.77
002,2020-02-21 09:21:04,76.88
002,2020-02-21 09:21:05,76.98
002,2020-02-21 09:21:06,77.08
002,2020-02-21 09:21:07,77.22
002,2020-02-21 09:21:08,77.3
002,2020-02-21 09:21:09,77.38
002,2020-02-21 09:21:10,77.53
002,2020-02-21 09:21:11,77.68
002,2020-02-21 09:21:12,77.83
002,2020-02-21 09:21:13,77.98
002,2020-02-21 09:21:14,78.13
002,2020-02-21 09:21:15,78.25
002,2020-02-21 09:21:16,78.32
002,2020-02-21 09:21:17,78.38
002,2020-02-21 09:21:18,78.4
002,2020-02-21 09:21:19,78.37
002,2020-02-21 09:21:20,78.28
002,2020-02-21 09:21:21,78.2
002,2020-02-21 09:21:22,78.13
002,2020-02-21 09:21:23,78.07
002,2020-02-21 09:21:24,77.97
002,2020-02-21 09:21:25,77.88
002,2020-02-21 09:21:26,77.82
002,2020-02-21 09:21:27,77.8
002,2020-02-21 09:21:28,77.83
002,2020-02-21 09:21:29,77.87
002,2020-02-21 09:21:30,77.9
002,2020-02-21 09:21:31,77.95
002,2020-02-21 09:21:32,78.02
002,2020-02-21 09:21:33,78.0
002,2020-02-21 09:21:34,78.0
002,2020-02-21 09:21:35,78.03
002,2020-02-21 09:21:36,78.08
002,2020-02-21 09:21:37,78.12
002,2020-02-21 09:21:38,78.13
002,2020-02-21 09:21:39,78.15
002,2020-02-21 09:21:40,78.17
002,2020-02-21 09:21:41,78.2
002,2020-02-21 09:21:42,78.23
002,2020-02-21 09:21:43,78.27
002,2020-02-21 09:21:44,78.3
002,2020-02-21 09:21:45,78.33
002,2020-02-21 09:21:46,78.38
002,2020-02-21 09:21:47,78.43
002,2020-02-21 09:21:48,78.48
002,2020-02-21 09:21:49,78.57
002,2020-02-21 09:21:50,78.67
002,2020-02-21 09:21:51,78.8
002,2020-02-21 09:21:52,78.9
002,2020-02-21 09:21:53,79.02
002,2020-02-21 09:21:54,79.13
002,2020-02-21 09:21:55,79.23
002,2020-02-21 09:21:56,79.33
002,2020-02-21 09:21:57,79.42
002,2020-02-21 09:21:58,79.52
002,2020-02-21 09:21:59,79.62
002,2020-02-21 09:22:00,79.73
002,2020-02-21 09:22:01,79.85
002,2020-02-21 09:22:02,79.95
002,2020-02-21 09:22:03,80.08
002,2020-02-21 09:22:04,80.22
002,2020-02-21 09:22:05,80.35
002,2020-02-21 09:22:06,80.5
002,2020-02-21 09:22:07,80.65
002,2020-02-21 09:22:08,80.82
002,2020-02-21 09:22:09,80.95
002,2020-02-21 09:22:10,81.08
002,2020-02-21 09:22:11,81.22
002,2020-02-21 09:22:12,81.33
002,2020-02-21 09:22:13,81.45
002,2020-02-21 09:22:14,81.57
002,2020-02-21 09:22:15,81.7
002,2020-02-21 09:22:16,81.82
002,2020-02-21 09:22:17,82.02
002,2020-02-21 09:22:18,82.23
002,2020-02-21 09:22:19,82.45
002,2020-02-21 09:22:20,82.65
002,2020-02-21 09:22:21,82.88
002,2020-02-21 09:22:22,83.1
002,2020-02-21 09:22:23,83.32
002,2020-02-21 09:22:24,83.53
002,2020-02-21 09:22:25,83.7
002,2020-02-21 09:22:26,83.92
002,2020-02-21 09:22:27,84.12
002,2020-02-21 09:22:28,84.32
002,2020-02-21 09:22:29,84.52
002,2020-02-21 09:22:30,84.7
002,2020-02-21 09:22:31,84.87
002,2020-02-21 09:22:32,85.07
002,2020-02-21 09:22:33,85.33
002,2020-02-21 09:22:34,85.58
002,2020-02-21 09:22:35,85.8
002,2020-02-21 09:22:36,86.0
002,2020-02-21 09:22:37,86.23
002,2020-02-21 09:22:38,86.45
002,2020-02-21 09:22:39,86.65
002,2020-02-21 09:22:40,86.83
002,2020-02-21 09:22:41,87.0
002,2020-02-21 09:22:42,87.17
002,2020-02-21 09:22:43,87.3
002,2020-02-21 09:22:44,87.43
002,2020-02-21 09:22:45,87.53
002,2020-02-21 09:22:46,87.6
002,2020-02-21 09:22:47,87.67
002,2020-02-21 09:22:48,87.75
002,2020-02-21 09:22:49,87.82
002,2020-02-21 09:22:50,87.88
002,2020-02-21 09:22:51,87.93
002,2020-02-21 09:22:52,87.95
002,2020-02-21 09:22:53,87.93
002,2020-02-21 09:22:54,87.95
002,2020-02-21 09:22:55,87.95
002,2020-02-21 09:22:56,87.9
002,2020-02-21 09:22:57,87.83
002,2020-02-21 09:22:58,87.75
002,2020-02-21 09:22:59,87.67
002,2020-02-21 09:23:00,87.58
002,2020-02-21 09:23:01,87.47
002,2020-02-21 09:23:02,87.38
002,2020-02-21 09:23:03,87.28
002,2020-02-21 09:23:04,87.22
002,2020-02-21 09:23:05,87.13
002,2020-02-21 09:23:06,87.03
002,2020-02-21 09:23:07,86.98
002,2020-02-21 09:23:08,86.87
002,2020-02-21 09:23:09,86.83
002,2020-02-21 09:23:10,86.8
002,2020-02-21 09:23:11,86.77
002,2020-02-21 09:23:12,86.78
002,2020-02-21 09:23:13,86.8
002,2020-02-21 09:23:14,86.87
002,2020-02-21 09:23:15,86.95
002,2020-02-21 09:23:16,87.08
002,2020-02-21 09:23:17,87.13
002,2020-02-21 09:23:18,87.18
002,2020-02-21 09:23:19,87.25
002,2020-02-21 09:23:20,87.33
002,2020-02-21 09:23:21,87.37
002,2020-02-21 09:23:22,87.42
002,2020-02-21 09:23:23,87.45
002,2020-02-21 09:23:24,87.5
002,2020-02-21 09:23:25,87.58
002,2020-02-21 09:23:26,87.62
002,2020-02-21 09:23:27,87.67
002,2020-02-21 09:23:28,87.72
002,2020-02-21 09:23:29,87.7
002,2020-02-21 09:23:30,87.72
002,2020-02-21 09:23:31,87.75
002,2020-02-21 09:23:32,87.73
002,2020-02-21 09:23:33,87.75
002,2020-02-21 09:23:34,87.77
002,2020-02-21 09:23:35,87.8
002,2020-02-21 09:23:36,87.88
002,2020-02-21 09:23:37,87.9
002,2020-02-21 09:23:38,87.98
002,2020-02-21 09:23:39,88.1
002,2020-02-21 09:23:40,88.23
002,2020-02-21 09:23:41,88.35
002,2020-02-21 09:23:42,88.48
002,2020-02-21 09:23:43,88.63
002,2020-02-21 09:23:44,88.77
002,2020-02-21 09:23:45,88.92
002,2020-02-21 09:23:46,89.08
002,2020-02-21 09:23:47,89.28
002,2020-02-21 09:23:48,89.43
002,2020-02-21 09:23:49,89.67
002,2020-02-21 09:23:50,89.9
002,2020-02-21 09:23:51,90.18
002,2020-02-21 09:23:52,90.43
002,2020-02-21 09:23:53,90.72
002,2020-02-21 09:23:54,90.97
002,2020-02-21 09:23:55,91.25
002,2020-02-21 09:23:56,91.57
002,2020-02-21 09:23:57,91.92
002,2020-02-21 09:23:58,92.45
002,2020-02-21 09:23:59,92.98
002,2020-02-21 09:24:00,93.48
002,2020-02-21 09:24:01,94.02
002,2020-02-21 09:24:02,94.48
002,2020-02-21 09:24:03,94.98
002,2020-02-21 09:24:04,95.48
002,2020-02-21 09:24:05,96.02
002,2020-02-21 09:24:06,96.48
002,2020-02-21 09:24:07,96.92
002,2020-02-21 09:24:08,97.45
002,2020-02-21 09:24:09,97.9
002,2020-02-21 09:24:10,98.4
002,2020-02-21 09:24:11,98.88
002,2020-02-21 09:24:12,99.42
002,2020-02-21 09:24:13,100.03
002,2020-02-21 09:24:14,100.58
002,2020-02-21 09:24:15,101.15
002,2020-02-21 09:24:16,101.67
002,2020-02-21 09:24:17,102.23
002,2020-02-21 09:24:18,102.77
002,2020-02-21 09:24:19,103.28
002,2020-02-21 09:24:20,103.62
002,2020-02-21 09:24:21,103.95
002,2020-02-21 09:24:22,104.28
002,2020-02-21 09:24:23,104.67
002,2020-02-21 09:24:24,105.0
002,2020-02-21 09:24:25,105.35
002,2020-02-21 09:24:26,105.7
002,2020-02-21 09:24:27,106.05
002,2020-02-21 09:24:28,106.35
002,2020-02-21 09:24:29,106.77
002,2020-02-21 09:24:30,107.18
002,2020-02-21 09:24:31,107.62
002,2020-02-21 09:24:32,108.07
002,2020-02-21 09:24:33,108.5
002,2020-02-21 09:24:34,108.97
002,2020-02-21 09:24:35,109.42
002,2020-02-21 09:24:36,109.83
002,2020-02-21 09:24:37,110.25
002,2020-02-21 09:24:38,110.6
002,2020-02-21 09:24:39,110.67
002,2020-02-21 09:24:40,110.75
002,2020-02-21 09:24:41,110.82
002,2020-02-21 09:24:42,110.73
002,2020-02-21 09:24:43,110.67
002,2020-02-21 09:24:44,110.62
002,2020-02-21 09:24:45,110.57
002,2020-02-21 09:24:46,110.52
002,2020-02-21 09:24:47,110.43
002,2020-02-21 09:24:48,110.38
002,2020-02-21 09:24:49,110.23
002,2020-02-21 09:24:50,110.07
002,2020-02-21 09:24:51,109.83
002,2020-02-21 09:24:52,109.63
002,2020-02-21 09:24:53,109.4
002,2020-02-21 09:24:54,109.15
002,2020-02-21 09:24:55,108.88
002,2020-02-21 09:24:56,108.6
002,2020-02-21 09:24:57,108.32
002,2020-02-21 09:24:58,107.73
002,2020-02-21 09:24:59,107.22
002,2020-02-21 09:25:00,106.77
002,2020-02-21 09:25:01,106.28
002,2020-02-21 09:25:02,105.85
002,2020-02-21 09:25:03,105.35
002,2020-02-21 09:25:04,104.77
002,2020-02-21 09:25:05,104.2
002,2020-02-21 09:25:06,103.7
002,2020-02-21 09:25:07,103.33
002,2020-02-21 09:25:08,103.05
002,2020-02-21 09:25:09,102.77
002,2020-02-21 09:25:10,102.42
002,2020-02-21 09:25:11,102.08
002,2020-02-21 09:25:12,101.65
002,2020-02-21 09:25:13,101.13
002,2020-02-21 09:25:14,100.67
002,2020-02-21 09:25:15,100.18
002,2020-02-21 09:25:16,99.73
002,2020-02-21 09:25:17,99.23
002,2020-02-21 09:25:18,98.78
002,2020-02-21 09:25:19,98.3
002,2020-02-21 09:25:20,97.98
002,2020-02-21 09:25:21,97.65
002,2020-02-21 09:25:22,97.32
002,2020-02-21 09:25:23,96.92
002,2020-02-21 09:25:24,96.57
002,2020-02-21 09:25:25,96.15
002,2020-02-21 09:25:26,95.18
002,2020-02-21 09:25:27,94.67
002,2020-02-21 09:25:28,94.22
002,2020-02-21 09:25:29,93.42
002,2020-02-21 09:25:30,92.52
002,2020-02-21 09:25:31,91.58
002,2020-02-21 09:25:32,90.63
002,2020-02-21 09:25:33,89.68
002,2020-02-21 09:25:34,88.7
002,2020-02-21 09:25:35,87.72
002,2020-02-21 09:25:36,86.6
002,2020-02-21 09:25:37,85.58
002,2020-02-21 09:25:38,84.53
002,2020-02-21 09:25:39,83.98
002,2020-02-21 09:25:40,83.43
002,2020-02-21 09:25:41,82.88
002,2020-02-21 09:25:42,82.58
002,2020-02-21 09:25:43,82.33
002,2020-02-21 09:25:44,82.05
002,2020-02-21 09:25:45,81.78
002,2020-02-21 09:25:46,81.5
002,2020-02-21 09:25:47,81.23
002,2020-02-21 09:25:48,80.95
002,2020-02-21 09:25:49,80.63
002,2020-02-21 09:25:50,80.38
002,2020-02-21 09:25:51,80.12
002,2020-02-21 09:25:52,79.83
002,2020-02-21 09:25:53,79.48
002,2020-02-21 09:25:54,79.08
002,2020-02-21 09:25:55,79.13
002,2020-02-21 09:25:56,79.18
002,2020-02-21 09:25:57,79.22
002,2020-02-21 09:25:58,79.4
002,2020-02-21 09:25:59,79.57
002,2020-02-21 09:26:00,79.7
002,2020-02-21 09:26:01,79.83
002,2020-02-21 09:26:02,80.05
002,2020-02-21 09:26:03,80.22
002,2020-02-21 09:26:04,80.47
002,2020-02-21 09:26:05,80.73
002,2020-02-21 09:26:06,81.03
002,2020-02-21 09:26:07,81.17
002,2020-02-21 09:26:08,81.2
002,2020-02-21 09:26:09,81.28
002,2020-02-21 09:26:10,81.45
002,2020-02-21 09:26:11,81.62
002,2020-02-21 09:26:12,81.77
002,2020-02-21 09:26:13,81.92
002,2020-02-21 09:26:14,82.05
002,2020-02-21 09:26:15,82.13
002,2020-02-21 09:26:16,82.35
002,2020-02-21 09:26:17,82.58
002,2020-02-21 09:26:18,82.8
002,2020-02-21 09:26:19,83.1
002,2020-02-21 09:26:20,83.42
002,2020-02-21 09:26:21,83.78
002,2020-02-21 09:26:22,84.13
002,2020-02-21 09:26:23,84.52
002,2020-02-21 09:26:24,84.92
002,2020-02-21 09:26:25,85.4
002,2020-02-21 09:26:26,86.42
002,2020-02-21 09:26:27,86.95
002,2020-02-21 09:26:28,87.43
002,2020-02-21 09:26:29,88.22
002,2020-02-21 09:26:30,89.08
002,2020-02-21 09:26:31,89.95
002,2020-02-21 09:26:32,90.8
002,2020-02-21 09:26:33,91.65
002,2020-02-21 09:26:34,92.5
002,2020-02-21 09:26:35,93.35
002,2020-02-21 09:26:36,94.3
002,2020-02-21 09:26:37,95.18
002,2020-02-21 09:26:38,96.12
002,2020-02-21 09:26:39,96.8
002,2020-02-21 09:26:40,97.48
002,2020-02-21 09:26:41,98.22
002,2020-02-21 09:26:42,98.83
002,2020-02-21 09:26:43,99.4
002,2020-02-21 09:26:44,99.98
002,2020-02-21 09:26:45,100.58
002,2020-02-21 09:26:46,101.2
002,2020-02-21 09:26:47,101.8
002,2020-02-21 09:26:48,102.42
002,2020-02-21 09:26:49,103.08
002,2020-02-21 09:26:50,103.67
002,2020-02-21 09:26:51,104.25
002,2020-02-21 09:26:52,104.85
002,2020-02-21 09:26:53,105.52
002,2020-02-21 09:26:54,106.23
002,2020-02-21 09:26:55,106.5
002,2020-02-21 09:26:56,106.78
002,2020-02-21 09:26:57,107.08
002,2020-02-21 09:26:58,107.38
002,2020-02-21 09:26:59,107.65
002,2020-02-21 09:27:00,107.93
002,2020-02-21 09:27:01,108.23
002,2020-02-21 09:27:02,108.45
002,2020-02-21 09:27:03,108.77
002,2020-02-21 09:27:04,109.08
002,2020-02-21 09:27:05,109.38
002,2020-02-21 09:27:06,109.63
002,2020-02-21 09:27:07,109.92
002,2020-02-21 09:27:08,110.2
002,2020-02-21 09:27:09,110.43
002,2020-02-21 09:27:10,110.62
002,2020-02-21 09:27:11,110.8
002,2020-02-21 09:27:12,110.8
002,2020-02-21 09:27:13,110.83
002,2020-02-21 09:27:14,110.87
002,2020-02-21 09:27:15,110.97
002,2020-02-21 09:27:16,110.93
002,2020-02-21 09:27:17,110.85
002,2020-02-21 09:27:18,110.75
002,2020-02-21 09:27:19,110.63
002,2020-02-21 09:27:20,110.48
002,2020-02-21 09:27:21,110.33
002,2020-02-21 09:27:22,110.22
002,2020-02-21 09:27:23,109.98
002,2020-02-21 09:27:24,109.73
002,2020-02-21 09:27:25,109.42
002,2020-02-21 09:27:26,109.13
002,2020-02-21 09:27:27,108.83
002,2020-02-21 09:27:28,108.47
002,2020-02-21 09:27:29,108.27
002,2020-02-21 09:27:30,107.98
002,2020-02-21 09:27:31,107.62
002,2020-02-21 09:27:32,107.17
002,2020-02-21 09:27:33,106.77
002,2020-02-21 09:27:34,106.3
003,2020-02-22 18:09:51,58.0
003,2020-02-22 18:09:52,59.0
003,2020-02-22 18:09:53,75.67
003,2020-02-22 18:09:54,84.0
003,2020-02-22 18:09:55,80.0
003,2020-02-22 18:09:56,86.83
003,2020-02-22 18:09:57,92.29
003,2020-02-22 18:09:58,96.5
003,2020-02-22 18:09:59,99.89
003,2020-02-22 18:10:00,101.0
003,2020-02-22 18:10:01,102.0
003,2020-02-22 18:10:02,102.75
003,2020-02-22 18:10:03,103.54
003,2020-02-22 18:10:04,102.86
003,2020-02-22 18:10:05,102.47
003,2020-02-22 18:10:06,102.19
003,2020-02-22 18:10:07,101.94
003,2020-02-22 18:10:08,101.72
003,2020-02-22 18:10:09,101.53
003,2020-02-22 18:10:10,101.3
003,2020-02-22 18:10:11,101.14
003,2020-02-22 18:10:12,101.0
003,2020-02-22 18:10:13,100.7
003,2020-02-22 18:10:14,100.38
003,2020-02-22 18:10:15,100.24
003,2020-02-22 18:10:16,100.04
003,2020-02-22 18:10:17,99.78
003,2020-02-22 18:10:18,99.43
003,2020-02-22 18:10:19,99.0
003,2020-02-22 18:10:20,98.6
003,2020-02-22 18:10:21,98.23
003,2020-02-22 18:10:22,97.88
003,2020-02-22 18:10:23,97.3
003,2020-02-22 18:10:24,96.76
003,2020-02-22 18:10:25,96.26
003,2020-02-22 18:10:26,95.78
003,2020-02-22 18:10:27,95.32
003,2020-02-22 18:10:28,94.89
003,2020-02-22 18:10:29,94.51
003,2020-02-22 18:10:30,94.07
003,2020-02-22 18:10:31,93.63
003,2020-02-22 18:10:32,93.21
003,2020-02-22 18:10:33,92.79
003,2020-02-22 18:10:34,92.36
003,2020-02-22 18:10:35,91.96
003,2020-02-22 18:10:36,91.54
003,2020-02-22 18:10:37,91.17
003,2020-02-22 18:10:38,90.79
003,2020-02-22 18:10:39,90.43
003,2020-02-22 18:10:40,90.12
003,2020-02-22 18:10:41,89.82
003,2020-02-22 18:10:42,89.54
003,2020-02-22 18:10:43,89.25
003,2020-02-22 18:10:44,88.96
003,2020-02-22 18:10:45,88.67
003,2020-02-22 18:10:46,88.41
003,2020-02-22 18:10:47,88.16
003,2020-02-22 18:10:48,87.91
003,2020-02-22 18:10:49,87.68
003,2020-02-22 18:10:50,87.43
003,2020-02-22 18:10:51,87.67
003,2020-02-22 18:10:52,87.82
003,2020-02-22 18:10:53,87.13
003,2020-02-22 18:10:54,86.42
003,2020-02-22 18:10:55,86.65
003,2020-02-22 18:10:56,85.95
003,2020-02-22 18:10:57,85.18
003,2020-02-22 18:10:58,84.43
003,2020-02-22 18:10:59,83.65
003,2020-02-22 18:11:00,83.08
003,2020-02-22 18:11:01,82.5
003,2020-02-22 18:11:02,81.88
003,2020-02-22 18:11:03,81.25
003,2020-02-22 18:11:04,80.92
003,2020-02-22 18:11:05,80.53
003,2020-02-22 18:11:06,80.08
003,2020-02-22 18:11:07,79.6
003,2020-02-22 18:11:08,79.1
003,2020-02-22 18:11:09,78.58
003,2020-02-22 18:11:10,77.95
003,2020-02-22 18:11:11,77.32
003,2020-02-22 18:11:12,76.68
003,2020-02-22 18:11:13,76.12
003,2020-02-22 18:11:14,75.53
003,2020-02-22 18:11:15,74.82
003,2020-02-22 18:11:16,74.13
003,2020-02-22 18:11:17,73.45
003,2020-02-22 18:11:18,72.82
003,2020-02-22 18:11:19,72.17
003,2020-02-22 18:11:20,71.6
003,2020-02-22 18:11:21,70.97
003,2020-02-22 18:11:22,70.62
003,2020-02-22 18:11:23,70.43
003,2020-02-22 18:11:24,70.27
003,2020-02-22 18:11:25,69.97
003,2020-02-22 18:11:26,69.65
003,2020-02-22 18:11:27,69.33
003,2020-02-22 18:11:28,69.03
003,2020-02-22 18:11:29,68.68
003,2020-02-22 18:11:30,68.35
003,2020-02-22 18:11:31,68.1
003,2020-02-22 18:11:32,67.87
003,2020-02-22 18:11:33,67.68
003,2020-02-22 18:11:34,67.58
003,2020-02-22 18:11:35,67.5
003,2020-02-22 18:11:36,67.45
003,2020-02-22 18:11:37,67.37
003,2020-02-22 18:11:38,67.28
003,2020-02-22 18:11:39,67.13
003,2020-02-22 18:11:40,66.95
003,2020-02-22 18:11:41,66.7
003,2020-02-22 18:11:42,66.45
003,2020-02-22 18:11:43,66.27
003,2020-02-22 18:11:44,66.05
003,2020-02-22 18:11:45,65.82
003,2020-02-22 18:11:46,65.6
003,2020-02-22 18:11:47,65.4
003,2020-02-22 18:11:48,65.2
003,2020-02-22 18:11:49,65.0
003,2020-02-22 18:11:50,64.85
003,2020-02-22 18:11:51,64.87
003,2020-02-22 18:11:52,64.93
003,2020-02-22 18:11:53,65.02
003,2020-02-22 18:11:54,65.05
003,2020-02-22 18:11:55,64.88
003,2020-02-22 18:11:56,64.73
003,2020-02-22 18:11:57,64.62
003,2020-02-22 18:11:58,64.43
003,2020-02-22 18:11:59,64.25
003,2020-02-22 18:12:00,64.1
003,2020-02-22 18:12:01,63.97
003,2020-02-22 18:12:02,63.98
003,2020-02-22 18:12:03,63.97
003,2020-02-22 18:12:04,63.97
003,2020-02-22 18:12:05,63.95
003,2020-02-22 18:12:06,63.93
003,2020-02-22 18:12:07,63.97
003,2020-02-22 18:12:08,64.2
003,2020-02-22 18:12:09,64.45
003,2020-02-22 18:12:10,64.85
003,2020-02-22 18:12:11,65.23
003,2020-02-22 18:12:12,65.62
003,2020-02-22 18:12:13,66.03
003,2020-02-22 18:12:14,66.48
003,2020-02-22 18:12:15,67.03
003,2020-02-22 18:12:16,67.57
003,2020-02-22 18:12:17,68.18
003,2020-02-22 18:12:18,68.82
003,2020-02-22 18:12:19,69.52
003,2020-02-22 18:12:20,70.17
003,2020-02-22 18:12:21,70.88
003,2020-02-22 18:12:22,71.35
003,2020-02-22 18:12:23,71.8
003,2020-02-22 18:12:24,72.22
003,2020-02-22 18:12:25,72.7
003,2020-02-22 18:12:26,73.18
003,2020-02-22 18:12:27,73.68
003,2020-02-22 18:12:28,74.15
003,2020-02-22 18:12:29,74.65
003,2020-02-22 18:12:30,75.17
003,2020-02-22 18:12:31,75.6
003,2020-02-22 18:12:32,76.13
003,2020-02-22 18:12:33,76.62
003,2020-02-22 18:12:34,77.08
003,2020-02-22 18:12:35,77.53
003,2020-02-22 18:12:36,77.98
003,2020-02-22 18:12:37,78.48
003,2020-02-22 18:12:38,79.02
003,2020-02-22 18:12:39,79.6
003,2020-02-22 18:12:40,80.17
003,2020-02-22 18:12:41,80.93
003,2020-02-22 18:12:42,81.72
003,2020-02-22 18:12:43,82.43
003,2020-02-22 18:12:44,83.25
003,2020-02-22 18:12:45,84.13
003,2020-02-22 18:12:46,84.98
003,2020-02-22 18:12:47,85.82
003,2020-02-22 18:12:48,86.62
003,2020-02-22 18:12:49,87.45
003,2020-02-22 18:12:50,88.22
003,2020-02-22 18:12:51,88.88
003,2020-02-22 18:12:52,89.53
003,2020-02-22 18:12:53,90.2
003,2020-02-22 18:12:54,90.97
003,2020-02-22 18:12:55,91.77
003,2020-02-22 18:12:56,92.55
003,2020-02-22 18:12:57,93.28
003,2020-02-22 18:12:58,94.02
003,2020-02-22 18:12:59,94.75
003,2020-02-22 18:13:00,95.32
003,2020-02-22 18:13:01,95.83
003,2020-02-22 18:13:02,96.18
003,2020-02-22 18:13:03,96.53
003,2020-02-22 18:13:04,96.87
003,2020-02-22 18:13:05,97.17
003,2020-02-22 18:13:06,97.53
003,2020-02-22 18:13:07,97.87
003,2020-02-22 18:13:08,98.02
003,2020-02-22 18:13:09,98.2
003,2020-02-22 18:13:10,98.37
003,2020-02-22 18:13:11,98.53
003,2020-02-22 18:13:12,98.73
003,2020-02-22 18:13:13,98.93
003,2020-02-22 18:13:14,99.12
003,2020-02-22 18:13:15,99.27
003,2020-02-22 18:13:16,99.45
003,2020-02-22 18:13:17,99.57
003,2020-02-22 18:13:18,99.7
003,2020-02-22 18:13:19,99.83
003,2020-02-22 18:13:20,99.93
003,2020-02-22 18:13:21,100.05
003,2020-02-22 18:13:22,100.12
003,2020-02-22 18:13:23,100.18
003,2020-02-22 18:13:24,100.23
003,2020-02-22 18:13:25,100.35
003,2020-02-22 18:13:26,100.5
003,2020-02-22 18:13:27,100.62
003,2020-02-22 18:13:28,100.7
003,2020-02-22 18:13:29,100.75
003,2020-02-22 18:13:30,100.82
003,2020-02-22 18:13:31,100.88
003,2020-02-22 18:13:32,100.8
003,2020-02-22 18:13:33,100.75
003,2020-02-22 18:13:34,100.67
003,2020-02-22 18:13:35,100.58
003,2020-02-22 18:13:36,100.48
003,2020-02-22 18:13:37,100.33
003,2020-02-22 18:13:38,100.2
003,2020-02-22 18:13:39,100.08
003,2020-02-22 18:13:40,100.0
003,2020-02-22 18:13:41,99.87
003,2020-02-22 18:13:42,99.7
003,2020-02-22 18:13:43,99.55
003,2020-02-22 18:13:44,99.32
003,2020-02-22 18:13:45,99.02
003,2020-02-22 18:13:46,98.65
003,2020-02-22 18:13:47,98.2
003,2020-02-22 18:13:48,97.78
003,2020-02-22 18:13:49,97.33
003,2020-02-22 18:13:50,96.92
003,2020-02-22 18:13:51,96.42
003,2020-02-22 18:13:52,95.93
003,2020-02-22 18:13:53,95.43
003,2020-02-22 18:13:54,94.9
003,2020-02-22 18:13:55,94.32
003,2020-02-22 18:13:56,93.75
003,2020-02-22 18:13:57,93.22
003,2020-02-22 18:13:58,92.7
003,2020-02-22 18:13:59,92.2
003,2020-02-22 18:14:00,91.93
003,2020-02-22 18:14:01,91.7
003,2020-02-22 18:14:02,91.57
003,2020-02-22 18:14:03,91.43
003,2020-02-22 18:14:04,91.3
003,2020-02-22 18:14:05,91.22
003,2020-02-22 18:14:06,91.13
003,2020-02-22 18:14:07,90.97
003,2020-02-22 18:14:08,90.83
003,2020-02-22 18:14:09,90.68
003,2020-02-22 18:14:10,90.55
003,2020-02-22 18:14:11,90.42
003,2020-02-22 18:14:12,90.28
003,2020-02-22 18:14:13,90.1
003,2020-02-22 18:14:14,89.92
003,2020-02-22 18:14:15,89.75
003,2020-02-22 18:14:16,89.58
003,2020-02-22 18:14:17,89.38
003,2020-02-22 18:14:18,89.15
003,2020-02-22 18:14:19,88.93
003,2020-02-22 18:14:20,88.72
003,2020-02-22 18:14:21,88.53
003,2020-02-22 18:14:22,88.37
003,2020-02-22 18:14:23,88.2
003,2020-02-22 18:14:24,88.07
003,2020-02-22 18:14:25,87.95
003,2020-02-22 18:14:26,87.82
003,2020-02-22 18:14:27,87.68
003,2020-02-22 18:14:28,87.62
003,2020-02-22 18:14:29,87.58
003,2020-02-22 18:14:30,87.53
003,2020-02-22 18:14:31,87.58
003,2020-02-22 18:14:32,87.67
003,2020-02-22 18:14:33,87.72
003,2020-02-22 18:14:34,87.73
003,2020-02-22 18:14:35,87.77
003,2020-02-22 18:14:36,87.83
003,2020-02-22 18:14:37,87.88
003,2020-02-22 18:14:38,87.82
003,2020-02-22 18:14:39,87.77
003,2020-02-22 18:14:40,87.8
003,2020-02-22 18:14:41,87.75
003,2020-02-22 18:14:42,87.8
003,2020-02-22 18:14:43,87.52
003,2020-02-22 18:14:44,87.25
003,2020-02-22 18:14:45,87.02
003,2020-02-22 18:14:46,86.88
003,2020-02-22 18:14:47,86.82
003,2020-02-22 18:14:48,86.77
003,2020-02-22 18:14:49,86.72
003,2020-02-22 18:14:50,86.68
003,2020-02-22 18:14:51,86.68
003,2020-02-22 18:14:52,86.67
003,2020-02-22 18:14:53,86.67
003,2020-02-22 18:14:54,86.7
003,2020-02-22 18:14:55,86.78
003,2020-02-22 18:14:56,86.85
003,2020-02-22 18:14:57,86.93
003,2020-02-22 18:14:58,87.1
003,2020-02-22 18:14:59,87.25
003,2020-02-22 18:15:00,87.35
003,2020-02-22 18:15:01,87.43
003,2020-02-22 18:15:02,87.48
003,2020-02-22 18:15:03,87.55
003,2020-02-22 18:15:04,87.63
003,2020-02-22 18:15:05,87.72
003,2020-02-22 18:15:06,87.78
003,2020-02-22 18:15:07,87.98
003,2020-02-22 18:15:08,88.15
003,2020-02-22 18:15:09,88.3
003,2020-02-22 18:15:10,88.42
003,2020-02-22 18:15:11,88.5
003,2020-02-22 18:15:12,88.53
003,2020-02-22 18:15:13,88.6
003,2020-02-22 18:15:14,88.7
003,2020-02-22 18:15:15,88.77
003,2020-02-22 18:15:16,88.78
003,2020-02-22 18:15:17,88.83
003,2020-02-22 18:15:18,88.9
003,2020-02-22 18:15:19,88.93
003,2020-02-22 18:15:20,88.97
003,2020-02-22 18:15:21,88.85
003,2020-02-22 18:15:22,88.77
003,2020-02-22 18:15:23,88.67
003,2020-02-22 18:15:24,88.57
003,2020-02-22 18:15:25,88.5
003,2020-02-22 18:15:26,88.48
003,2020-02-22 18:15:27,88.47
003,2020-02-22 18:15:28,88.48
003,2020-02-22 18:15:29,88.52
003,2020-02-22 18:15:30,88.53
003,2020-02-22 18:15:31,88.45
003,2020-02-22 18:15:32,88.38
003,2020-02-22 18:15:33,88.33
003,2020-02-22 18:15:34,88.3
003,2020-02-22 18:15:35,88.25
003,2020-02-22 18:15:36,88.13
003,2020-02-22 18:15:37,88.08
003,2020-02-22 18:15:38,88.12
003,2020-02-22 18:15:39,88.13
003,2020-02-22 18:15:40,88.0
003,2020-02-22 18:15:41,87.88
003,2020-02-22 18:15:42,87.65
003,2020-02-22 18:15:43,87.67
003,2020-02-22 18:15:44,87.62
003,2020-02-22 18:15:45,87.62
003,2020-02-22 18:15:46,87.6
003,2020-02-22 18:15:47,87.62
003,2020-02-22 18:15:48,87.5
003,2020-02-22 18:15:49,87.4
003,2020-02-22 18:15:50,87.3
003,2020-02-22 18:15:51,87.28
003,2020-02-22 18:15:52,87.27
003,2020-02-22 18:15:53,87.25
003,2020-02-22 18:15:54,87.22
003,2020-02-22 18:15:55,87.12
003,2020-02-22 18:15:56,87.03
003,2020-02-22 18:15:57,86.92
003,2020-02-22 18:15:58,86.72
003,2020-02-22 18:15:59,86.53
003,2020-02-22 18:16:00,86.35
003,2020-02-22 18:16:01,86.2
003,2020-02-22 18:16:02,86.03
003,2020-02-22 18:16:03,85.87
003,2020-02-22 18:16:04,85.7
003,2020-02-22 18:16:05,85.53
003,2020-02-22 18:16:06,85.37
003,2020-02-22 18:16:07,85.15
003,2020-02-22 18:16:08,84.93
003,2020-02-22 18:16:09,84.73
003,2020-02-22 18:16:10,84.62
003,2020-02-22 18:16:11,84.52
003,2020-02-22 18:16:12,84.45
003,2020-02-22 18:16:13,84.37
003,2020-02-22 18:16:14,84.28
003,2020-02-22 18:16:15,84.25
003,2020-02-22 18:16:16,84.27
003,2020-02-22 18:16:17,84.32
003,2020-02-22 18:16:18,84.37
003,2020-02-22 18:16:19,84.45
003,2020-02-22 18:16:20,84.55
003,2020-02-22 18:16:21,84.73
003,2020-02-22 18:16:22,84.87
003,2020-02-22 18:16:23,84.98
003,2020-02-22 18:16:24,85.1
003,2020-02-22 18:16:25,85.15
003,2020-02-22 18:16:26,85.17
003,2020-02-22 18:16:27,85.22
003,2020-02-22 18:16:28,85.22
003,2020-02-22 18:16:29,85.23
003,2020-02-22 18:16:30,85.28
003,2020-02-22 18:16:31,85.37
003,2020-02-22 18:16:32,85.55
003,2020-02-22 18:16:33,85.73
003,2020-02-22 18:16:34,85.95
003,2020-02-22 18:16:35,86.18
003,2020-02-22 18:16:36,86.45
003,2020-02-22 18:16:37,86.67
003,2020-02-22 18:16:38,86.9
003,2020-02-22 18:16:39,87.12
003,2020-02-22 18:16:40,87.38
003,2020-02-22 18:16:41,87.6
003,2020-02-22 18:16:42,87.88
003,2020-02-22 18:16:43,88.23
003,2020-02-22 18:16:44,88.7
003,2020-02-22 18:16:45,89.12
003,2020-02-22 18:16:46,89.52
003,2020-02-22 18:16:47,89.9
003,2020-02-22 18:16:48,90.4
003,2020-02-22 18:16:49,90.77
003,2020-02-22 18:16:50,91.18
003,2020-02-22 18:16:51,91.48
003,2020-02-22 18:16:52,91.73
003,2020-02-22 18:16:53,92.0
003,2020-02-22 18:16:54,92.32
003,2020-02-22 18:16:55,92.73
003,2020-02-22 18:16:56,93.1
003,2020-02-22 18:16:57,93.5
003,2020-02-22 18:16:58,94.05
003,2020-02-22 18:16:59,94.55
003,2020-02-22 18:17:00,95.02
003,2020-02-22 18:17:01,95.23
003,2020-02-22 18:17:02,95.47
003,2020-02-22 18:17:03,95.7
003,2020-02-22 18:17:04,95.93
003,2020-02-22 18:17:05,96.12
003,2020-02-22 18:17:06,96.33
003,2020-02-22 18:17:07,96.57
003,2020-02-22 18:17:08,96.73
003,2020-02-22 18:17:09,96.88
003,2020-02-22 18:17:10,96.85
003,2020-02-22 18:17:11,96.7
003,2020-02-22 18:17:12,96.53
003,2020-02-22 18:17:13,96.37
003,2020-02-22 18:17:14,96.18
003,2020-02-22 18:17:15,95.97
003,2020-02-22 18:17:16,95.73
003,2020-02-22 18:17:17,95.48
003,2020-02-22 18:17:18,95.18
003,2020-02-22 18:17:19,94.85
003,2020-02-22 18:17:20,94.5
003,2020-02-22 18:17:21,94.15
003,2020-02-22 18:17:22,93.82
003,2020-02-22 18:17:23,93.52
003,2020-02-22 18:17:24,93.18
003,2020-02-22 18:17:25,92.93
003,2020-02-22 18:17:26,92.65
003,2020-02-22 18:17:27,92.38
003,2020-02-22 18:17:28,92.12
003,2020-02-22 18:17:29,91.83
003,2020-02-22 18:17:30,91.53
003,2020-02-22 18:17:31,91.2
003,2020-02-22 18:17:32,90.75
003,2020-02-22 18:17:33,90.28
003,2020-02-22 18:17:34,89.8
003,2020-02-22 18:17:35,89.32
003,2020-02-22 18:17:36,88.87
003,2020-02-22 18:17:37,88.43
003,2020-02-22 18:17:38,88.0
003,2020-02-22 18:17:39,87.62
003,2020-02-22 18:17:40,87.25
003,2020-02-22 18:17:41,86.98
003,2020-02-22 18:17:42,86.68
003,2020-02-22 18:17:43,86.42
003,2020-02-22 18:17:44,86.13
003,2020-02-22 18:17:45,85.88
003,2020-02-22 18:17:46,85.65
003,2020-02-22 18:17:47,85.42
003,2020-02-22 18:17:48,85.2
003,2020-02-22 18:17:49,85.1
003,2020-02-22 18:17:50,84.97
003,2020-02-22 18:17:51,84.87
003,2020-02-22 18:17:52,84.82
003,2020-02-22 18:17:53,84.75
003,2020-02-22 18:17:54,84.63
003,2020-02-22 18:17:55,84.47
003,2020-02-22 18:17:56,84.3
003,2020-02-22 18:17:57,84.1
003,2020-02-22 18:17:58,83.73
003,2020-02-22 18:17:59,83.38
003,2020-02-22 18:18:00,83.07
003,2020-02-22 18:18:01,82.93
003,2020-02-22 18:18:02,82.8
003,2020-02-22 18:18:03,82.68
003,2020-02-22 18:18:04,82.58
003,2020-02-22 18:18:05,82.55
003,2020-02-22 18:18:06,82.52
003,2020-02-22 18:18:07,82.52
003,2020-02-22 18:18:08,82.58
003,2020-02-22 18:18:09,82.67
004,2020-02-27 08:37:32,60.0
004,2020-02-27 08:37:33,56.0
004,2020-02-27 08:37:34,59.67
004,2020-02-27 08:37:35,69.25
004,2020-02-27 08:37:36,67.0
004,2020-02-27 08:37:37,65.5
004,2020-02-27 08:37:38,64.29
004,2020-02-27 08:37:39,63.25
004,2020-02-27 08:37:40,62.67
004,2020-02-27 08:37:41,62.4
004,2020-02-27 08:37:42,62.27
004,2020-02-27 08:37:43,62.33
004,2020-02-27 08:37:44,63.31
004,2020-02-27 08:37:45,64.14
004,2020-02-27 08:37:46,64.87
004,2020-02-27 08:37:47,65.38
004,2020-02-27 08:37:48,65.82
004,2020-02-27 08:37:49,66.28
004,2020-02-27 08:37:50,66.79
004,2020-02-27 08:37:51,67.2
004,2020-02-27 08:37:52,67.48
004,2020-02-27 08:37:53,67.68
004,2020-02-27 08:37:54,67.87
004,2020-02-27 08:37:55,68.04
004,2020-02-27 08:37:56,68.72
004,2020-02-27 08:37:57,69.31
004,2020-02-27 08:37:58,69.85
004,2020-02-27 08:37:59,70.39
004,2020-02-27 08:38:00,70.69
004,2020-02-27 08:38:01,71.13
004,2020-02-27 08:38:02,71.48
004,2020-02-27 08:38:03,71.78
004,2020-02-27 08:38:04,72.0
004,2020-02-27 08:38:05,72.21
004,2020-02-27 08:38:06,72.31
004,2020-02-27 08:38:07,72.42
004,2020-02-27 08:38:08,72.49
004,2020-02-27 08:38:09,72.5
004,2020-02-27 08:38:10,72.51
004,2020-02-27 08:38:11,72.47
004,2020-02-27 08:38:12,72.39
004,2020-02-27 08:38:13,72.26
004,2020-02-27 08:38:14,72.16
004,2020-02-27 08:38:15,71.95
004,2020-02-27 08:38:16,71.73
004,2020-02-27 08:38:17,71.33
004,2020-02-27 08:38:18,70.94
004,2020-02-27 08:38:19,70.54
004,2020-02-27 08:38:20,70.2
004,2020-02-27 08:38:21,69.92
004,2020-02-27 08:38:22,69.71
004,2020-02-27 08:38:23,69.5
004,2020-02-27 08:38:24,69.34
004,2020-02-27 08:38:25,69.2
004,2020-02-27 08:38:26,69.15
004,2020-02-27 08:38:27,69.2
004,2020-02-27 08:38:28,69.26
004,2020-02-27 08:38:29,69.33
004,2020-02-27 08:38:30,69.39
004,2020-02-27 08:38:31,69.45
004,2020-02-27 08:38:32,69.65
004,2020-02-27 08:38:33,69.98
004,2020-02-27 08:38:34,70.05
004,2020-02-27 08:38:35,69.6
004,2020-02-27 08:38:36,69.8
004,2020-02-27 08:38:37,70.0
004,2020-02-27 08:38:38,70.2
004,2020-02-27 08:38:39,70.42
004,2020-02-27 08:38:40,70.6
004,2020-02-27 08:38:41,70.72
004,2020-02-27 08:38:42,70.8
004,2020-02-27 08:38:43,70.83
004,2020-02-27 08:38:44,70.65
004,2020-02-27 08:38:45,70.48
004,2020-02-27 08:38:46,70.35
004,2020-02-27 08:38:47,70.23
004,2020-02-27 08:38:48,70.12
004,2020-02-27 08:38:49,69.97
004,2020-02-27 08:38:50,69.7
004,2020-02-27 08:38:51,69.38
004,2020-02-27 08:38:52,69.17
004,2020-02-27 08:38:53,68.97
004,2020-02-27 08:38:54,68.72
004,2020-02-27 08:38:55,68.47
004,2020-02-27 08:38:56,68.0
004,2020-02-27 08:38:57,67.52
004,2020-02-27 08:38:58,67.02
004,2020-02-27 08:38:59,66.52
004,2020-02-27 08:39:00,66.05
004,2020-02-27 08:39:01,65.52
004,2020-02-27 08:39:02,65.05
004,2020-02-27 08:39:03,64.57
004,2020-02-27 08:39:04,64.08
004,2020-02-27 08:39:05,63.57
004,2020-02-27 08:39:06,63.17
004,2020-02-27 08:39:07,62.78
004,2020-02-27 08:39:08,62.52
004,2020-02-27 08:39:09,62.27
004,2020-02-27 08:39:10,61.95
004,2020-02-27 08:39:11,61.73
004,2020-02-27 08:39:12,61.55
004,2020-02-27 08:39:13,61.62
004,2020-02-27 08:39:14,61.67
004,2020-02-27 08:39:15,61.8
004,2020-02-27 08:39:16,61.95
004,2020-02-27 08:39:17,62.28
004,2020-02-27 08:39:18,62.62
004,2020-02-27 08:39:19,62.97
004,2020-02-27 08:39:20,63.28
004,2020-02-27 08:39:21,63.57
004,2020-02-27 08:39:22,63.8
004,2020-02-27 08:39:23,64.03
004,2020-02-27 08:39:24,64.23
004,2020-02-27 08:39:25,64.4
004,2020-02-27 08:39:26,64.5
004,2020-02-27 08:39:27,64.52
004,2020-02-27 08:39:28,64.5
004,2020-02-27 08:39:29,64.45
004,2020-02-27 08:39:30,64.38
004,2020-02-27 08:39:31,64.33
004,2020-02-27 08:39:32,64.32
004,2020-02-27 08:39:33,64.3
004,2020-02-27 08:39:34,64.33
004,2020-02-27 08:39:35,64.37
004,2020-02-27 08:39:36,64.43
004,2020-02-27 08:39:37,64.52
004,2020-02-27 08:39:38,64.63
004,2020-02-27 08:39:39,64.92
004,2020-02-27 08:39:40,65.28
004,2020-02-27 08:39:41,65.8
004,2020-02-27 08:39:42,66.3
004,2020-02-27 08:39:43,66.83
004,2020-02-27 08:39:44,67.53
004,2020-02-27 08:39:45,68.22
004,2020-02-27 08:39:46,68.85
004,2020-02-27 08:39:47,69.5
004,2020-02-27 08:39:48,70.18
004,2020-02-27 08:39:49,70.85
004,2020-02-27 08:39:50,71.6
004,2020-02-27 08:39:51,72.63
004,2020-02-27 08:39:52,73.62
004,2020-02-27 08:39:53,74.85
004,2020-02-27 08:39:54,76.12
004,2020-02-27 08:39:55,77.38
004,2020-02-27 08:39:56,78.88
004,2020-02-27 08:39:57,80.4
004,2020-02-27 08:39:58,81.93
004,2020-02-27 08:39:59,83.43
004,2020-02-27 08:40:00,85.0
004,2020-02-27 08:40:01,86.53
004,2020-02-27 08:40:02,88.03
004,2020-02-27 08:40:03,89.6
004,2020-02-27 08:40:04,91.2
004,2020-02-27 08:40:05,92.83
004,2020-02-27 08:40:06,94.42
004,2020-02-27 08:40:07,96.03
004,2020-02-27 08:40:08,97.55
004,2020-02-27 08:40:09,98.83
004,2020-02-27 08:40:10,100.18
004,2020-02-27 08:40:11,101.48
004,2020-02-27 08:40:12,102.77
004,2020-02-27 08:40:13,103.85
004,2020-02-27 08:40:14,104.92
004,2020-02-27 08:40:15,105.98
004,2020-02-27 08:40:16,107.05
004,2020-02-27 08:40:17,108.12
004,2020-02-27 08:40:18,109.18
004,2020-02-27 08:40:19,110.27
004,2020-02-27 08:40:20,111.35
004,2020-02-27 08:40:21,112.47
004,2020-02-27 08:40:22,113.58
004,2020-02-27 08:40:23,114.77
004,2020-02-27 08:40:24,115.98
004,2020-02-27 08:40:25,117.03
004,2020-02-27 08:40:26,118.08
004,2020-02-27 08:40:27,119.1
004,2020-02-27 08:40:28,120.08
004,2020-02-27 08:40:29,121.08
004,2020-02-27 08:40:30,122.1
004,2020-02-27 08:40:31,123.08
004,2020-02-27 08:40:32,124.05
004,2020-02-27 08:40:33,124.97
004,2020-02-27 08:40:34,125.85
004,2020-02-27 08:40:35,126.77
004,2020-02-27 08:40:36,127.63
004,2020-02-27 08:40:37,128.5
004,2020-02-27 08:40:38,129.32
004,2020-02-27 08:40:39,129.97
004,2020-02-27 08:40:40,130.55
004,2020-02-27 08:40:41,131.17
004,2020-02-27 08:40:42,131.82
004,2020-02-27 08:40:43,132.43
004,2020-02-27 08:40:44,132.78
004,2020-02-27 08:40:45,133.15
004,2020-02-27 08:40:46,133.53
004,2020-02-27 08:40:47,133.83
004,2020-02-27 08:40:48,134.08
004,2020-02-27 08:40:49,134.37
004,2020-02-27 08:40:50,134.67
004,2020-02-27 08:40:51,134.72
004,2020-02-27 08:40:52,134.73
004,2020-02-27 08:40:53,134.5
004,2020-02-27 08:40:54,134.08
004,2020-02-27 08:40:55,133.62
004,2020-02-27 08:40:56,132.97
004,2020-02-27 08:40:57,132.37
004,2020-02-27 08:40:58,131.7
004,2020-02-27 08:40:59,131.03
004,2020-02-27 08:41:00,130.25
004,2020-02-27 08:41:01,129.25
004,2020-02-27 08:41:02,128.12
004,2020-02-27 08:41:03,126.95
004,2020-02-27 08:41:04,125.78
004,2020-02-27 08:41:05,124.62
004,2020-02-27 08:41:06,123.43
004,2020-02-27 08:41:07,122.18
004,2020-02-27 08:41:08,120.9
004,2020-02-27 08:41:09,119.87
004,2020-02-27 08:41:10,118.83
004,2020-02-27 08:41:11,117.78
004,2020-02-27 08:41:12,116.75
004,2020-02-27 08:41:13,115.7
004,2020-02-27 08:41:14,114.63
004,2020-02-27 08:41:15,113.55
004,2020-02-27 08:41:16,112.48
004,2020-02-27 08:41:17,111.37
004,2020-02-27 08:41:18,110.23
004,2020-02-27 08:41:19,109.07
004,2020-02-27 08:41:20,107.9
004,2020-02-27 08:41:21,106.7
004,2020-02-27 08:41:22,105.52
004,2020-02-27 08:41:23,104.27
004,2020-02-27 08:41:24,102.98
004,2020-02-27 08:41:25,101.88
004,2020-02-27 08:41:26,100.8
004,2020-02-27 08:41:27,99.78
004,2020-02-27 08:41:28,98.82
004,2020-02-27 08:41:29,97.87
004,2020-02-27 08:41:30,96.92
004,2020-02-27 08:41:31,96.0
004,2020-02-27 08:41:32,95.08
004,2020-02-27 08:41:33,94.22
004,2020-02-27 08:41:34,93.33
004,2020-02-27 08:41:35,92.42
004,2020-02-27 08:41:36,91.52
004,2020-02-27 08:41:37,90.6
004,2020-02-27 08:41:38,89.73
004,2020-02-27 08:41:39,88.88
004,2020-02-27 08:41:40,88.02
004,2020-02-27 08:41:41,87.02
004,2020-02-27 08:41:42,86.02
004,2020-02-27 08:41:43,85.03
004,2020-02-27 08:41:44,84.17
004,2020-02-27 08:41:45,83.3
004,2020-02-27 08:41:46,82.47
004,2020-02-27 08:41:47,81.72
004,2020-02-27 08:41:48,80.98
004,2020-02-27 08:41:49,80.25
004,2020-02-27 08:41:50,79.52
004,2020-02-27 08:41:51,78.82
004,2020-02-27 08:41:52,78.12
004,2020-02-27 08:41:53,77.43
004,2020-02-27 08:41:54,76.93
004,2020-02-27 08:41:55,76.48
004,2020-02-27 08:41:56,75.97
004,2020-02-27 08:41:57,75.4
004,2020-02-27 08:41:58,74.88
004,2020-02-27 08:41:59,74.38
004,2020-02-27 08:42:00,74.0
004,2020-02-27 08:42:01,73.83
004,2020-02-27 08:42:02,73.77
004,2020-02-27 08:42:03,73.75
004,2020-02-27 08:42:04,73.7
004,2020-02-27 08:42:05,73.67
004,2020-02-27 08:42:06,73.65
004,2020-02-27 08:42:07,73.65
004,2020-02-27 08:42:08,73.68
004,2020-02-27 08:42:09,73.72
004,2020-02-27 08:42:10,73.75
004,2020-02-27 08:42:11,73.78
004,2020-02-27 08:42:12,73.87
004,2020-02-27 08:42:13,73.92
004,2020-02-27 08:42:14,74.03
004,2020-02-27 08:42:15,74.18
004,2020-02-27 08:42:16,74.33
004,2020-02-27 08:42:17,74.48
004,2020-02-27 08:42:18,74.7
004,2020-02-27 08:42:19,74.93
004,2020-02-27 08:42:20,75.17
004,2020-02-27 08:42:21,75.4
004,2020-02-27 08:42:22,75.58
004,2020-02-27 08:42:23,75.75
004,2020-02-27 08:42:24,75.93
004,2020-02-27 08:42:25,76.1
004,2020-02-27 08:42:26,76.23
004,2020-02-27 08:42:27,76.32
004,2020-02-27 08:42:28,76.42
004,2020-02-27 08:42:29,76.47
004,2020-02-27 08:42:30,76.57
004,2020-02-27 08:42:31,76.65
004,2020-02-27 08:42:32,76.72
004,2020-02-27 08:42:33,76.78
004,2020-02-27 08:42:34,76.87
004,2020-02-27 08:42:35,76.8
004,2020-02-27 08:42:36,77.13
004,2020-02-27 08:42:37,77.45
004,2020-02-27 08:42:38,77.8
004,2020-02-27 08:42:39,78.07
004,2020-02-27 08:42:40,78.4
004,2020-02-27 08:42:41,78.72
004,2020-02-27 08:42:42,78.98
004,2020-02-27 08:42:43,79.23
004,2020-02-27 08:42:44,79.48
004,2020-02-27 08:42:45,79.7
004,2020-02-27 08:42:46,79.88
004,2020-02-27 08:42:47,80.05
004,2020-02-27 08:42:48,80.22
004,2020-02-27 08:42:49,80.37
004,2020-02-27 08:42:50,80.47
004,2020-02-27 08:42:51,80.57
004,2020-02-27 08:42:52,80.75
004,2020-02-27 08:42:53,80.68
004,2020-02-27 08:42:54,80.63
004,2020-02-27 08:42:55,80.58
004,2020-02-27 08:42:56,80.53
004,2020-02-27 08:42:57,80.48
004,2020-02-27 08:42:58,80.43
004,2020-02-27 08:42:59,80.38
004,2020-02-27 08:43:00,80.33
004,2020-02-27 08:43:01,80.3
004,2020-02-27 08:43:02,80.32
004,2020-02-27 08:43:03,80.3
004,2020-02-27 08:43:04,80.33
004,2020-02-27 08:43:05,80.37
004,2020-02-27 08:43:06,80.38
004,2020-02-27 08:43:07,80.38
004,2020-02-27 08:43:08,80.38
004,2020-02-27 08:43:09,80.37
004,2020-02-27 08:43:10,80.33
004,2020-02-27 08:43:11,80.3
004,2020-02-27 08:43:12,80.2
004,2020-02-27 08:43:13,80.13
004,2020-02-27 08:43:14,80.03
004,2020-02-27 08:43:15,79.92
004,2020-02-27 08:43:16,79.78
004,2020-02-27 08:43:17,79.67
004,2020-02-27 08:43:18,79.5
004,2020-02-27 08:43:19,79.33
004,2020-02-27 08:43:20,79.15
004,2020-02-27 08:43:21,78.98
004,2020-02-27 08:43:22,78.87
004,2020-02-27 08:43:23,78.78
004,2020-02-27 08:43:24,78.68
004,2020-02-27 08:43:25,78.6
004,2020-02-27 08:43:26,78.53
004,2020-02-27 08:43:27,78.48
004,2020-02-27 08:43:28,78.42
004,2020-02-27 08:43:29,78.42
004,2020-02-27 08:43:30,78.35
004,2020-02-27 08:43:31,78.28
004,2020-02-27 08:43:32,78.25
004,2020-02-27 08:43:33,78.2
004,2020-02-27 08:43:34,78.15
004,2020-02-27 08:43:35,78.25
004,2020-02-27 08:43:36,77.97
004,2020-02-27 08:43:37,77.7
004,2020-02-27 08:43:38,77.38
004,2020-02-27 08:43:39,77.13
004,2020-02-27 08:43:40,76.83
004,2020-02-27 08:43:41,76.52
004,2020-02-27 08:43:42,76.25
004,2020-02-27 08:43:43,75.95
004,2020-02-27 08:43:44,75.65
004,2020-02-27 08:43:45,75.37
004,2020-02-27 08:43:46,75.07
004,2020-02-27 08:43:47,74.78
004,2020-02-27 08:43:48,74.52
004,2020-02-27 08:43:49,74.28
004,2020-02-27 08:43:50,74.08
004,2020-02-27 08:43:51,73.92
004,2020-02-27 08:43:52,73.68
004,2020-02-27 08:43:53,73.68
004,2020-02-27 08:43:54,73.68
004,2020-02-27 08:43:55,73.68
004,2020-02-27 08:43:56,73.7
004,2020-02-27 08:43:57,73.72
004,2020-02-27 08:43:58,73.75
004,2020-02-27 08:43:59,73.77
004,2020-02-27 08:44:00,73.77
004,2020-02-27 08:44:01,73.78
004,2020-02-27 08:44:02,73.77
004,2020-02-27 08:44:03,73.72
004,2020-02-27 08:44:04,73.65
004,2020-02-27 08:44:05,73.57
004,2020-02-27 08:44:06,73.48
004,2020-02-27 08:44:07,73.43
004,2020-02-27 08:44:08,73.4
004,2020-02-27 08:44:09,73.38
004,2020-02-27 08:44:10,73.38
004,2020-02-27 08:44:11,73.38
004,2020-02-27 08:44:12,73.4
004,2020-02-27 08:44:13,73.42
004,2020-02-27 08:44:14,73.43
004,2020-02-27 08:44:15,73.47
004,2020-02-27 08:44:16,73.5
004,2020-02-27 08:44:17,73.53
004,2020-02-27 08:44:18,73.58
004,2020-02-27 08:44:19,73.63
004,2020-02-27 08:44:20,73.7
004,2020-02-27 08:44:21,73.77
004,2020-02-27 08:44:22,73.85
004,2020-02-27 08:44:23,73.93
004,2020-02-27 08:44:24,74.02
004,2020-02-27 08:44:25,74.12
004,2020-02-27 08:44:26,74.22
004,2020-02-27 08:44:27,74.28
004,2020-02-27 08:44:28,74.35
004,2020-02-27 08:44:29,74.4
004,2020-02-27 08:44:30,74.48
004,2020-02-27 08:44:31,74.58
004,2020-02-27 08:44:32,74.7
004,2020-02-27 08:44:33,74.87
004,2020-02-27 08:44:34,75.05
004,2020-02-27 08:44:35,75.28
004,2020-02-27 08:44:36,75.53
004,2020-02-27 08:44:37,75.78
004,2020-02-27 08:44:38,76.03
004,2020-02-27 08:44:39,76.28
004,2020-02-27 08:44:40,76.48
004,2020-02-27 08:44:41,76.68
004,2020-02-27 08:44:42,76.9
004,2020-02-27 08:44:43,77.23
004,2020-02-27 08:44:44,77.42
004,2020-02-27 08:44:45,77.63
004,2020-02-27 08:44:46,77.85
004,2020-02-27 08:44:47,78.03
004,2020-02-27 08:44:48,78.17
004,2020-02-27 08:44:49,78.28
004,2020-02-27 08:44:50,78.42
004,2020-02-27 08:44:51,78.37
004,2020-02-27 08:44:52,78.35
004,2020-02-27 08:44:53,78.35
004,2020-02-27 08:44:54,78.35
004,2020-02-27 08:44:55,78.37
004,2020-02-27 08:44:56,78.4
004,2020-02-27 08:44:57,78.47
004,2020-02-27 08:44:58,78.52
004,2020-02-27 08:44:59,78.57
004,2020-02-27 08:45:00,78.63
004,2020-02-27 08:45:01,78.67
004,2020-02-27 08:45:02,78.72
004,2020-02-27 08:45:03,78.8
004,2020-02-27 08:45:04,78.88
004,2020-02-27 08:45:05,78.95
004,2020-02-27 08:45:06,79.0
004,2020-02-27 08:45:07,79.03
004,2020-02-27 08:45:08,79.05
004,2020-02-27 08:45:09,79.1
004,2020-02-27 08:45:10,79.28
004,2020-02-27 08:45:11,79.45
004,2020-02-27 08:45:12,79.65
004,2020-02-27 08:45:13,79.85
004,2020-02-27 08:45:14,80.02
004,2020-02-27 08:45:15,80.12
004,2020-02-27 08:45:16,80.38
004,2020-02-27 08:45:17,80.67
004,2020-02-27 08:45:18,80.93
004,2020-02-27 08:45:19,81.22
004,2020-02-27 08:45:20,81.55
004,2020-02-27 08:45:21,81.85
004,2020-02-27 08:45:22,82.12
004,2020-02-27 08:45:23,82.42
004,2020-02-27 08:45:24,82.73
004,2020-02-27 08:45:25,83.08
004,2020-02-27 08:45:26,83.45
004,2020-02-27 08:45:27,83.85
004,2020-02-27 08:45:28,84.03
004,2020-02-27 08:45:29,84.22
004,2020-02-27 08:45:30,84.38
004,2020-02-27 08:45:31,84.53
004,2020-02-27 08:45:32,84.53
004,2020-02-27 08:45:33,84.48
004,2020-02-27 08:45:34,84.38
004,2020-02-27 08:45:35,84.23
004,2020-02-27 08:45:36,84.05
004,2020-02-27 08:45:37,83.73
004,2020-02-27 08:45:38,83.43
004,2020-02-27 08:45:39,83.15
004,2020-02-27 08:45:40,82.9
004,2020-02-27 08:45:41,82.68
004,2020-02-27 08:45:42,82.47
004,2020-02-27 08:45:43,82.2
004,2020-02-27 08:45:44,82.08
004,2020-02-27 08:45:45,81.95
004,2020-02-27 08:45:46,81.83
004,2020-02-27 08:45:47,81.72
004,2020-02-27 08:45:48,81.63
004,2020-02-27 08:45:49,81.52
004,2020-02-27 08:45:50,81.4
005,2020-02-27 13:34:12,85.0
005,2020-02-27 13:34:13,97.0
005,2020-02-27 13:34:14,104.67
005,2020-02-27 13:34:15,93.0
005,2020-02-27 13:34:16,95.0
005,2020-02-27 13:34:17,88.83
005,2020-02-27 13:34:18,85.57
005,2020-02-27 13:34:19,83.75
005,2020-02-27 13:34:20,82.33
005,2020-02-27 13:34:21,81.2
005,2020-02-27 13:34:22,80.09
005,2020-02-27 13:34:23,79.67
005,2020-02-27 13:34:24,79.23
005,2020-02-27 13:34:25,78.79
005,2020-02-27 13:34:26,78.47
005,2020-02-27 13:34:27,78.25
005,2020-02-27 13:34:28,78.06
005,2020-02-27 13:34:29,77.89
005,2020-02-27 13:34:30,77.74
005,2020-02-27 13:34:31,77.55
005,2020-02-27 13:34:32,77.38
005,2020-02-27 13:34:33,77.18
005,2020-02-27 13:34:34,77.04
005,2020-02-27 13:34:35,76.79
005,2020-02-27 13:34:36,76.68
005,2020-02-27 13:34:37,76.62
005,2020-02-27 13:34:38,76.56
005,2020-02-27 13:34:39,76.5
005,2020-02-27 13:34:40,76.45
005,2020-02-27 13:34:41,76.4
005,2020-02-27 13:34:42,76.42
005,2020-02-27 13:34:43,76.41
005,2020-02-27 13:34:44,76.3
005,2020-02-27 13:34:45,76.24
005,2020-02-27 13:34:46,76.14
005,2020-02-27 13:34:47,76.11
005,2020-02-27 13:34:48,76.08
005,2020-02-27 13:34:49,76.13
005,2020-02-27 13:34:50,76.21
005,2020-02-27 13:34:51,76.4
005,2020-02-27 13:34:52,76.54
005,2020-02-27 13:34:53,76.64
005,2020-02-27 13:34:54,76.72
005,2020-02-27 13:34:55,76.77
005,2020-02-27 13:34:56,76.84
005,2020-02-27 13:34:57,76.91
005,2020-02-27 13:34:58,77.04
005,2020-02-27 13:34:59,77.17
005,2020-02-27 13:35:00,77.29
005,2020-02-27 13:35:01,77.44
005,2020-02-27 13:35:02,77.61
005,2020-02-27 13:35:03,77.79
005,2020-02-27 13:35:04,77.98
005,2020-02-27 13:35:05,78.19
005,2020-02-27 13:35:06,78.4
005,2020-02-27 13:35:07,78.61
005,2020-02-27 13:35:08,78.81
005,2020-02-27 13:35:09,79.02
005,2020-02-27 13:35:10,79.25
005,2020-02-27 13:35:11,79.5
005,2020-02-27 13:35:12,79.68
005,2020-02-27 13:35:13,79.5
005,2020-02-27 13:35:14,79.05
005,2020-02-27 13:35:15,79.68
005,2020-02-27 13:35:16,79.53
005,2020-02-27 13:35:17,80.1
005,2020-02-27 13:35:18,80.5
005,2020-02-27 13:35:19,80.77
005,2020-02-27 13:35:20,81.0
005,2020-02-27 13:35:21,81.22
005,2020-02-27 13:35:22,81.53
005,2020-02-27 13:35:23,81.65
005,2020-02-27 13:35:24,81.78
005,2020-02-27 13:35:25,81.9
005,2020-02-27 13:35:26,82.03
005,2020-02-27 13:35:27,82.12
005,2020-02-27 13:35:28,82.22
005,2020-02-27 13:35:29,82.3
005,2020-02-27 13:35:30,82.42
005,2020-02-27 13:35:31,82.53
005,2020-02-27 13:35:32,82.65
005,2020-02-27 13:35:33,82.8
005,2020-02-27 13:35:34,82.97
005,2020-02-27 13:35:35,83.23
005,2020-02-27 13:35:36,83.4
005,2020-02-27 13:35:37,83.52
005,2020-02-27 13:35:38,83.63
005,2020-02-27 13:35:39,83.75
005,2020-02-27 13:35:40,83.85
005,2020-02-27 13:35:41,83.95
005,2020-02-27 13:35:42,84.05
005,2020-02-27 13:35:43,84.2
005,2020-02-27 13:35:44,84.45
005,2020-02-27 13:35:45,84.68
005,2020-02-27 13:35:46,84.95
005,2020-02-27 13:35:47,85.2
005,2020-02-27 13:35:48,85.48
005,2020-02-27 13:35:49,85.72
005,2020-02-27 13:35:50,85.93
005,2020-02-27 13:35:51,86.1
005,2020-02-27 13:35:52,86.27
005,2020-02-27 13:35:53,86.47
005,2020-02-27 13:35:54,86.7
005,2020-02-27 13:35:55,86.93
005,2020-02-27 13:35:56,87.13
005,2020-02-27 13:35:57,87.33
005,2020-02-27 13:35:58,87.47
005,2020-02-27 13:35:59,87.6
005,2020-02-27 13:36:00,87.73
005,2020-02-27 13:36:01,87.83
005,2020-02-27 13:36:02,87.92
005,2020-02-27 13:36:03,87.98
005,2020-02-27 13:36:04,88.03
005,2020-02-27 13:36:05,88.05
005,2020-02-27 13:36:06,88.05
005,2020-02-27 13:36:07,88.05
005,2020-02-27 13:36:08,88.07
005,2020-02-27 13:36:09,88.05
005,2020-02-27 13:36:10,88.02
005,2020-02-27 13:36:11,87.95
005,2020-02-27 13:36:12,87.87
005,2020-02-27 13:36:13,87.73
005,2020-02-27 13:36:14,87.68
005,2020-02-27 13:36:15,87.58
005,2020-02-27 13:36:16,87.5
005,2020-02-27 13:36:17,87.45
005,2020-02-27 13:36:18,87.45
005,2020-02-27 13:36:19,87.48
005,2020-02-27 13:36:20,87.55
005,2020-02-27 13:36:21,87.63
005,2020-02-27 13:36:22,87.67
005,2020-02-27 13:36:23,87.78
005,2020-02-27 13:36:24,87.9
005,2020-02-27 13:36:25,88.05
005,2020-02-27 13:36:26,88.15
005,2020-02-27 13:36:27,88.28
005,2020-02-27 13:36:28,88.42
005,2020-02-27 13:36:29,88.55
005,2020-02-27 13:36:30,88.65
005,2020-02-27 13:36:31,88.77
005,2020-02-27 13:36:32,88.88
005,2020-02-27 13:36:33,89.0
005,2020-02-27 13:36:34,89.08
005,2020-02-27 13:36:35,89.07
005,2020-02-27 13:36:36,89.12
005,2020-02-27 13:36:37,89.23
005,2020-02-27 13:36:38,89.33
005,2020-02-27 13:36:39,89.43
005,2020-02-27 13:36:40,89.55
005,2020-02-27 13:36:41,89.67
005,2020-02-27 13:36:42,89.75
005,2020-02-27 13:36:43,89.8
005,2020-02-27 13:36:44,89.8
005,2020-02-27 13:36:45,89.8
005,2020-02-27 13:36:46,89.8
005,2020-02-27 13:36:47,89.78
005,2020-02-27 13:36:48,89.73
005,2020-02-27 13:36:49,89.68
005,2020-02-27 13:36:50,89.63
005,2020-02-27 13:36:51,89.57
005,2020-02-27 13:36:52,89.53
005,2020-02-27 13:36:53,89.48
005,2020-02-27 13:36:54,89.43
005,2020-02-27 13:36:55,89.4
005,2020-02-27 13:36:56,89.4
005,2020-02-27 13:36:57,89.4
005,2020-02-27 13:36:58,89.42
005,2020-02-27 13:36:59,89.43
005,2020-02-27 13:37:00,89.43
005,2020-02-27 13:37:01,89.42
005,2020-02-27 13:37:02,89.4
005,2020-02-27 13:37:03,89.37
005,2020-02-27 13:37:04,89.3
005,2020-02-27 13:37:05,89.23
005,2020-02-27 13:37:06,89.17
005,2020-02-27 13:37:07,89.1
005,2020-02-27 13:37:08,89.02
005,2020-02-27 13:37:09,88.97
005,2020-02-27 13:37:10,88.92
005,2020-02-27 13:37:11,88.88
005,2020-02-27 13:37:12,88.85
005,2020-02-27 13:37:13,88.83
005,2020-02-27 13:37:14,88.8
005,2020-02-27 13:37:15,88.77
005,2020-02-27 13:37:16,88.75
005,2020-02-27 13:37:17,88.73
005,2020-02-27 13:37:18,88.7
005,2020-02-27 13:37:19,88.68
005,2020-02-27 13:37:20,88.67
005,2020-02-27 13:37:21,88.67
005,2020-02-27 13:37:22,88.65
005,2020-02-27 13:37:23,88.65
005,2020-02-27 13:37:24,88.63
005,2020-02-27 13:37:25,88.62
005,2020-02-27 13:37:26,88.62
005,2020-02-27 13:37:27,88.62
005,2020-02-27 13:37:28,88.6
005,2020-02-27 13:37:29,88.6
005,2020-02-27 13:37:30,88.6
005,2020-02-27 13:37:31,88.62
005,2020-02-27 13:37:32,88.63
005,2020-02-27 13:37:33,88.62
005,2020-02-27 13:37:34,88.6
005,2020-02-27 13:37:35,88.63
005,2020-02-27 13:37:36,88.65
005,2020-02-27 13:37:37,88.63
005,2020-02-27 13:37:38,88.63
005,2020-02-27 13:37:39,88.63
005,2020-02-27 13:37:40,88.63
005,2020-02-27 13:37:41,88.63
005,2020-02-27 13:37:42,88.63
005,2020-02-27 13:37:43,88.65
005,2020-02-27 13:37:44,88.67
005,2020-02-27 13:37:45,88.7
005,2020-02-27 13:37:46,88.72
005,2020-02-27 13:37:47,88.73
005,2020-02-27 13:37:48,88.72
005,2020-02-27 13:37:49,88.68
005,2020-02-27 13:37:50,88.63
005,2020-02-27 13:37:51,88.62
005,2020-02-27 13:37:52,88.6
005,2020-02-27 13:37:53,88.57
005,2020-02-27 13:37:54,88.55
005,2020-02-27 13:37:55,88.53
005,2020-02-27 13:37:56,88.53
005,2020-02-27 13:37:57,88.57
005,2020-02-27 13:37:58,88.58
005,2020-02-27 13:37:59,88.6
005,2020-02-27 13:38:00,88.67
005,2020-02-27 13:38:01,88.82
005,2020-02-27 13:38:02,88.95
005,2020-02-27 13:38:03,89.1
005,2020-02-27 13:38:04,89.28
005,2020-02-27 13:38:05,89.47
005,2020-02-27 13:38:06,89.67
005,2020-02-27 13:38:07,89.87
005,2020-02-27 13:38:08,90.0
005,2020-02-27 13:38:09,90.1
005,2020-02-27 13:38:10,90.18
005,2020-02-27 13:38:11,90.27
005,2020-02-27 13:38:12,90.33
005,2020-02-27 13:38:13,90.37
005,2020-02-27 13:38:14,90.4
005,2020-02-27 13:38:15,90.43
005,2020-02-27 13:38:16,90.5
005,2020-02-27 13:38:17,90.57
005,2020-02-27 13:38:18,90.62
005,2020-02-27 13:38:19,90.63
005,2020-02-27 13:38:20,90.63
005,2020-02-27 13:38:21,90.63
005,2020-02-27 13:38:22,90.63
005,2020-02-27 13:38:23,90.63
005,2020-02-27 13:38:24,90.65
005,2020-02-27 13:38:25,90.68
005,2020-02-27 13:38:26,90.7
005,2020-02-27 13:38:27,90.68
005,2020-02-27 13:38:28,90.68
005,2020-02-27 13:38:29,90.6
005,2020-02-27 13:38:30,90.53
005,2020-02-27 13:38:31,90.48
005,2020-02-27 13:38:32,90.5
005,2020-02-27 13:38:33,90.5
005,2020-02-27 13:38:34,90.52
005,2020-02-27 13:38:35,90.53
005,2020-02-27 13:38:36,90.55
005,2020-02-27 13:38:37,90.53
005,2020-02-27 13:38:38,90.48
005,2020-02-27 13:38:39,90.4
005,2020-02-27 13:38:40,90.32
005,2020-02-27 13:38:41,90.25
005,2020-02-27 13:38:42,90.27
005,2020-02-27 13:38:43,90.27
005,2020-02-27 13:38:44,90.37
005,2020-02-27 13:38:45,90.45
005,2020-02-27 13:38:46,90.5
005,2020-02-27 13:38:47,90.58
005,2020-02-27 13:38:48,90.73
005,2020-02-27 13:38:49,90.88
005,2020-02-27 13:38:50,91.1
005,2020-02-27 13:38:51,91.22
005,2020-02-27 13:38:52,91.33
005,2020-02-27 13:38:53,91.45
005,2020-02-27 13:38:54,91.58
005,2020-02-27 13:38:55,91.68
005,2020-02-27 13:38:56,91.7
005,2020-02-27 13:38:57,91.92
005,2020-02-27 13:38:58,92.12
005,2020-02-27 13:38:59,92.32
005,2020-02-27 13:39:00,92.48
005,2020-02-27 13:39:01,92.62
005,2020-02-27 13:39:02,92.75
005,2020-02-27 13:39:03,92.88
005,2020-02-27 13:39:04,93.02
005,2020-02-27 13:39:05,93.2
005,2020-02-27 13:39:06,93.4
005,2020-02-27 13:39:07,93.58
005,2020-02-27 13:39:08,93.83
005,2020-02-27 13:39:09,94.08
005,2020-02-27 13:39:10,94.37
005,2020-02-27 13:39:11,94.67
005,2020-02-27 13:39:12,94.97
005,2020-02-27 13:39:13,95.15
005,2020-02-27 13:39:14,95.33
005,2020-02-27 13:39:15,95.5
005,2020-02-27 13:39:16,95.63
005,2020-02-27 13:39:17,95.85
005,2020-02-27 13:39:18,96.03
005,2020-02-27 13:39:19,96.28
005,2020-02-27 13:39:20,96.65
005,2020-02-27 13:39:21,97.13
005,2020-02-27 13:39:22,97.58
005,2020-02-27 13:39:23,98.1
005,2020-02-27 13:39:24,98.55
005,2020-02-27 13:39:25,98.92
005,2020-02-27 13:39:26,99.27
005,2020-02-27 13:39:27,99.63
005,2020-02-27 13:39:28,99.95
005,2020-02-27 13:39:29,100.32
005,2020-02-27 13:39:30,100.58
005,2020-02-27 13:39:31,100.83
005,2020-02-27 13:39:32,100.83
005,2020-02-27 13:39:33,100.85
005,2020-02-27 13:39:34,100.83
005,2020-02-27 13:39:35,100.82
005,2020-02-27 13:39:36,100.73
005,2020-02-27 13:39:37,100.68
005,2020-02-27 13:39:38,100.72
005,2020-02-27 13:39:39,100.78
005,2020-02-27 13:39:40,100.85
005,2020-02-27 13:39:41,100.9
005,2020-02-27 13:39:42,100.85
005,2020-02-27 13:39:43,100.68
005,2020-02-27 13:39:44,100.42
005,2020-02-27 13:39:45,100.13
005,2020-02-27 13:39:46,99.88
005,2020-02-27 13:39:47,99.67
005,2020-02-27 13:39:48,99.42
005,2020-02-27 13:39:49,99.13
005,2020-02-27 13:39:50,98.87
005,2020-02-27 13:39:51,98.68
005,2020-02-27 13:39:52,98.58
005,2020-02-27 13:39:53,98.5
005,2020-02-27 13:39:54,98.35
005,2020-02-27 13:39:55,98.25
005,2020-02-27 13:39:56,98.2
005,2020-02-27 13:39:57,97.9
005,2020-02-27 13:39:58,97.6
005,2020-02-27 13:39:59,97.32
005,2020-02-27 13:40:00,97.0
005,2020-02-27 13:40:01,96.6
005,2020-02-27 13:40:02,96.25
005,2020-02-27 13:40:03,95.9
005,2020-02-27 13:40:04,95.47
005,2020-02-27 13:40:05,94.98
005,2020-02-27 13:40:06,94.5
005,2020-02-27 13:40:07,94.03
005,2020-02-27 13:40:08,93.58
005,2020-02-27 13:40:09,93.05
005,2020-02-27 13:40:10,92.53
005,2020-02-27 13:40:11,91.98
005,2020-02-27 13:40:12,91.48
005,2020-02-27 13:40:13,91.13
005,2020-02-27 13:40:14,90.85
005,2020-02-27 13:40:15,90.68
005,2020-02-27 13:40:16,90.55
005,2020-02-27 13:40:17,90.3
005,2020-02-27 13:40:18,90.1
005,2020-02-27 13:40:19,89.85
005,2020-02-27 13:40:20,89.52
005,2020-02-27 13:40:21,89.05
005,2020-02-27 13:40:22,88.63
005,2020-02-27 13:40:23,88.13
005,2020-02-27 13:40:24,87.7
005,2020-02-27 13:40:25,87.33
005,2020-02-27 13:40:26,87.02
005,2020-02-27 13:40:27,86.72
005,2020-02-27 13:40:28,86.45
005,2020-02-27 13:40:29,86.2
005,2020-02-27 13:40:30,86.03
005,2020-02-27 13:40:31,85.87
005,2020-02-27 13:40:32,85.92
005,2020-02-27 13:40:33,85.98
005,2020-02-27 13:40:34,86.05
005,2020-02-27 13:40:35,86.13
005,2020-02-27 13:40:36,86.3
005,2020-02-27 13:40:37,86.45
005,2020-02-27 13:40:38,86.53
005,2020-02-27 13:40:39,86.58
005,2020-02-27 13:40:40,86.7
005,2020-02-27 13:40:41,86.78
005,2020-02-27 13:40:42,86.87
005,2020-02-27 13:40:43,86.87
005,2020-02-27 13:40:44,86.83
005,2020-02-27 13:40:45,86.78
005,2020-02-27 13:40:46,86.73
005,2020-02-27 13:40:47,86.62
005,2020-02-27 13:40:48,86.52
005,2020-02-27 13:40:49,86.42
005,2020-02-27 13:40:50,86.32
005,2020-02-27 13:40:51,86.22
005,2020-02-27 13:40:52,86.07
005,2020-02-27 13:40:53,85.92
005,2020-02-27 13:40:54,85.73
005,2020-02-27 13:40:55,85.53
005,2020-02-27 13:40:56,85.33
005,2020-02-27 13:40:57,85.13
005,2020-02-27 13:40:58,84.92
005,2020-02-27 13:40:59,84.72
005,2020-02-27 13:41:00,84.53
005,2020-02-27 13:41:01,84.48
005,2020-02-27 13:41:02,84.4
005,2020-02-27 13:41:03,84.32
005,2020-02-27 13:41:04,84.33
005,2020-02-27 13:41:05,84.5
005,2020-02-27 13:41:06,84.63
005,2020-02-27 13:41:07,84.77
005,2020-02-27 13:41:08,84.9
005,2020-02-27 13:41:09,85.13
005,2020-02-27 13:41:10,85.32
005,2020-02-27 13:41:11,85.53
005,2020-02-27 13:41:12,85.72
005,2020-02-27 13:41:13,85.92
005,2020-02-27 13:41:14,86.07
005,2020-02-27 13:41:15,86.12
005,2020-02-27 13:41:16,86.13
005,2020-02-27 13:41:17,86.17
005,2020-02-27 13:41:18,86.17
005,2020-02-27 13:41:19,86.18
005,2020-02-27 13:41:20,86.15
005,2020-02-27 13:41:21,86.1
005,2020-02-27 13:41:22,86.03
005,2020-02-27 13:41:23,86.0
005,2020-02-27 13:41:24,85.97
005,2020-02-27 13:41:25,85.95
005,2020-02-27 13:41:26,85.93
005,2020-02-27 13:41:27,85.92
005,2020-02-27 13:41:28,85.9
005,2020-02-27 13:41:29,85.92
005,2020-02-27 13:41:30,85.93
005,2020-02-27 13:41:31,85.92
005,2020-02-27 13:41:32,85.87
005,2020-02-27 13:41:33,85.82
005,2020-02-27 13:41:34,85.8
005,2020-02-27 13:41:35,85.78
005,2020-02-27 13:41:36,85.75
005,2020-02-27 13:41:37,85.72
005,2020-02-27 13:41:38,85.7
005,2020-02-27 13:41:39,85.72
005,2020-02-27 13:41:40,85.65
005,2020-02-27 13:41:41,85.58
005,2020-02-27 13:41:42,85.52
005,2020-02-27 13:41:43,85.63
005,2020-02-27 13:41:44,85.78
005,2020-02-27 13:41:45,85.97
005,2020-02-27 13:41:46,86.17
005,2020-02-27 13:41:47,86.38
005,2020-02-27 13:41:48,86.6
005,2020-02-27 13:41:49,86.87
005,2020-02-27 13:41:50,87.07
005,2020-02-27 13:41:51,87.23
005,2020-02-27 13:41:52,87.35
005,2020-02-27 13:41:53,87.45
005,2020-02-27 13:41:54,87.6
005,2020-02-27 13:41:55,87.73
005,2020-02-27 13:41:56,87.88
005,2020-02-27 13:41:57,88.07
005,2020-02-27 13:41:58,88.32
005,2020-02-27 13:41:59,88.53
005,2020-02-27 13:42:00,88.78
005,2020-02-27 13:42:01,88.97
005,2020-02-27 13:42:02,89.15
005,2020-02-27 13:42:03,89.32
005,2020-02-27 13:42:04,89.47
005,2020-02-27 13:42:05,89.48
005,2020-02-27 13:42:06,89.5
005,2020-02-27 13:42:07,89.52
005,2020-02-27 13:42:08,89.52
005,2020-02-27 13:42:09,89.52
005,2020-02-27 13:42:10,89.52
005,2020-02-27 13:42:11,89.5
005,2020-02-27 13:42:12,89.48
005,2020-02-27 13:42:13,89.43
005,2020-02-27 13:42:14,89.38
005,2020-02-27 13:42:15,89.33
005,2020-02-27 13:42:16,89.27
005,2020-02-27 13:42:17,89.2
005,2020-02-27 13:42:18,89.17
005,2020-02-27 13:42:19,89.12
005,2020-02-27 13:42:20,89.1
005,2020-02-27 13:42:21,89.1
005,2020-02-27 13:42:22,89.12
005,2020-02-27 13:42:23,89.12
005,2020-02-27 13:42:24,89.13
005,2020-02-27 13:42:25,89.13
005,2020-02-27 13:42:26,89.13
005,2020-02-27 13:42:27,89.13
005,2020-02-27 13:42:28,89.13
005,2020-02-27 13:42:29,89.12
005,2020-02-27 13:42:30,89.08
006,2020-02-28 10:18:38,52.0
006,2020-02-28 10:18:39,61.5
006,2020-02-28 10:18:40,60.0
006,2020-02-28 10:18:41,59.75
006,2020-02-28 10:18:42,69.0
006,2020-02-28 10:18:43,76.5
006,2020-02-28 10:18:44,81.86
006,2020-02-28 10:18:45,85.25
006,2020-02-28 10:18:46,87.22
006,2020-02-28 10:18:47,89.0
006,2020-02-28 10:18:48,90.45
006,2020-02-28 10:18:49,91.58
006,2020-02-28 10:18:50,92.54
006,2020-02-28 10:18:51,93.29
006,2020-02-28 10:18:52,93.87
006,2020-02-28 10:18:53,94.44
006,2020-02-28 10:18:54,94.94
006,2020-02-28 10:18:55,95.33
006,2020-02-28 10:18:56,95.63
006,2020-02-28 10:18:57,95.85
006,2020-02-28 10:18:58,96.1
006,2020-02-28 10:18:59,96.32
006,2020-02-28 10:19:00,96.48
006,2020-02-28 10:19:01,96.62
006,2020-02-28 10:19:02,96.72
006,2020-02-28 10:19:03,96.81
006,2020-02-28 10:19:04,96.81
006,2020-02-28 10:19:05,96.79
006,2020-02-28 10:19:06,96.79
006,2020-02-28 10:19:07,96.57
006,2020-02-28 10:19:08,96.35
006,2020-02-28 10:19:09,96.09
006,2020-02-28 10:19:10,95.85
006,2020-02-28 10:19:11,95.59
006,2020-02-28 10:19:12,95.4
006,2020-02-28 10:19:13,95.22
006,2020-02-28 10:19:14,95.03
006,2020-02-28 10:19:15,94.87
006,2020-02-28 10:19:16,94.69
006,2020-02-28 10:19:17,94.55
006,2020-02-28 10:19:18,94.41
006,2020-02-28 10:19:19,94.31
006,2020-02-28 10:19:20,94.23
006,2020-02-28 10:19:21,94.14
006,2020-02-28 10:19:22,94.04
006,2020-02-28 10:19:23,93.98
006,2020-02-28 10:19:24,93.89
006,2020-02-28 10:19:25,93.81
006,2020-02-28 10:19:26,93.69
006,2020-02-28 10:19:27,93.54
006,2020-02-28 10:19:28,93.37
006,2020-02-28 10:19:29,93.21
006,2020-02-28 10:19:30,93.04
006,2020-02-28 10:19:31,92.83
006,2020-02-28 10:19:32,92.64
006,2020-02-28 10:19:33,92.41
006,2020-02-28 10:19:34,92.18
006,2020-02-28 10:19:35,91.95
006,2020-02-28 10:19:36,91.76
006,2020-02-28 10:19:37,91.65
006,2020-02-28 10:19:38,92.17
006,2020-02-28 10:19:39,92.38
006,2020-02-28 10:19:40,92.87
006,2020-02-28 10:19:41,93.35
006,2020-02-28 10:19:42,93.05
006,2020-02-28 10:19:43,92.63
006,2020-02-28 10:19:44,92.22
006,2020-02-28 10:19:45,91.87
006,2020-02-28 10:19:46,91.63
006,2020-02-28 10:19:47,91.38
006,2020-02-28 10:19:48,91.13
006,2020-02-28 10:19:49,90.92
006,2020-02-28 10:19:50,90.7
006,2020-02-28 10:19:51,90.55
006,2020-02-28 10:19:52,90.43
006,2020-02-28 10:19:53,90.38
006,2020-02-28 10:19:54,90.33
006,2020-02-28 10:19:55,90.28
006,2020-02-28 10:19:56,90.25
006,2020-02-28 10:19:57,90.2
006,2020-02-28 10:19:58,90.05
006,2020-02-28 10:19:59,89.9
006,2020-02-28 10:20:00,89.78
006,2020-02-28 10:20:01,89.65
006,2020-02-28 10:20:02,89.53
006,2020-02-28 10:20:03,89.4
006,2020-02-28 10:20:04,89.33
006,2020-02-28 10:20:05,89.28
006,2020-02-28 10:20:06,89.2
006,2020-02-28 10:20:07,89.28
006,2020-02-28 10:20:08,89.48
006,2020-02-28 10:20:09,89.77
006,2020-02-28 10:20:10,90.07
006,2020-02-28 10:20:11,90.68
006,2020-02-28 10:20:12,91.28
006,2020-02-28 10:20:13,91.88
006,2020-02-28 10:20:14,92.25
006,2020-02-28 10:20:15,92.52
006,2020-02-28 10:20:16,92.6
006,2020-02-28 10:20:17,92.68
006,2020-02-28 10:20:18,92.82
006,2020-02-28 10:20:19,92.87
006,2020-02-28 10:20:20,92.9
006,2020-02-28 10:20:21,92.95
006,2020-02-28 10:20:22,92.98
006,2020-02-28 10:20:23,93.02
006,2020-02-28 10:20:24,93.0
006,2020-02-28 10:20:25,92.92
006,2020-02-28 10:20:26,92.93
006,2020-02-28 10:20:27,92.98
006,2020-02-28 10:20:28,93.05
006,2020-02-28 10:20:29,93.12
006,2020-02-28 10:20:30,93.2
006,2020-02-28 10:20:31,93.35
006,2020-02-28 10:20:32,93.5
006,2020-02-28 10:20:33,93.67
006,2020-02-28 10:20:34,93.83
006,2020-02-28 10:20:35,93.98
006,2020-02-28 10:20:36,94.22
006,2020-02-28 10:20:37,94.4
006,2020-02-28 10:20:38,94.6
006,2020-02-28 10:20:39,94.77
006,2020-02-28 10:20:40,94.92
006,2020-02-28 10:20:41,95.05
006,2020-02-28 10:20:42,94.83
006,2020-02-28 10:20:43,94.6
006,2020-02-28 10:20:44,94.37
006,2020-02-28 10:20:45,94.15
006,2020-02-28 10:20:46,93.92
006,2020-02-28 10:20:47,93.67
006,2020-02-28 10:20:48,93.42
006,2020-02-28 10:20:49,93.17
006,2020-02-28 10:20:50,92.93
006,2020-02-28 10:20:51,92.65
006,2020-02-28 10:20:52,92.38
006,2020-02-28 10:20:53,92.03
006,2020-02-28 10:20:54,91.68
006,2020-02-28 10:20:55,91.32
006,2020-02-28 10:20:56,90.95
006,2020-02-28 10:20:57,90.58
006,2020-02-28 10:20:58,90.05
006,2020-02-28 10:20:59,89.52
006,2020-02-28 10:21:00,89.03
006,2020-02-28 10:21:01,88.58
006,2020-02-28 10:21:02,88.18
006,2020-02-28 10:21:03,87.68
006,2020-02-28 10:21:04,87.17
006,2020-02-28 10:21:05,86.68
006,2020-02-28 10:21:06,86.22
006,2020-02-28 10:21:07,85.72
006,2020-02-28 10:21:08,85.1
006,2020-02-28 10:21:09,84.42
006,2020-02-28 10:21:10,83.82
006,2020-02-28 10:21:11,82.92
006,2020-02-28 10:21:12,81.97
006,2020-02-28 10:21:13,81.02
006,2020-02-28 10:21:14,80.33
006,2020-02-28 10:21:15,79.72
006,2020-02-28 10:21:16,79.33
006,2020-02-28 10:21:17,78.9
006,2020-02-28 10:21:18,78.45
006,2020-02-28 10:21:19,78.05
006,2020-02-28 10:21:20,77.82
006,2020-02-28 10:21:21,77.6
006,2020-02-28 10:21:22,77.42
006,2020-02-28 10:21:23,77.2
006,2020-02-28 10:21:24,77.05
006,2020-02-28 10:21:25,76.98
006,2020-02-28 10:21:26,76.87
006,2020-02-28 10:21:27,76.75
006,2020-02-28 10:21:28,76.65
006,2020-02-28 10:21:29,76.57
006,2020-02-28 10:21:30,76.45
006,2020-02-28 10:21:31,76.28
006,2020-02-28 10:21:32,76.08
006,2020-02-28 10:21:33,75.88
006,2020-02-28 10:21:34,75.7
006,2020-02-28 10:21:35,75.5
006,2020-02-28 10:21:36,75.15
006,2020-02-28 10:21:37,74.83
006,2020-02-28 10:21:38,74.52
006,2020-02-28 10:21:39,74.2
006,2020-02-28 10:21:40,73.85
006,2020-02-28 10:21:41,73.48
006,2020-02-28 10:21:42,73.4
006,2020-02-28 10:21:43,73.3
006,2020-02-28 10:21:44,73.25
006,2020-02-28 10:21:45,73.17
006,2020-02-28 10:21:46,73.08
006,2020-02-28 10:21:47,73.03
006,2020-02-28 10:21:48,73.0
006,2020-02-28 10:21:49,72.97
006,2020-02-28 10:21:50,72.93
006,2020-02-28 10:21:51,72.9
006,2020-02-28 10:21:52,72.83
006,2020-02-28 10:21:53,72.77
006,2020-02-28 10:21:54,72.72
006,2020-02-28 10:21:55,72.68
006,2020-02-28 10:21:56,72.65
006,2020-02-28 10:21:57,72.65
006,2020-02-28 10:21:58,72.92
006,2020-02-28 10:21:59,73.18
006,2020-02-28 10:22:00,73.37
006,2020-02-28 10:22:01,73.53
006,2020-02-28 10:22:02,73.65
006,2020-02-28 10:22:03,73.95
006,2020-02-28 10:22:04,74.28
006,2020-02-28 10:22:05,74.57
006,2020-02-28 10:22:06,74.85
006,2020-02-28 10:22:07,75.1
006,2020-02-28 10:22:08,75.28
006,2020-02-28 10:22:09,75.47
006,2020-02-28 10:22:10,75.55
006,2020-02-28 10:22:11,75.63
006,2020-02-28 10:22:12,75.75
006,2020-02-28 10:22:13,75.87
006,2020-02-28 10:22:14,75.97
006,2020-02-28 10:22:15,76.12
006,2020-02-28 10:22:16,76.23
006,2020-02-28 10:22:17,76.38
006,2020-02-28 10:22:18,76.52
006,2020-02-28 10:22:19,76.67
006,2020-02-28 10:22:20,76.65
006,2020-02-28 10:22:21,76.62
006,2020-02-28 10:22:22,76.55
006,2020-02-28 10:22:23,76.47
006,2020-02-28 10:22:24,76.38
006,2020-02-28 10:22:25,76.28
006,2020-02-28 10:22:26,76.17
006,2020-02-28 10:22:27,76.05
006,2020-02-28 10:22:28,75.92
006,2020-02-28 10:22:29,75.77
006,2020-02-28 10:22:30,75.65
006,2020-02-28 10:22:31,75.57
006,2020-02-28 10:22:32,75.53
006,2020-02-28 10:22:33,75.53
006,2020-02-28 10:22:34,75.53
006,2020-02-28 10:22:35,75.57
006,2020-02-28 10:22:36,75.63
006,2020-02-28 10:22:37,75.63
006,2020-02-28 10:22:38,75.65
006,2020-02-28 10:22:39,75.68
006,2020-02-28 10:22:40,75.72
006,2020-02-28 10:22:41,75.73
006,2020-02-28 10:22:42,75.82
006,2020-02-28 10:22:43,75.92
006,2020-02-28 10:22:44,75.98
006,2020-02-28 10:22:45,76.08
006,2020-02-28 10:22:46,76.18
006,2020-02-28 10:22:47,76.27
006,2020-02-28 10:22:48,76.35
006,2020-02-28 10:22:49,76.42
006,2020-02-28 10:22:50,76.47
006,2020-02-28 10:22:51,76.5
006,2020-02-28 10:22:52,76.52
006,2020-02-28 10:22:53,76.53
006,2020-02-28 10:22:54,76.53
006,2020-02-28 10:22:55,76.53
006,2020-02-28 10:22:56,76.53
006,2020-02-28 10:22:57,76.53
006,2020-02-28 10:22:58,76.52
006,2020-02-28 10:22:59,76.5
006,2020-02-28 10:23:00,76.52
006,2020-02-28 10:23:01,76.53
006,2020-02-28 10:23:02,76.55
006,2020-02-28 10:23:03,76.53
006,2020-02-28 10:23:04,76.45
006,2020-02-28 10:23:05,76.38
006,2020-02-28 10:23:06,76.3
006,2020-02-28 10:23:07,76.23
006,2020-02-28 10:23:08,76.23
006,2020-02-28 10:23:09,76.25
006,2020-02-28 10:23:10,76.27
006,2020-02-28 10:23:11,76.3
006,2020-02-28 10:23:12,76.33
006,2020-02-28 10:23:13,76.37
006,2020-02-28 10:23:14,76.4
006,2020-02-28 10:23:15,76.4
006,2020-02-28 10:23:16,76.4
006,2020-02-28 10:23:17,76.42
006,2020-02-28 10:23:18,76.42
006,2020-02-28 10:23:19,76.42
006,2020-02-28 10:23:20,76.4
006,2020-02-28 10:23:21,76.42
006,2020-02-28 10:23:22,76.47
006,2020-02-28 10:23:23,76.53
006,2020-02-28 10:23:24,76.6
006,2020-02-28 10:23:25,76.63
006,2020-02-28 10:23:26,76.67
006,2020-02-28 10:23:27,76.67
006,2020-02-28 10:23:28,76.67
006,2020-02-28 10:23:29,76.67
006,2020-02-28 10:23:30,76.67
006,2020-02-28 10:23:31,76.65
006,2020-02-28 10:23:32,76.62
006,2020-02-28 10:23:33,76.55
006,2020-02-28 10:23:34,76.42
006,2020-02-28 10:23:35,76.28
006,2020-02-28 10:23:36,76.17
006,2020-02-28 10:23:37,76.08
006,2020-02-28 10:23:38,76.0
006,2020-02-28 10:23:39,75.93
006,2020-02-28 10:23:40,75.9
006,2020-02-28 10:23:41,75.9
006,2020-02-28 10:23:42,75.9
006,2020-02-28 10:23:43,75.9
006,2020-02-28 10:23:44,75.88
006,2020-02-28 10:23:45,75.88
006,2020-02-28 10:23:46,75.88
006,2020-02-28 10:23:47,75.87
006,2020-02-28 10:23:48,75.85
006,2020-02-28 10:23:49,75.82
006,2020-02-28 10:23:50,75.77
006,2020-02-28 10:23:51,75.72
006,2020-02-28 10:23:52,75.68
006,2020-02-28 10:23:53,75.65
006,2020-02-28 10:23:54,75.63
006,2020-02-28 10:23:55,75.65
006,2020-02-28 10:23:56,75.78
006,2020-02-28 10:23:57,75.92
006,2020-02-28 10:23:58,76.02
006,2020-02-28 10:23:59,76.15
006,2020-02-28 10:24:00,76.25
006,2020-02-28 10:24:01,76.28
006,2020-02-28 10:24:02,76.33
006,2020-02-28 10:24:03,76.33
006,2020-02-28 10:24:04,76.35
006,2020-02-28 10:24:05,76.38
006,2020-02-28 10:24:06,76.43
006,2020-02-28 10:24:07,76.5
006,2020-02-28 10:24:08,76.57
006,2020-02-28 10:24:09,76.63
006,2020-02-28 10:24:10,76.68
006,2020-02-28 10:24:11,76.68
006,2020-02-28 10:24:12,76.7
006,2020-02-28 10:24:13,76.7
006,2020-02-28 10:24:14,76.67
006,2020-02-28 10:24:15,76.65
006,2020-02-28 10:24:16,76.63
006,2020-02-28 10:24:17,76.6
006,2020-02-28 10:24:18,76.55
006,2020-02-28 10:24:19,76.48
006,2020-02-28 10:24:20,76.47
006,2020-02-28 10:24:21,76.4
006,2020-02-28 10:24:22,76.32
006,2020-02-28 10:24:23,76.25
006,2020-02-28 10:24:24,76.17
006,2020-02-28 10:24:25,76.12
006,2020-02-28 10:24:26,76.05
006,2020-02-28 10:24:27,76.03
006,2020-02-28 10:24:28,76.02
006,2020-02-28 10:24:29,75.98
006,2020-02-28 10:24:30,75.95
006,2020-02-28 10:24:31,75.93
006,2020-02-28 10:24:32,75.93
006,2020-02-28 10:24:33,75.95
006,2020-02-28 10:24:34,76.05
006,2020-02-28 10:24:35,76.15
006,2020-02-28 10:24:36,76.25
006,2020-02-28 10:24:37,76.33
006,2020-02-28 10:24:38,76.43
006,2020-02-28 10:24:39,76.5
006,2020-02-28 10:24:40,76.55
006,2020-02-28 10:24:41,76.57
006,2020-02-28 10:24:42,76.58
006,2020-02-28 10:24:43,76.6
006,2020-02-28 10:24:44,76.62
006,2020-02-28 10:24:45,76.6
006,2020-02-28 10:24:46,76.58
006,2020-02-28 10:24:47,76.58
006,2020-02-28 10:24:48,76.57
006,2020-02-28 10:24:49,76.57
006,2020-02-28 10:24:50,76.58
006,2020-02-28 10:24:51,76.62
006,2020-02-28 10:24:52,76.67
006,2020-02-28 10:24:53,76.73
006,2020-02-28 10:24:54,76.78
006,2020-02-28 10:24:55,76.83
006,2020-02-28 10:24:56,76.78
006,2020-02-28 10:24:57,76.73
006,2020-02-28 10:24:58,76.73
006,2020-02-28 10:24:59,76.7
006,2020-02-28 10:25:00,76.68
006,2020-02-28 10:25:01,76.72
006,2020-02-28 10:25:02,76.73
006,2020-02-28 10:25:03,76.77
006,2020-02-28 10:25:04,76.77
006,2020-02-28 10:25:05,76.73
006,2020-02-28 10:25:06,76.68
006,2020-02-28 10:25:07,76.62
006,2020-02-28 10:25:08,76.55
006,2020-02-28 10:25:09,76.48
006,2020-02-28 10:25:10,76.45
006,2020-02-28 10:25:11,76.45
006,2020-02-28 10:25:12,76.43
006,2020-02-28 10:25:13,76.43
006,2020-02-28 10:25:14,76.47
006,2020-02-28 10:25:15,76.48
006,2020-02-28 10:25:16,76.48
006,2020-02-28 10:25:17,76.47
006,2020-02-28 10:25:18,76.47
006,2020-02-28 10:25:19,76.48
006,2020-02-28 10:25:20,76.47
006,2020-02-28 10:25:21,76.47
006,2020-02-28 10:25:22,76.47
006,2020-02-28 10:25:23,76.47
006,2020-02-28 10:25:24,76.48
006,2020-02-28 10:25:25,76.52
006,2020-02-28 10:25:26,76.58
006,2020-02-28 10:25:27,76.63
006,2020-02-28 10:25:28,76.68
006,2020-02-28 10:25:29,76.77
006,2020-02-28 10:25:30,76.82
006,2020-02-28 10:25:31,76.83
006,2020-02-28 10:25:32,76.83
006,2020-02-28 10:25:33,76.87
006,2020-02-28 10:25:34,76.88
006,2020-02-28 10:25:35,76.92
006,2020-02-28 10:25:36,76.92
006,2020-02-28 10:25:37,76.93
006,2020-02-28 10:25:38,76.93
006,2020-02-28 10:25:39,76.95
006,2020-02-28 10:25:40,76.97
006,2020-02-28 10:25:41,77.02
006,2020-02-28 10:25:42,77.05
006,2020-02-28 10:25:43,77.1
006,2020-02-28 10:25:44,77.15
006,2020-02-28 10:25:45,77.2
006,2020-02-28 10:25:46,77.23
006,2020-02-28 10:25:47,77.25
006,2020-02-28 10:25:48,77.27
006,2020-02-28 10:25:49,77.28
006,2020-02-28 10:25:50,77.28
006,2020-02-28 10:25:51,77.28
006,2020-02-28 10:25:52,77.27
006,2020-02-28 10:25:53,77.23
006,2020-02-28 10:25:54,77.2
006,2020-02-28 10:25:55,77.13
006,2020-02-28 10:25:56,77.05
006,2020-02-28 10:25:57,76.9
006,2020-02-28 10:25:58,76.8
006,2020-02-28 10:25:59,76.68
006,2020-02-28 10:26:00,76.57
006,2020-02-28 10:26:01,76.47
006,2020-02-28 10:26:02,76.38
006,2020-02-28 10:26:03,76.28
006,2020-02-28 10:26:04,76.23
006,2020-02-28 10:26:05,76.22
006,2020-02-28 10:26:06,76.22
006,2020-02-28 10:26:07,76.22
006,2020-02-28 10:26:08,76.22
006,2020-02-28 10:26:09,76.2
006,2020-02-28 10:26:10,76.17
006,2020-02-28 10:26:11,76.13
006,2020-02-28 10:26:12,76.13
006,2020-02-28 10:26:13,76.17
006,2020-02-28 10:26:14,76.18
006,2020-02-28 10:26:15,76.18
006,2020-02-28 10:26:16,76.18
006,2020-02-28 10:26:17,76.18
006,2020-02-28 10:26:18,76.18
006,2020-02-28 10:26:19,76.18
006,2020-02-28 10:26:20,76.18
006,2020-02-28 10:26:21,76.18
006,2020-02-28 10:26:22,76.17
006,2020-02-28 10:26:23,76.17
006,2020-02-28 10:26:24,76.17
006,2020-02-28 10:26:25,76.15
006,2020-02-28 10:26:26,76.1
006,2020-02-28 10:26:27,76.03
006,2020-02-28 10:26:28,75.97
006,2020-02-28 10:26:29,75.92
006,2020-02-28 10:26:30,75.98
006,2020-02-28 10:26:31,76.08
006,2020-02-28 10:26:32,76.18
006,2020-02-28 10:26:33,76.13
006,2020-02-28 10:26:34,76.1
006,2020-02-28 10:26:35,76.05
006,2020-02-28 10:26:36,76.02
006,2020-02-28 10:26:37,75.95
006,2020-02-28 10:26:38,75.88
006,2020-02-28 10:26:39,75.83
006,2020-02-28 10:26:40,75.8
006,2020-02-28 10:26:41,75.75
006,2020-02-28 10:26:42,75.73
006,2020-02-28 10:26:43,75.67
006,2020-02-28 10:26:44,75.58
006,2020-02-28 10:26:45,75.52
006,2020-02-28 10:26:46,75.47
006,2020-02-28 10:26:47,75.42
006,2020-02-28 10:26:48,75.37
006,2020-02-28 10:26:49,75.32
006,2020-02-28 10:26:50,75.28
006,2020-02-28 10:26:51,75.28
006,2020-02-28 10:26:52,75.28
006,2020-02-28 10:26:53,75.28
006,2020-02-28 10:26:54,75.3
006,2020-02-28 10:26:55,75.33
006,2020-02-28 10:26:56,75.4
007,2020-03-14 10:24:38,88.0
007,2020-03-14 10:24:39,91.0
007,2020-03-14 10:24:40,118.67
007,2020-03-14 10:24:41,116.25
007,2020-03-14 10:24:42,105.8
007,2020-03-14 10:24:43,96.33
007,2020-03-14 10:24:44,93.57
007,2020-03-14 10:24:45,91.25
007,2020-03-14 10:24:46,89.56
007,2020-03-14 10:24:47,88.0
007,2020-03-14 10:24:48,86.45
007,2020-03-14 10:24:49,85.25
007,2020-03-14 10:24:50,84.38
007,2020-03-14 10:24:51,83.21
007,2020-03-14 10:24:52,82.33
007,2020-03-14 10:24:53,81.69
007,2020-03-14 10:24:54,81.12
007,2020-03-14 10:24:55,80.61
007,2020-03-14 10:24:56,80.16
007,2020-03-14 10:24:57,79.85
007,2020-03-14 10:24:58,79.48
007,2020-03-14 10:24:59,79.18
007,2020-03-14 10:25:00,78.91
007,2020-03-14 10:25:01,78.71
007,2020-03-14 10:25:02,78.52
007,2020-03-14 10:25:03,78.31
007,2020-03-14 10:25:04,78.19
007,2020-03-14 10:25:05,78.0
007,2020-03-14 10:25:06,77.79
007,2020-03-14 10:25:07,77.57
007,2020-03-14 10:25:08,77.35
007,2020-03-14 10:25:09,77.16
007,2020-03-14 10:25:10,77.0
007,2020-03-14 10:25:11,76.91
007,2020-03-14 10:25:12,76.8
007,2020-03-14 10:25:13,76.69
007,2020-03-14 10:25:14,76.57
007,2020-03-14 10:25:15,76.45
007,2020-03-14 10:25:16,76.46
007,2020-03-14 10:25:17,76.43
007,2020-03-14 10:25:18,76.39
007,2020-03-14 10:25:19,76.36
007,2020-03-14 10:25:20,76.33
007,2020-03-14 10:25:21,76.3
007,2020-03-14 10:25:22,76.13
007,2020-03-14 10:25:23,76.0
007,2020-03-14 10:25:24,75.87
007,2020-03-14 10:25:25,75.77
007,2020-03-14 10:25:26,75.67
007,2020-03-14 10:25:27,75.58
007,2020-03-14 10:25:28,75.47
007,2020-03-14 10:25:29,75.37
007,2020-03-14 10:25:30,75.26
007,2020-03-14 10:25:31,75.15
007,2020-03-14 10:25:32,75.04
007,2020-03-14 10:25:33,74.93
007,2020-03-14 10:25:34,74.82
007,2020-03-14 10:25:35,74.74
007,2020-03-14 10:25:36,74.68
007,2020-03-14 10:25:37,74.6
007,2020-03-14 10:25:38,74.38
007,2020-03-14 10:25:39,74.07
007,2020-03-14 10:25:40,72.43
007,2020-03-14 10:25:41,71.93
007,2020-03-14 10:25:42,72.2
007,2020-03-14 10:25:43,72.72
007,2020-03-14 10:25:44,72.77
007,2020-03-14 10:25:45,72.83
007,2020-03-14 10:25:46,72.87
007,2020-03-14 10:25:47,72.93
007,2020-03-14 10:25:48,73.12
007,2020-03-14 10:25:49,73.12
007,2020-03-14 10:25:50,73.07
007,2020-03-14 10:25:51,73.12
007,2020-03-14 10:25:52,73.13
007,2020-03-14 10:25:53,73.12
007,2020-03-14 10:25:54,73.1
007,2020-03-14 10:25:55,73.1
007,2020-03-14 10:25:56,73.08
007,2020-03-14 10:25:57,73.05
007,2020-03-14 10:25:58,73.03
007,2020-03-14 10:25:59,73.02
007,2020-03-14 10:26:00,73.0
007,2020-03-14 10:26:01,72.97
007,2020-03-14 10:26:02,72.95
007,2020-03-14 10:26:03,72.97
007,2020-03-14 10:26:04,72.95
007,2020-03-14 10:26:05,72.97
007,2020-03-14 10:26:06,72.98
007,2020-03-14 10:26:07,73.02
007,2020-03-14 10:26:08,73.03
007,2020-03-14 10:26:09,73.05
007,2020-03-14 10:26:10,73.05
007,2020-03-14 10:26:11,73.02
007,2020-03-14 10:26:12,72.98
007,2020-03-14 10:26:13,72.97
007,2020-03-14 10:26:14,72.97
007,2020-03-14 10:26:15,72.97
007,2020-03-14 10:26:16,72.9
007,2020-03-14 10:26:17,72.87
007,2020-03-14 10:26:18,72.87
007,2020-03-14 10:26:19,72.87
007,2020-03-14 10:26:20,72.87
007,2020-03-14 10:26:21,72.87
007,2020-03-14 10:26:22,72.95
007,2020-03-14 10:26:23,73.02
007,2020-03-14 10:26:24,73.08
007,2020-03-14 10:26:25,73.12
007,2020-03-14 10:26:26,73.15
007,2020-03-14 10:26:27,73.18
007,2020-03-14 10:26:28,73.23
007,2020-03-14 10:26:29,73.28
007,2020-03-14 10:26:30,73.33
007,2020-03-14 10:26:31,73.38
007,2020-03-14 10:26:32,73.43
007,2020-03-14 10:26:33,73.48
007,2020-03-14 10:26:34,73.55
007,2020-03-14 10:26:35,73.6
007,2020-03-14 10:26:36,73.63
007,2020-03-14 10:26:37,73.7
007,2020-03-14 10:26:38,73.68
007,2020-03-14 10:26:39,73.67
007,2020-03-14 10:26:40,73.63
007,2020-03-14 10:26:41,73.55
007,2020-03-14 10:26:42,73.45
007,2020-03-14 10:26:43,73.35
007,2020-03-14 10:26:44,73.25
007,2020-03-14 10:26:45,73.15
007,2020-03-14 10:26:46,73.08
007,2020-03-14 10:26:47,73.02
007,2020-03-14 10:26:48,72.88
007,2020-03-14 10:26:49,72.92
007,2020-03-14 10:26:50,72.98
007,2020-03-14 10:26:51,73.05
007,2020-03-14 10:26:52,73.12
007,2020-03-14 10:26:53,73.18
007,2020-03-14 10:26:54,73.25
007,2020-03-14 10:26:55,73.28
007,2020-03-14 10:26:56,73.33
007,2020-03-14 10:26:57,73.35
007,2020-03-14 10:26:58,73.38
007,2020-03-14 10:26:59,73.38
007,2020-03-14 10:27:00,73.38
007,2020-03-14 10:27:01,73.37
007,2020-03-14 10:27:02,73.33
007,2020-03-14 10:27:03,73.28
007,2020-03-14 10:27:04,73.23
007,2020-03-14 10:27:05,73.2
007,2020-03-14 10:27:06,73.18
007,2020-03-14 10:27:07,73.17
007,2020-03-14 10:27:08,73.17
007,2020-03-14 10:27:09,73.18
007,2020-03-14 10:27:10,73.2
007,2020-03-14 10:27:11,73.22
007,2020-03-14 10:27:12,73.27
007,2020-03-14 10:27:13,73.3
007,2020-03-14 10:27:14,73.33
007,2020-03-14 10:27:15,73.37
007,2020-03-14 10:27:16,73.38
007,2020-03-14 10:27:17,73.4
007,2020-03-14 10:27:18,73.38
007,2020-03-14 10:27:19,73.37
007,2020-03-14 10:27:20,73.35
007,2020-03-14 10:27:21,73.33
007,2020-03-14 10:27:22,73.35
007,2020-03-14 10:27:23,73.37
007,2020-03-14 10:27:24,73.38
007,2020-03-14 10:27:25,73.42
007,2020-03-14 10:27:26,73.45
007,2020-03-14 10:27:27,73.48
007,2020-03-14 10:27:28,73.5
007,2020-03-14 10:27:29,73.52
007,2020-03-14 10:27:30,73.52
007,2020-03-14 10:27:31,73.53
007,2020-03-14 10:27:32,73.55
007,2020-03-14 10:27:33,73.57
007,2020-03-14 10:27:34,73.58
007,2020-03-14 10:27:35,73.6
007,2020-03-14 10:27:36,73.62
007,2020-03-14 10:27:37,73.62
007,2020-03-14 10:27:38,73.62
007,2020-03-14 10:27:39,73.62
007,2020-03-14 10:27:40,73.6
007,2020-03-14 10:27:41,73.58
007,2020-03-14 10:27:42,73.57
007,2020-03-14 10:27:43,73.55
007,2020-03-14 10:27:44,73.53
007,2020-03-14 10:27:45,73.53
007,2020-03-14 10:27:46,73.52
007,2020-03-14 10:27:47,73.5
007,2020-03-14 10:27:48,73.48
007,2020-03-14 10:27:49,73.47
007,2020-03-14 10:27:50,73.43
007,2020-03-14 10:27:51,73.38
007,2020-03-14 10:27:52,73.33
007,2020-03-14 10:27:53,73.27
007,2020-03-14 10:27:54,73.18
007,2020-03-14 10:27:55,73.12
007,2020-03-14 10:27:56,73.05
007,2020-03-14 10:27:57,73.0
007,2020-03-14 10:27:58,72.93
007,2020-03-14 10:27:59,72.9
007,2020-03-14 10:28:00,72.88
007,2020-03-14 10:28:01,72.88
007,2020-03-14 10:28:02,72.88
007,2020-03-14 10:28:03,72.88
007,2020-03-14 10:28:04,72.88
007,2020-03-14 10:28:05,72.75
007,2020-03-14 10:28:06,72.62
007,2020-03-14 10:28:07,72.48
007,2020-03-14 10:28:08,72.38
007,2020-03-14 10:28:09,72.28
007,2020-03-14 10:28:10,72.22
007,2020-03-14 10:28:11,72.18
007,2020-03-14 10:28:12,72.18
007,2020-03-14 10:28:13,72.18
007,2020-03-14 10:28:14,72.22
007,2020-03-14 10:28:15,72.23
007,2020-03-14 10:28:16,72.25
007,2020-03-14 10:28:17,72.28
007,2020-03-14 10:28:18,72.32
007,2020-03-14 10:28:19,72.35
007,2020-03-14 10:28:20,72.37
007,2020-03-14 10:28:21,72.37
007,2020-03-14 10:28:22,72.33
007,2020-03-14 10:28:23,72.28
007,2020-03-14 10:28:24,72.23
007,2020-03-14 10:28:25,72.18
007,2020-03-14 10:28:26,72.13
007,2020-03-14 10:28:27,72.08
007,2020-03-14 10:28:28,72.05
007,2020-03-14 10:28:29,72.0
007,2020-03-14 10:28:30,71.97
007,2020-03-14 10:28:31,71.95
007,2020-03-14 10:28:32,71.93
007,2020-03-14 10:28:33,71.92
007,2020-03-14 10:28:34,71.88
007,2020-03-14 10:28:35,71.87
007,2020-03-14 10:28:36,71.82
007,2020-03-14 10:28:37,71.77
007,2020-03-14 10:28:38,71.72
007,2020-03-14 10:28:39,71.65
007,2020-03-14 10:28:40,71.6
007,2020-03-14 10:28:41,71.53
007,2020-03-14 10:28:42,71.47
007,2020-03-14 10:28:43,71.4
007,2020-03-14 10:28:44,71.35
007,2020-03-14 10:28:45,71.32
007,2020-03-14 10:28:46,71.27
007,2020-03-14 10:28:47,71.23
007,2020-03-14 10:28:48,71.2
007,2020-03-14 10:28:49,71.17
007,2020-03-14 10:28:50,71.13
007,2020-03-14 10:28:51,71.12
007,2020-03-14 10:28:52,71.12
007,2020-03-14 10:28:53,71.12
007,2020-03-14 10:28:54,71.13
007,2020-03-14 10:28:55,71.15
007,2020-03-14 10:28:56,71.15
007,2020-03-14 10:28:57,71.15
007,2020-03-14 10:28:58,71.15
007,2020-03-14 10:28:59,71.12
007,2020-03-14 10:29:00,71.05
007,2020-03-14 10:29:01,70.98
007,2020-03-14 10:29:02,70.9
007,2020-03-14 10:29:03,70.85
007,2020-03-14 10:29:04,70.8
007,2020-03-14 10:29:05,70.87
007,2020-03-14 10:29:06,70.93
007,2020-03-14 10:29:07,71.02
007,2020-03-14 10:29:08,71.13
007,2020-03-14 10:29:09,71.22
007,2020-03-14 10:29:10,71.28
007,2020-03-14 10:29:11,71.33
007,2020-03-14 10:29:12,71.32
007,2020-03-14 10:29:13,71.32
007,2020-03-14 10:29:14,71.28
007,2020-03-14 10:29:15,71.27
007,2020-03-14 10:29:16,71.23
007,2020-03-14 10:29:17,71.17
007,2020-03-14 10:29:18,71.08
007,2020-03-14 10:29:19,71.0
007,2020-03-14 10:29:20,70.93
007,2020-03-14 10:29:21,70.88
007,2020-03-14 10:29:22,70.85
007,2020-03-14 10:29:23,70.83
007,2020-03-14 10:29:24,70.82
007,2020-03-14 10:29:25,70.8
007,2020-03-14 10:29:26,70.77
007,2020-03-14 10:29:27,70.73
007,2020-03-14 10:29:28,70.7
007,2020-03-14 10:29:29,70.68
007,2020-03-14 10:29:30,70.67
007,2020-03-14 10:29:31,70.63
007,2020-03-14 10:29:32,70.62
007,2020-03-14 10:29:33,70.6
007,2020-03-14 10:29:34,70.58
007,2020-03-14 10:29:35,70.57
007,2020-03-14 10:29:36,70.58
007,2020-03-14 10:29:37,70.62
007,2020-03-14 10:29:38,70.65
007,2020-03-14 10:29:39,70.7
007,2020-03-14 10:29:40,70.77
007,2020-03-14 10:29:41,70.85
007,2020-03-14 10:29:42,70.93
007,2020-03-14 10:29:43,71.02
007,2020-03-14 10:29:44,71.08
007,2020-03-14 10:29:45,71.13
007,2020-03-14 10:29:46,71.18
007,2020-03-14 10:29:47,71.22
007,2020-03-14 10:29:48,71.23
007,2020-03-14 10:29:49,71.25
007,2020-03-14 10:29:50,71.27
007,2020-03-14 10:29:51,71.28
007,2020-03-14 10:29:52,71.28
007,2020-03-14 10:29:53,71.3
007,2020-03-14 10:29:54,71.33
007,2020-03-14 10:29:55,71.37
007,2020-03-14 10:29:56,71.42
007,2020-03-14 10:29:57,71.45
007,2020-03-14 10:29:58,71.48
007,2020-03-14 10:29:59,71.53
007,2020-03-14 10:30:00,71.58
007,2020-03-14 10:30:01,71.63
007,2020-03-14 10:30:02,71.68
007,2020-03-14 10:30:03,71.68
007,2020-03-14 10:30:04,71.7
007,2020-03-14 10:30:05,71.72
007,2020-03-14 10:30:06,71.73
007,2020-03-14 10:30:07,71.73
007,2020-03-14 10:30:08,71.67
007,2020-03-14 10:30:09,71.62
007,2020-03-14 10:30:10,71.55
007,2020-03-14 10:30:11,71.48
007,2020-03-14 10:30:12,71.45
007,2020-03-14 10:30:13,71.42
007,2020-03-14 10:30:14,71.38
007,2020-03-14 10:30:15,71.35
007,2020-03-14 10:30:16,71.33
007,2020-03-14 10:30:17,71.33
007,2020-03-14 10:30:18,71.35
007,2020-03-14 10:30:19,71.37
007,2020-03-14 10:30:20,71.37
007,2020-03-14 10:30:21,71.35
007,2020-03-14 10:30:22,71.35
007,2020-03-14 10:30:23,71.35
007,2020-03-14 10:30:24,71.37
007,2020-03-14 10:30:25,71.4
007,2020-03-14 10:30:26,71.43
007,2020-03-14 10:30:27,71.47
007,2020-03-14 10:30:28,71.47
007,2020-03-14 10:30:29,71.45
007,2020-03-14 10:30:30,71.43
007,2020-03-14 10:30:31,71.42
007,2020-03-14 10:30:32,71.37
007,2020-03-14 10:30:33,71.32
007,2020-03-14 10:30:34,71.27
007,2020-03-14 10:30:35,71.22
007,2020-03-14 10:30:36,71.17
007,2020-03-14 10:30:37,71.12
007,2020-03-14 10:30:38,71.08
007,2020-03-14 10:30:39,71.05
007,2020-03-14 10:30:40,71.0
007,2020-03-14 10:30:41,70.95
007,2020-03-14 10:30:42,70.9
007,2020-03-14 10:30:43,70.85
007,2020-03-14 10:30:44,70.82
007,2020-03-14 10:30:45,70.78
007,2020-03-14 10:30:46,70.77
007,2020-03-14 10:30:47,70.73
007,2020-03-14 10:30:48,70.72
007,2020-03-14 10:30:49,70.68
007,2020-03-14 10:30:50,70.63
007,2020-03-14 10:30:51,70.57
007,2020-03-14 10:30:52,70.5
007,2020-03-14 10:30:53,70.45
007,2020-03-14 10:30:54,70.38
007,2020-03-14 10:30:55,70.3
007,2020-03-14 10:30:56,70.27
007,2020-03-14 10:30:57,70.28
007,2020-03-14 10:30:58,70.33
007,2020-03-14 10:30:59,70.42
007,2020-03-14 10:31:00,70.52
007,2020-03-14 10:31:01,70.58
007,2020-03-14 10:31:02,70.73
007,2020-03-14 10:31:03,70.87
007,2020-03-14 10:31:04,70.97
007,2020-03-14 10:31:05,71.18
007,2020-03-14 10:31:06,71.37
007,2020-03-14 10:31:07,71.52
007,2020-03-14 10:31:08,71.65
007,2020-03-14 10:31:09,71.73
007,2020-03-14 10:31:10,71.82
007,2020-03-14 10:31:11,71.88
007,2020-03-14 10:31:12,71.95
007,2020-03-14 10:31:13,71.88
007,2020-03-14 10:31:14,71.87
007,2020-03-14 10:31:15,71.85
007,2020-03-14 10:31:16,71.85
007,2020-03-14 10:31:17,71.85
007,2020-03-14 10:31:18,71.8
007,2020-03-14 10:31:19,71.77
007,2020-03-14 10:31:20,71.75
007,2020-03-14 10:31:21,71.8
007,2020-03-14 10:31:22,71.7
007,2020-03-14 10:31:23,71.58
007,2020-03-14 10:31:24,71.43
007,2020-03-14 10:31:25,71.25
007,2020-03-14 10:31:26,71.08
007,2020-03-14 10:31:27,70.93
007,2020-03-14 10:31:28,70.73
007,2020-03-14 10:31:29,70.52
007,2020-03-14 10:31:30,70.28
007,2020-03-14 10:31:31,70.07
007,2020-03-14 10:31:32,69.87
007,2020-03-14 10:31:33,69.67
007,2020-03-14 10:31:34,69.48
007,2020-03-14 10:31:35,69.28
007,2020-03-14 10:31:36,69.08
007,2020-03-14 10:31:37,68.85
007,2020-03-14 10:31:38,68.58
007,2020-03-14 10:31:39,68.33
007,2020-03-14 10:31:40,68.07
007,2020-03-14 10:31:41,67.82
007,2020-03-14 10:31:42,67.58
007,2020-03-14 10:31:43,67.33
007,2020-03-14 10:31:44,67.12
007,2020-03-14 10:31:45,66.87
007,2020-03-14 10:31:46,66.75
007,2020-03-14 10:31:47,66.6
007,2020-03-14 10:31:48,66.4
007,2020-03-14 10:31:49,66.23
007,2020-03-14 10:31:50,66.1
007,2020-03-14 10:31:51,66.0
007,2020-03-14 10:31:52,65.88
007,2020-03-14 10:31:53,65.78
007,2020-03-14 10:31:54,65.68
007,2020-03-14 10:31:55,65.58
007,2020-03-14 10:31:56,65.45
007,2020-03-14 10:31:57,65.25
007,2020-03-14 10:31:58,65.02
007,2020-03-14 10:31:59,64.72
007,2020-03-14 10:32:00,64.35
007,2020-03-14 10:32:01,63.98
007,2020-03-14 10:32:02,63.52
007,2020-03-14 10:32:03,63.07
007,2020-03-14 10:32:04,62.63
007,2020-03-14 10:32:05,62.07
007,2020-03-14 10:32:06,61.53
007,2020-03-14 10:32:07,61.05
007,2020-03-14 10:32:08,60.63
007,2020-03-14 10:32:09,60.3
007,2020-03-14 10:32:10,59.97
007,2020-03-14 10:32:11,59.65
007,2020-03-14 10:32:12,59.35
007,2020-03-14 10:32:13,59.17
007,2020-03-14 10:32:14,58.92
007,2020-03-14 10:32:15,58.68
007,2020-03-14 10:32:16,58.43
007,2020-03-14 10:32:17,58.22
007,2020-03-14 10:32:18,58.08
007,2020-03-14 10:32:19,57.93
007,2020-03-14 10:32:20,57.78
007,2020-03-14 10:32:21,57.6
007,2020-03-14 10:32:22,57.57
007,2020-03-14 10:32:23,57.6
007,2020-03-14 10:32:24,57.7
007,2020-03-14 10:32:25,57.85
007,2020-03-14 10:32:26,57.98
007,2020-03-14 10:32:27,58.12
007,2020-03-14 10:32:28,58.33
007,2020-03-14 10:32:29,58.6
007,2020-03-14 10:32:30,58.82
007,2020-03-14 10:32:31,58.98
007,2020-03-14 10:32:32,59.33
007,2020-03-14 10:32:33,59.67
007,2020-03-14 10:32:34,59.88
007,2020-03-14 10:32:35,60.2
007,2020-03-14 10:32:36,60.55
007,2020-03-14 10:32:37,60.88
007,2020-03-14 10:32:38,61.27
007,2020-03-14 10:32:39,61.58
007,2020-03-14 10:32:40,61.9
007,2020-03-14 10:32:41,62.23
007,2020-03-14 10:32:42,62.48
007,2020-03-14 10:32:43,62.75
007,2020-03-14 10:32:44,62.97
007,2020-03-14 10:32:45,63.22
007,2020-03-14 10:32:46,63.33
007,2020-03-14 10:32:47,63.5
007,2020-03-14 10:32:48,63.72
007,2020-03-14 10:32:49,63.9
007,2020-03-14 10:32:50,64.07
007,2020-03-14 10:32:51,64.23
007,2020-03-14 10:32:52,64.45
007,2020-03-14 10:32:53,64.65
007,2020-03-14 10:32:54,64.82
007,2020-03-14 10:32:55,65.0
007,2020-03-14 10:32:56,65.18
008,2020-03-14 12:20:57,55.0
008,2020-03-14 12:20:58,55.0
008,2020-03-14 12:20:59,55.33
008,2020-03-14 12:21:00,62.25
008,2020-03-14 12:21:01,64.0
008,2020-03-14 12:21:02,63.17
008,2020-03-14 12:21:03,65.86
008,2020-03-14 12:21:04,67.38
008,2020-03-14 12:21:05,68.56
008,2020-03-14 12:21:06,69.3
008,2020-03-14 12:21:07,70.09
008,2020-03-14 12:21:08,70.58
008,2020-03-14 12:21:09,70.92
008,2020-03-14 12:21:10,71.21
008,2020-03-14 12:21:11,71.47
008,2020-03-14 12:21:12,71.81
008,2020-03-14 12:21:13,72.18
008,2020-03-14 12:21:14,72.5
008,2020-03-14 12:21:15,72.79
008,2020-03-14 12:21:16,73.15
008,2020-03-14 12:21:17,73.48
008,2020-03-14 12:21:18,73.73
008,2020-03-14 12:21:19,73.78
008,2020-03-14 12:21:20,73.62
008,2020-03-14 12:21:21,73.48
008,2020-03-14 12:21:22,73.35
008,2020-03-14 12:21:23,73.3
008,2020-03-14 12:21:24,73.32
008,2020-03-14 12:21:25,73.34
008,2020-03-14 12:21:26,73.33
008,2020-03-14 12:21:27,73.32
008,2020-03-14 12:21:28,73.28
008,2020-03-14 12:21:29,73.24
008,2020-03-14 12:21:30,73.21
008,2020-03-14 12:21:31,73.17
008,2020-03-14 12:21:32,73.14
008,2020-03-14 12:21:33,73.11
008,2020-03-14 12:21:34,73.08
008,2020-03-14 12:21:35,73.08
008,2020-03-14 12:21:36,73.07
008,2020-03-14 12:21:37,73.05
008,2020-03-14 12:21:38,73.02
008,2020-03-14 12:21:39,73.0
008,2020-03-14 12:21:40,72.98
008,2020-03-14 12:21:41,72.96
008,2020-03-14 12:21:42,72.93
008,2020-03-14 12:21:43,72.89
008,2020-03-14 12:21:44,72.83
008,2020-03-14 12:21:45,72.78
008,2020-03-14 12:21:46,72.78
008,2020-03-14 12:21:47,72.8
008,2020-03-14 12:21:48,72.77
008,2020-03-14 12:21:49,72.74
008,2020-03-14 12:21:50,72.65
008,2020-03-14 12:21:51,72.58
008,2020-03-14 12:21:52,72.55
008,2020-03-14 12:21:53,72.54
008,2020-03-14 12:21:54,72.52
008,2020-03-14 12:21:55,72.41
008,2020-03-14 12:21:56,72.33
008,2020-03-14 12:21:57,72.52
008,2020-03-14 12:21:58,72.7
008,2020-03-14 12:21:59,73.02
008,2020-03-14 12:22:00,72.87
008,2020-03-14 12:22:01,72.9
008,2020-03-14 12:22:02,73.13
008,2020-03-14 12:22:03,73.0
008,2020-03-14 12:22:04,72.92
008,2020-03-14 12:22:05,72.87
008,2020-03-14 12:22:06,72.87
008,2020-03-14 12:22:07,72.82
008,2020-03-14 12:22:08,72.8
008,2020-03-14 12:22:09,72.8
008,2020-03-14 12:22:10,72.82
008,2020-03-14 12:22:11,72.82
008,2020-03-14 12:22:12,72.82
008,2020-03-14 12:22:13,72.8
008,2020-03-14 12:22:14,72.77
008,2020-03-14 12:22:15,72.73
008,2020-03-14 12:22:16,72.65
008,2020-03-14 12:22:17,72.55
008,2020-03-14 12:22:18,72.47
008,2020-03-14 12:22:19,72.43
008,2020-03-14 12:22:20,72.48
008,2020-03-14 12:22:21,72.53
008,2020-03-14 12:22:22,72.58
008,2020-03-14 12:22:23,72.57
008,2020-03-14 12:22:24,72.52
008,2020-03-14 12:22:25,72.48
008,2020-03-14 12:22:26,72.43
008,2020-03-14 12:22:27,72.35
008,2020-03-14 12:22:28,72.32
008,2020-03-14 12:22:29,72.32
008,2020-03-14 12:22:30,72.33
008,2020-03-14 12:22:31,72.37
008,2020-03-14 12:22:32,72.38
008,2020-03-14 12:22:33,72.45
008,2020-03-14 12:22:34,72.57
008,2020-03-14 12:22:35,72.67
008,2020-03-14 12:22:36,72.77
008,2020-03-14 12:22:37,72.87
008,2020-03-14 12:22:38,72.98
008,2020-03-14 12:22:39,73.1
008,2020-03-14 12:22:40,73.23
008,2020-03-14 12:22:41,73.4
008,2020-03-14 12:22:42,73.57
008,2020-03-14 12:22:43,73.73
008,2020-03-14 12:22:44,73.92
008,2020-03-14 12:22:45,74.15
008,2020-03-14 12:22:46,74.32
008,2020-03-14 12:22:47,74.43
008,2020-03-14 12:22:48,74.62
008,2020-03-14 12:22:49,74.8
008,2020-03-14 12:22:50,75.05
008,2020-03-14 12:22:51,75.32
008,2020-03-14 12:22:52,75.55
008,2020-03-14 12:22:53,75.77
008,2020-03-14 12:22:54,75.97
008,2020-03-14 12:22:55,76.32
008,2020-03-14 12:22:56,76.62
008,2020-03-14 12:22:57,76.93
008,2020-03-14 12:22:58,77.25
008,2020-03-14 12:22:59,77.42
008,2020-03-14 12:23:00,77.65
008,2020-03-14 12:23:01,77.88
008,2020-03-14 12:23:02,78.07
008,2020-03-14 12:23:03,78.23
008,2020-03-14 12:23:04,78.4
008,2020-03-14 12:23:05,78.52
008,2020-03-14 12:23:06,78.52
008,2020-03-14 12:23:07,78.55
008,2020-03-14 12:23:08,78.6
008,2020-03-14 12:23:09,78.65
008,2020-03-14 12:23:10,78.7
008,2020-03-14 12:23:11,78.78
008,2020-03-14 12:23:12,78.78
008,2020-03-14 12:23:13,78.78
008,2020-03-14 12:23:14,78.77
008,2020-03-14 12:23:15,78.73
008,2020-03-14 12:23:16,78.7
008,2020-03-14 12:23:17,78.68
008,2020-03-14 12:23:18,78.68
008,2020-03-14 12:23:19,78.7
008,2020-03-14 12:23:20,78.72
008,2020-03-14 12:23:21,78.73
008,2020-03-14 12:23:22,78.75
008,2020-03-14 12:23:23,78.8
008,2020-03-14 12:23:24,78.88
008,2020-03-14 12:23:25,78.93
008,2020-03-14 12:23:26,79.03
008,2020-03-14 12:23:27,79.15
008,2020-03-14 12:23:28,79.23
008,2020-03-14 12:23:29,79.32
008,2020-03-14 12:23:30,79.43
008,2020-03-14 12:23:31,79.55
008,2020-03-14 12:23:32,79.67
008,2020-03-14 12:23:33,79.77
008,2020-03-14 12:23:34,79.83
008,2020-03-14 12:23:35,79.93
008,2020-03-14 12:23:36,80.05
008,2020-03-14 12:23:37,80.13
008,2020-03-14 12:23:38,80.22
008,2020-03-14 12:23:39,80.32
008,2020-03-14 12:23:40,80.42
008,2020-03-14 12:23:41,80.5
008,2020-03-14 12:23:42,80.57
008,2020-03-14 12:23:43,80.68
008,2020-03-14 12:23:44,80.8
008,2020-03-14 12:23:45,80.82
008,2020-03-14 12:23:46,80.83
008,2020-03-14 12:23:47,80.87
008,2020-03-14 12:23:48,80.87
008,2020-03-14 12:23:49,80.82
008,2020-03-14 12:23:50,80.63
008,2020-03-14 12:23:51,80.43
008,2020-03-14 12:23:52,80.25
008,2020-03-14 12:23:53,80.08
008,2020-03-14 12:23:54,79.95
008,2020-03-14 12:23:55,79.75
008,2020-03-14 12:23:56,79.57
008,2020-03-14 12:23:57,79.4
008,2020-03-14 12:23:58,79.22
008,2020-03-14 12:23:59,79.03
008,2020-03-14 12:24:00,78.8
008,2020-03-14 12:24:01,78.6
008,2020-03-14 12:24:02,78.45
008,2020-03-14 12:24:03,78.3
008,2020-03-14 12:24:04,78.18
008,2020-03-14 12:24:05,78.08
008,2020-03-14 12:24:06,78.08
008,2020-03-14 12:24:07,78.05
008,2020-03-14 12:24:08,78.0
008,2020-03-14 12:24:09,77.93
008,2020-03-14 12:24:10,77.83
008,2020-03-14 12:24:11,77.68
008,2020-03-14 12:24:12,77.58
008,2020-03-14 12:24:13,77.48
008,2020-03-14 12:24:14,77.42
008,2020-03-14 12:24:15,77.38
008,2020-03-14 12:24:16,77.37
008,2020-03-14 12:24:17,77.37
008,2020-03-14 12:24:18,77.33
008,2020-03-14 12:24:19,77.3
008,2020-03-14 12:24:20,77.27
008,2020-03-14 12:24:21,77.22
008,2020-03-14 12:24:22,77.17
008,2020-03-14 12:24:23,77.12
008,2020-03-14 12:24:24,77.05
008,2020-03-14 12:24:25,77.0
008,2020-03-14 12:24:26,76.93
008,2020-03-14 12:24:27,76.88
008,2020-03-14 12:24:28,76.83
008,2020-03-14 12:24:29,76.75
008,2020-03-14 12:24:30,76.6
008,2020-03-14 12:24:31,76.43
008,2020-03-14 12:24:32,76.27
008,2020-03-14 12:24:33,76.08
008,2020-03-14 12:24:34,75.87
008,2020-03-14 12:24:35,75.58
008,2020-03-14 12:24:36,75.28
008,2020-03-14 12:24:37,75.02
008,2020-03-14 12:24:38,74.77
008,2020-03-14 12:24:39,74.53
008,2020-03-14 12:24:40,74.27
008,2020-03-14 12:24:41,74.0
008,2020-03-14 12:24:42,73.77
008,2020-03-14 12:24:43,73.5
008,2020-03-14 12:24:44,73.22
008,2020-03-14 12:24:45,72.95
008,2020-03-14 12:24:46,72.68
008,2020-03-14 12:24:47,72.47
008,2020-03-14 12:24:48,72.27
008,2020-03-14 12:24:49,72.12
008,2020-03-14 12:24:50,72.08
008,2020-03-14 12:24:51,72.02
008,2020-03-14 12:24:52,71.95
008,2020-03-14 12:24:53,71.85
008,2020-03-14 12:24:54,71.75
008,2020-03-14 12:24:55,71.65
008,2020-03-14 12:24:56,71.57
008,2020-03-14 12:24:57,71.5
008,2020-03-14 12:24:58,71.47
008,2020-03-14 12:24:59,71.43
008,2020-03-14 12:25:00,71.43
008,2020-03-14 12:25:01,71.42
008,2020-03-14 12:25:02,71.4
008,2020-03-14 12:25:03,71.38
008,2020-03-14 12:25:04,71.33
008,2020-03-14 12:25:05,71.28
008,2020-03-14 12:25:06,71.27
008,2020-03-14 12:25:07,71.28
008,2020-03-14 12:25:08,71.3
008,2020-03-14 12:25:09,71.35
008,2020-03-14 12:25:10,71.42
008,2020-03-14 12:25:11,71.53
008,2020-03-14 12:25:12,71.65
008,2020-03-14 12:25:13,71.77
008,2020-03-14 12:25:14,71.83
008,2020-03-14 12:25:15,71.87
008,2020-03-14 12:25:16,71.9
008,2020-03-14 12:25:17,71.9
008,2020-03-14 12:25:18,71.87
008,2020-03-14 12:25:19,71.83
008,2020-03-14 12:25:20,71.8
008,2020-03-14 12:25:21,71.78
008,2020-03-14 12:25:22,71.77
008,2020-03-14 12:25:23,71.75
008,2020-03-14 12:25:24,71.72
008,2020-03-14 12:25:25,71.75
008,2020-03-14 12:25:26,71.8
008,2020-03-14 12:25:27,71.85
008,2020-03-14 12:25:28,71.85
008,2020-03-14 12:25:29,71.83
008,2020-03-14 12:25:30,71.98
008,2020-03-14 12:25:31,72.1
008,2020-03-14 12:25:32,72.27
008,2020-03-14 12:25:33,72.47
008,2020-03-14 12:25:34,72.65
008,2020-03-14 12:25:35,72.87
008,2020-03-14 12:25:36,73.22
008,2020-03-14 12:25:37,73.58
008,2020-03-14 12:25:38,73.9
008,2020-03-14 12:25:39,74.18
008,2020-03-14 12:25:40,74.52
008,2020-03-14 12:25:41,74.8
008,2020-03-14 12:25:42,75.08
008,2020-03-14 12:25:43,75.42
008,2020-03-14 12:25:44,75.8
008,2020-03-14 12:25:45,76.17
008,2020-03-14 12:25:46,76.67
008,2020-03-14 12:25:47,77.18
008,2020-03-14 12:25:48,77.75
008,2020-03-14 12:25:49,78.32
008,2020-03-14 12:25:50,78.83
008,2020-03-14 12:25:51,79.4
008,2020-03-14 12:25:52,79.97
008,2020-03-14 12:25:53,80.52
008,2020-03-14 12:25:54,81.02
008,2020-03-14 12:25:55,81.5
008,2020-03-14 12:25:56,81.97
008,2020-03-14 12:25:57,82.4
008,2020-03-14 12:25:58,82.8
008,2020-03-14 12:25:59,83.27
008,2020-03-14 12:26:00,83.68
008,2020-03-14 12:26:01,83.93
008,2020-03-14 12:26:02,84.2
008,2020-03-14 12:26:03,84.47
008,2020-03-14 12:26:04,84.75
008,2020-03-14 12:26:05,85.0
008,2020-03-14 12:26:06,85.2
008,2020-03-14 12:26:07,85.38
008,2020-03-14 12:26:08,85.55
008,2020-03-14 12:26:09,85.68
008,2020-03-14 12:26:10,85.83
008,2020-03-14 12:26:11,86.02
008,2020-03-14 12:26:12,86.22
008,2020-03-14 12:26:13,86.42
008,2020-03-14 12:26:14,86.65
008,2020-03-14 12:26:15,86.92
008,2020-03-14 12:26:16,87.02
008,2020-03-14 12:26:17,87.22
008,2020-03-14 12:26:18,87.53
008,2020-03-14 12:26:19,87.77
008,2020-03-14 12:26:20,88.0
008,2020-03-14 12:26:21,88.23
008,2020-03-14 12:26:22,88.48
008,2020-03-14 12:26:23,88.77
008,2020-03-14 12:26:24,89.12
008,2020-03-14 12:26:25,89.42
008,2020-03-14 12:26:26,89.68
008,2020-03-14 12:26:27,89.97
008,2020-03-14 12:26:28,90.28
008,2020-03-14 12:26:29,90.58
008,2020-03-14 12:26:30,90.72
008,2020-03-14 12:26:31,90.87
008,2020-03-14 12:26:32,90.92
008,2020-03-14 12:26:33,90.93
008,2020-03-14 12:26:34,91.03
008,2020-03-14 12:26:35,91.15
008,2020-03-14 12:26:36,91.13
008,2020-03-14 12:26:37,91.12
008,2020-03-14 12:26:38,91.13
008,2020-03-14 12:26:39,91.15
008,2020-03-14 12:26:40,91.12
008,2020-03-14 12:26:41,91.03
008,2020-03-14 12:26:42,90.93
008,2020-03-14 12:26:43,90.8
008,2020-03-14 12:26:44,90.67
008,2020-03-14 12:26:45,90.65
008,2020-03-14 12:26:46,90.57
008,2020-03-14 12:26:47,90.38
008,2020-03-14 12:26:48,90.12
008,2020-03-14 12:26:49,89.87
008,2020-03-14 12:26:50,89.68
008,2020-03-14 12:26:51,89.47
008,2020-03-14 12:26:52,89.27
008,2020-03-14 12:26:53,89.0
008,2020-03-14 12:26:54,88.75
008,2020-03-14 12:26:55,88.52
008,2020-03-14 12:26:56,88.3
008,2020-03-14 12:26:57,88.05
008,2020-03-14 12:26:58,87.82
008,2020-03-14 12:26:59,87.48
008,2020-03-14 12:27:00,87.22
008,2020-03-14 12:27:01,87.13
008,2020-03-14 12:27:02,87.0
008,2020-03-14 12:27:03,86.85
008,2020-03-14 12:27:04,86.77
008,2020-03-14 12:27:05,86.75
008,2020-03-14 12:27:06,86.77
008,2020-03-14 12:27:07,86.8
008,2020-03-14 12:27:08,86.83
008,2020-03-14 12:27:09,86.85
008,2020-03-14 12:27:10,86.98
008,2020-03-14 12:27:11,87.08
008,2020-03-14 12:27:12,87.15
008,2020-03-14 12:27:13,87.15
008,2020-03-14 12:27:14,87.12
008,2020-03-14 12:27:15,87.08
008,2020-03-14 12:27:16,87.22
008,2020-03-14 12:27:17,87.3
008,2020-03-14 12:27:18,87.32
008,2020-03-14 12:27:19,87.32
008,2020-03-14 12:27:20,87.32
008,2020-03-14 12:27:21,87.27
008,2020-03-14 12:27:22,87.18
008,2020-03-14 12:27:23,87.08
008,2020-03-14 12:27:24,86.83
008,2020-03-14 12:27:25,86.62
008,2020-03-14 12:27:26,86.35
008,2020-03-14 12:27:27,86.03
008,2020-03-14 12:27:28,85.73
008,2020-03-14 12:27:29,85.48
008,2020-03-14 12:27:30,85.27
008,2020-03-14 12:27:31,85.02
008,2020-03-14 12:27:32,84.75
008,2020-03-14 12:27:33,84.67
008,2020-03-14 12:27:34,84.55
008,2020-03-14 12:27:35,84.37
008,2020-03-14 12:27:36,84.18
008,2020-03-14 12:27:37,83.97
008,2020-03-14 12:27:38,83.7
008,2020-03-14 12:27:39,83.43
008,2020-03-14 12:27:40,83.18
008,2020-03-14 12:27:41,83.03
008,2020-03-14 12:27:42,82.85
008,2020-03-14 12:27:43,82.65
008,2020-03-14 12:27:44,82.45
008,2020-03-14 12:27:45,82.18
008,2020-03-14 12:27:46,81.87
008,2020-03-14 12:27:47,81.62
008,2020-03-14 12:27:48,81.4
008,2020-03-14 12:27:49,81.13
008,2020-03-14 12:27:50,80.88
008,2020-03-14 12:27:51,80.55
008,2020-03-14 12:27:52,80.18
008,2020-03-14 12:27:53,79.9
008,2020-03-14 12:27:54,79.73
008,2020-03-14 12:27:55,79.53
008,2020-03-14 12:27:56,79.32
008,2020-03-14 12:27:57,79.18
008,2020-03-14 12:27:58,79.07
008,2020-03-14 12:27:59,78.97
008,2020-03-14 12:28:00,78.82
008,2020-03-14 12:28:01,78.62
008,2020-03-14 12:28:02,78.45
008,2020-03-14 12:28:03,78.33
008,2020-03-14 12:28:04,78.17
008,2020-03-14 12:28:05,77.98
008,2020-03-14 12:28:06,77.77
008,2020-03-14 12:28:07,77.52
008,2020-03-14 12:28:08,77.3
008,2020-03-14 12:28:09,77.12
008,2020-03-14 12:28:10,76.8
008,2020-03-14 12:28:11,76.47
008,2020-03-14 12:28:12,76.13
008,2020-03-14 12:28:13,75.87
008,2020-03-14 12:28:14,75.67
008,2020-03-14 12:28:15,75.52
008,2020-03-14 12:28:16,75.37
008,2020-03-14 12:28:17,75.17
008,2020-03-14 12:28:18,74.97
008,2020-03-14 12:28:19,74.73
008,2020-03-14 12:28:20,74.5
008,2020-03-14 12:28:21,74.32
008,2020-03-14 12:28:22,74.15
008,2020-03-14 12:28:23,73.97
008,2020-03-14 12:28:24,73.85
008,2020-03-14 12:28:25,73.63
008,2020-03-14 12:28:26,73.52
008,2020-03-14 12:28:27,73.42
008,2020-03-14 12:28:28,73.33
008,2020-03-14 12:28:29,73.25
008,2020-03-14 12:28:30,73.15
008,2020-03-14 12:28:31,73.13
008,2020-03-14 12:28:32,73.2
008,2020-03-14 12:28:33,73.07
008,2020-03-14 12:28:34,72.88
008,2020-03-14 12:28:35,72.72
008,2020-03-14 12:28:36,72.5
008,2020-03-14 12:28:37,72.37
008,2020-03-14 12:28:38,72.43
008,2020-03-14 12:28:39,72.48
008,2020-03-14 12:28:40,72.55
008,2020-03-14 12:28:41,72.68
008,2020-03-14 12:28:42,72.88
008,2020-03-14 12:28:43,73.12
008,2020-03-14 12:28:44,73.28
008,2020-03-14 12:28:45,73.45
008,2020-03-14 12:28:46,73.63
008,2020-03-14 12:28:47,73.8
008,2020-03-14 12:28:48,74.05
008,2020-03-14 12:28:49,74.35
008,2020-03-14 12:28:50,74.6
008,2020-03-14 12:28:51,74.92
008,2020-03-14 12:28:52,75.25
008,2020-03-14 12:28:53,75.67
008,2020-03-14 12:28:54,75.95
008,2020-03-14 12:28:55,76.25
008,2020-03-14 12:28:56,76.58
008,2020-03-14 12:28:57,76.83
008,2020-03-14 12:28:58,77.22
008,2020-03-14 12:28:59,77.58
008,2020-03-14 12:29:00,77.95
008,2020-03-14 12:29:01,78.33
008,2020-03-14 12:29:02,78.7
008,2020-03-14 12:29:03,79.07
008,2020-03-14 12:29:04,79.47
008,2020-03-14 12:29:05,79.83
008,2020-03-14 12:29:06,80.27
008,2020-03-14 12:29:07,80.73
008,2020-03-14 12:29:08,81.17
008,2020-03-14 12:29:09,81.57
008,2020-03-14 12:29:10,81.95
008,2020-03-14 12:29:11,82.35
008,2020-03-14 12:29:12,82.77
008,2020-03-14 12:29:13,83.18
008,2020-03-14 12:29:14,83.55
008,2020-03-14 12:29:15,83.9
009,2020-03-21 08:41:36,84.0
009,2020-03-21 08:41:37,77.0
009,2020-03-21 08:41:38,73.0
009,2020-03-21 08:41:39,67.25
009,2020-03-21 08:41:40,63.6
009,2020-03-21 08:41:41,75.0
009,2020-03-21 08:41:42,82.71
009,2020-03-21 08:41:43,88.88
009,2020-03-21 08:41:44,93.44
009,2020-03-21 08:41:45,97.4
009,2020-03-21 08:41:46,100.64
009,2020-03-21 08:41:47,103.33
009,2020-03-21 08:41:48,105.62
009,2020-03-21 08:41:49,105.29
009,2020-03-21 08:41:50,105.0
009,2020-03-21 08:41:51,104.81
009,2020-03-21 08:41:52,104.65
009,2020-03-21 08:41:53,104.5
009,2020-03-21 08:41:54,104.16
009,2020-03-21 08:41:55,103.8
009,2020-03-21 08:41:56,103.52
009,2020-03-21 08:41:57,102.95
009,2020-03-21 08:41:58,102.61
009,2020-03-21 08:41:59,102.29
009,2020-03-21 08:42:00,102.0
009,2020-03-21 08:42:01,101.73
009,2020-03-21 08:42:02,101.44
009,2020-03-21 08:42:03,101.14
009,2020-03-21 08:42:04,100.83
009,2020-03-21 08:42:05,100.27
009,2020-03-21 08:42:06,99.71
009,2020-03-21 08:42:07,99.25
009,2020-03-21 08:42:08,98.79
009,2020-03-21 08:42:09,98.35
009,2020-03-21 08:42:10,97.97
009,2020-03-21 08:42:11,97.58
009,2020-03-21 08:42:12,97.27
009,2020-03-21 08:42:13,97.08
009,2020-03-21 08:42:14,96.87
009,2020-03-21 08:42:15,96.65
009,2020-03-21 08:42:16,96.49
009,2020-03-21 08:42:17,96.29
009,2020-03-21 08:42:18,96.02
009,2020-03-21 08:42:19,95.82
009,2020-03-21 08:42:20,95.6
009,2020-03-21 08:42:21,95.46
009,2020-03-21 08:42:22,95.62
009,2020-03-21 08:42:23,95.81
009,2020-03-21 08:42:24,95.98
009,2020-03-21 08:42:25,96.14
009,2020-03-21 08:42:26,96.27
009,2020-03-21 08:42:27,96.48
009,2020-03-21 08:42:28,96.66
009,2020-03-21 08:42:29,96.83
009,2020-03-21 08:42:30,97.0
009,2020-03-21 08:42:31,97.14
009,2020-03-21 08:42:32,97.28
009,2020-03-21 08:42:33,97.43
009,2020-03-21 08:42:34,97.54
009,2020-03-21 08:42:35,97.65
009,2020-03-21 08:42:36,97.98
009,2020-03-21 08:42:37,98.55
009,2020-03-21 08:42:38,99.18
009,2020-03-21 08:42:39,100.05
009,2020-03-21 08:42:40,101.0
009,2020-03-21 08:42:41,100.58
009,2020-03-21 08:42:42,100.22
009,2020-03-21 08:42:43,99.78
009,2020-03-21 08:42:44,99.37
009,2020-03-21 08:42:45,98.92
009,2020-03-21 08:42:46,98.08
009,2020-03-21 08:42:47,97.23
009,2020-03-21 08:42:48,96.37
009,2020-03-21 08:42:49,96.05
009,2020-03-21 08:42:50,95.68
009,2020-03-21 08:42:51,95.35
009,2020-03-21 08:42:52,95.0
009,2020-03-21 08:42:53,94.67
009,2020-03-21 08:42:54,94.38
009,2020-03-21 08:42:55,94.13
009,2020-03-21 08:42:56,93.42
009,2020-03-21 08:42:57,92.77
009,2020-03-21 08:42:58,92.05
009,2020-03-21 08:42:59,91.33
009,2020-03-21 08:43:00,90.62
009,2020-03-21 08:43:01,89.85
009,2020-03-21 08:43:02,89.13
009,2020-03-21 08:43:03,88.43
009,2020-03-21 08:43:04,87.78
009,2020-03-21 08:43:05,87.27
009,2020-03-21 08:43:06,86.73
009,2020-03-21 08:43:07,86.15
009,2020-03-21 08:43:08,85.62
009,2020-03-21 08:43:09,85.07
009,2020-03-21 08:43:10,84.48
009,2020-03-21 08:43:11,84.0
009,2020-03-21 08:43:12,83.47
009,2020-03-21 08:43:13,82.97
009,2020-03-21 08:43:14,82.48
009,2020-03-21 08:43:15,82.0
009,2020-03-21 08:43:16,81.47
009,2020-03-21 08:43:17,80.88
009,2020-03-21 08:43:18,80.33
009,2020-03-21 08:43:19,79.75
009,2020-03-21 08:43:20,79.18
009,2020-03-21 08:43:21,78.57
009,2020-03-21 08:43:22,77.73
009,2020-03-21 08:43:23,76.87
009,2020-03-21 08:43:24,75.97
009,2020-03-21 08:43:25,75.1
009,2020-03-21 08:43:26,74.28
009,2020-03-21 08:43:27,73.43
009,2020-03-21 08:43:28,72.63
009,2020-03-21 08:43:29,72.0
009,2020-03-21 08:43:30,71.32
009,2020-03-21 08:43:31,70.63
009,2020-03-21 08:43:32,69.95
009,2020-03-21 08:43:33,69.22
009,2020-03-21 08:43:34,68.5
009,2020-03-21 08:43:35,67.77
009,2020-03-21 08:43:36,66.97
009,2020-03-21 08:43:37,66.18
009,2020-03-21 08:43:38,65.42
009,2020-03-21 08:43:39,64.67
009,2020-03-21 08:43:40,63.82
009,2020-03-21 08:43:41,62.92
009,2020-03-21 08:43:42,62.02
009,2020-03-21 08:43:43,61.67
009,2020-03-21 08:43:44,61.32
009,2020-03-21 08:43:45,60.97
009,2020-03-21 08:43:46,61.43
009,2020-03-21 08:43:47,61.92
009,2020-03-21 08:43:48,62.42
009,2020-03-21 08:43:49,62.9
009,2020-03-21 08:43:50,63.47
009,2020-03-21 08:43:51,63.98
009,2020-03-21 08:43:52,64.48
009,2020-03-21 08:43:53,64.97
009,2020-03-21 08:43:54,65.47
009,2020-03-21 08:43:55,65.95
009,2020-03-21 08:43:56,66.75
009,2020-03-21 08:43:57,67.6
009,2020-03-21 08:43:58,68.42
009,2020-03-21 08:43:59,69.22
009,2020-03-21 08:44:00,69.83
009,2020-03-21 08:44:01,70.27
009,2020-03-21 08:44:02,70.67
009,2020-03-21 08:44:03,71.07
009,2020-03-21 08:44:04,71.43
009,2020-03-21 08:44:05,71.87
009,2020-03-21 08:44:06,72.2
009,2020-03-21 08:44:07,72.57
009,2020-03-21 08:44:08,72.93
009,2020-03-21 08:44:09,73.33
009,2020-03-21 08:44:10,73.77
009,2020-03-21 08:44:11,74.1
009,2020-03-21 08:44:12,74.48
009,2020-03-21 08:44:13,74.78
009,2020-03-21 08:44:14,75.08
009,2020-03-21 08:44:15,75.37
009,2020-03-21 08:44:16,75.68
009,2020-03-21 08:44:17,76.05
009,2020-03-21 08:44:18,76.43
009,2020-03-21 08:44:19,76.8
009,2020-03-21 08:44:20,77.18
009,2020-03-21 08:44:21,77.48
009,2020-03-21 08:44:22,77.75
009,2020-03-21 08:44:23,78.02
009,2020-03-21 08:44:24,78.35
009,2020-03-21 08:44:25,78.55
009,2020-03-21 08:44:26,78.78
009,2020-03-21 08:44:27,78.97
009,2020-03-21 08:44:28,79.15
009,2020-03-21 08:44:29,79.17
009,2020-03-21 08:44:30,79.22
009,2020-03-21 08:44:31,79.25
009,2020-03-21 08:44:32,79.35
009,2020-03-21 08:44:33,79.45
009,2020-03-21 08:44:34,79.6
009,2020-03-21 08:44:35,79.75
009,2020-03-21 08:44:36,79.97
009,2020-03-21 08:44:37,80.18
009,2020-03-21 08:44:38,80.38
009,2020-03-21 08:44:39,80.57
009,2020-03-21 08:44:40,80.78
009,2020-03-21 08:44:41,81.02
009,2020-03-21 08:44:42,81.25
009,2020-03-21 08:44:43,80.93
009,2020-03-21 08:44:44,80.65
009,2020-03-21 08:44:45,80.35
009,2020-03-21 08:44:46,79.62
009,2020-03-21 08:44:47,78.9
009,2020-03-21 08:44:48,78.2
009,2020-03-21 08:44:49,77.48
009,2020-03-21 08:44:50,76.73
009,2020-03-21 08:44:51,75.97
009,2020-03-21 08:44:52,75.23
009,2020-03-21 08:44:53,74.48
009,2020-03-21 08:44:54,73.73
009,2020-03-21 08:44:55,72.97
009,2020-03-21 08:44:56,72.33
009,2020-03-21 08:44:57,71.72
009,2020-03-21 08:44:58,71.15
009,2020-03-21 08:44:59,70.58
009,2020-03-21 08:45:00,70.22
009,2020-03-21 08:45:01,70.08
009,2020-03-21 08:45:02,69.95
009,2020-03-21 08:45:03,69.82
009,2020-03-21 08:45:04,69.67
009,2020-03-21 08:45:05,69.43
009,2020-03-21 08:45:06,69.35
009,2020-03-21 08:45:07,69.27
009,2020-03-21 08:45:08,69.13
009,2020-03-21 08:45:09,68.98
009,2020-03-21 08:45:10,68.83
009,2020-03-21 08:45:11,68.7
009,2020-03-21 08:45:12,68.52
009,2020-03-21 08:45:13,68.3
009,2020-03-21 08:45:14,68.03
009,2020-03-21 08:45:15,67.78
009,2020-03-21 08:45:16,67.5
009,2020-03-21 08:45:17,67.25
009,2020-03-21 08:45:18,66.97
009,2020-03-21 08:45:19,66.72
009,2020-03-21 08:45:20,66.45
009,2020-03-21 08:45:21,66.3
009,2020-03-21 08:45:22,66.17
009,2020-03-21 08:45:23,66.02
009,2020-03-21 08:45:24,65.85
009,2020-03-21 08:45:25,65.77
009,2020-03-21 08:45:26,65.62
009,2020-03-21 08:45:27,65.48
009,2020-03-21 08:45:28,65.32
009,2020-03-21 08:45:29,65.1
009,2020-03-21 08:45:30,64.9
009,2020-03-21 08:45:31,64.77
009,2020-03-21 08:45:32,64.57
009,2020-03-21 08:45:33,64.4
009,2020-03-21 08:45:34,64.22
009,2020-03-21 08:45:35,64.07
009,2020-03-21 08:45:36,64.02
009,2020-03-21 08:45:37,63.93
009,2020-03-21 08:45:38,63.88
009,2020-03-21 08:45:39,63.85
009,2020-03-21 08:45:40,63.82
009,2020-03-21 08:45:41,63.82
009,2020-03-21 08:45:42,63.82
009,2020-03-21 08:45:43,63.83
009,2020-03-21 08:45:44,63.83
009,2020-03-21 08:45:45,63.82
009,2020-03-21 08:45:46,63.8
009,2020-03-21 08:45:47,63.77
009,2020-03-21 08:45:48,63.72
009,2020-03-21 08:45:49,63.68
009,2020-03-21 08:45:50,63.63
009,2020-03-21 08:45:51,63.6
009,2020-03-21 08:45:52,63.58
009,2020-03-21 08:45:53,63.58
009,2020-03-21 08:45:54,63.57
009,2020-03-21 08:45:55,63.55
009,2020-03-21 08:45:56,63.53
009,2020-03-21 08:45:57,63.52
009,2020-03-21 08:45:58,63.5
009,2020-03-21 08:45:59,63.52
009,2020-03-21 08:46:00,63.5
009,2020-03-21 08:46:01,63.48
009,2020-03-21 08:46:02,63.48
009,2020-03-21 08:46:03,63.48
009,2020-03-21 08:46:04,63.5
009,2020-03-21 08:46:05,63.52
009,2020-03-21 08:46:06,63.5
009,2020-03-21 08:46:07,63.48
009,2020-03-21 08:46:08,63.5
009,2020-03-21 08:46:09,63.53
009,2020-03-21 08:46:10,63.55
009,2020-03-21 08:46:11,63.55
009,2020-03-21 08:46:12,63.68
009,2020-03-21 08:46:13,63.82
009,2020-03-21 08:46:14,64.03
009,2020-03-21 08:46:15,64.27
009,2020-03-21 08:46:16,64.52
009,2020-03-21 08:46:17,64.77
009,2020-03-21 08:46:18,65.07
009,2020-03-21 08:46:19,65.42
009,2020-03-21 08:46:20,65.75
009,2020-03-21 08:46:21,66.03
009,2020-03-21 08:46:22,66.33
009,2020-03-21 08:46:23,66.68
009,2020-03-21 08:46:24,67.03
009,2020-03-21 08:46:25,67.43
009,2020-03-21 08:46:26,67.85
009,2020-03-21 08:46:27,68.27
009,2020-03-21 08:46:28,68.67
009,2020-03-21 08:46:29,69.12
009,2020-03-21 08:46:30,69.55
009,2020-03-21 08:46:31,69.85
009,2020-03-21 08:46:32,70.13
009,2020-03-21 08:46:33,70.53
009,2020-03-21 08:46:34,70.65
009,2020-03-21 08:46:35,70.78
009,2020-03-21 08:46:36,70.78
009,2020-03-21 08:46:37,70.8
009,2020-03-21 08:46:38,70.8
009,2020-03-21 08:46:39,70.83
009,2020-03-21 08:46:40,70.85
009,2020-03-21 08:46:41,70.85
009,2020-03-21 08:46:42,70.87
009,2020-03-21 08:46:43,70.88
009,2020-03-21 08:46:44,70.9
009,2020-03-21 08:46:45,70.95
009,2020-03-21 08:46:46,71.03
009,2020-03-21 08:46:47,71.12
009,2020-03-21 08:46:48,71.22
009,2020-03-21 08:46:49,71.33
009,2020-03-21 08:46:50,71.45
009,2020-03-21 08:46:51,71.58
009,2020-03-21 08:46:52,71.72
009,2020-03-21 08:46:53,71.78
009,2020-03-21 08:46:54,71.9
009,2020-03-21 08:46:55,72.05
009,2020-03-21 08:46:56,72.2
009,2020-03-21 08:46:57,72.37
009,2020-03-21 08:46:58,72.52
009,2020-03-21 08:46:59,72.63
009,2020-03-21 08:47:00,72.75
009,2020-03-21 08:47:01,72.88
009,2020-03-21 08:47:02,73.0
009,2020-03-21 08:47:03,73.08
009,2020-03-21 08:47:04,73.17
009,2020-03-21 08:47:05,73.23
009,2020-03-21 08:47:06,73.3
009,2020-03-21 08:47:07,73.35
009,2020-03-21 08:47:08,73.37
009,2020-03-21 08:47:09,73.37
009,2020-03-21 08:47:10,73.35
009,2020-03-21 08:47:11,73.3
009,2020-03-21 08:47:12,73.17
009,2020-03-21 08:47:13,73.02
009,2020-03-21 08:47:14,72.98
009,2020-03-21 08:47:15,72.98
009,2020-03-21 08:47:16,72.98
009,2020-03-21 08:47:17,72.98
009,2020-03-21 08:47:18,72.97
009,2020-03-21 08:47:19,72.88
009,2020-03-21 08:47:20,72.82
009,2020-03-21 08:47:21,72.78
009,2020-03-21 08:47:22,72.75
009,2020-03-21 08:47:23,72.67
009,2020-03-21 08:47:24,72.58
009,2020-03-21 08:47:25,72.45
009,2020-03-21 08:47:26,72.3
009,2020-03-21 08:47:27,72.2
009,2020-03-21 08:47:28,72.12
009,2020-03-21 08:47:29,72.05
009,2020-03-21 08:47:30,72.02
009,2020-03-21 08:47:31,72.07
009,2020-03-21 08:47:32,72.3
009,2020-03-21 08:47:33,72.42
009,2020-03-21 08:47:34,72.82
009,2020-03-21 08:47:35,73.18
009,2020-03-21 08:47:36,73.58
009,2020-03-21 08:47:37,73.98
009,2020-03-21 08:47:38,74.38
009,2020-03-21 08:47:39,74.77
009,2020-03-21 08:47:40,75.22
009,2020-03-21 08:47:41,75.62
009,2020-03-21 08:47:42,75.98
009,2020-03-21 08:47:43,76.35
009,2020-03-21 08:47:44,76.72
009,2020-03-21 08:47:45,77.07
009,2020-03-21 08:47:46,77.27
009,2020-03-21 08:47:47,77.57
009,2020-03-21 08:47:48,77.83
009,2020-03-21 08:47:49,78.08
009,2020-03-21 08:47:50,78.32
009,2020-03-21 08:47:51,78.53
009,2020-03-21 08:47:52,78.8
009,2020-03-21 08:47:53,79.12
009,2020-03-21 08:47:54,79.42
009,2020-03-21 08:47:55,79.75
009,2020-03-21 08:47:56,80.05
009,2020-03-21 08:47:57,80.33
009,2020-03-21 08:47:58,80.63
009,2020-03-21 08:47:59,80.95
009,2020-03-21 08:48:00,81.25
009,2020-03-21 08:48:01,81.52
009,2020-03-21 08:48:02,81.8
009,2020-03-21 08:48:03,82.1
009,2020-03-21 08:48:04,82.42
009,2020-03-21 08:48:05,82.82
009,2020-03-21 08:48:06,83.22
009,2020-03-21 08:48:07,83.62
009,2020-03-21 08:48:08,84.03
009,2020-03-21 08:48:09,84.43
009,2020-03-21 08:48:10,84.83
009,2020-03-21 08:48:11,85.27
009,2020-03-21 08:48:12,85.67
009,2020-03-21 08:48:13,86.08
009,2020-03-21 08:48:14,86.37
009,2020-03-21 08:48:15,86.58
009,2020-03-21 08:48:16,86.82
009,2020-03-21 08:48:17,87.05
009,2020-03-21 08:48:18,87.27
009,2020-03-21 08:48:19,87.5
009,2020-03-21 08:48:20,87.75
009,2020-03-21 08:48:21,87.98
009,2020-03-21 08:48:22,88.2
009,2020-03-21 08:48:23,88.43
009,2020-03-21 08:48:24,88.67
009,2020-03-21 08:48:25,89.0
009,2020-03-21 08:48:26,89.25
009,2020-03-21 08:48:27,89.47
009,2020-03-21 08:48:28,89.68
009,2020-03-21 08:48:29,89.9
009,2020-03-21 08:48:30,90.27
009,2020-03-21 08:48:31,90.67
009,2020-03-21 08:48:32,90.93
009,2020-03-21 08:48:33,91.2
009,2020-03-21 08:48:34,91.48
009,2020-03-21 08:48:35,91.73
009,2020-03-21 08:48:36,92.02
009,2020-03-21 08:48:37,92.32
009,2020-03-21 08:48:38,92.58
009,2020-03-21 08:48:39,92.82
009,2020-03-21 08:48:40,92.97
009,2020-03-21 08:48:41,93.2
009,2020-03-21 08:48:42,93.62
009,2020-03-21 08:48:43,94.02
009,2020-03-21 08:48:44,94.43
009,2020-03-21 08:48:45,94.7
009,2020-03-21 08:48:46,94.98
009,2020-03-21 08:48:47,95.17
009,2020-03-21 08:48:48,95.4
009,2020-03-21 08:48:49,95.65
009,2020-03-21 08:48:50,95.9
009,2020-03-21 08:48:51,96.18
009,2020-03-21 08:48:52,96.43
009,2020-03-21 08:48:53,96.7
009,2020-03-21 08:48:54,96.95
009,2020-03-21 08:48:55,96.6
009,2020-03-21 08:48:56,96.33
009,2020-03-21 08:48:57,96.05
009,2020-03-21 08:48:58,95.75
009,2020-03-21 08:48:59,95.47
009,2020-03-21 08:49:00,95.23
009,2020-03-21 08:49:01,94.98
009,2020-03-21 08:49:02,94.7
009,2020-03-21 08:49:03,94.43
009,2020-03-21 08:49:04,94.15
009,2020-03-21 08:49:05,93.8
009,2020-03-21 08:49:06,93.47
009,2020-03-21 08:49:07,93.07
009,2020-03-21 08:49:08,92.72
009,2020-03-21 08:49:09,92.38
009,2020-03-21 08:49:10,92.02
009,2020-03-21 08:49:11,91.67
009,2020-03-21 08:49:12,91.33
009,2020-03-21 08:49:13,91.02
009,2020-03-21 08:49:14,90.67
009,2020-03-21 08:49:15,90.3
009,2020-03-21 08:49:16,89.92
009,2020-03-21 08:49:17,89.52
009,2020-03-21 08:49:18,89.18
009,2020-03-21 08:49:19,88.83
009,2020-03-21 08:49:20,88.43
009,2020-03-21 08:49:21,88.02
009,2020-03-21 08:49:22,87.62
009,2020-03-21 08:49:23,87.25
009,2020-03-21 08:49:24,86.85
009,2020-03-21 08:49:25,86.35
009,2020-03-21 08:49:26,85.93
009,2020-03-21 08:49:27,85.5
009,2020-03-21 08:49:28,85.07
009,2020-03-21 08:49:29,84.67
009,2020-03-21 08:49:30,84.22
009,2020-03-21 08:49:31,83.75
009,2020-03-21 08:49:32,83.25
009,2020-03-21 08:49:33,82.78
009,2020-03-21 08:49:34,82.33
009,2020-03-21 08:49:35,81.9
009,2020-03-21 08:49:36,81.45
009,2020-03-21 08:49:37,80.98
009,2020-03-21 08:49:38,80.55
009,2020-03-21 08:49:39,80.13
009,2020-03-21 08:49:40,79.75
009,2020-03-21 08:49:41,79.2
009,2020-03-21 08:49:42,78.48
009,2020-03-21 08:49:43,77.82
009,2020-03-21 08:49:44,77.12
009,2020-03-21 08:49:45,76.53
009,2020-03-21 08:49:46,76.02
009,2020-03-21 08:49:47,75.53
009,2020-03-21 08:49:48,75.03
009,2020-03-21 08:49:49,74.53
009,2020-03-21 08:49:50,74.05
009,2020-03-21 08:49:51,73.5
009,2020-03-21 08:49:52,72.88
009,2020-03-21 08:49:53,72.15
009,2020-03-21 08:49:54,71.45
010,2020-03-22 10:07:05,59.0
010,2020-03-22 10:07:06,70.0
010,2020-03-22 10:07:07,64.0
010,2020-03-22 10:07:08,68.75
010,2020-03-22 10:07:09,66.0
010,2020-03-22 10:07:10,67.5
010,2020-03-22 10:07:11,68.43
010,2020-03-22 10:07:12,69.12
010,2020-03-22 10:07:13,69.56
010,2020-03-22 10:07:14,69.8
010,2020-03-22 10:07:15,69.91
010,2020-03-22 10:07:16,69.58
010,2020-03-22 10:07:17,69.38
010,2020-03-22 10:07:18,69.86
010,2020-03-22 10:07:19,70.2
010,2020-03-22 10:07:20,70.5
010,2020-03-22 10:07:21,70.41
010,2020-03-22 10:07:22,70.39
010,2020-03-22 10:07:23,70.26
010,2020-03-22 10:07:24,70.15
010,2020-03-22 10:07:25,70.0
010,2020-03-22 10:07:26,69.82
010,2020-03-22 10:07:27,69.74
010,2020-03-22 10:07:28,69.67
010,2020-03-22 10:07:29,69.6
010,2020-03-22 10:07:30,69.58
010,2020-03-22 10:07:31,69.59
010,2020-03-22 10:07:32,69.64
010,2020-03-22 10:07:33,69.76
010,2020-03-22 10:07:34,69.87
010,2020-03-22 10:07:35,70.0
010,2020-03-22 10:07:36,70.06
010,2020-03-22 10:07:37,70.15
010,2020-03-22 10:07:38,70.21
010,2020-03-22 10:07:39,70.26
010,2020-03-22 10:07:40,70.58
010,2020-03-22 10:07:41,70.89
010,2020-03-22 10:07:42,71.13
010,2020-03-22 10:07:43,71.38
010,2020-03-22 10:07:44,71.68
010,2020-03-22 10:07:45,71.95
010,2020-03-22 10:07:46,72.21
010,2020-03-22 10:07:47,72.49
010,2020-03-22 10:07:48,72.98
010,2020-03-22 10:07:49,73.49
010,2020-03-22 10:07:50,73.93
010,2020-03-22 10:07:51,74.4
010,2020-03-22 10:07:52,74.83
010,2020-03-22 10:07:53,75.27
010,2020-03-22 10:07:54,75.68
010,2020-03-22 10:07:55,76.06
010,2020-03-22 10:07:56,76.46
010,2020-03-22 10:07:57,76.89
010,2020-03-22 10:07:58,77.3
010,2020-03-22 10:07:59,77.73
010,2020-03-22 10:08:00,78.05
010,2020-03-22 10:08:01,78.33
010,2020-03-22 10:08:02,78.66
010,2020-03-22 10:08:03,78.97
010,2020-03-22 10:08:04,79.22
010,2020-03-22 10:08:05,79.68
010,2020-03-22 10:08:06,79.78
010,2020-03-22 10:08:07,80.38
010,2020-03-22 10:08:08,80.42
010,2020-03-22 10:08:09,80.93
010,2020-03-22 10:08:10,81.1
010,2020-03-22 10:08:11,81.33
010,2020-03-22 10:08:12,81.52
010,2020-03-22 10:08:13,81.72
010,2020-03-22 10:08:14,81.9
010,2020-03-22 10:08:15,82.22
010,2020-03-22 10:08:16,82.63
010,2020-03-22 10:08:17,83.2
010,2020-03-22 10:08:18,83.63
010,2020-03-22 10:08:19,84.07
010,2020-03-22 10:08:20,84.52
010,2020-03-22 10:08:21,85.05
010,2020-03-22 10:08:22,85.55
010,2020-03-22 10:08:23,86.07
010,2020-03-22 10:08:24,86.63
010,2020-03-22 10:08:25,87.2
010,2020-03-22 10:08:26,87.78
010,2020-03-22 10:08:27,88.38
010,2020-03-22 10:08:28,88.98
010,2020-03-22 10:08:29,89.55
010,2020-03-22 10:08:30,90.13
010,2020-03-22 10:08:31,90.72
010,2020-03-22 10:08:32,91.27
010,2020-03-22 10:08:33,91.77
010,2020-03-22 10:08:34,92.23
010,2020-03-22 10:08:35,92.72
010,2020-03-22 10:08:36,93.47
010,2020-03-22 10:08:37,94.2
010,2020-03-22 10:08:38,94.95
010,2020-03-22 10:08:39,95.72
010,2020-03-22 10:08:40,96.4
010,2020-03-22 10:08:41,97.07
010,2020-03-22 10:08:42,97.77
010,2020-03-22 10:08:43,98.45
010,2020-03-22 10:08:44,99.12
010,2020-03-22 10:08:45,99.8
010,2020-03-22 10:08:46,100.48
010,2020-03-22 10:08:47,101.17
010,2020-03-22 10:08:48,101.93
010,2020-03-22 10:08:49,102.67
010,2020-03-22 10:08:50,103.02
010,2020-03-22 10:08:51,103.37
010,2020-03-22 10:08:52,103.72
010,2020-03-22 10:08:53,104.07
010,2020-03-22 10:08:54,104.32
010,2020-03-22 10:08:55,104.72
010,2020-03-22 10:08:56,105.1
010,2020-03-22 10:08:57,105.42
010,2020-03-22 10:08:58,105.68
010,2020-03-22 10:08:59,105.93
010,2020-03-22 10:09:00,106.37
010,2020-03-22 10:09:01,106.67
010,2020-03-22 10:09:02,106.92
010,2020-03-22 10:09:03,107.15
010,2020-03-22 10:09:04,107.42
010,2020-03-22 10:09:05,107.77
010,2020-03-22 10:09:06,108.13
010,2020-03-22 10:09:07,108.48
010,2020-03-22 10:09:08,108.8
010,2020-03-22 10:09:09,109.13
010,2020-03-22 10:09:10,109.5
010,2020-03-22 10:09:11,109.82
010,2020-03-22 10:09:12,110.2
010,2020-03-22 10:09:13,110.57
010,2020-03-22 10:09:14,110.97
010,2020-03-22 10:09:15,111.22
010,2020-03-22 10:09:16,111.47
010,2020-03-22 10:09:17,111.57
010,2020-03-22 10:09:18,111.63
010,2020-03-22 10:09:19,111.72
010,2020-03-22 10:09:20,111.92
010,2020-03-22 10:09:21,112.1
010,2020-03-22 10:09:22,112.23
010,2020-03-22 10:09:23,112.37
010,2020-03-22 10:09:24,112.45
010,2020-03-22 10:09:25,112.57
010,2020-03-22 10:09:26,112.63
010,2020-03-22 10:09:27,112.67
010,2020-03-22 10:09:28,112.68
010,2020-03-22 10:09:29,112.73
010,2020-03-22 10:09:30,112.75
010,2020-03-22 10:09:31,112.75
010,2020-03-22 10:09:32,112.78
010,2020-03-22 10:09:33,112.77
010,2020-03-22 10:09:34,112.8
010,2020-03-22 10:09:35,112.83
010,2020-03-22 10:09:36,112.63
010,2020-03-22 10:09:37,112.43
010,2020-03-22 10:09:38,112.22
010,2020-03-22 10:09:39,111.95
010,2020-03-22 10:09:40,111.58
010,2020-03-22 10:09:41,111.27
010,2020-03-22 10:09:42,110.98
010,2020-03-22 10:09:43,110.68
010,2020-03-22 10:09:44,110.38
010,2020-03-22 10:09:45,110.1
010,2020-03-22 10:09:46,109.87
010,2020-03-22 10:09:47,109.62
010,2020-03-22 10:09:48,109.15
010,2020-03-22 10:09:49,108.67
010,2020-03-22 10:09:50,108.6
010,2020-03-22 10:09:51,108.5
010,2020-03-22 10:09:52,108.42
010,2020-03-22 10:09:53,108.32
010,2020-03-22 10:09:54,108.25
010,2020-03-22 10:09:55,108.07
010,2020-03-22 10:09:56,107.87
010,2020-03-22 10:09:57,107.7
010,2020-03-22 10:09:58,107.47
010,2020-03-22 10:09:59,107.22
010,2020-03-22 10:10:00,106.83
010,2020-03-22 10:10:01,106.65
010,2020-03-22 10:10:02,106.47
010,2020-03-22 10:10:03,106.3
010,2020-03-22 10:10:04,106.1
010,2020-03-22 10:10:05,105.93
010,2020-03-22 10:10:06,105.78
010,2020-03-22 10:10:07,105.63
010,2020-03-22 10:10:08,105.58
010,2020-03-22 10:10:09,105.52
010,2020-03-22 10:10:10,105.42
010,2020-03-22 10:10:11,105.37
010,2020-03-22 10:10:12,105.28
010,2020-03-22 10:10:13,105.22
010,2020-03-22 10:10:14,105.18
010,2020-03-22 10:10:15,105.3
010,2020-03-22 10:10:16,105.15
010,2020-03-22 10:10:17,105.0
010,2020-03-22 10:10:18,104.85
010,2020-03-22 10:10:19,104.55
010,2020-03-22 10:10:20,104.12
010,2020-03-22 10:10:21,103.75
010,2020-03-22 10:10:22,103.45
010,2020-03-22 10:10:23,103.18
010,2020-03-22 10:10:24,102.95
010,2020-03-22 10:10:25,102.77
010,2020-03-22 10:10:26,102.63
010,2020-03-22 10:10:27,102.47
010,2020-03-22 10:10:28,102.33
010,2020-03-22 10:10:29,102.2
010,2020-03-22 10:10:30,102.05
010,2020-03-22 10:10:31,101.9
010,2020-03-22 10:10:32,101.73
010,2020-03-22 10:10:33,101.58
010,2020-03-22 10:10:34,101.4
010,2020-03-22 10:10:35,101.15
010,2020-03-22 10:10:36,100.9
010,2020-03-22 10:10:37,100.65
010,2020-03-22 10:10:38,100.43
010,2020-03-22 10:10:39,100.25
010,2020-03-22 10:10:40,100.05
010,2020-03-22 10:10:41,99.77
010,2020-03-22 10:10:42,99.43
010,2020-03-22 10:10:43,99.1
010,2020-03-22 10:10:44,98.78
010,2020-03-22 10:10:45,98.42
010,2020-03-22 10:10:46,97.98
010,2020-03-22 10:10:47,97.55
010,2020-03-22 10:10:48,97.07
010,2020-03-22 10:10:49,96.6
010,2020-03-22 10:10:50,96.1
010,2020-03-22 10:10:51,95.52
010,2020-03-22 10:10:52,94.92
010,2020-03-22 10:10:53,94.32
010,2020-03-22 10:10:54,93.73
010,2020-03-22 10:10:55,93.08
010,2020-03-22 10:10:56,92.43
010,2020-03-22 10:10:57,91.8
010,2020-03-22 10:10:58,91.32
010,2020-03-22 10:10:59,90.85
010,2020-03-22 10:11:00,90.42
010,2020-03-22 10:11:01,89.98
010,2020-03-22 10:11:02,89.57
010,2020-03-22 10:11:03,89.18
010,2020-03-22 10:11:04,88.88
010,2020-03-22 10:11:05,88.57
010,2020-03-22 10:11:06,88.23
010,2020-03-22 10:11:07,87.9
010,2020-03-22 10:11:08,87.58
010,2020-03-22 10:11:09,87.28
010,2020-03-22 10:11:10,86.98
010,2020-03-22 10:11:11,86.68
010,2020-03-22 10:11:12,86.38
010,2020-03-22 10:11:13,86.12
010,2020-03-22 10:11:14,85.87
010,2020-03-22 10:11:15,85.47
010,2020-03-22 10:11:16,85.32
010,2020-03-22 10:11:17,85.08
010,2020-03-22 10:11:18,84.88
010,2020-03-22 10:11:19,84.8
010,2020-03-22 10:11:20,84.73
010,2020-03-22 10:11:21,84.67
010,2020-03-22 10:11:22,84.63
010,2020-03-22 10:11:23,84.63
010,2020-03-22 10:11:24,84.65
010,2020-03-22 10:11:25,84.57
010,2020-03-22 10:11:26,84.52
010,2020-03-22 10:11:27,84.48
010,2020-03-22 10:11:28,84.42
010,2020-03-22 10:11:29,84.4
010,2020-03-22 10:11:30,84.4
010,2020-03-22 10:11:31,84.42
010,2020-03-22 10:11:32,84.45
010,2020-03-22 10:11:33,84.53
010,2020-03-22 10:11:34,84.67
010,2020-03-22 10:11:35,84.83
010,2020-03-22 10:11:36,85.0
010,2020-03-22 10:11:37,85.15
010,2020-03-22 10:11:38,85.3
010,2020-03-22 10:11:39,85.47
010,2020-03-22 10:11:40,85.62
010,2020-03-22 10:11:41,85.83
010,2020-03-22 10:11:42,86.07
010,2020-03-22 10:11:43,86.33
010,2020-03-22 10:11:44,86.55
010,2020-03-22 10:11:45,86.83
010,2020-03-22 10:11:46,87.23
010,2020-03-22 10:11:47,87.58
010,2020-03-22 10:11:48,87.95
010,2020-03-22 10:11:49,88.32
010,2020-03-22 10:11:50,88.75
010,2020-03-22 10:11:51,89.5
010,2020-03-22 10:11:52,90.25
010,2020-03-22 10:11:53,91.0
010,2020-03-22 10:11:54,91.8
010,2020-03-22 10:11:55,92.63
010,2020-03-22 10:11:56,93.47
010,2020-03-22 10:11:57,94.3
010,2020-03-22 10:11:58,95.13
010,2020-03-22 10:11:59,95.97
010,2020-03-22 10:12:00,96.82
010,2020-03-22 10:12:01,97.62
010,2020-03-22 10:12:02,98.38
010,2020-03-22 10:12:03,99.1
010,2020-03-22 10:12:04,98.77
010,2020-03-22 10:12:05,98.45
010,2020-03-22 10:12:06,98.12
010,2020-03-22 10:12:07,97.78
010,2020-03-22 10:12:08,97.42
010,2020-03-22 10:12:09,97.02
010,2020-03-22 10:12:10,96.63
010,2020-03-22 10:12:11,96.2
010,2020-03-22 10:12:12,95.78
010,2020-03-22 10:12:13,95.33
010,2020-03-22 10:12:14,94.83
010,2020-03-22 10:12:15,94.37
010,2020-03-22 10:12:16,93.9
010,2020-03-22 10:12:17,93.5
010,2020-03-22 10:12:18,93.08
010,2020-03-22 10:12:19,92.7
010,2020-03-22 10:12:20,92.3
010,2020-03-22 10:12:21,91.87
010,2020-03-22 10:12:22,91.4
010,2020-03-22 10:12:23,90.88
010,2020-03-22 10:12:24,90.32
010,2020-03-22 10:12:25,89.8
010,2020-03-22 10:12:26,89.25
010,2020-03-22 10:12:27,88.68
010,2020-03-22 10:12:28,88.13
010,2020-03-22 10:12:29,87.52
010,2020-03-22 10:12:30,86.9
010,2020-03-22 10:12:31,86.27
010,2020-03-22 10:12:32,85.6
010,2020-03-22 10:12:33,84.95
010,2020-03-22 10:12:34,84.28
010,2020-03-22 10:12:35,83.62
010,2020-03-22 10:12:36,82.97
010,2020-03-22 10:12:37,82.33
010,2020-03-22 10:12:38,81.73
010,2020-03-22 10:12:39,81.12
010,2020-03-22 10:12:40,80.55
010,2020-03-22 10:12:41,79.97
010,2020-03-22 10:12:42,79.43
010,2020-03-22 10:12:43,78.92
010,2020-03-22 10:12:44,78.45
010,2020-03-22 10:12:45,77.97
010,2020-03-22 10:12:46,77.4
010,2020-03-22 10:12:47,76.88
010,2020-03-22 10:12:48,76.4
010,2020-03-22 10:12:49,75.93
010,2020-03-22 10:12:50,75.5
010,2020-03-22 10:12:51,74.85
010,2020-03-22 10:12:52,74.18
010,2020-03-22 10:12:53,73.5
010,2020-03-22 10:12:54,72.85
010,2020-03-22 10:12:55,72.25
010,2020-03-22 10:12:56,71.68
010,2020-03-22 10:12:57,71.28
010,2020-03-22 10:12:58,70.8
010,2020-03-22 10:12:59,70.27
010,2020-03-22 10:13:00,69.7
010,2020-03-22 10:13:01,69.15
010,2020-03-22 10:13:02,68.63
010,2020-03-22 10:13:03,68.12
010,2020-03-22 10:13:04,68.67
010,2020-03-22 10:13:05,69.2
010,2020-03-22 10:13:06,69.73
010,2020-03-22 10:13:07,70.27
010,2020-03-22 10:13:08,70.8
010,2020-03-22 10:13:09,71.3
010,2020-03-22 10:13:10,71.77
010,2020-03-22 10:13:11,72.2
010,2020-03-22 10:13:12,72.63
010,2020-03-22 10:13:13,73.07
010,2020-03-22 10:13:14,73.47
010,2020-03-22 10:13:15,73.82
010,2020-03-22 10:13:16,74.17
010,2020-03-22 10:13:17,74.53
010,2020-03-22 10:13:18,74.88
010,2020-03-22 10:13:19,75.23
010,2020-03-22 10:13:20,75.57
010,2020-03-22 10:13:21,75.88
010,2020-03-22 10:13:22,76.22
010,2020-03-22 10:13:23,76.57
010,2020-03-22 10:13:24,76.88
010,2020-03-22 10:13:25,77.18
010,2020-03-22 10:13:26,77.48
010,2020-03-22 10:13:27,77.85
010,2020-03-22 10:13:28,78.22
010,2020-03-22 10:13:29,78.62
010,2020-03-22 10:13:30,79.03
010,2020-03-22 10:13:31,79.45
010,2020-03-22 10:13:32,79.9
010,2020-03-22 10:13:33,80.37
010,2020-03-22 10:13:34,80.8
010,2020-03-22 10:13:35,81.23
010,2020-03-22 10:13:36,81.65
010,2020-03-22 10:13:37,82.03
010,2020-03-22 10:13:38,82.35
010,2020-03-22 10:13:39,82.68
010,2020-03-22 10:13:40,83.05
010,2020-03-22 10:13:41,83.45
010,2020-03-22 10:13:42,83.82
010,2020-03-22 10:13:43,84.15
010,2020-03-22 10:13:44,84.45
010,2020-03-22 10:13:45,84.67
010,2020-03-22 10:13:46,84.95
010,2020-03-22 10:13:47,85.28
010,2020-03-22 10:13:48,85.53
010,2020-03-22 10:13:49,85.73
010,2020-03-22 10:13:50,85.85
010,2020-03-22 10:13:51,85.97
010,2020-03-22 10:13:52,86.13
010,2020-03-22 10:13:53,86.3
010,2020-03-22 10:13:54,86.45
010,2020-03-22 10:13:55,86.48
010,2020-03-22 10:13:56,86.48
010,2020-03-22 10:13:57,86.25
010,2020-03-22 10:13:58,86.05
010,2020-03-22 10:13:59,85.83
010,2020-03-22 10:14:00,85.63
010,2020-03-22 10:14:01,85.45
010,2020-03-22 10:14:02,85.27
010,2020-03-22 10:14:03,85.15
010,2020-03-22 10:14:04,84.95
010,2020-03-22 10:14:05,84.77
010,2020-03-22 10:14:06,84.6
010,2020-03-22 10:14:07,84.47
010,2020-03-22 10:14:08,84.38
010,2020-03-22 10:14:09,84.37
010,2020-03-22 10:14:10,84.32
010,2020-03-22 10:14:11,84.27
010,2020-03-22 10:14:12,84.25
010,2020-03-22 10:14:13,84.28
010,2020-03-22 10:14:14,84.37
010,2020-03-22 10:14:15,84.47
010,2020-03-22 10:14:16,84.43
010,2020-03-22 10:14:17,84.37
010,2020-03-22 10:14:18,84.37
010,2020-03-22 10:14:19,84.3
010,2020-03-22 10:14:20,84.17
010,2020-03-22 10:14:21,84.07
010,2020-03-22 10:14:22,83.93
010,2020-03-22 10:14:23,83.8
010,2020-03-22 10:14:24,83.7
010,2020-03-22 10:14:25,83.55
010,2020-03-22 10:14:26,83.38
010,2020-03-22 10:14:27,83.18
010,2020-03-22 10:14:28,82.93
010,2020-03-22 10:14:29,82.65
010,2020-03-22 10:14:30,82.4
010,2020-03-22 10:14:31,82.13
010,2020-03-22 10:14:32,81.85
010,2020-03-22 10:14:33,81.55
010,2020-03-22 10:14:34,81.25
010,2020-03-22 10:14:35,80.97
010,2020-03-22 10:14:36,80.7
010,2020-03-22 10:14:37,80.43
010,2020-03-22 10:14:38,80.08
010,2020-03-22 10:14:39,79.75
010,2020-03-22 10:14:40,79.4
010,2020-03-22 10:14:41,79.07
010,2020-03-22 10:14:42,78.78
010,2020-03-22 10:14:43,78.48
010,2020-03-22 10:14:44,78.25
010,2020-03-22 10:14:45,78.28
010,2020-03-22 10:14:46,78.27
010,2020-03-22 10:14:47,78.23
010,2020-03-22 10:14:48,78.33
010,2020-03-22 10:14:49,78.38
010,2020-03-22 10:14:50,78.5
010,2020-03-22 10:14:51,78.65
010,2020-03-22 10:14:52,78.8
010,2020-03-22 10:14:53,79.22
010,2020-03-22 10:14:54,79.63
010,2020-03-22 10:14:55,80.17
010,2020-03-22 10:14:56,80.67
010,2020-03-22 10:14:57,81.18
010,2020-03-22 10:14:58,81.68
010,2020-03-22 10:14:59,82.22
010,2020-03-22 10:15:00,82.73
010,2020-03-22 10:15:01,83.18
010,2020-03-22 10:15:02,83.62
010,2020-03-22 10:15:03,84.03
010,2020-03-22 10:15:04,84.52
010,2020-03-22 10:15:05,85.0
010,2020-03-22 10:15:06,85.48
010,2020-03-22 10:15:07,85.95
010,2020-03-22 10:15:08,86.43
010,2020-03-22 10:15:09,86.88
010,2020-03-22 10:15:10,87.42
010,2020-03-22 10:15:11,87.97
010,2020-03-22 10:15:12,88.52
010,2020-03-22 10:15:13,89.05
010,2020-03-22 10:15:14,89.6
010,2020-03-22 10:15:15,90.17
010,2020-03-22 10:15:16,90.92
010,2020-03-22 10:15:17,91.68
010,2020-03-22 10:15:18,92.33
010,2020-03-22 10:15:19,93.07
010,2020-03-22 10:15:20,93.88
010,2020-03-22 10:15:21,94.63
010,2020-03-22 10:15:22,95.43
010,2020-03-22 10:15:23,96.2
011,2020-04-06 08:25:05,61.0
011,2020-04-06 08:25:06,56.5
011,2020-04-06 08:25:07,63.33
011,2020-04-06 08:25:08,67.0
011,2020-04-06 08:25:09,69.4
011,2020-04-06 08:25:10,70.83
011,2020-04-06 08:25:11,71.86
011,2020-04-06 08:25:12,72.62
011,2020-04-06 08:25:13,73.22
011,2020-04-06 08:25:14,73.7
011,2020-04-06 08:25:15,74.18
011,2020-04-06 08:25:16,74.5
011,2020-04-06 08:25:17,74.77
011,2020-04-06 08:25:18,74.93
011,2020-04-06 08:25:19,75.07
011,2020-04-06 08:25:20,75.19
011,2020-04-06 08:25:21,75.29
011,2020-04-06 08:25:22,75.39
011,2020-04-06 08:25:23,75.47
011,2020-04-06 08:25:24,75.55
011,2020-04-06 08:25:25,75.62
011,2020-04-06 08:25:26,75.64
011,2020-04-06 08:25:27,75.61
011,2020-04-06 08:25:28,75.58
011,2020-04-06 08:25:29,75.52
011,2020-04-06 08:25:30,75.46
011,2020-04-06 08:25:31,75.33
011,2020-04-06 08:25:32,75.25
011,2020-04-06 08:25:33,75.17
011,2020-04-06 08:25:34,75.13
011,2020-04-06 08:25:35,75.13
011,2020-04-06 08:25:36,75.12
011,2020-04-06 08:25:37,75.15
011,2020-04-06 08:25:38,75.18
011,2020-04-06 08:25:39,75.23
011,2020-04-06 08:25:40,75.31
011,2020-04-06 08:25:41,75.38
011,2020-04-06 08:25:42,75.47
011,2020-04-06 08:25:43,75.59
011,2020-04-06 08:25:44,75.72
011,2020-04-06 08:25:45,75.85
011,2020-04-06 08:25:46,75.95
011,2020-04-06 08:25:47,76.05
011,2020-04-06 08:25:48,76.11
011,2020-04-06 08:25:49,76.24
011,2020-04-06 08:25:50,76.39
011,2020-04-06 08:25:51,76.51
011,2020-04-06 08:25:52,76.6
011,2020-04-06 08:25:53,76.69
011,2020-04-06 08:25:54,76.78
011,2020-04-06 08:25:55,76.88
011,2020-04-06 08:25:56,77.0
011,2020-04-06 08:25:57,77.13
011,2020-04-06 08:25:58,77.28
011,2020-04-06 08:25:59,77.47
011,2020-04-06 08:26:00,77.71
011,2020-04-06 08:26:01,77.95
011,2020-04-06 08:26:02,78.21
011,2020-04-06 08:26:03,78.39
011,2020-04-06 08:26:04,78.58
011,2020-04-06 08:26:05,79.05
011,2020-04-06 08:26:06,79.63
011,2020-04-06 08:26:07,79.73
011,2020-04-06 08:26:08,79.82
011,2020-04-06 08:26:09,79.83
011,2020-04-06 08:26:10,79.85
011,2020-04-06 08:26:11,79.85
011,2020-04-06 08:26:12,79.83
011,2020-04-06 08:26:13,79.75
011,2020-04-06 08:26:14,79.7
011,2020-04-06 08:26:15,79.63
011,2020-04-06 08:26:16,79.58
011,2020-04-06 08:26:17,79.55
011,2020-04-06 08:26:18,79.52
011,2020-04-06 08:26:19,79.57
011,2020-04-06 08:26:20,79.5
011,2020-04-06 08:26:21,79.43
011,2020-04-06 08:26:22,79.33
011,2020-04-06 08:26:23,79.23
011,2020-04-06 08:26:24,79.12
011,2020-04-06 08:26:25,79.0
011,2020-04-06 08:26:26,78.9
011,2020-04-06 08:26:27,78.82
011,2020-04-06 08:26:28,78.73
011,2020-04-06 08:26:29,78.65
011,2020-04-06 08:26:30,78.67
011,2020-04-06 08:26:31,78.72
011,2020-04-06 08:26:32,78.73
011,2020-04-06 08:26:33,78.77
011,2020-04-06 08:26:34,78.8
011,2020-04-06 08:26:35,78.8
011,2020-04-06 08:26:36,78.82
011,2020-04-06 08:26:37,78.8
011,2020-04-06 08:26:38,78.88
011,2020-04-06 08:26:39,78.98
011,2020-04-06 08:26:40,79.07
011,2020-04-06 08:26:41,79.07
011,2020-04-06 08:26:42,79.05
011,2020-04-06 08:26:43,78.98
011,2020-04-06 08:26:44,78.78
011,2020-04-06 08:26:45,78.57
011,2020-04-06 08:26:46,78.37
011,2020-04-06 08:26:47,78.18
011,2020-04-06 08:26:48,77.98
011,2020-04-06 08:26:49,77.72
011,2020-04-06 08:26:50,77.58
011,2020-04-06 08:26:51,77.53
011,2020-04-06 08:26:52,77.5
011,2020-04-06 08:26:53,77.42
011,2020-04-06 08:26:54,77.35
011,2020-04-06 08:26:55,77.08
011,2020-04-06 08:26:56,76.8
011,2020-04-06 08:26:57,76.5
011,2020-04-06 08:26:58,76.18
011,2020-04-06 08:26:59,75.82
011,2020-04-06 08:27:00,75.4
011,2020-04-06 08:27:01,74.98
011,2020-04-06 08:27:02,74.77
011,2020-04-06 08:27:03,74.57
011,2020-04-06 08:27:04,74.3
011,2020-04-06 08:27:05,74.05
011,2020-04-06 08:27:06,73.83
011,2020-04-06 08:27:07,73.7
011,2020-04-06 08:27:08,73.57
011,2020-04-06 08:27:09,73.48
011,2020-04-06 08:27:10,73.42
011,2020-04-06 08:27:11,73.37
011,2020-04-06 08:27:12,73.43
011,2020-04-06 08:27:13,73.53
011,2020-04-06 08:27:14,73.58
011,2020-04-06 08:27:15,73.62
011,2020-04-06 08:27:16,73.65
011,2020-04-06 08:27:17,73.55
011,2020-04-06 08:27:18,73.48
011,2020-04-06 08:27:19,73.33
011,2020-04-06 08:27:20,73.33
011,2020-04-06 08:27:21,73.37
011,2020-04-06 08:27:22,73.43
011,2020-04-06 08:27:23,73.5
011,2020-04-06 08:27:24,73.55
011,2020-04-06 08:27:25,73.58
011,2020-04-06 08:27:26,73.62
011,2020-04-06 08:27:27,73.63
011,2020-04-06 08:27:28,73.62
011,2020-04-06 08:27:29,73.62
011,2020-04-06 08:27:30,73.52
011,2020-04-06 08:27:31,73.42
011,2020-04-06 08:27:32,73.32
011,2020-04-06 08:27:33,73.2
011,2020-04-06 08:27:34,73.05
011,2020-04-06 08:27:35,72.92
011,2020-04-06 08:27:36,72.77
011,2020-04-06 08:27:37,72.63
011,2020-04-06 08:27:38,72.38
011,2020-04-06 08:27:39,72.1
011,2020-04-06 08:27:40,71.82
011,2020-04-06 08:27:41,71.6
011,2020-04-06 08:27:42,71.38
011,2020-04-06 08:27:43,71.2
011,2020-04-06 08:27:44,71.13
011,2020-04-06 08:27:45,71.08
011,2020-04-06 08:27:46,71.03
011,2020-04-06 08:27:47,70.95
011,2020-04-06 08:27:48,70.9
011,2020-04-06 08:27:49,70.88
011,2020-04-06 08:27:50,70.72
011,2020-04-06 08:27:51,70.48
011,2020-04-06 08:27:52,70.25
011,2020-04-06 08:27:53,70.07
011,2020-04-06 08:27:54,69.87
011,2020-04-06 08:27:55,69.87
011,2020-04-06 08:27:56,69.87
011,2020-04-06 08:27:57,69.87
011,2020-04-06 08:27:58,69.87
011,2020-04-06 08:27:59,69.87
011,2020-04-06 08:28:00,69.87
011,2020-04-06 08:28:01,69.87
011,2020-04-06 08:28:02,69.63
011,2020-04-06 08:28:03,69.45
011,2020-04-06 08:28:04,69.33
011,2020-04-06 08:28:05,69.22
011,2020-04-06 08:28:06,69.13
011,2020-04-06 08:28:07,69.05
011,2020-04-06 08:28:08,68.97
011,2020-04-06 08:28:09,68.9
011,2020-04-06 08:28:10,68.85
011,2020-04-06 08:28:11,68.78
011,2020-04-06 08:28:12,68.63
011,2020-04-06 08:28:13,68.53
011,2020-04-06 08:28:14,68.45
011,2020-04-06 08:28:15,68.38
011,2020-04-06 08:28:16,68.33
011,2020-04-06 08:28:17,68.4
011,2020-04-06 08:28:18,68.47
011,2020-04-06 08:28:19,68.52
011,2020-04-06 08:28:20,68.55
011,2020-04-06 08:28:21,68.52
011,2020-04-06 08:28:22,68.48
011,2020-04-06 08:28:23,68.43
011,2020-04-06 08:28:24,68.42
011,2020-04-06 08:28:25,68.4
011,2020-04-06 08:28:26,68.38
011,2020-04-06 08:28:27,68.37
011,2020-04-06 08:28:28,68.38
011,2020-04-06 08:28:29,68.38
011,2020-04-06 08:28:30,68.37
011,2020-04-06 08:28:31,68.35
011,2020-04-06 08:28:32,68.35
011,2020-04-06 08:28:33,68.35
011,2020-04-06 08:28:34,68.37
011,2020-04-06 08:28:35,68.38
011,2020-04-06 08:28:36,68.4
011,2020-04-06 08:28:37,68.42
011,2020-04-06 08:28:38,68.45
011,2020-04-06 08:28:39,68.47
011,2020-04-06 08:28:40,68.48
011,2020-04-06 08:28:41,68.52
011,2020-04-06 08:28:42,68.57
011,2020-04-06 08:28:43,68.6
011,2020-04-06 08:28:44,68.63
011,2020-04-06 08:28:45,68.67
011,2020-04-06 08:28:46,68.7
011,2020-04-06 08:28:47,68.73
011,2020-04-06 08:28:48,68.77
011,2020-04-06 08:28:49,68.78
011,2020-04-06 08:28:50,68.77
011,2020-04-06 08:28:51,68.78
011,2020-04-06 08:28:52,68.8
011,2020-04-06 08:28:53,68.82
011,2020-04-06 08:28:54,68.85
011,2020-04-06 08:28:55,68.87
011,2020-04-06 08:28:56,68.9
011,2020-04-06 08:28:57,68.95
011,2020-04-06 08:28:58,69.0
011,2020-04-06 08:28:59,69.07
011,2020-04-06 08:29:00,69.1
011,2020-04-06 08:29:01,69.18
011,2020-04-06 08:29:02,69.27
011,2020-04-06 08:29:03,69.33
011,2020-04-06 08:29:04,69.4
011,2020-04-06 08:29:05,69.43
011,2020-04-06 08:29:06,69.4
011,2020-04-06 08:29:07,69.35
011,2020-04-06 08:29:08,69.28
011,2020-04-06 08:29:09,69.18
011,2020-04-06 08:29:10,69.05
011,2020-04-06 08:29:11,68.95
011,2020-04-06 08:29:12,68.83
011,2020-04-06 08:29:13,68.72
011,2020-04-06 08:29:14,68.6
011,2020-04-06 08:29:15,68.47
011,2020-04-06 08:29:16,68.32
011,2020-04-06 08:29:17,68.17
011,2020-04-06 08:29:18,67.98
011,2020-04-06 08:29:19,67.82
011,2020-04-06 08:29:20,67.58
011,2020-04-06 08:29:21,67.37
011,2020-04-06 08:29:22,67.13
011,2020-04-06 08:29:23,66.92
011,2020-04-06 08:29:24,66.87
011,2020-04-06 08:29:25,66.85
011,2020-04-06 08:29:26,66.8
011,2020-04-06 08:29:27,66.88
011,2020-04-06 08:29:28,66.95
011,2020-04-06 08:29:29,67.03
011,2020-04-06 08:29:30,67.13
011,2020-04-06 08:29:31,67.23
011,2020-04-06 08:29:32,67.22
011,2020-04-06 08:29:33,67.18
011,2020-04-06 08:29:34,67.15
011,2020-04-06 08:29:35,67.12
011,2020-04-06 08:29:36,67.08
011,2020-04-06 08:29:37,67.07
011,2020-04-06 08:29:38,67.05
011,2020-04-06 08:29:39,67.07
011,2020-04-06 08:29:40,67.1
011,2020-04-06 08:29:41,67.13
011,2020-04-06 08:29:42,67.15
011,2020-04-06 08:29:43,67.2
011,2020-04-06 08:29:44,67.28
011,2020-04-06 08:29:45,67.38
011,2020-04-06 08:29:46,67.5
011,2020-04-06 08:29:47,67.62
011,2020-04-06 08:29:48,67.73
011,2020-04-06 08:29:49,67.83
011,2020-04-06 08:29:50,67.88
011,2020-04-06 08:29:51,67.92
011,2020-04-06 08:29:52,67.95
011,2020-04-06 08:29:53,68.0
011,2020-04-06 08:29:54,68.03
011,2020-04-06 08:29:55,68.03
011,2020-04-06 08:29:56,68.02
011,2020-04-06 08:29:57,67.98
011,2020-04-06 08:29:58,67.95
011,2020-04-06 08:29:59,67.9
011,2020-04-06 08:30:00,67.87
011,2020-04-06 08:30:01,67.78
011,2020-04-06 08:30:02,67.68
011,2020-04-06 08:30:03,67.6
011,2020-04-06 08:30:04,67.48
011,2020-04-06 08:30:05,67.45
011,2020-04-06 08:30:06,67.43
011,2020-04-06 08:30:07,67.42
011,2020-04-06 08:30:08,67.43
011,2020-04-06 08:30:09,67.47
011,2020-04-06 08:30:10,67.48
011,2020-04-06 08:30:11,67.38
011,2020-04-06 08:30:12,67.3
011,2020-04-06 08:30:13,67.2
011,2020-04-06 08:30:14,67.12
011,2020-04-06 08:30:15,67.05
011,2020-04-06 08:30:16,66.97
011,2020-04-06 08:30:17,66.9
011,2020-04-06 08:30:18,66.87
011,2020-04-06 08:30:19,66.85
011,2020-04-06 08:30:20,66.87
011,2020-04-06 08:30:21,66.9
011,2020-04-06 08:30:22,66.97
011,2020-04-06 08:30:23,67.03
011,2020-04-06 08:30:24,66.93
011,2020-04-06 08:30:25,66.82
011,2020-04-06 08:30:26,66.75
011,2020-04-06 08:30:27,66.57
011,2020-04-06 08:30:28,66.42
011,2020-04-06 08:30:29,66.28
011,2020-04-06 08:30:30,66.13
011,2020-04-06 08:30:31,65.98
011,2020-04-06 08:30:32,65.95
011,2020-04-06 08:30:33,65.92
011,2020-04-06 08:30:34,65.87
011,2020-04-06 08:30:35,65.82
011,2020-04-06 08:30:36,65.77
011,2020-04-06 08:30:37,65.72
011,2020-04-06 08:30:38,65.68
011,2020-04-06 08:30:39,65.63
011,2020-04-06 08:30:40,65.58
011,2020-04-06 08:30:41,65.57
011,2020-04-06 08:30:42,65.57
011,2020-04-06 08:30:43,65.55
011,2020-04-06 08:30:44,65.47
011,2020-04-06 08:30:45,65.37
011,2020-04-06 08:30:46,65.23
011,2020-04-06 08:30:47,65.1
011,2020-04-06 08:30:48,64.98
011,2020-04-06 08:30:49,64.88
011,2020-04-06 08:30:50,64.88
011,2020-04-06 08:30:51,64.87
011,2020-04-06 08:30:52,64.83
011,2020-04-06 08:30:53,64.78
011,2020-04-06 08:30:54,64.73
011,2020-04-06 08:30:55,64.7
011,2020-04-06 08:30:56,64.65
011,2020-04-06 08:30:57,64.58
011,2020-04-06 08:30:58,64.52
011,2020-04-06 08:30:59,64.45
011,2020-04-06 08:31:00,64.4
011,2020-04-06 08:31:01,64.35
011,2020-04-06 08:31:02,64.3
011,2020-04-06 08:31:03,64.25
011,2020-04-06 08:31:04,64.22
011,2020-04-06 08:31:05,64.15
011,2020-04-06 08:31:06,64.1
011,2020-04-06 08:31:07,64.07
011,2020-04-06 08:31:08,64.02
011,2020-04-06 08:31:09,63.98
011,2020-04-06 08:31:10,63.98
011,2020-04-06 08:31:11,64.08
011,2020-04-06 08:31:12,64.17
011,2020-04-06 08:31:13,64.23
011,2020-04-06 08:31:14,64.3
011,2020-04-06 08:31:15,64.32
011,2020-04-06 08:31:16,64.38
011,2020-04-06 08:31:17,64.42
011,2020-04-06 08:31:18,64.45
011,2020-04-06 08:31:19,64.48
011,2020-04-06 08:31:20,64.53
011,2020-04-06 08:31:21,64.58
011,2020-04-06 08:31:22,64.65
011,2020-04-06 08:31:23,64.63
011,2020-04-06 08:31:24,64.58
011,2020-04-06 08:31:25,64.55
011,2020-04-06 08:31:26,64.48
011,2020-04-06 08:31:27,64.4
011,2020-04-06 08:31:28,64.3
011,2020-04-06 08:31:29,64.15
011,2020-04-06 08:31:30,63.98
011,2020-04-06 08:31:31,63.8
011,2020-04-06 08:31:32,63.62
011,2020-04-06 08:31:33,63.43
011,2020-04-06 08:31:34,63.25
011,2020-04-06 08:31:35,63.03
011,2020-04-06 08:31:36,62.8
011,2020-04-06 08:31:37,62.58
011,2020-04-06 08:31:38,62.3
011,2020-04-06 08:31:39,62.08
011,2020-04-06 08:31:40,61.85
011,2020-04-06 08:31:41,61.58
011,2020-04-06 08:31:42,61.28
011,2020-04-06 08:31:43,61.03
011,2020-04-06 08:31:44,60.82
011,2020-04-06 08:31:45,60.7
011,2020-04-06 08:31:46,60.55
011,2020-04-06 08:31:47,60.4
011,2020-04-06 08:31:48,60.2
011,2020-04-06 08:31:49,60.0
011,2020-04-06 08:31:50,59.8
011,2020-04-06 08:31:51,59.6
011,2020-04-06 08:31:52,59.38
011,2020-04-06 08:31:53,59.12
011,2020-04-06 08:31:54,58.82
011,2020-04-06 08:31:55,58.72
011,2020-04-06 08:31:56,58.58
011,2020-04-06 08:31:57,58.47
011,2020-04-06 08:31:58,58.33
011,2020-04-06 08:31:59,58.17
011,2020-04-06 08:32:00,58.02
011,2020-04-06 08:32:01,57.97
011,2020-04-06 08:32:02,57.93
011,2020-04-06 08:32:03,57.88
011,2020-04-06 08:32:04,57.83
011,2020-04-06 08:32:05,57.68
011,2020-04-06 08:32:06,57.58
011,2020-04-06 08:32:07,57.63
011,2020-04-06 08:32:08,57.68
011,2020-04-06 08:32:09,57.72
011,2020-04-06 08:32:10,57.73
011,2020-04-06 08:32:11,57.75
011,2020-04-06 08:32:12,57.77
011,2020-04-06 08:32:13,57.78
011,2020-04-06 08:32:14,57.77
011,2020-04-06 08:32:15,57.78
011,2020-04-06 08:32:16,57.77
011,2020-04-06 08:32:17,57.77
011,2020-04-06 08:32:18,57.75
011,2020-04-06 08:32:19,57.72
011,2020-04-06 08:32:20,57.7
011,2020-04-06 08:32:21,57.68
011,2020-04-06 08:32:22,57.63
011,2020-04-06 08:32:23,57.67
011,2020-04-06 08:32:24,57.7
011,2020-04-06 08:32:25,57.7
011,2020-04-06 08:32:26,57.73
011,2020-04-06 08:32:27,57.83
011,2020-04-06 08:32:28,57.95
011,2020-04-06 08:32:29,58.12
011,2020-04-06 08:32:30,58.32
011,2020-04-06 08:32:31,58.55
011,2020-04-06 08:32:32,58.7
011,2020-04-06 08:32:33,58.97
011,2020-04-06 08:32:34,59.23
011,2020-04-06 08:32:35,59.52
011,2020-04-06 08:32:36,59.8
011,2020-04-06 08:32:37,60.02
011,2020-04-06 08:32:38,60.28
011,2020-04-06 08:32:39,60.5
011,2020-04-06 08:32:40,60.72
011,2020-04-06 08:32:41,60.93
011,2020-04-06 08:32:42,61.15
011,2020-04-06 08:32:43,61.35
011,2020-04-06 08:32:44,61.58
011,2020-04-06 08:32:45,61.72
011,2020-04-06 08:32:46,61.9
011,2020-04-06 08:32:47,62.08
011,2020-04-06 08:32:48,62.28
011,2020-04-06 08:32:49,62.47
011,2020-04-06 08:32:50,62.63
011,2020-04-06 08:32:51,62.8
011,2020-04-06 08:32:52,63.0
011,2020-04-06 08:32:53,63.25
011,2020-04-06 08:32:54,63.55
011,2020-04-06 08:32:55,63.68
011,2020-04-06 08:32:56,63.88
011,2020-04-06 08:32:57,64.1
011,2020-04-06 08:32:58,64.38
011,2020-04-06 08:32:59,64.68
011,2020-04-06 08:33:00,64.9
011,2020-04-06 08:33:01,65.02
011,2020-04-06 08:33:02,65.13
011,2020-04-06 08:33:03,65.27
011,2020-04-06 08:33:04,65.4
011,2020-04-06 08:33:05,65.62
011,2020-04-06 08:33:06,65.7
011,2020-04-06 08:33:07,65.62
011,2020-04-06 08:33:08,65.58
011,2020-04-06 08:33:09,65.57
011,2020-04-06 08:33:10,65.57
011,2020-04-06 08:33:11,65.58
011,2020-04-06 08:33:12,65.6
011,2020-04-06 08:33:13,65.65
011,2020-04-06 08:33:14,65.72
011,2020-04-06 08:33:15,65.8
011,2020-04-06 08:33:16,65.87
011,2020-04-06 08:33:17,65.93
011,2020-04-06 08:33:18,66.0
011,2020-04-06 08:33:19,66.07
011,2020-04-06 08:33:20,66.12
011,2020-04-06 08:33:21,66.17
011,2020-04-06 08:33:22,66.22
011,2020-04-06 08:33:23,66.27
012,2020-05-03 16:42:02,94.0
012,2020-05-03 16:42:03,99.0
012,2020-05-03 16:42:04,95.0
012,2020-05-03 16:42:05,92.75
012,2020-05-03 16:42:06,86.0
012,2020-05-03 16:42:07,92.17
012,2020-05-03 16:42:08,97.14
012,2020-05-03 16:42:09,99.38
012,2020-05-03 16:42:10,101.33
012,2020-05-03 16:42:11,103.1
012,2020-05-03 16:42:12,104.45
012,2020-05-03 16:42:13,105.25
012,2020-05-03 16:42:14,106.0
012,2020-05-03 16:42:15,106.57
012,2020-05-03 16:42:16,107.27
012,2020-05-03 16:42:17,107.94
012,2020-05-03 16:42:18,108.53
012,2020-05-03 16:42:19,109.5
012,2020-05-03 16:42:20,110.11
012,2020-05-03 16:42:21,110.65
012,2020-05-03 16:42:22,111.29
012,2020-05-03 16:42:23,112.23
012,2020-05-03 16:42:24,113.09
012,2020-05-03 16:42:25,113.38
012,2020-05-03 16:42:26,113.24
012,2020-05-03 16:42:27,113.08
012,2020-05-03 16:42:28,112.89
012,2020-05-03 16:42:29,112.75
012,2020-05-03 16:42:30,112.55
012,2020-05-03 16:42:31,112.43
012,2020-05-03 16:42:32,111.9
012,2020-05-03 16:42:33,111.41
012,2020-05-03 16:42:34,111.03
012,2020-05-03 16:42:35,110.65
012,2020-05-03 16:42:36,110.23
012,2020-05-03 16:42:37,109.81
012,2020-05-03 16:42:38,109.38
012,2020-05-03 16:42:39,108.97
012,2020-05-03 16:42:40,108.23
012,2020-05-03 16:42:41,107.47
012,2020-05-03 16:42:42,106.85
012,2020-05-03 16:42:43,106.19
012,2020-05-03 16:42:44,105.56
012,2020-05-03 16:42:45,104.95
012,2020-05-03 16:42:46,104.38
012,2020-05-03 16:42:47,103.89
012,2020-05-03 16:42:48,103.43
012,2020-05-03 16:42:49,102.98
012,2020-05-03 16:42:50,102.65
012,2020-05-03 16:42:51,102.32
012,2020-05-03 16:42:52,102.02
012,2020-05-03 16:42:53,101.73
012,2020-05-03 16:42:54,101.43
012,2020-05-03 16:42:55,101.17
012,2020-05-03 16:42:56,100.95
012,2020-05-03 16:42:57,100.66
012,2020-05-03 16:42:58,100.32
012,2020-05-03 16:42:59,99.98
012,2020-05-03 16:43:00,99.68
012,2020-05-03 16:43:01,99.37
012,2020-05-03 16:43:02,99.15
012,2020-05-03 16:43:03,98.72
012,2020-05-03 16:43:04,98.58
012,2020-05-03 16:43:05,98.47
012,2020-05-03 16:43:06,98.77
012,2020-05-03 16:43:07,98.0
012,2020-05-03 16:43:08,97.15
012,2020-05-03 16:43:09,96.48
012,2020-05-03 16:43:10,95.8
012,2020-05-03 16:43:11,95.08
012,2020-05-03 16:43:12,94.37
012,2020-05-03 16:43:13,93.72
012,2020-05-03 16:43:14,93.05
012,2020-05-03 16:43:15,92.42
012,2020-05-03 16:43:16,91.72
012,2020-05-03 16:43:17,91.0
012,2020-05-03 16:43:18,90.23
012,2020-05-03 16:43:19,89.32
012,2020-05-03 16:43:20,88.48
012,2020-05-03 16:43:21,87.63
012,2020-05-03 16:43:22,86.68
012,2020-05-03 16:43:23,85.53
012,2020-05-03 16:43:24,84.38
012,2020-05-03 16:43:25,83.43
012,2020-05-03 16:43:26,82.63
012,2020-05-03 16:43:27,81.85
012,2020-05-03 16:43:28,81.05
012,2020-05-03 16:43:29,80.22
012,2020-05-03 16:43:30,79.37
012,2020-05-03 16:43:31,78.47
012,2020-05-03 16:43:32,77.8
012,2020-05-03 16:43:33,77.13
012,2020-05-03 16:43:34,76.43
012,2020-05-03 16:43:35,75.75
012,2020-05-03 16:43:36,75.12
012,2020-05-03 16:43:37,74.5
012,2020-05-03 16:43:38,73.9
012,2020-05-03 16:43:39,73.3
012,2020-05-03 16:43:40,72.92
012,2020-05-03 16:43:41,72.57
012,2020-05-03 16:43:42,72.15
012,2020-05-03 16:43:43,71.78
012,2020-05-03 16:43:44,71.4
012,2020-05-03 16:43:45,71.02
012,2020-05-03 16:43:46,70.65
012,2020-05-03 16:43:47,70.23
012,2020-05-03 16:43:48,69.82
012,2020-05-03 16:43:49,69.42
012,2020-05-03 16:43:50,68.97
012,2020-05-03 16:43:51,68.53
012,2020-05-03 16:43:52,68.08
012,2020-05-03 16:43:53,67.63
012,2020-05-03 16:43:54,67.2
012,2020-05-03 16:43:55,66.73
012,2020-05-03 16:43:56,66.37
012,2020-05-03 16:43:57,66.22
012,2020-05-03 16:43:58,66.12
012,2020-05-03 16:43:59,66.17
012,2020-05-03 16:44:00,66.17
012,2020-05-03 16:44:01,66.22
012,2020-05-03 16:44:02,66.28
012,2020-05-03 16:44:03,66.33
012,2020-05-03 16:44:04,66.32
012,2020-05-03 16:44:05,66.32
012,2020-05-03 16:44:06,66.32
012,2020-05-03 16:44:07,66.33
012,2020-05-03 16:44:08,66.28
012,2020-05-03 16:44:09,66.25
012,2020-05-03 16:44:10,66.15
012,2020-05-03 16:44:11,66.07
012,2020-05-03 16:44:12,66.0
012,2020-05-03 16:44:13,65.9
012,2020-05-03 16:44:14,65.75
012,2020-05-03 16:44:15,65.6
012,2020-05-03 16:44:16,65.42
012,2020-05-03 16:44:17,65.25
012,2020-05-03 16:44:18,65.1
012,2020-05-03 16:44:19,64.95
012,2020-05-03 16:44:20,64.78
012,2020-05-03 16:44:21,64.63
012,2020-05-03 16:44:22,64.55
012,2020-05-03 16:44:23,64.57
012,2020-05-03 16:44:24,64.57
012,2020-05-03 16:44:25,64.57
012,2020-05-03 16:44:26,64.57
012,2020-05-03 16:44:27,64.58
012,2020-05-03 16:44:28,64.55
012,2020-05-03 16:44:29,64.57
012,2020-05-03 16:44:30,64.63
012,2020-05-03 16:44:31,64.72
012,2020-05-03 16:44:32,64.78
012,2020-05-03 16:44:33,64.88
012,2020-05-03 16:44:34,65.27
012,2020-05-03 16:44:35,65.67
012,2020-05-03 16:44:36,66.13
012,2020-05-03 16:44:37,66.6
012,2020-05-03 16:44:38,67.05
012,2020-05-03 16:44:39,67.5
012,2020-05-03 16:44:40,67.95
012,2020-05-03 16:44:41,68.42
012,2020-05-03 16:44:42,68.87
012,2020-05-03 16:44:43,69.28
012,2020-05-03 16:44:44,69.75
012,2020-05-03 16:44:45,70.42
012,2020-05-03 16:44:46,71.05
012,2020-05-03 16:44:47,71.63
012,2020-05-03 16:44:48,72.3
012,2020-05-03 16:44:49,72.97
012,2020-05-03 16:44:50,73.63
012,2020-05-03 16:44:51,74.27
012,2020-05-03 16:44:52,74.93
012,2020-05-03 16:44:53,75.53
012,2020-05-03 16:44:54,76.1
012,2020-05-03 16:44:55,76.68
012,2020-05-03 16:44:56,77.12
012,2020-05-03 16:44:57,77.4
012,2020-05-03 16:44:58,77.7
012,2020-05-03 16:44:59,77.95
012,2020-05-03 16:45:00,78.38
012,2020-05-03 16:45:01,78.78
012,2020-05-03 16:45:02,79.17
012,2020-05-03 16:45:03,79.62
012,2020-05-03 16:45:04,80.17
012,2020-05-03 16:45:05,80.6
012,2020-05-03 16:45:06,81.07
012,2020-05-03 16:45:07,81.53
012,2020-05-03 16:45:08,82.07
012,2020-05-03 16:45:09,82.55
012,2020-05-03 16:45:10,83.05
012,2020-05-03 16:45:11,83.58
012,2020-05-03 16:45:12,84.08
012,2020-05-03 16:45:13,84.62
012,2020-05-03 16:45:14,85.22
012,2020-05-03 16:45:15,85.42
012,2020-05-03 16:45:16,85.62
012,2020-05-03 16:45:17,85.78
012,2020-05-03 16:45:18,85.98
012,2020-05-03 16:45:19,86.22
012,2020-05-03 16:45:20,86.47
012,2020-05-03 16:45:21,86.73
012,2020-05-03 16:45:22,87.0
012,2020-05-03 16:45:23,87.22
012,2020-05-03 16:45:24,87.47
012,2020-05-03 16:45:25,87.72
012,2020-05-03 16:45:26,87.98
012,2020-05-03 16:45:27,88.22
012,2020-05-03 16:45:28,88.53
012,2020-05-03 16:45:29,88.82
012,2020-05-03 16:45:30,89.07
012,2020-05-03 16:45:31,89.32
012,2020-05-03 16:45:32,89.57
012,2020-05-03 16:45:33,89.83
012,2020-05-03 16:45:34,89.83
012,2020-05-03 16:45:35,89.87
012,2020-05-03 16:45:36,89.78
012,2020-05-03 16:45:37,89.7
012,2020-05-03 16:45:38,89.68
012,2020-05-03 16:45:39,89.68
012,2020-05-03 16:45:40,89.7
012,2020-05-03 16:45:41,89.68
012,2020-05-03 16:45:42,89.67
012,2020-05-03 16:45:43,89.67
012,2020-05-03 16:45:44,89.63
012,2020-05-03 16:45:45,89.37
012,2020-05-03 16:45:46,89.13
012,2020-05-03 16:45:47,88.9
012,2020-05-03 16:45:48,88.55
012,2020-05-03 16:45:49,88.18
012,2020-05-03 16:45:50,87.77
012,2020-05-03 16:45:51,87.38
012,2020-05-03 16:45:52,86.97
012,2020-05-03 16:45:53,86.57
012,2020-05-03 16:45:54,86.15
012,2020-05-03 16:45:55,85.73
012,2020-05-03 16:45:56,85.32
012,2020-05-03 16:45:57,84.9
012,2020-05-03 16:45:58,84.48
012,2020-05-03 16:45:59,83.95
012,2020-05-03 16:46:00,83.3
012,2020-05-03 16:46:01,82.62
012,2020-05-03 16:46:02,81.87
012,2020-05-03 16:46:03,81.63
012,2020-05-03 16:46:04,81.37
012,2020-05-03 16:46:05,81.25
012,2020-05-03 16:46:06,81.15
012,2020-05-03 16:46:07,81.03
012,2020-05-03 16:46:08,81.02
012,2020-05-03 16:46:09,81.1
012,2020-05-03 16:46:10,81.2
012,2020-05-03 16:46:11,81.25
012,2020-05-03 16:46:12,81.32
012,2020-05-03 16:46:13,81.38
012,2020-05-03 16:46:14,81.43
012,2020-05-03 16:46:15,81.87
012,2020-05-03 16:46:16,82.35
012,2020-05-03 16:46:17,82.85
012,2020-05-03 16:46:18,83.35
012,2020-05-03 16:46:19,83.9
012,2020-05-03 16:46:20,84.55
012,2020-05-03 16:46:21,85.15
012,2020-05-03 16:46:22,85.75
012,2020-05-03 16:46:23,86.35
012,2020-05-03 16:46:24,86.95
012,2020-05-03 16:46:25,87.55
012,2020-05-03 16:46:26,88.2
012,2020-05-03 16:46:27,88.87
012,2020-05-03 16:46:28,89.52
012,2020-05-03 16:46:29,90.17
012,2020-05-03 16:46:30,91.08
012,2020-05-03 16:46:31,91.92
012,2020-05-03 16:46:32,92.7
012,2020-05-03 16:46:33,93.5
012,2020-05-03 16:46:34,94.22
012,2020-05-03 16:46:35,94.85
012,2020-05-03 16:46:36,94.38
012,2020-05-03 16:46:37,93.92
012,2020-05-03 16:46:38,93.42
012,2020-05-03 16:46:39,92.88
012,2020-05-03 16:46:40,92.37
012,2020-05-03 16:46:41,91.88
012,2020-05-03 16:46:42,91.45
012,2020-05-03 16:46:43,91.2
012,2020-05-03 16:46:44,91.02
012,2020-05-03 16:46:45,91.03
012,2020-05-03 16:46:46,91.1
012,2020-05-03 16:46:47,91.17
012,2020-05-03 16:46:48,91.28
012,2020-05-03 16:46:49,91.38
012,2020-05-03 16:46:50,91.5
012,2020-05-03 16:46:51,91.67
012,2020-05-03 16:46:52,91.85
012,2020-05-03 16:46:53,92.08
012,2020-05-03 16:46:54,92.35
012,2020-05-03 16:46:55,92.62
012,2020-05-03 16:46:56,92.98
012,2020-05-03 16:46:57,93.4
012,2020-05-03 16:46:58,93.82
012,2020-05-03 16:46:59,94.23
012,2020-05-03 16:47:00,94.6
012,2020-05-03 16:47:01,94.98
012,2020-05-03 16:47:02,95.38
012,2020-05-03 16:47:03,94.9
012,2020-05-03 16:47:04,94.43
012,2020-05-03 16:47:05,93.92
012,2020-05-03 16:47:06,93.38
012,2020-05-03 16:47:07,92.85
012,2020-05-03 16:47:08,92.25
012,2020-05-03 16:47:09,91.7
012,2020-05-03 16:47:10,90.83
012,2020-05-03 16:47:11,90.27
012,2020-05-03 16:47:12,91.12
012,2020-05-03 16:47:13,91.88
012,2020-05-03 16:47:14,92.65
012,2020-05-03 16:47:15,93.4
012,2020-05-03 16:47:16,94.15
012,2020-05-03 16:47:17,94.9
012,2020-05-03 16:47:18,95.65
012,2020-05-03 16:47:19,96.32
012,2020-05-03 16:47:20,96.88
012,2020-05-03 16:47:21,97.47
012,2020-05-03 16:47:22,98.07
012,2020-05-03 16:47:23,98.73
012,2020-05-03 16:47:24,99.38
012,2020-05-03 16:47:25,99.9
012,2020-05-03 16:47:26,100.33
012,2020-05-03 16:47:27,99.35
012,2020-05-03 16:47:28,98.38
012,2020-05-03 16:47:29,97.57
012,2020-05-03 16:47:30,96.52
012,2020-05-03 16:47:31,95.55
012,2020-05-03 16:47:32,94.63
012,2020-05-03 16:47:33,93.83
012,2020-05-03 16:47:34,93.13
012,2020-05-03 16:47:35,92.52
012,2020-05-03 16:47:36,93.02
012,2020-05-03 16:47:37,93.5
012,2020-05-03 16:47:38,94.03
012,2020-05-03 16:47:39,94.58
012,2020-05-03 16:47:40,95.12
012,2020-05-03 16:47:41,95.7
012,2020-05-03 16:47:42,96.28
012,2020-05-03 16:47:43,96.62
012,2020-05-03 16:47:44,96.88
012,2020-05-03 16:47:45,96.78
012,2020-05-03 16:47:46,96.62
012,2020-05-03 16:47:47,96.52
012,2020-05-03 16:47:48,96.38
012,2020-05-03 16:47:49,96.27
012,2020-05-03 16:47:50,96.17
012,2020-05-03 16:47:51,95.97
012,2020-05-03 16:47:52,95.55
012,2020-05-03 16:47:53,95.15
012,2020-05-03 16:47:54,94.78
012,2020-05-03 16:47:55,94.43
012,2020-05-03 16:47:56,94.03
012,2020-05-03 16:47:57,93.57
012,2020-05-03 16:47:58,93.15
012,2020-05-03 16:47:59,92.82
012,2020-05-03 16:48:00,92.58
012,2020-05-03 16:48:01,92.35
012,2020-05-03 16:48:02,92.17
012,2020-05-03 16:48:03,92.33
012,2020-05-03 16:48:04,92.38
012,2020-05-03 16:48:05,92.4
012,2020-05-03 16:48:06,92.38
012,2020-05-03 16:48:07,92.33
012,2020-05-03 16:48:08,92.23
012,2020-05-03 16:48:09,91.95
012,2020-05-03 16:48:10,92.02
012,2020-05-03 16:48:11,91.77
012,2020-05-03 16:48:12,90.13
012,2020-05-03 16:48:13,88.58
012,2020-05-03 16:48:14,87.07
012,2020-05-03 16:48:15,85.57
012,2020-05-03 16:48:16,84.07
012,2020-05-03 16:48:17,82.57
012,2020-05-03 16:48:18,81.07
012,2020-05-03 16:48:19,79.5
012,2020-05-03 16:48:20,77.93
012,2020-05-03 16:48:21,76.52
012,2020-05-03 16:48:22,75.12
012,2020-05-03 16:48:23,73.67
012,2020-05-03 16:48:24,72.22
012,2020-05-03 16:48:25,70.92
012,2020-05-03 16:48:26,69.73
012,2020-05-03 16:48:27,70.02
012,2020-05-03 16:48:28,70.33
012,2020-05-03 16:48:29,70.43
012,2020-05-03 16:48:30,70.43
012,2020-05-03 16:48:31,70.37
012,2020-05-03 16:48:32,70.27
012,2020-05-03 16:48:33,69.98
012,2020-05-03 16:48:34,69.65
012,2020-05-03 16:48:35,69.23
012,2020-05-03 16:48:36,68.8
012,2020-05-03 16:48:37,68.38
012,2020-05-03 16:48:38,67.88
012,2020-05-03 16:48:39,67.4
012,2020-05-03 16:48:40,66.95
012,2020-05-03 16:48:41,66.47
012,2020-05-03 16:48:42,65.95
012,2020-05-03 16:48:43,65.5
012,2020-05-03 16:48:44,65.1
012,2020-05-03 16:48:45,64.93
012,2020-05-03 16:48:46,64.77
012,2020-05-03 16:48:47,64.92
012,2020-05-03 16:48:48,65.1
012,2020-05-03 16:48:49,65.23
012,2020-05-03 16:48:50,65.3
012,2020-05-03 16:48:51,65.38
012,2020-05-03 16:48:52,65.72
012,2020-05-03 16:48:53,66.05
012,2020-05-03 16:48:54,66.25
012,2020-05-03 16:48:55,66.25
012,2020-05-03 16:48:56,66.12
012,2020-05-03 16:48:57,66.0
012,2020-05-03 16:48:58,65.88
012,2020-05-03 16:48:59,65.7
012,2020-05-03 16:49:00,65.43
012,2020-05-03 16:49:01,65.17
012,2020-05-03 16:49:02,64.78
012,2020-05-03 16:49:03,64.42
012,2020-05-03 16:49:04,64.13
012,2020-05-03 16:49:05,63.88
012,2020-05-03 16:49:06,63.63
012,2020-05-03 16:49:07,63.4
012,2020-05-03 16:49:08,63.18
012,2020-05-03 16:49:09,63.05
012,2020-05-03 16:49:10,63.03
012,2020-05-03 16:49:11,63.03
012,2020-05-03 16:49:12,63.02
012,2020-05-03 16:49:13,63.0
012,2020-05-03 16:49:14,62.88
012,2020-05-03 16:49:15,62.78
012,2020-05-03 16:49:16,62.92
012,2020-05-03 16:49:17,63.03
012,2020-05-03 16:49:18,63.15
012,2020-05-03 16:49:19,63.3
012,2020-05-03 16:49:20,63.45
012,2020-05-03 16:49:21,63.52
012,2020-05-03 16:49:22,63.57
012,2020-05-03 16:49:23,63.68
012,2020-05-03 16:49:24,63.72
012,2020-05-03 16:49:25,63.67
012,2020-05-03 16:49:26,63.5
012,2020-05-03 16:49:27,63.38
012,2020-05-03 16:49:28,63.27
012,2020-05-03 16:49:29,63.22
012,2020-05-03 16:49:30,63.23
012,2020-05-03 16:49:31,63.32
012,2020-05-03 16:49:32,63.5
012,2020-05-03 16:49:33,63.72
012,2020-05-03 16:49:34,63.83
012,2020-05-03 16:49:35,63.97
012,2020-05-03 16:49:36,64.1
012,2020-05-03 16:49:37,64.23
012,2020-05-03 16:49:38,64.4
012,2020-05-03 16:49:39,64.6
012,2020-05-03 16:49:40,64.82
012,2020-05-03 16:49:41,65.0
012,2020-05-03 16:49:42,65.2
012,2020-05-03 16:49:43,65.4
012,2020-05-03 16:49:44,65.55
012,2020-05-03 16:49:45,65.67
012,2020-05-03 16:49:46,65.75
012,2020-05-03 16:49:47,65.45
012,2020-05-03 16:49:48,65.2
012,2020-05-03 16:49:49,65.03
012,2020-05-03 16:49:50,64.9
012,2020-05-03 16:49:51,64.67
012,2020-05-03 16:49:52,64.4
012,2020-05-03 16:49:53,64.08
012,2020-05-03 16:49:54,63.87
012,2020-05-03 16:49:55,63.83
012,2020-05-03 16:49:56,63.88
012,2020-05-03 16:49:57,63.92
012,2020-05-03 16:49:58,63.88
012,2020-05-03 16:49:59,63.87
012,2020-05-03 16:50:00,63.92
012,2020-05-03 16:50:01,64.02
012,2020-05-03 16:50:02,64.23
012,2020-05-03 16:50:03,64.47
012,2020-05-03 16:50:04,64.72
012,2020-05-03 16:50:05,64.88
012,2020-05-03 16:50:06,65.1
012,2020-05-03 16:50:07,65.37
012,2020-05-03 16:50:08,65.67
012,2020-05-03 16:50:09,65.97
012,2020-05-03 16:50:10,66.12
012,2020-05-03 16:50:11,66.3
012,2020-05-03 16:50:12,66.5
012,2020-05-03 16:50:13,66.68
012,2020-05-03 16:50:14,66.93
012,2020-05-03 16:50:15,67.13
012,2020-05-03 16:50:16,67.1
012,2020-05-03 16:50:17,67.07
012,2020-05-03 16:50:18,67.1
012,2020-05-03 16:50:19,67.17
012,2020-05-03 16:50:20,67.2
