patientNumber,datetime,ibi
001,2020-02-13 15:33:22.059328,0.8281629999999999
001,2020-02-13 15:33:22.934368,0.8750399999999999
001,2020-02-13 15:34:21.593303,0.9844200000000001
001,2020-02-13 15:34:22.483969,0.890666
001,2020-02-13 15:34:23.421512,0.937543
001,2020-02-13 15:35:12.673766,0.906291
001,2020-02-13 15:35:13.580058,0.906291
001,2020-02-13 15:35:30.658965,1.046923
001,2020-02-13 15:35:31.799642,1.140677
001,2020-02-13 15:36:27.692825,0.484397
001,2020-02-13 15:36:28.208474,0.515649
001,2020-02-13 15:36:37.912043,1.125051
001,2020-02-13 15:36:41.084063,0.468771
001,2020-02-13 15:36:41.630963,0.5469
001,2020-02-13 15:36:42.177863,0.5469
001,2020-02-13 15:36:42.818518,0.640654
001,2020-02-13 15:36:43.302915,0.484397
001,2020-02-13 15:36:43.818563,0.515649
001,2020-02-13 15:36:44.427966,0.609403
001,2020-02-13 15:36:51.381410,1.015671
001,2020-02-13 15:36:52.475210,1.0938
001,2020-02-13 15:36:53.537758,1.062549
001,2020-02-13 15:36:54.365921,0.8281629999999999
001,2020-02-13 15:36:55.100330,0.734409
001,2020-02-13 15:37:04.303876,0.734409
001,2020-02-13 15:37:24.461049,0.921917
001,2020-02-13 15:37:25.398592,0.937543
001,2020-02-13 15:37:26.523643,1.125051
001,2020-02-13 15:37:27.445560,0.921917
001,2020-02-13 15:37:28.476858,1.031297
001,2020-02-13 15:37:29.367523,0.890666
001,2020-02-13 15:37:41.524330,1.031297
001,2020-02-13 15:37:47.462102,0.953169
001,2020-02-13 15:39:52.624081,1.0938
001,2020-02-13 15:39:53.671004,1.046923
001,2020-02-13 15:39:59.858787,0.968794
001,2020-02-13 15:40:00.905710,1.046923
001,2020-02-13 15:40:01.983884,1.078174
001,2020-02-13 15:40:56.267619,0.8750399999999999
001,2020-02-13 15:41:31.831747,0.906291
001,2020-02-13 15:41:32.675536,0.8437889999999999
001,2020-02-13 15:41:33.644330,0.968794
001,2020-02-13 15:41:34.722505,1.078174
001,2020-02-13 15:41:42.707245,0.937543
001,2020-02-13 15:41:43.707291,1.000046
001,2020-02-13 15:41:50.535728,0.43751999999999996
001,2020-02-13 15:42:10.755404,0.921917
001,2020-02-13 15:42:21.505896,1.031297
001,2020-02-13 15:43:03.492193,0.937543
001,2020-02-13 15:43:04.460987,0.968794
001,2020-02-13 15:45:01.325711,0.937543
001,2020-02-13 15:45:02.247629,0.921917
001,2020-02-13 15:45:03.294552,1.046923
001,2020-02-13 15:45:04.232095,0.937543
001,2020-02-13 15:45:08.107272,1.000046
001,2020-02-13 15:45:20.076570,0.968794
001,2020-02-13 15:45:54.968792,0.890666
001,2020-02-13 15:45:55.890709,0.921917
001,2020-02-13 15:45:56.781375,0.890666
001,2020-02-13 15:45:57.672041,0.890666
001,2020-02-13 15:46:26.392106,0.812537
001,2020-02-13 15:46:27.345274,0.953169
001,2020-02-13 15:46:28.298443,0.953169
001,2020-02-13 15:48:53.742600,1.015671
001,2020-02-13 15:48:54.914529,1.171929
001,2020-02-13 15:48:56.164586,1.250057
001,2020-02-13 15:48:57.195884,1.031297
001,2020-02-13 15:49:26.009702,0.750034
001,2020-02-13 15:49:26.634731,0.625029
001,2020-02-13 15:49:27.197257,0.562526
001,2020-02-13 15:49:39.619700,1.078174
001,2020-02-13 15:49:40.697875,1.078174
001,2020-02-13 15:49:41.744798,1.046923
001,2020-02-13 15:49:42.901101,1.156303
001,2020-02-13 15:53:37.786852,1.000046
001,2020-02-13 15:53:38.677518,0.890666
001,2020-02-13 15:53:39.521307,0.8437889999999999
001,2020-02-13 15:53:40.443224,0.921917
001,2020-02-13 15:53:41.333890,0.890666
001,2020-02-13 15:53:46.756013,0.8594139999999999
001,2020-02-13 15:53:47.740433,0.9844200000000001
001,2020-02-13 15:53:48.771730,1.031297
001,2020-02-13 15:53:49.803027,1.031297
001,2020-02-13 15:53:50.662442,0.8594139999999999
001,2020-02-13 15:53:51.631236,0.968794
001,2020-02-13 15:53:52.568779,0.937543
001,2020-02-13 15:53:53.475070,0.906291
001,2020-02-13 15:53:54.521993,1.046923
001,2020-02-13 15:53:55.647045,1.125051
001,2020-02-13 15:54:02.522360,0.812537
001,2020-02-13 15:54:18.804355,0.8437889999999999
001,2020-02-13 15:54:19.773149,0.968794
001,2020-02-13 15:54:20.820072,1.046923
001,2020-02-13 15:54:27.445375,1.015671
001,2020-02-13 15:54:28.445421,1.000046
001,2020-02-13 15:54:29.429841,0.9844200000000001
001,2020-02-13 15:54:30.429887,1.000046
001,2020-02-13 15:54:31.367430,0.937543
001,2020-02-13 15:54:32.414353,1.046923
001,2020-02-13 15:54:45.118059,0.750034
001,2020-02-13 15:54:45.868094,0.750034
001,2020-02-13 15:54:46.868140,1.000046
001,2020-02-13 15:54:47.868185,1.000046
001,2020-02-13 15:54:48.602594,0.734409
001,2020-02-13 15:54:49.399505,0.7969109999999999
001,2020-02-13 15:54:50.383925,0.9844200000000001
001,2020-02-13 15:54:51.258965,0.8750399999999999
001,2020-02-13 15:54:52.321514,1.062549
001,2020-02-13 15:54:53.165303,0.8437889999999999
001,2020-02-13 15:54:54.165349,1.000046
001,2020-02-13 15:55:02.696989,0.8437889999999999
001,2020-02-13 15:55:03.462649,0.76566
001,2020-02-13 15:55:08.853521,1.031297
001,2020-02-13 15:55:19.963404,1.156303
001,2020-02-13 15:55:21.244713,1.281309
001,2020-02-13 15:55:22.463519,1.218806
001,2020-02-13 15:55:28.401291,0.7969109999999999
001,2020-02-13 15:55:29.229454,0.8281629999999999
001,2020-02-13 15:55:30.182622,0.953169
001,2020-02-13 15:55:31.057662,0.8750399999999999
001,2020-02-13 15:55:31.776445,0.718783
001,2020-02-13 15:55:32.526479,0.750034
001,2020-02-13 15:55:33.401520,0.8750399999999999
001,2020-02-13 15:55:34.276560,0.8750399999999999
001,2020-02-13 15:55:35.151600,0.8750399999999999
001,2020-02-13 15:55:35.948511,0.7969109999999999
001,2020-02-13 15:55:36.886054,0.937543
001,2020-02-13 15:55:37.839223,0.953169
001,2020-02-13 15:55:38.854894,1.015671
001,2020-02-13 15:55:48.449083,0.921917
001,2020-02-13 15:56:04.309184,0.953169
001,2020-02-13 15:58:47.863546,0.750034
001,2020-02-13 15:58:48.691709,0.8281629999999999
001,2020-02-13 15:58:49.426117,0.734409
001,2020-02-13 15:58:50.098023,0.671906
001,2020-02-13 16:00:13.492465,0.578151
001,2020-02-13 16:01:36.558768,0.500023
001,2020-02-13 16:01:37.043165,0.484397
001,2020-02-13 16:01:37.590065,0.5469
001,2020-02-13 16:01:38.074462,0.484397
001,2020-02-13 16:01:38.636988,0.562526
001,2020-02-13 16:01:39.090134,0.453146
001,2020-02-13 16:01:39.574531,0.484397
001,2020-02-13 16:01:40.152682,0.578151
001,2020-02-13 16:01:40.652705,0.500023
001,2020-02-13 16:01:41.121477,0.468771
001,2020-02-13 16:01:41.621500,0.500023
001,2020-02-13 16:01:42.137148,0.515649
001,2020-02-13 16:01:42.652797,0.515649
001,2020-02-13 16:01:43.121568,0.468771
001,2020-02-13 16:01:43.590340,0.468771
001,2020-02-13 16:01:44.105988,0.515649
001,2020-02-13 16:01:44.621637,0.515649
001,2020-02-13 16:01:45.184163,0.562526
001,2020-02-13 16:02:32.233191,0.453146
001,2020-02-13 16:02:32.733214,0.500023
001,2020-02-13 16:02:33.280114,0.5469
001,2020-02-13 16:02:33.827014,0.5469
001,2020-02-13 16:02:34.373914,0.5469
001,2020-02-13 16:02:34.842686,0.468771
001,2020-02-13 16:02:38.545980,0.609403
001,2020-02-13 16:02:44.499378,0.39064299999999996
001,2020-02-13 16:02:48.312052,0.484397
001,2020-02-13 16:02:48.890204,0.578151
001,2020-02-13 16:02:49.421478,0.531274
001,2020-02-13 16:02:49.921501,0.500023
001,2020-02-13 16:02:50.452775,0.531274
001,2020-02-13 16:02:51.030927,0.578151
001,2020-02-13 16:02:51.530950,0.500023
001,2020-02-13 16:02:51.937218,0.406269
001,2020-02-13 16:02:55.796770,0.500023
001,2020-02-13 16:02:56.374921,0.578151
001,2020-02-13 16:02:56.937447,0.562526
001,2020-02-13 16:02:57.499973,0.562526
001,2020-02-13 16:02:58.093750,0.593777
001,2020-02-13 16:03:12.281899,0.42189399999999994
001,2020-02-13 16:03:16.563345,0.406269
001,2020-02-13 16:03:53.065016,0.671906
001,2020-02-13 16:05:55.539372,1.046923
001,2020-02-13 16:05:56.320658,0.7812859999999999
001,2020-02-13 16:05:57.414458,1.0938
001,2020-02-13 16:05:58.414504,1.000046
001,2020-02-13 16:05:59.289544,0.8750399999999999
001,2020-02-13 16:06:00.133332,0.8437889999999999
001,2020-02-13 16:08:00.107574,0.7969109999999999
001,2020-02-13 16:08:01.029491,0.921917
001,2020-02-13 16:08:01.935783,0.906291
001,2020-02-13 16:08:09.248618,0.8437889999999999
001,2020-02-13 16:08:10.092406,0.8437889999999999
001,2020-02-13 16:10:18.223272,0.9844200000000001
001,2020-02-13 16:10:21.707806,0.906291
001,2020-02-13 16:12:12.259742,0.593777
001,2020-02-13 16:13:33.341578,0.8437889999999999
001,2020-02-13 16:14:08.936958,1.109426
001,2020-02-13 16:19:41.124039,1.000046
001,2020-02-13 16:19:42.108459,0.9844200000000001
001,2020-02-13 16:19:43.046002,0.937543
001,2020-02-13 16:21:55.692699,1.000046
001,2020-02-13 16:21:56.677119,0.9844200000000001
001,2020-02-13 16:21:57.724042,1.046923
001,2020-02-13 16:21:58.755339,1.031297
001,2020-02-13 16:21:59.724133,0.968794
001,2020-02-13 16:22:00.739805,1.015671
001,2020-02-13 16:22:01.942985,1.20318
001,2020-02-13 16:22:02.943031,1.000046
001,2020-02-13 16:22:03.771194,0.8281629999999999
001,2020-02-13 16:22:10.818391,0.937543
001,2020-02-13 16:22:11.787185,0.968794
001,2020-02-13 16:22:12.740354,0.953169
001,2020-02-13 16:22:13.631020,0.890666
001,2020-02-13 16:22:19.615669,0.953169
001,2020-02-13 16:22:20.568837,0.953169
001,2020-02-13 16:22:21.693889,1.125051
001,2020-02-13 16:22:22.772063,1.078174
001,2020-02-13 16:22:28.678584,0.968794
001,2020-02-13 16:22:29.631752,0.953169
001,2020-02-13 16:22:30.600547,0.968794
001,2020-02-13 16:22:31.694347,1.0938
001,2020-02-13 16:22:32.756895,1.062549
001,2020-02-13 16:22:33.772567,1.015671
001,2020-02-13 16:22:34.881993,1.109426
001,2020-02-13 16:22:35.975793,1.0938
001,2020-02-13 16:22:36.975838,1.000046
001,2020-02-13 16:22:38.022761,1.046923
001,2020-02-13 16:22:39.132187,1.109426
001,2020-02-13 16:22:40.272864,1.140677
001,2020-02-13 16:22:41.319787,1.046923
001,2020-02-13 16:22:42.382336,1.062549
001,2020-02-13 16:22:43.460510,1.078174
001,2020-02-13 16:22:44.538685,1.078174
001,2020-02-13 16:22:45.632485,1.0938
001,2020-02-13 16:22:46.710659,1.078174
001,2020-02-13 16:22:47.679453,0.968794
001,2020-02-13 16:22:48.742002,1.062549
001,2020-02-13 16:23:19.055890,0.578151
001,2020-02-13 16:23:56.651361,1.078174
001,2020-02-13 16:23:57.760787,1.109426
001,2020-02-13 16:25:54.312997,0.7812859999999999
001,2020-02-13 16:25:55.203662,0.890666
001,2020-02-13 16:26:11.173143,0.968794
001,2020-02-13 16:26:12.141938,0.968794
001,2020-02-13 16:26:13.079481,0.937543
001,2020-02-13 16:26:13.938895,0.8594139999999999
001,2020-02-13 16:26:14.767058,0.8281629999999999
001,2020-02-13 16:26:15.704601,0.937543
001,2020-02-13 16:26:16.782775,1.078174
001,2020-02-13 16:27:05.691264,0.8281629999999999
001,2020-02-13 16:27:06.519427,0.8281629999999999
001,2020-02-13 16:27:07.316339,0.7969109999999999
001,2020-02-13 16:28:31.976464,0.8750399999999999
001,2020-02-13 16:30:21.590857,1.046923
001,2020-02-13 16:30:22.653405,1.062549
001,2020-02-13 16:30:23.731580,1.078174
001,2020-02-13 16:30:24.934760,1.20318
001,2020-02-13 16:30:25.997308,1.062549
001,2020-02-13 16:30:26.997354,1.000046
001,2020-02-13 16:31:59.501589,1.015671
001,2020-02-13 16:32:00.532886,1.031297
001,2020-02-13 16:32:01.501680,0.968794
001,2020-02-13 16:32:07.564458,1.000046
001,2020-02-13 16:32:08.580129,1.015671
001,2020-02-13 16:32:09.627052,1.046923
001,2020-02-13 16:32:10.767729,1.140677
001,2020-02-13 16:32:51.722729,1.062549
001,2020-02-13 16:32:52.832155,1.109426
001,2020-02-13 16:32:53.894703,1.062549
001,2020-02-13 16:32:54.941626,1.046923
001,2020-02-13 16:33:21.474091,0.750034
001,2020-02-13 16:33:29.599463,0.890666
001,2020-02-13 16:33:30.568257,0.968794
001,2020-02-13 16:33:31.537051,0.968794
001,2020-02-13 16:33:32.427717,0.890666
001,2020-02-13 16:33:33.552769,1.125051
001,2020-02-13 16:33:34.505937,0.953169
001,2020-02-13 16:33:35.599737,1.0938
001,2020-02-13 16:33:36.740415,1.140677
001,2020-02-13 16:33:37.834215,1.0938
001,2020-02-13 16:33:38.943640,1.109426
001,2020-02-13 16:33:39.943686,1.000046
001,2020-02-13 16:33:46.944007,1.078174
001,2020-02-13 16:33:47.834672,0.890666
001,2020-02-13 16:33:48.881595,1.046923
001,2020-02-13 16:33:49.975395,1.0938
001,2020-02-13 16:33:50.928564,0.953169
001,2020-02-13 16:33:51.928610,1.000046
001,2020-02-13 16:33:52.975533,1.046923
001,2020-02-13 16:33:54.038081,1.062549
001,2020-02-13 16:34:03.772902,0.937543
001,2020-02-13 16:34:04.804199,1.031297
001,2020-02-13 16:34:05.929251,1.125051
001,2020-02-13 16:34:06.788665,0.8594139999999999
001,2020-02-13 16:34:07.773085,0.9844200000000001
001,2020-02-13 16:34:08.632499,0.8594139999999999
001,2020-02-13 16:34:09.663797,1.031297
001,2020-02-13 16:34:10.695094,1.031297
001,2020-02-13 16:34:11.757643,1.062549
001,2020-02-13 16:34:12.960823,1.20318
001,2020-02-13 16:34:34.164918,1.046923
001,2020-02-13 16:34:35.399350,1.234432
001,2020-02-13 16:34:40.274573,1.171929
001,2020-02-13 16:34:45.399807,1.140677
001,2020-02-13 16:34:46.368602,0.968794
001,2020-02-13 16:34:47.337396,0.968794
001,2020-02-13 16:34:48.274939,0.937543
001,2020-02-13 16:34:49.493745,1.218806
001,2020-02-13 16:35:00.166108,0.8281629999999999
001,2020-02-13 16:35:07.822709,0.968794
001,2020-02-13 16:35:09.025889,1.20318
001,2020-02-13 16:35:10.041560,1.015671
001,2020-02-13 16:35:11.182238,1.140677
001,2020-02-13 16:35:12.244786,1.062549
001,2020-02-13 16:35:13.197955,0.953169
001,2020-02-13 16:35:14.229252,1.031297
001,2020-02-13 16:35:15.338678,1.109426
001,2020-02-13 16:35:16.260595,0.921917
001,2020-02-13 16:35:17.401272,1.140677
001,2020-02-13 16:35:29.229939,1.109426
001,2020-02-13 16:35:30.292487,1.062549
001,2020-02-13 16:35:31.292533,1.000046
001,2020-02-13 16:35:32.308205,1.015671
001,2020-02-13 16:35:42.199282,0.968794
001,2020-02-13 16:35:43.324334,1.125051
001,2020-02-13 16:35:44.355631,1.031297
001,2020-02-13 16:35:45.324425,0.968794
001,2020-02-13 16:36:16.419599,0.9844200000000001
001,2020-02-13 16:36:17.357142,0.937543
001,2020-02-13 16:36:18.216556,0.8594139999999999
001,2020-02-13 16:36:19.075970,0.8594139999999999
001,2020-02-13 16:36:19.966636,0.890666
001,2020-02-13 16:37:39.610907,0.9844200000000001
001,2020-02-13 16:37:40.673456,1.062549
001,2020-02-13 16:37:41.751630,1.078174
001,2020-02-13 16:37:42.970436,1.218806
001,2020-02-13 16:38:25.269247,0.9844200000000001
001,2020-02-13 16:38:26.300544,1.031297
001,2020-02-13 16:38:27.191210,0.890666
001,2020-02-13 16:38:28.191256,1.000046
001,2020-02-13 16:38:29.285056,1.0938
001,2020-02-13 16:38:30.441359,1.156303
001,2020-02-13 16:38:31.550785,1.109426
001,2020-02-13 16:38:32.488328,0.937543
001,2020-02-13 16:38:33.457122,0.968794
001,2020-02-13 16:38:34.691553,1.234432
001,2020-02-13 16:38:35.550968,0.8594139999999999
001,2020-02-13 16:39:10.021296,0.8437889999999999
001,2020-02-13 16:39:11.146347,1.125051
001,2020-02-13 16:39:12.208896,1.062549
001,2020-02-13 16:39:13.271444,1.062549
001,2020-02-13 16:39:29.662820,0.9844200000000001
001,2020-02-13 16:39:30.584737,0.921917
001,2020-02-13 16:39:31.537905,0.953169
001,2020-02-13 16:39:32.522326,0.9844200000000001
001,2020-02-13 16:40:11.961631,1.125051
001,2020-02-13 16:46:07.821670,1.125051
001,2020-02-13 16:46:12.274998,0.968794
001,2020-02-13 16:46:13.275044,1.000046
001,2020-02-13 16:46:14.290716,1.015671
001,2020-02-13 16:46:15.212633,0.921917
001,2020-02-13 16:46:16.150176,0.937543
001,2020-02-13 16:46:17.259602,1.109426
001,2020-02-13 16:46:18.369027,1.109426
001,2020-02-13 16:46:19.384699,1.015671
001,2020-02-13 16:46:20.447248,1.062549
001,2020-02-13 16:46:21.587925,1.140677
001,2020-02-13 16:46:22.634848,1.046923
001,2020-02-13 16:46:23.713022,1.078174
001,2020-02-13 16:46:24.759945,1.046923
001,2020-02-13 16:46:25.791242,1.031297
001,2020-02-13 16:46:26.869416,1.078174
001,2020-02-13 16:46:35.604191,0.937543
001,2020-02-13 16:46:36.588611,0.9844200000000001
001,2020-02-13 16:46:51.745555,1.046923
001,2020-02-13 16:46:52.745601,1.000046
001,2020-02-13 16:48:49.579074,0.7812859999999999
001,2020-02-13 16:48:50.344734,0.76566
001,2020-02-13 16:49:07.189255,0.7969109999999999
001,2020-02-13 16:49:07.986166,0.7969109999999999
001,2020-02-13 16:49:08.970586,0.9844200000000001
001,2020-02-13 16:49:09.783123,0.812537
001,2020-02-13 16:49:10.705041,0.921917
001,2020-02-13 16:49:11.642584,0.937543
001,2020-02-13 16:49:12.564501,0.921917
001,2020-02-13 16:49:13.455167,0.890666
001,2020-02-13 16:49:14.377084,0.921917
001,2020-02-13 16:49:15.252124,0.8750399999999999
001,2020-02-13 16:49:16.267795,1.015671
001,2020-02-13 16:49:17.205338,0.937543
001,2020-02-13 16:49:18.205384,1.000046
001,2020-02-13 16:49:19.189804,0.9844200000000001
001,2020-02-13 16:49:20.221101,1.031297
001,2020-02-13 16:51:31.414607,0.7969109999999999
001,2020-02-13 16:51:32.149015,0.734409
001,2020-02-13 16:51:32.899050,0.750034
001,2020-02-13 16:51:33.570956,0.671906
001,2020-02-13 16:51:34.305364,0.734409
001,2020-02-13 16:51:35.024147,0.718783
001,2020-02-13 16:52:19.729318,0.8750399999999999
001,2020-02-13 16:52:20.807492,1.078174
001,2020-02-13 16:52:21.791913,0.9844200000000001
001,2020-02-13 16:56:01.036324,0.906291
001,2020-02-13 16:56:02.020744,0.9844200000000001
001,2020-02-13 16:56:42.710106,0.890666
001,2020-02-13 16:56:49.382287,0.8594139999999999
001,2020-02-13 16:56:50.288578,0.906291
001,2020-02-13 16:56:58.007681,1.031297
001,2020-02-13 16:56:58.929599,0.921917
001,2020-02-13 16:56:59.773387,0.8437889999999999
001,2020-02-13 16:57:00.742182,0.968794
001,2020-02-13 16:57:01.710976,0.968794
001,2020-02-13 16:57:02.773525,1.062549
001,2020-02-13 16:57:03.726693,0.953169
001,2020-02-13 16:57:04.726739,1.000046
001,2020-02-13 16:57:05.711159,0.9844200000000001
001,2020-02-13 16:57:06.695579,0.9844200000000001
001,2020-02-13 16:57:07.539368,0.8437889999999999
001,2020-02-13 17:00:26.626606,0.921917
001,2020-02-13 17:00:27.704780,1.078174
001,2020-02-13 17:01:12.675589,0.8594139999999999
001,2020-02-13 17:01:50.802334,0.890666
001,2020-02-13 17:01:51.708626,0.906291
001,2020-02-13 17:04:45.732217,0.812537
001,2020-02-13 17:07:40.083947,0.76566
001,2020-02-13 17:09:38.058097,0.578151
001,2020-02-13 17:09:38.667500,0.609403
001,2020-02-13 17:09:39.214400,0.5469
001,2020-02-13 17:09:46.699118,0.76566
001,2020-02-13 17:09:47.355398,0.65628
001,2020-02-13 17:09:48.105432,0.750034
001,2020-02-13 17:09:53.590058,0.7031569999999999
001,2020-02-13 17:09:54.168210,0.578151
001,2020-02-13 17:10:03.356130,0.7031569999999999
001,2020-02-13 17:10:04.043662,0.687531
001,2020-02-13 17:10:04.762445,0.718783
001,2020-02-13 17:10:05.574982,0.812537
001,2020-02-13 17:10:06.246888,0.671906
001,2020-02-13 17:10:06.981296,0.734409
001,2020-02-13 17:10:07.731331,0.750034
001,2020-02-13 17:10:15.731697,0.734409
001,2020-02-13 17:10:16.450480,0.718783
001,2020-02-13 17:10:17.200514,0.750034
001,2020-02-13 17:10:21.794474,0.671906
001,2020-02-13 17:10:22.357000,0.562526
001,2020-02-13 17:10:27.247849,0.750034
001,2020-02-13 17:10:27.872878,0.625029
001,2020-02-13 17:10:28.576035,0.7031569999999999
001,2020-02-13 17:10:29.294818,0.718783
001,2020-02-13 17:10:30.044852,0.750034
001,2020-02-13 17:10:36.092004,0.812537
001,2020-02-13 17:10:36.779535,0.687531
001,2020-02-13 17:10:37.529570,0.750034
001,2020-02-13 17:10:38.217101,0.687531
001,2020-02-13 17:10:38.982761,0.76566
001,2020-02-13 17:10:39.779673,0.7969109999999999
001,2020-02-13 17:10:40.498456,0.718783
001,2020-02-13 17:10:41.295367,0.7969109999999999
001,2020-02-13 17:10:42.029776,0.734409
001,2020-02-13 17:10:42.717307,0.687531
001,2020-02-13 17:10:43.373587,0.65628
001,2020-02-13 17:10:44.029867,0.65628
001,2020-02-13 17:10:44.717399,0.687531
001,2020-02-13 17:10:45.389304,0.671906
001,2020-02-13 17:10:46.154964,0.76566
001,2020-02-13 17:10:46.779993,0.625029
001,2020-02-13 17:10:47.389396,0.609403
001,2020-02-13 17:10:48.186307,0.7969109999999999
001,2020-02-13 17:12:26.831448,0.8437889999999999
001,2020-02-13 17:12:27.768991,0.937543
001,2020-02-13 17:12:31.894179,0.7969109999999999
001,2020-02-13 17:12:32.659839,0.76566
001,2020-02-13 17:12:44.941652,0.953169
001,2020-02-13 17:13:09.989673,0.7812859999999999
001,2020-02-13 17:13:11.005344,1.015671
001,2020-02-13 17:13:23.396537,0.8594139999999999
001,2020-02-13 17:13:24.427834,1.031297
001,2020-02-13 17:13:31.537534,0.937543
001,2020-02-13 17:13:32.443826,0.906291
001,2020-02-13 17:13:33.271989,0.8281629999999999
001,2020-02-13 17:13:34.068900,0.7969109999999999
001,2020-02-13 17:13:35.022069,0.953169
001,2020-02-13 17:13:35.865857,0.8437889999999999
001,2020-02-13 17:13:36.725272,0.8594139999999999
001,2020-02-13 17:13:42.131769,0.8750399999999999
001,2020-02-13 17:13:42.913055,0.7812859999999999
001,2020-02-13 17:13:43.678715,0.76566
001,2020-02-13 17:13:44.506878,0.8281629999999999
001,2020-02-13 17:13:45.428795,0.921917
001,2020-02-13 17:13:46.241332,0.812537
001,2020-02-13 17:13:56.835567,0.8594139999999999
001,2020-02-13 17:13:57.741859,0.906291
001,2020-02-13 17:13:58.632524,0.890666
001,2020-02-13 17:13:59.429436,0.7969109999999999
001,2020-02-13 17:14:00.476359,1.046923
001,2020-02-13 17:14:01.304522,0.8281629999999999
001,2020-02-13 17:14:15.711431,0.8281629999999999
001,2020-02-13 17:14:16.508343,0.7969109999999999
001,2020-02-13 17:14:17.383383,0.8750399999999999
001,2020-02-13 17:14:18.305300,0.921917
001,2020-02-13 17:14:19.117837,0.812537
001,2020-02-13 17:14:20.086632,0.968794
002,2020-02-21 09:19:34.345047,0.7812859999999999
002,2020-02-21 09:19:35.204462,0.8594139999999999
002,2020-02-21 09:19:35.985748,0.7812859999999999
002,2020-02-21 09:19:47.408145,0.7812859999999999
002,2020-02-21 09:19:48.205057,0.7969109999999999
002,2020-02-21 09:19:49.033220,0.8281629999999999
002,2020-02-21 09:19:49.767628,0.734409
002,2020-02-21 09:19:50.767674,1.000046
002,2020-02-21 09:19:51.736469,0.968794
002,2020-02-21 09:19:52.580257,0.8437889999999999
002,2020-02-21 09:20:03.440129,0.812537
002,2020-02-21 09:20:14.049990,0.718783
002,2020-02-21 09:20:14.800024,0.750034
002,2020-02-21 09:20:15.565684,0.76566
002,2020-02-21 09:20:16.315719,0.750034
002,2020-02-21 09:20:17.128256,0.812537
002,2020-02-21 09:20:17.972044,0.8437889999999999
002,2020-02-21 09:20:18.815833,0.8437889999999999
002,2020-02-21 09:20:19.597119,0.7812859999999999
002,2020-02-21 09:20:20.347153,0.750034
002,2020-02-21 09:20:21.112813,0.76566
002,2020-02-21 09:20:21.847222,0.734409
002,2020-02-21 09:20:22.612882,0.76566
002,2020-02-21 09:20:23.362916,0.750034
002,2020-02-21 09:20:24.144202,0.7812859999999999
002,2020-02-21 09:20:24.941113,0.7969109999999999
002,2020-02-21 09:20:25.769276,0.8281629999999999
002,2020-02-21 09:20:26.597439,0.8281629999999999
002,2020-02-21 09:20:27.456854,0.8594139999999999
002,2020-02-21 09:20:28.285017,0.8281629999999999
002,2020-02-21 09:20:29.113179,0.8281629999999999
002,2020-02-21 09:20:29.972594,0.8594139999999999
002,2020-02-21 09:20:30.738254,0.76566
002,2020-02-21 09:20:31.519540,0.7812859999999999
002,2020-02-21 09:20:32.253948,0.734409
002,2020-02-21 09:20:33.003983,0.750034
002,2020-02-21 09:20:33.785268,0.7812859999999999
002,2020-02-21 09:20:34.566554,0.7812859999999999
002,2020-02-21 09:20:35.379091,0.812537
002,2020-02-21 09:20:36.176003,0.7969109999999999
002,2020-02-21 09:20:36.941663,0.76566
002,2020-02-21 09:20:37.707323,0.76566
002,2020-02-21 09:20:38.441731,0.734409
002,2020-02-21 09:20:39.207392,0.76566
002,2020-02-21 09:20:39.973052,0.76566
002,2020-02-21 09:20:40.691834,0.718783
002,2020-02-21 09:20:41.441869,0.750034
002,2020-02-21 09:20:42.223155,0.7812859999999999
002,2020-02-21 09:20:42.973189,0.750034
002,2020-02-21 09:20:43.801352,0.8281629999999999
002,2020-02-21 09:20:44.520135,0.718783
002,2020-02-21 09:20:45.285795,0.76566
002,2020-02-21 09:20:53.395541,0.76566
002,2020-02-21 09:20:54.067447,0.671906
002,2020-02-21 09:20:54.786230,0.718783
002,2020-02-21 09:20:55.505013,0.718783
002,2020-02-21 09:20:56.255047,0.750034
002,2020-02-21 09:20:56.942578,0.687531
002,2020-02-21 09:20:57.630110,0.687531
002,2020-02-21 09:20:58.302016,0.671906
002,2020-02-21 09:20:59.036424,0.734409
002,2020-02-21 09:20:59.723956,0.687531
002,2020-02-21 09:21:00.411487,0.687531
002,2020-02-21 09:21:01.192773,0.7812859999999999
002,2020-02-21 09:21:01.942807,0.750034
002,2020-02-21 09:21:02.739719,0.7969109999999999
002,2020-02-21 09:21:03.567882,0.8281629999999999
002,2020-02-21 09:21:04.349167,0.7812859999999999
002,2020-02-21 09:21:05.114827,0.76566
002,2020-02-21 09:21:05.896113,0.7812859999999999
002,2020-02-21 09:21:14.318374,0.734409
002,2020-02-21 09:21:20.849923,0.7812859999999999
002,2020-02-21 09:21:21.678086,0.8281629999999999
002,2020-02-21 09:21:22.553126,0.8750399999999999
002,2020-02-21 09:21:23.475043,0.921917
002,2020-02-21 09:21:24.350083,0.8750399999999999
002,2020-02-21 09:21:30.928509,0.8437889999999999
002,2020-02-21 09:21:31.756672,0.8281629999999999
002,2020-02-21 09:21:41.397738,0.734409
002,2020-02-21 09:21:42.179024,0.7812859999999999
002,2020-02-21 09:21:42.819678,0.640654
002,2020-02-21 09:23:48.981704,0.7812859999999999
002,2020-02-21 09:23:49.747364,0.76566
002,2020-02-21 09:23:50.528649,0.7812859999999999
002,2020-02-21 09:23:51.263058,0.734409
002,2020-02-21 09:23:52.091221,0.8281629999999999
002,2020-02-21 09:23:52.747501,0.65628
002,2020-02-21 09:23:53.544412,0.7969109999999999
002,2020-02-21 09:24:53.797170,0.65628
002,2020-02-21 09:24:54.547205,0.750034
002,2020-02-21 09:24:55.265988,0.718783
002,2020-02-21 09:24:56.031648,0.76566
002,2020-02-21 09:24:56.719179,0.687531
002,2020-02-21 09:24:57.469213,0.750034
002,2020-02-21 09:24:58.047365,0.578151
002,2020-02-21 09:25:35.377199,0.671906
002,2020-02-21 09:25:36.064730,0.687531
002,2020-02-21 09:25:57.706346,1.046923
002,2020-02-21 09:25:58.878274,1.171929
002,2020-02-21 09:25:59.987700,1.109426
002,2020-02-21 09:26:00.987746,1.000046
002,2020-02-21 09:26:02.112797,1.125051
002,2020-02-21 09:26:03.144095,1.031297
002,2020-02-21 09:26:04.253520,1.109426
002,2020-02-21 09:26:05.316069,1.062549
002,2020-02-21 09:26:06.378618,1.062549
002,2020-02-21 09:26:07.441166,1.062549
002,2020-02-21 09:26:08.550592,1.109426
002,2020-02-21 09:26:22.488730,1.171929
002,2020-02-21 09:27:23.382143,1.046923
002,2020-02-21 09:27:24.350937,0.968794
002,2020-02-21 09:28:16.993972,1.0938
002,2020-02-21 09:32:55.725480,0.609403
002,2020-02-21 09:32:56.366135,0.640654
002,2020-02-21 09:32:57.084918,0.718783
002,2020-02-21 09:33:00.085055,0.671906
002,2020-02-21 09:33:00.741335,0.65628
002,2020-02-21 09:33:01.460118,0.718783
002,2020-02-21 09:33:02.241404,0.7812859999999999
002,2020-02-21 09:33:02.975812,0.734409
002,2020-02-21 09:33:03.647718,0.671906
002,2020-02-21 09:33:04.288372,0.640654
002,2020-02-21 09:33:04.913401,0.625029
002,2020-02-21 09:33:05.522804,0.609403
002,2020-02-21 09:33:06.007201,0.484397
002,2020-02-21 09:33:21.507910,0.65628
002,2020-02-21 09:33:22.132939,0.625029
002,2020-02-21 09:33:22.773593,0.640654
002,2020-02-21 09:33:23.414248,0.640654
002,2020-02-21 09:33:24.070528,0.65628
002,2020-02-21 09:33:24.679931,0.609403
002,2020-02-21 09:33:25.320585,0.640654
002,2020-02-21 09:33:25.914362,0.593777
002,2020-02-21 09:33:26.586268,0.671906
002,2020-02-21 09:33:27.195671,0.609403
002,2020-02-21 09:33:35.649183,0.640654
002,2020-02-21 09:33:36.367966,0.718783
002,2020-02-21 09:33:37.008620,0.640654
002,2020-02-21 09:33:37.680526,0.671906
002,2020-02-21 09:33:42.383866,0.734409
002,2020-02-21 09:33:45.509009,0.625029
002,2020-02-21 09:33:46.196541,0.687531
002,2020-02-21 09:33:46.930949,0.734409
002,2020-02-21 09:33:47.493475,0.562526
002,2020-02-21 09:33:48.149755,0.65628
002,2020-02-21 09:33:48.837286,0.687531
002,2020-02-21 09:33:49.524818,0.687531
002,2020-02-21 09:33:50.196724,0.671906
002,2020-02-21 09:33:50.853004,0.65628
002,2020-02-21 09:33:51.524909,0.671906
002,2020-02-21 09:33:52.181190,0.65628
002,2020-02-21 09:33:52.884347,0.7031569999999999
002,2020-02-21 09:33:53.540627,0.65628
002,2020-02-21 09:33:54.196907,0.65628
002,2020-02-21 09:33:54.868813,0.671906
002,2020-02-21 09:33:55.509467,0.640654
002,2020-02-21 09:33:56.196998,0.687531
002,2020-02-21 09:33:56.806401,0.609403
002,2020-02-21 09:34:00.978467,0.687531
002,2020-02-21 09:34:01.665999,0.687531
002,2020-02-21 09:34:02.353530,0.687531
002,2020-02-21 09:34:03.228570,0.8750399999999999
002,2020-02-21 09:34:06.525596,0.750034
002,2020-02-21 09:34:07.260005,0.734409
002,2020-02-21 09:34:07.947536,0.687531
002,2020-02-21 09:34:08.822576,0.8750399999999999
002,2020-02-21 09:34:18.338637,0.718783
002,2020-02-21 09:34:19.041794,0.7031569999999999
002,2020-02-21 09:34:19.713700,0.671906
002,2020-02-21 09:34:20.432483,0.718783
002,2020-02-21 09:34:21.041886,0.609403
002,2020-02-21 09:34:25.167074,0.687531
002,2020-02-21 09:34:25.838980,0.671906
002,2020-02-21 09:34:26.526512,0.687531
002,2020-02-21 09:34:27.214043,0.687531
002,2020-02-21 09:34:27.917200,0.7031569999999999
002,2020-02-21 09:34:28.589106,0.671906
002,2020-02-21 09:34:29.261012,0.671906
002,2020-02-21 09:34:33.292446,0.640654
002,2020-02-21 09:34:33.995604,0.7031569999999999
002,2020-02-21 09:34:34.667509,0.671906
002,2020-02-21 09:34:35.355041,0.687531
002,2020-02-21 09:34:36.073824,0.718783
002,2020-02-21 09:34:36.683227,0.609403
002,2020-02-21 09:34:37.402009,0.718783
002,2020-02-21 09:34:38.105167,0.7031569999999999
002,2020-02-21 09:34:38.761447,0.65628
002,2020-02-21 09:34:39.433352,0.671906
002,2020-02-21 09:34:47.418093,0.65628
002,2020-02-21 09:34:48.074373,0.65628
002,2020-02-21 09:34:48.715027,0.640654
002,2020-02-21 09:34:49.449436,0.734409
002,2020-02-21 09:34:50.074465,0.625029
002,2020-02-21 09:34:50.777622,0.7031569999999999
002,2020-02-21 09:34:55.246576,0.640654
002,2020-02-21 09:35:20.560235,0.671906
002,2020-02-21 09:35:21.232141,0.671906
002,2020-02-21 09:35:21.904047,0.671906
002,2020-02-21 09:35:22.575953,0.671906
002,2020-02-21 09:35:23.263484,0.687531
002,2020-02-21 09:35:23.951015,0.687531
002,2020-02-21 09:35:24.669798,0.718783
002,2020-02-21 09:35:25.357330,0.687531
002,2020-02-21 09:35:26.076113,0.718783
002,2020-02-21 09:35:26.701141,0.625029
002,2020-02-21 09:35:27.435550,0.734409
002,2020-02-21 09:35:28.123081,0.687531
002,2020-02-21 09:35:28.732484,0.609403
002,2020-02-21 09:35:29.466893,0.734409
002,2020-02-21 09:35:38.561059,0.750034
002,2020-02-21 09:35:39.279842,0.718783
002,2020-02-21 09:35:39.982999,0.7031569999999999
002,2020-02-21 09:35:40.764285,0.7812859999999999
002,2020-02-21 09:35:41.529945,0.76566
002,2020-02-21 09:35:44.780094,0.734409
002,2020-02-21 09:35:48.264628,0.8437889999999999
002,2020-02-21 09:35:54.108646,0.7031569999999999
002,2020-02-21 09:35:54.780552,0.671906
002,2020-02-21 09:35:55.483709,0.7031569999999999
002,2020-02-21 09:35:56.171240,0.687531
002,2020-02-21 09:35:56.843146,0.671906
002,2020-02-21 09:36:00.952709,0.687531
002,2020-02-21 09:36:01.608989,0.65628
002,2020-02-21 09:36:02.296521,0.687531
002,2020-02-21 09:36:02.921549,0.625029
002,2020-02-21 09:36:03.640332,0.718783
002,2020-02-21 09:36:04.343489,0.7031569999999999
002,2020-02-21 09:36:05.062272,0.718783
002,2020-02-21 09:36:05.781055,0.718783
002,2020-02-21 09:36:06.452961,0.671906
002,2020-02-21 09:36:07.171744,0.718783
002,2020-02-21 09:36:07.874901,0.7031569999999999
002,2020-02-21 09:36:08.515555,0.640654
002,2020-02-21 09:36:09.187461,0.671906
002,2020-02-21 09:36:12.656370,0.7031569999999999
002,2020-02-21 09:36:13.375153,0.718783
002,2020-02-21 09:36:14.093936,0.718783
002,2020-02-21 09:36:14.781467,0.687531
002,2020-02-21 09:36:15.437747,0.65628
002,2020-02-21 09:36:16.140904,0.7031569999999999
002,2020-02-21 09:36:16.828436,0.687531
002,2020-02-21 09:36:17.531593,0.7031569999999999
002,2020-02-21 09:36:18.187873,0.65628
002,2020-02-21 09:36:18.891030,0.7031569999999999
002,2020-02-21 09:36:19.453556,0.562526
002,2020-02-21 09:36:20.266093,0.812537
002,2020-02-21 09:36:20.953625,0.687531
002,2020-02-21 09:36:21.609905,0.65628
002,2020-02-21 09:36:27.422671,0.968794
002,2020-02-21 09:36:28.328962,0.906291
002,2020-02-21 09:36:29.141500,0.812537
002,2020-02-21 09:36:29.954037,0.812537
002,2020-02-21 09:36:30.688445,0.734409
002,2020-02-21 09:36:31.360351,0.671906
002,2020-02-21 09:36:32.016631,0.65628
002,2020-02-21 09:36:32.704163,0.687531
002,2020-02-21 09:36:33.391694,0.687531
002,2020-02-21 09:36:34.110477,0.718783
002,2020-02-21 09:36:34.798008,0.687531
002,2020-02-21 09:36:35.548043,0.750034
002,2020-02-21 09:36:36.360580,0.812537
002,2020-02-21 09:36:37.157491,0.7969109999999999
002,2020-02-21 09:37:01.142964,0.718783
002,2020-02-21 09:37:01.767993,0.625029
002,2020-02-21 09:37:02.424273,0.65628
002,2020-02-21 09:37:03.111804,0.687531
002,2020-02-21 09:37:03.814962,0.7031569999999999
002,2020-02-21 09:37:04.518119,0.7031569999999999
002,2020-02-21 09:37:05.221276,0.7031569999999999
002,2020-02-21 09:37:05.877556,0.65628
002,2020-02-21 09:37:06.580713,0.7031569999999999
002,2020-02-21 09:37:07.268245,0.687531
002,2020-02-21 09:37:07.971402,0.7031569999999999
002,2020-02-21 09:37:08.658933,0.687531
002,2020-02-21 09:37:09.330839,0.671906
002,2020-02-21 09:37:09.987119,0.65628
002,2020-02-21 09:37:10.612148,0.625029
002,2020-02-21 09:37:37.160238,0.671906
002,2020-02-21 09:37:37.847770,0.687531
002,2020-02-21 09:37:38.550927,0.7031569999999999
002,2020-02-21 09:37:39.269710,0.718783
002,2020-02-21 09:37:39.941616,0.671906
002,2020-02-21 09:37:40.613521,0.671906
002,2020-02-21 09:37:41.316679,0.7031569999999999
002,2020-02-21 09:37:42.066713,0.750034
002,2020-02-21 09:37:42.707367,0.640654
002,2020-02-21 09:37:43.394899,0.687531
002,2020-02-21 09:37:44.051179,0.65628
002,2020-02-21 09:37:44.769962,0.718783
002,2020-02-21 09:37:45.394990,0.625029
002,2020-02-21 09:37:46.020019,0.625029
002,2020-02-21 09:37:46.691925,0.671906
002,2020-02-21 09:37:47.332579,0.640654
002,2020-02-21 09:37:47.910730,0.578151
002,2020-02-21 09:37:48.488882,0.578151
002,2020-02-21 09:37:51.973416,0.687531
002,2020-02-21 09:37:52.629696,0.65628
002,2020-02-21 09:37:53.285976,0.65628
002,2020-02-21 09:37:53.973508,0.687531
002,2020-02-21 09:37:54.661039,0.687531
002,2020-02-21 09:37:55.301694,0.640654
002,2020-02-21 09:37:55.957974,0.65628
002,2020-02-21 09:37:56.629879,0.671906
002,2020-02-21 09:37:57.317411,0.687531
002,2020-02-21 09:37:58.020568,0.7031569999999999
002,2020-02-21 09:37:58.708100,0.687531
002,2020-02-21 09:37:59.380005,0.671906
002,2020-02-21 09:38:00.051911,0.671906
002,2020-02-21 09:38:00.770694,0.718783
002,2020-02-21 09:38:01.505103,0.734409
002,2020-02-21 09:38:02.192634,0.687531
002,2020-02-21 09:38:02.880166,0.687531
002,2020-02-21 09:38:03.645826,0.76566
002,2020-02-21 09:38:04.364609,0.718783
002,2020-02-21 09:38:05.052140,0.687531
002,2020-02-21 09:38:05.724046,0.671906
002,2020-02-21 09:38:06.411577,0.687531
002,2020-02-21 09:38:07.114734,0.7031569999999999
002,2020-02-21 09:38:07.833517,0.718783
002,2020-02-21 09:38:08.536674,0.7031569999999999
002,2020-02-21 09:38:09.224206,0.687531
002,2020-02-21 09:38:09.942989,0.718783
002,2020-02-21 09:38:10.677397,0.734409
002,2020-02-21 09:38:11.380555,0.7031569999999999
002,2020-02-21 09:38:12.068086,0.687531
002,2020-02-21 09:38:12.739992,0.671906
002,2020-02-21 09:38:13.427523,0.687531
002,2020-02-21 09:38:14.146306,0.718783
002,2020-02-21 09:38:14.833838,0.687531
002,2020-02-21 09:38:15.521369,0.687531
002,2020-02-21 09:38:16.177649,0.65628
002,2020-02-21 09:38:16.833929,0.65628
002,2020-02-21 09:38:17.521461,0.687531
002,2020-02-21 09:38:18.208992,0.687531
002,2020-02-21 09:38:18.896524,0.687531
002,2020-02-21 09:38:19.552804,0.65628
002,2020-02-21 09:38:20.287212,0.734409
002,2020-02-21 09:38:20.990370,0.7031569999999999
002,2020-02-21 09:38:21.693527,0.7031569999999999
002,2020-02-21 09:38:22.381058,0.687531
002,2020-02-21 09:38:23.068590,0.687531
002,2020-02-21 09:38:23.756121,0.687531
002,2020-02-21 09:38:24.459278,0.7031569999999999
002,2020-02-21 09:38:25.146810,0.687531
002,2020-02-21 09:38:25.818716,0.671906
002,2020-02-21 09:38:26.490621,0.671906
002,2020-02-21 09:38:27.178153,0.687531
002,2020-02-21 09:38:27.881310,0.7031569999999999
002,2020-02-21 09:38:28.553216,0.671906
002,2020-02-21 09:38:29.209496,0.65628
002,2020-02-21 09:38:29.897027,0.687531
002,2020-02-21 09:38:30.600184,0.7031569999999999
002,2020-02-21 09:38:31.334593,0.734409
002,2020-02-21 09:38:32.069002,0.734409
002,2020-02-21 09:38:32.756533,0.687531
002,2020-02-21 09:38:33.412813,0.65628
002,2020-02-21 09:38:34.100345,0.687531
002,2020-02-21 09:38:34.787876,0.687531
002,2020-02-21 09:38:35.459782,0.671906
002,2020-02-21 09:38:36.100436,0.640654
002,2020-02-21 09:38:36.787968,0.687531
002,2020-02-21 09:38:37.428622,0.640654
002,2020-02-21 09:38:38.069276,0.640654
002,2020-02-21 09:38:38.756808,0.687531
002,2020-02-21 09:38:39.444339,0.687531
002,2020-02-21 09:38:40.100619,0.65628
002,2020-02-21 09:38:40.819402,0.718783
002,2020-02-21 09:38:41.631939,0.812537
002,2020-02-21 09:38:44.944591,0.671906
002,2020-02-21 09:38:45.632123,0.687531
002,2020-02-21 09:38:46.335280,0.7031569999999999
002,2020-02-21 09:38:47.069688,0.734409
002,2020-02-21 09:38:47.757220,0.687531
002,2020-02-21 09:38:48.444751,0.687531
002,2020-02-21 09:38:49.132283,0.687531
002,2020-02-21 09:38:49.835440,0.7031569999999999
002,2020-02-21 09:38:50.554223,0.718783
002,2020-02-21 09:38:51.273006,0.718783
002,2020-02-21 09:38:51.991789,0.718783
002,2020-02-21 09:38:52.694946,0.7031569999999999
002,2020-02-21 09:38:53.429354,0.734409
002,2020-02-21 09:38:54.163763,0.734409
002,2020-02-21 09:38:54.882546,0.718783
002,2020-02-21 09:38:55.585703,0.7031569999999999
002,2020-02-21 09:38:56.288860,0.7031569999999999
002,2020-02-21 09:38:57.007643,0.718783
002,2020-02-21 09:38:57.726426,0.718783
002,2020-02-21 09:38:58.476460,0.750034
002,2020-02-21 09:38:59.210869,0.734409
002,2020-02-21 09:38:59.867149,0.65628
002,2020-02-21 09:39:00.570306,0.7031569999999999
002,2020-02-21 09:39:01.195335,0.625029
002,2020-02-21 09:39:05.539284,0.718783
002,2020-02-21 09:39:06.179938,0.640654
002,2020-02-21 09:39:06.883095,0.7031569999999999
002,2020-02-21 09:39:07.570627,0.687531
002,2020-02-21 09:39:08.242532,0.671906
002,2020-02-21 09:39:08.867561,0.625029
002,2020-02-21 09:39:09.586344,0.718783
002,2020-02-21 09:39:10.195747,0.609403
002,2020-02-21 09:39:10.961407,0.76566
002,2020-02-21 09:39:11.570810,0.609403
002,2020-02-21 09:39:12.227090,0.65628
002,2020-02-21 09:39:12.914621,0.687531
002,2020-02-21 09:39:13.570901,0.65628
002,2020-02-21 09:39:14.242807,0.671906
002,2020-02-21 09:39:14.945964,0.7031569999999999
002,2020-02-21 09:39:15.633496,0.687531
002,2020-02-21 09:39:16.321027,0.687531
002,2020-02-21 09:39:17.024184,0.7031569999999999
002,2020-02-21 09:39:24.227639,0.625029
002,2020-02-21 09:39:24.899545,0.671906
002,2020-02-21 09:39:25.602702,0.7031569999999999
002,2020-02-21 09:39:26.337111,0.734409
002,2020-02-21 09:39:27.009017,0.671906
002,2020-02-21 09:39:27.696548,0.687531
002,2020-02-21 09:39:28.430957,0.734409
002,2020-02-21 09:39:29.165365,0.734409
002,2020-02-21 09:39:29.868522,0.7031569999999999
002,2020-02-21 09:39:30.524802,0.65628
002,2020-02-21 09:39:31.290462,0.76566
002,2020-02-21 09:39:34.806248,0.718783
002,2020-02-21 09:39:35.525031,0.718783
002,2020-02-21 09:39:36.275066,0.750034
002,2020-02-21 09:39:37.071977,0.7969109999999999
002,2020-02-21 09:39:37.697006,0.625029
002,2020-02-21 09:39:38.384537,0.687531
002,2020-02-21 09:39:39.103320,0.718783
002,2020-02-21 09:39:39.884606,0.7812859999999999
002,2020-02-21 09:39:40.525260,0.640654
002,2020-02-21 09:39:41.259669,0.734409
002,2020-02-21 09:39:48.822515,0.734409
002,2020-02-21 09:39:49.556924,0.734409
002,2020-02-21 09:39:50.291332,0.734409
002,2020-02-21 09:39:50.978864,0.687531
002,2020-02-21 09:39:51.713272,0.734409
002,2020-02-21 09:39:52.447681,0.734409
002,2020-02-21 09:39:53.213341,0.76566
002,2020-02-21 09:39:53.916498,0.7031569999999999
002,2020-02-21 09:39:59.744890,0.76566
002,2020-02-21 09:40:00.479299,0.734409
002,2020-02-21 09:40:01.198081,0.718783
002,2020-02-21 09:40:01.901239,0.7031569999999999
002,2020-02-21 09:40:02.620022,0.718783
002,2020-02-21 09:40:03.385682,0.76566
002,2020-02-21 09:40:04.151342,0.76566
002,2020-02-21 09:40:04.838873,0.687531
002,2020-02-21 09:40:05.557656,0.718783
002,2020-02-21 09:40:06.276439,0.718783
002,2020-02-21 09:40:07.042099,0.76566
002,2020-02-21 09:40:07.776508,0.734409
002,2020-02-21 09:40:08.464039,0.687531
002,2020-02-21 09:40:09.198448,0.734409
002,2020-02-21 09:40:09.932856,0.734409
002,2020-02-21 09:40:10.682891,0.750034
002,2020-02-21 09:40:11.370422,0.687531
002,2020-02-21 09:40:12.042328,0.671906
002,2020-02-21 09:40:12.745485,0.7031569999999999
002,2020-02-21 09:40:13.479894,0.734409
002,2020-02-21 09:40:14.183051,0.7031569999999999
002,2020-02-21 09:40:14.854957,0.671906
002,2020-02-21 09:40:15.542488,0.687531
002,2020-02-21 09:40:16.261271,0.718783
002,2020-02-21 09:40:16.964428,0.7031569999999999
002,2020-02-21 09:40:17.667585,0.7031569999999999
002,2020-02-21 09:40:18.370743,0.7031569999999999
002,2020-02-21 09:40:19.058274,0.687531
002,2020-02-21 09:40:19.730180,0.671906
002,2020-02-21 09:40:20.495840,0.76566
002,2020-02-21 09:40:21.167746,0.671906
002,2020-02-21 09:40:21.902154,0.734409
002,2020-02-21 09:40:22.558434,0.65628
002,2020-02-21 09:40:23.261591,0.7031569999999999
002,2020-02-21 09:40:23.980374,0.718783
002,2020-02-21 09:40:24.667906,0.687531
002,2020-02-21 09:40:25.417940,0.750034
002,2020-02-21 09:40:26.089846,0.671906
002,2020-02-21 09:40:26.777377,0.687531
002,2020-02-21 09:40:27.464909,0.687531
002,2020-02-21 09:40:28.214943,0.750034
002,2020-02-21 09:40:28.918100,0.7031569999999999
002,2020-02-21 09:40:29.590006,0.671906
002,2020-02-21 09:40:30.277538,0.687531
002,2020-02-21 09:40:30.996320,0.718783
002,2020-02-21 09:40:31.746355,0.750034
002,2020-02-21 09:40:32.465138,0.718783
002,2020-02-21 09:40:33.215172,0.750034
002,2020-02-21 09:40:33.933955,0.718783
002,2020-02-21 09:40:41.418673,0.718783
002,2020-02-21 09:40:42.090578,0.671906
002,2020-02-21 09:40:42.809361,0.718783
002,2020-02-21 09:40:43.496893,0.687531
002,2020-02-21 09:40:44.184424,0.687531
002,2020-02-21 09:40:44.903207,0.718783
002,2020-02-21 09:40:45.606364,0.7031569999999999
002,2020-02-21 09:40:46.325147,0.718783
002,2020-02-21 09:40:47.012679,0.687531
002,2020-02-21 09:40:47.653333,0.640654
002,2020-02-21 09:40:48.356490,0.7031569999999999
003,2020-02-22 18:10:34.814963,0.7969109999999999
003,2020-02-22 18:10:42.159050,0.7969109999999999
003,2020-02-22 18:10:42.971587,0.812537
003,2020-02-22 18:10:43.799750,0.8281629999999999
003,2020-02-22 18:10:44.627913,0.8281629999999999
003,2020-02-22 18:10:45.424824,0.7969109999999999
003,2020-02-22 18:10:46.221735,0.7969109999999999
003,2020-02-22 18:13:00.196618,0.625029
003,2020-02-22 18:13:00.868524,0.671906
003,2020-02-22 18:13:01.556055,0.687531
003,2020-02-22 18:13:02.227961,0.671906
003,2020-02-22 18:13:02.915493,0.687531
003,2020-02-22 18:23:26.803426,0.625029
003,2020-02-22 18:23:27.428454,0.625029
003,2020-02-22 18:23:37.491415,0.65628
003,2020-02-22 18:23:38.132069,0.640654
003,2020-02-22 18:23:38.757098,0.625029
003,2020-02-22 18:23:39.397752,0.640654
003,2020-02-22 18:23:40.022781,0.625029
003,2020-02-22 18:23:40.679061,0.65628
003,2020-02-22 18:23:41.319715,0.640654
003,2020-02-22 18:23:41.960370,0.640654
003,2020-02-22 18:23:42.601024,0.640654
003,2020-02-22 18:23:43.272930,0.671906
003,2020-02-22 18:23:43.929210,0.65628
003,2020-02-22 18:23:44.601115,0.671906
003,2020-02-22 18:26:11.435962,0.750034
003,2020-02-22 18:26:12.185996,0.750034
003,2020-02-22 18:26:12.904779,0.718783
003,2020-02-22 18:26:13.623562,0.718783
003,2020-02-22 18:26:14.420473,0.7969109999999999
003,2020-02-22 18:26:15.170508,0.750034
003,2020-02-22 18:26:26.717911,0.734409
003,2020-02-22 18:27:21.642300,0.812537
003,2020-02-22 18:27:22.470463,0.8281629999999999
003,2020-02-22 18:27:23.251749,0.7812859999999999
003,2020-02-22 18:27:24.064286,0.812537
003,2020-02-22 18:27:24.861198,0.7969109999999999
003,2020-02-22 18:27:25.673735,0.812537
003,2020-02-22 18:27:26.470646,0.7969109999999999
003,2020-02-22 18:27:27.251932,0.7812859999999999
003,2020-02-22 18:27:28.033218,0.7812859999999999
003,2020-02-22 18:27:28.830129,0.7969109999999999
003,2020-02-22 18:27:29.611415,0.7812859999999999
003,2020-02-22 18:27:30.408327,0.7969109999999999
003,2020-02-22 18:27:31.220864,0.812537
003,2020-02-22 18:27:32.049027,0.8281629999999999
003,2020-02-22 18:27:32.845938,0.7969109999999999
003,2020-02-22 18:27:33.642850,0.7969109999999999
003,2020-02-22 18:27:34.486638,0.8437889999999999
003,2020-02-22 18:27:35.236673,0.750034
003,2020-02-22 18:27:36.002333,0.76566
003,2020-02-22 18:27:36.752367,0.750034
003,2020-02-22 18:27:37.533653,0.7812859999999999
003,2020-02-22 18:30:27.400803,0.7969109999999999
003,2020-02-22 18:30:28.197715,0.7969109999999999
003,2020-02-22 18:30:29.010252,0.812537
003,2020-02-22 18:33:10.361387,0.640654
003,2020-02-22 18:33:11.002042,0.640654
003,2020-02-22 18:33:11.627070,0.625029
003,2020-02-22 18:33:12.252099,0.625029
003,2020-02-22 18:33:12.892753,0.640654
003,2020-02-22 18:33:13.533408,0.640654
003,2020-02-22 18:33:14.174062,0.640654
003,2020-02-22 18:33:14.799091,0.625029
003,2020-02-22 18:33:15.439745,0.640654
003,2020-02-22 18:33:16.064774,0.625029
003,2020-02-22 18:33:16.721054,0.65628
003,2020-02-22 18:33:17.361708,0.640654
003,2020-02-22 18:33:17.986737,0.625029
003,2020-02-22 18:33:18.627391,0.640654
003,2020-02-22 18:33:19.283671,0.65628
003,2020-02-22 18:33:19.924325,0.640654
003,2020-02-22 18:33:20.564980,0.640654
003,2020-02-22 18:33:21.205634,0.640654
003,2020-02-22 18:33:21.861914,0.65628
003,2020-02-22 18:33:22.533820,0.671906
003,2020-02-22 18:33:23.174474,0.640654
003,2020-02-22 18:33:23.799503,0.625029
003,2020-02-22 18:33:34.596872,0.65628
003,2020-02-22 18:34:09.379714,0.890666
003,2020-02-22 18:34:35.146518,0.734409
003,2020-02-22 18:34:35.834050,0.687531
003,2020-02-22 18:34:36.521581,0.687531
003,2020-02-22 18:34:37.271616,0.750034
003,2020-02-22 18:34:37.959147,0.687531
003,2020-02-22 18:34:38.693556,0.734409
003,2020-02-22 18:34:39.365462,0.671906
003,2020-02-22 18:34:40.068619,0.7031569999999999
003,2020-02-22 18:34:40.787402,0.718783
003,2020-02-22 18:34:41.521810,0.734409
003,2020-02-22 18:34:42.224967,0.7031569999999999
003,2020-02-22 18:34:42.959376,0.734409
003,2020-02-22 18:34:43.631282,0.671906
003,2020-02-22 18:34:44.334439,0.7031569999999999
003,2020-02-22 18:34:45.053222,0.718783
003,2020-02-22 18:34:45.772005,0.718783
003,2020-02-22 18:34:46.490788,0.718783
003,2020-02-22 18:34:47.193945,0.7031569999999999
003,2020-02-22 18:34:47.881476,0.687531
003,2020-02-22 18:36:54.652904,0.640654
003,2020-02-22 18:36:55.340436,0.687531
003,2020-02-22 18:36:55.965464,0.625029
003,2020-02-22 18:36:56.637370,0.671906
003,2020-02-22 18:36:57.293650,0.65628
003,2020-02-22 18:36:57.965556,0.671906
003,2020-02-22 18:36:58.653087,0.687531
003,2020-02-22 18:36:59.356245,0.7031569999999999
003,2020-02-22 18:37:00.043776,0.687531
003,2020-02-22 18:37:00.746933,0.7031569999999999
003,2020-02-22 18:37:01.450090,0.7031569999999999
003,2020-02-22 18:39:10.831013,0.812537
003,2020-02-22 18:39:11.487293,0.65628
003,2020-02-22 18:39:12.221701,0.734409
003,2020-02-22 18:39:12.971736,0.750034
003,2020-02-22 18:43:40.718367,0.7812859999999999
003,2020-02-22 18:43:41.343395,0.625029
003,2020-02-22 18:45:02.440858,0.671906
003,2020-02-22 18:45:03.128389,0.687531
003,2020-02-22 18:58:46.697338,0.734409
003,2020-02-22 18:58:47.447372,0.750034
003,2020-02-22 18:58:48.181781,0.734409
003,2020-02-22 18:58:48.900563,0.718783
003,2020-02-22 18:58:49.634972,0.734409
003,2020-02-22 18:58:50.369381,0.734409
003,2020-02-22 19:01:12.657144,0.671906
003,2020-02-22 19:01:13.329050,0.671906
003,2020-02-22 19:01:14.016581,0.687531
003,2020-02-22 19:01:14.688487,0.671906
003,2020-02-22 19:03:23.881901,0.718783
003,2020-02-22 19:05:40.935049,0.671906
003,2020-02-22 19:05:41.638206,0.7031569999999999
003,2020-02-22 19:05:42.356989,0.718783
003,2020-02-22 19:05:43.044521,0.687531
003,2020-02-22 19:05:43.778929,0.734409
003,2020-02-22 19:05:44.466461,0.687531
003,2020-02-22 19:05:45.263372,0.7969109999999999
003,2020-02-22 19:05:46.169664,0.906291
003,2020-02-22 19:05:49.763578,0.7969109999999999
003,2020-02-22 19:06:29.843538,0.76566
003,2020-02-22 19:06:30.546695,0.7031569999999999
003,2020-02-22 19:06:31.202975,0.65628
003,2020-02-22 19:06:31.968635,0.76566
003,2020-02-22 19:06:32.671793,0.7031569999999999
003,2020-02-22 19:06:33.453078,0.7812859999999999
003,2020-02-22 19:06:59.360514,0.7969109999999999
003,2020-02-22 19:07:00.016794,0.65628
003,2020-02-22 19:07:00.751203,0.734409
003,2020-02-22 19:07:01.407483,0.65628
003,2020-02-22 19:07:02.204394,0.7969109999999999
003,2020-02-22 19:08:01.316475,0.7969109999999999
003,2020-02-22 19:08:02.035258,0.718783
003,2020-02-22 19:08:11.332559,0.7031569999999999
003,2020-02-22 19:08:12.035716,0.7031569999999999
003,2020-02-22 19:08:12.738873,0.7031569999999999
003,2020-02-22 19:08:13.457656,0.718783
003,2020-02-22 19:08:29.380260,0.687531
003,2020-02-22 19:08:30.083417,0.7031569999999999
003,2020-02-22 19:08:30.786574,0.7031569999999999
003,2020-02-22 19:08:31.489731,0.7031569999999999
003,2020-02-22 19:08:32.192888,0.7031569999999999
003,2020-02-22 19:08:32.911671,0.718783
003,2020-02-22 19:08:33.614829,0.7031569999999999
003,2020-02-22 19:08:34.333611,0.718783
003,2020-02-22 19:08:35.052394,0.718783
003,2020-02-22 19:08:35.771177,0.718783
003,2020-02-22 19:08:36.458709,0.687531
003,2020-02-22 19:16:51.543871,0.484397
003,2020-02-22 19:16:52.059520,0.515649
003,2020-02-22 19:16:52.559542,0.500023
003,2020-02-22 19:16:53.106442,0.5469
003,2020-02-22 19:16:53.543962,0.43751999999999996
003,2020-02-22 19:16:54.043985,0.500023
003,2020-02-22 19:17:01.075557,0.5469
003,2020-02-22 19:17:01.591206,0.515649
003,2020-02-22 19:17:02.138106,0.5469
003,2020-02-22 19:17:02.606877,0.468771
003,2020-02-22 19:17:03.075649,0.468771
003,2020-02-22 19:17:03.606923,0.531274
003,2020-02-22 19:17:04.138197,0.531274
003,2020-02-22 19:17:04.638220,0.500023
003,2020-02-22 19:21:50.854447,0.484397
003,2020-02-22 19:21:51.495101,0.640654
003,2020-02-22 19:21:51.979498,0.484397
003,2020-02-22 19:21:52.510772,0.531274
003,2020-02-22 19:21:53.057673,0.5469
003,2020-02-22 19:21:53.651450,0.593777
003,2020-02-22 19:22:00.276753,0.562526
003,2020-02-22 19:22:00.839279,0.562526
003,2020-02-22 19:22:01.401804,0.562526
003,2020-02-22 19:22:01.964330,0.562526
003,2020-02-22 19:22:02.511230,0.5469
003,2020-02-22 19:22:03.058130,0.5469
003,2020-02-22 19:22:19.105740,0.593777
003,2020-02-22 19:22:19.652640,0.5469
003,2020-02-22 19:22:20.277668,0.625029
003,2020-02-22 19:22:20.855820,0.578151
003,2020-02-22 19:22:29.668723,0.609403
003,2020-02-22 19:23:36.921802,0.562526
003,2020-02-22 19:23:37.515579,0.593777
003,2020-02-22 19:23:38.093730,0.578151
003,2020-02-22 19:23:38.671882,0.578151
003,2020-02-22 19:30:10.205429,0.500023
003,2020-02-22 19:30:10.767955,0.562526
003,2020-02-22 19:30:11.252352,0.484397
003,2020-02-22 19:30:11.783626,0.531274
003,2020-02-22 19:33:30.042701,0.5469
003,2020-02-22 19:33:30.589602,0.5469
003,2020-02-22 19:33:31.136502,0.5469
003,2020-02-22 19:33:31.620899,0.484397
003,2020-02-22 19:33:32.167799,0.5469
003,2020-02-22 19:33:32.683447,0.515649
003,2020-02-22 19:33:33.214722,0.531274
003,2020-02-22 19:33:33.699119,0.484397
003,2020-02-22 19:33:34.261645,0.562526
003,2020-02-22 19:33:34.761667,0.500023
003,2020-02-22 19:33:35.355445,0.593777
003,2020-02-22 19:33:35.949222,0.593777
003,2020-02-22 19:33:40.871322,0.468771
003,2020-02-22 19:33:41.340094,0.468771
003,2020-02-22 19:33:41.855742,0.515649
003,2020-02-22 19:33:42.355765,0.500023
003,2020-02-22 19:33:42.746408,0.39064299999999996
003,2020-02-22 19:35:47.377113,0.531274
003,2020-02-22 19:35:47.908387,0.531274
003,2020-02-22 19:36:30.269701,0.562526
003,2020-02-22 19:36:30.847853,0.578151
003,2020-02-22 19:36:31.394753,0.5469
003,2020-02-22 19:36:31.926027,0.531274
003,2020-02-22 19:36:32.551056,0.625029
003,2020-02-22 19:36:35.816830,0.593777
003,2020-02-22 19:36:36.332479,0.515649
003,2020-02-22 19:36:36.941882,0.609403
003,2020-02-22 19:36:37.504407,0.562526
003,2020-02-22 19:36:38.020056,0.515649
003,2020-02-22 19:36:38.566956,0.5469
003,2020-02-22 19:36:39.098230,0.531274
003,2020-02-22 19:39:28.371604,0.468771
003,2020-02-22 19:47:21.987033,0.484397
003,2020-02-22 19:47:22.533933,0.5469
003,2020-02-22 19:47:29.299868,0.515649
003,2020-02-22 19:47:29.721762,0.42189399999999994
003,2020-02-22 19:47:30.221785,0.500023
003,2020-02-22 19:47:30.706182,0.484397
003,2020-02-22 19:47:31.143702,0.43751999999999996
003,2020-02-22 19:47:31.674977,0.531274
003,2020-02-22 19:47:32.096871,0.42189399999999994
003,2020-02-22 19:50:13.213621,0.515649
003,2020-02-22 19:50:13.791772,0.578151
003,2020-02-22 19:50:14.260544,0.468771
003,2020-02-22 19:50:14.807444,0.5469
003,2020-02-22 19:50:15.338718,0.531274
003,2020-02-22 19:50:15.807489,0.468771
003,2020-02-22 19:50:16.323138,0.515649
003,2020-02-22 19:50:16.807535,0.484397
003,2020-02-22 19:50:17.323184,0.515649
003,2020-02-22 19:50:17.854458,0.531274
003,2020-02-22 19:50:18.307604,0.453146
003,2020-02-22 19:50:18.807627,0.500023
003,2020-02-22 19:50:19.323275,0.515649
003,2020-02-22 19:50:19.838924,0.515649
003,2020-02-22 19:50:20.307695,0.468771
003,2020-02-22 19:50:20.854595,0.5469
003,2020-02-22 19:50:23.276581,0.515649
003,2020-02-22 19:50:23.760978,0.484397
003,2020-02-22 19:50:24.198498,0.43751999999999996
003,2020-02-22 19:53:23.269195,0.484397
003,2020-02-22 19:53:23.706715,0.43751999999999996
003,2020-02-22 19:53:24.191113,0.484397
003,2020-02-22 19:53:24.738013,0.5469
003,2020-02-22 19:53:25.206784,0.468771
003,2020-02-22 19:55:10.539731,0.500023
003,2020-02-22 19:55:11.086631,0.5469
003,2020-02-22 20:02:26.997209,0.578151
003,2020-02-22 20:02:46.576231,0.5469
003,2020-02-22 20:02:47.154382,0.578151
003,2020-02-22 20:04:45.659807,0.5469
003,2020-02-22 20:04:46.253584,0.593777
003,2020-02-22 20:05:05.160699,0.578151
003,2020-02-22 20:05:23.302155,0.718783
003,2020-02-22 20:05:23.974061,0.671906
003,2020-02-22 20:05:24.645966,0.671906
003,2020-02-22 20:05:25.333498,0.687531
003,2020-02-22 20:05:25.989778,0.65628
003,2020-02-22 20:05:26.646058,0.65628
003,2020-02-22 20:05:27.302338,0.65628
003,2020-02-22 20:05:27.958618,0.65628
003,2020-02-22 20:05:28.614898,0.65628
003,2020-02-22 20:05:29.271178,0.65628
003,2020-02-22 20:05:29.943084,0.671906
003,2020-02-22 20:05:30.583738,0.640654
003,2020-02-22 20:05:31.286895,0.7031569999999999
003,2020-02-22 20:05:31.958801,0.671906
003,2020-02-22 20:05:32.599455,0.640654
003,2020-02-22 20:05:33.255735,0.65628
003,2020-02-22 20:05:33.912015,0.65628
003,2020-02-22 20:05:34.568295,0.65628
003,2020-02-22 20:05:35.208950,0.640654
003,2020-02-22 20:05:49.709614,0.625029
003,2020-02-22 20:05:50.506525,0.7969109999999999
003,2020-02-22 20:06:16.554592,0.531274
003,2020-02-22 20:06:17.148370,0.593777
003,2020-02-22 20:06:17.804650,0.65628
003,2020-02-22 20:06:18.382801,0.578151
003,2020-02-22 20:06:18.960953,0.578151
003,2020-02-22 20:06:19.585981,0.625029
003,2020-02-22 20:06:20.195384,0.609403
003,2020-02-22 20:06:20.757910,0.562526
003,2020-02-22 20:06:21.414190,0.65628
003,2020-02-22 20:06:21.976716,0.562526
003,2020-02-22 20:06:22.476738,0.500023
003,2020-02-22 20:06:23.070516,0.593777
003,2020-02-22 20:06:23.601790,0.531274
003,2020-02-22 20:06:24.117439,0.515649
003,2020-02-22 20:06:24.664339,0.5469
003,2020-02-22 20:06:25.226864,0.562526
003,2020-02-22 20:06:25.820642,0.593777
003,2020-02-22 20:06:26.398793,0.578151
003,2020-02-22 20:06:26.992570,0.593777
003,2020-02-22 20:06:51.915586,0.671906
003,2020-02-22 20:06:52.524989,0.609403
003,2020-02-22 20:06:53.150017,0.625029
003,2020-02-22 20:06:53.806298,0.65628
003,2020-02-22 20:06:54.400075,0.593777
003,2020-02-22 20:06:55.025103,0.625029
003,2020-02-22 20:06:55.650132,0.625029
003,2020-02-22 20:06:56.290786,0.640654
003,2020-02-22 20:06:56.915815,0.625029
003,2020-02-22 20:06:57.556469,0.640654
003,2020-02-22 20:07:10.916456,0.640654
003,2020-02-22 20:07:33.589369,0.65628
003,2020-02-22 20:07:34.183146,0.593777
003,2020-02-22 20:07:34.901929,0.718783
003,2020-02-22 20:07:35.605086,0.7031569999999999
003,2020-02-22 20:07:36.198863,0.593777
003,2020-02-22 20:07:36.855143,0.65628
003,2020-02-22 20:07:37.495798,0.640654
003,2020-02-22 20:07:43.214809,0.593777
003,2020-02-22 20:07:43.949218,0.734409
003,2020-02-22 20:07:44.636750,0.687531
003,2020-02-22 20:07:45.246152,0.609403
003,2020-02-22 20:07:45.855555,0.609403
003,2020-02-22 20:07:46.511835,0.65628
003,2020-02-22 20:07:47.183741,0.671906
003,2020-02-22 20:07:47.824395,0.640654
003,2020-02-22 20:07:48.449424,0.625029
003,2020-02-22 20:07:49.121330,0.671906
003,2020-02-22 20:07:49.761984,0.640654
003,2020-02-22 20:07:50.355761,0.593777
003,2020-02-22 20:07:50.996416,0.640654
003,2020-02-22 20:09:07.281157,0.671906
003,2020-02-22 20:09:07.921812,0.640654
003,2020-02-22 20:09:08.624969,0.7031569999999999
003,2020-02-22 20:09:13.078298,0.468771
003,2020-02-22 20:09:13.500192,0.42189399999999994
003,2020-02-22 20:10:10.518427,0.562526
003,2020-02-22 20:10:17.424993,0.562526
003,2020-02-22 20:10:17.956268,0.531274
003,2020-02-22 20:10:18.518793,0.562526
003,2020-02-22 20:10:19.175073,0.65628
003,2020-02-22 20:10:19.784476,0.609403
003,2020-02-22 20:10:36.566494,0.515649
003,2020-02-22 20:10:37.097769,0.531274
003,2020-02-22 20:10:37.597792,0.500023
003,2020-02-22 20:10:38.097815,0.500023
003,2020-02-22 20:10:38.644715,0.5469
003,2020-02-22 20:10:39.222866,0.578151
003,2020-02-22 20:10:39.785392,0.562526
003,2020-02-22 20:10:40.238538,0.453146
003,2020-02-22 20:10:40.738560,0.500023
003,2020-02-22 20:13:16.339433,0.515649
003,2020-02-22 20:14:15.310882,0.609403
003,2020-02-22 20:14:15.873408,0.562526
003,2020-02-22 20:15:12.110357,0.718783
003,2020-02-22 20:15:12.704134,0.593777
003,2020-02-22 20:15:13.266660,0.562526
003,2020-02-22 20:15:13.938566,0.671906
003,2020-02-22 20:15:14.688600,0.750034
003,2020-02-22 20:19:18.527887,0.609403
003,2020-02-22 20:19:19.231044,0.7031569999999999
003,2020-02-22 20:19:19.887324,0.65628
003,2020-02-22 20:19:20.496727,0.609403
003,2020-02-22 20:20:15.889888,0.718783
003,2020-02-22 20:20:16.593045,0.7031569999999999
003,2020-02-22 20:20:17.311828,0.718783
003,2020-02-22 20:20:17.999359,0.687531
003,2020-02-22 20:20:18.718142,0.718783
003,2020-02-22 20:20:19.436925,0.718783
003,2020-02-22 20:20:20.155708,0.718783
003,2020-02-22 20:20:20.843239,0.687531
003,2020-02-22 20:20:21.530771,0.687531
003,2020-02-22 20:20:22.327682,0.7969109999999999
003,2020-02-22 20:20:22.905834,0.578151
003,2020-02-22 20:20:23.733997,0.8281629999999999
003,2020-02-22 20:20:24.327774,0.593777
003,2020-02-22 20:20:24.937177,0.609403
003,2020-02-22 20:20:25.609082,0.671906
003,2020-02-22 20:20:26.327865,0.718783
003,2020-02-22 20:20:34.718874,0.65628
003,2020-02-22 20:20:35.375154,0.65628
003,2020-02-22 20:20:36.031435,0.65628
003,2020-02-22 20:20:36.656463,0.625029
003,2020-02-22 20:20:45.703752,0.65628
003,2020-02-22 20:20:46.360032,0.65628
003,2020-02-22 20:20:47.031938,0.671906
003,2020-02-22 20:20:47.703844,0.671906
003,2020-02-22 20:20:48.375750,0.671906
003,2020-02-22 20:20:49.063281,0.687531
003,2020-02-22 20:20:49.735187,0.671906
003,2020-02-22 20:20:50.438344,0.7031569999999999
003,2020-02-22 20:20:51.125875,0.687531
003,2020-02-22 20:20:51.797781,0.671906
003,2020-02-22 20:20:52.500938,0.7031569999999999
003,2020-02-22 20:20:53.172844,0.671906
003,2020-02-22 20:20:53.829124,0.65628
003,2020-02-22 20:20:54.501030,0.671906
003,2020-02-22 20:20:55.172936,0.671906
003,2020-02-22 20:20:55.844841,0.671906
003,2020-02-22 20:20:56.532373,0.687531
003,2020-02-22 20:20:57.204279,0.671906
003,2020-02-22 20:20:57.891810,0.687531
003,2020-02-22 20:20:58.563716,0.671906
003,2020-02-22 20:20:59.251247,0.687531
003,2020-02-22 20:20:59.938779,0.687531
003,2020-02-22 20:21:00.610685,0.671906
003,2020-02-22 20:21:01.313842,0.7031569999999999
003,2020-02-22 20:21:01.985748,0.671906
003,2020-02-22 20:21:02.673279,0.687531
003,2020-02-22 20:21:03.360811,0.687531
003,2020-02-22 20:21:04.032716,0.671906
003,2020-02-22 20:21:04.704622,0.671906
003,2020-02-22 20:21:05.360902,0.65628
003,2020-02-22 20:21:06.032808,0.671906
003,2020-02-22 20:21:06.704714,0.671906
003,2020-02-22 20:21:07.360994,0.65628
003,2020-02-22 20:21:08.001648,0.640654
003,2020-02-22 20:21:08.673554,0.671906
003,2020-02-22 20:21:09.345459,0.671906
003,2020-02-22 20:21:10.001740,0.65628
003,2020-02-22 20:21:10.673645,0.671906
003,2020-02-22 20:21:11.361177,0.687531
003,2020-02-22 20:21:12.033082,0.671906
003,2020-02-22 20:21:12.736240,0.7031569999999999
003,2020-02-22 20:21:13.423771,0.687531
003,2020-02-22 20:21:51.050493,0.625029
003,2020-02-22 20:21:51.738025,0.687531
003,2020-02-22 20:21:52.331802,0.593777
003,2020-02-22 20:21:53.034959,0.7031569999999999
003,2020-02-22 20:21:53.644362,0.609403
003,2020-02-22 20:21:54.331894,0.687531
003,2020-02-22 20:21:54.956922,0.625029
003,2020-02-22 20:22:00.847817,0.65628
003,2020-02-22 20:22:01.582226,0.734409
003,2020-02-22 20:22:02.254131,0.671906
003,2020-02-22 20:22:02.910411,0.65628
003,2020-02-22 20:22:03.566691,0.65628
003,2020-02-22 20:22:04.254223,0.687531
003,2020-02-22 20:22:04.941754,0.687531
003,2020-02-22 20:22:05.613660,0.671906
003,2020-02-22 20:22:06.285566,0.671906
003,2020-02-22 20:22:06.941846,0.65628
003,2020-02-22 20:22:07.676255,0.734409
003,2020-02-22 20:22:08.270032,0.593777
003,2020-02-22 20:22:08.941937,0.671906
003,2020-02-22 20:22:09.691972,0.750034
003,2020-02-22 20:22:10.332626,0.640654
003,2020-02-22 20:22:10.957655,0.625029
003,2020-02-22 20:22:11.692063,0.734409
003,2020-02-22 20:22:30.146033,0.640654
003,2020-02-22 20:22:30.833565,0.687531
003,2020-02-22 20:22:31.489845,0.65628
003,2020-02-22 20:22:32.130499,0.640654
003,2020-02-22 20:22:38.021394,0.640654
003,2020-02-22 20:22:38.662048,0.640654
003,2020-02-22 20:22:39.302702,0.640654
003,2020-02-22 20:22:39.974608,0.671906
003,2020-02-22 20:22:40.552759,0.578151
003,2020-02-22 20:22:41.224665,0.671906
003,2020-02-22 20:22:41.802817,0.578151
003,2020-02-22 20:22:42.443471,0.640654
003,2020-02-22 20:22:43.099751,0.65628
003,2020-02-22 20:22:43.662277,0.562526
003,2020-02-22 20:22:44.287305,0.625029
003,2020-02-22 20:22:44.943585,0.65628
003,2020-02-22 20:22:45.568614,0.625029
003,2020-02-22 20:22:56.209726,0.640654
003,2020-02-22 20:22:56.881632,0.671906
003,2020-02-22 20:22:57.569163,0.687531
003,2020-02-22 20:22:58.256695,0.687531
003,2020-02-22 20:22:58.897349,0.640654
003,2020-02-22 20:22:59.569255,0.671906
003,2020-02-22 20:23:09.116567,0.687531
003,2020-02-22 20:23:09.757221,0.640654
003,2020-02-22 20:23:17.257565,0.671906
003,2020-02-22 20:23:17.929470,0.671906
003,2020-02-22 20:23:34.930248,0.640654
003,2020-02-22 20:23:35.649031,0.718783
003,2020-02-22 20:23:36.242809,0.593777
003,2020-02-22 20:23:36.914714,0.671906
004,2020-02-27 08:37:37.360078,0.734409
004,2020-02-27 08:37:38.188241,0.8281629999999999
004,2020-02-27 08:37:38.985152,0.7969109999999999
004,2020-02-27 08:37:39.766438,0.7812859999999999
004,2020-02-27 08:37:40.563350,0.7969109999999999
004,2020-02-27 08:37:41.422764,0.8594139999999999
004,2020-02-27 08:37:42.266553,0.8437889999999999
004,2020-02-27 08:37:43.063464,0.7969109999999999
004,2020-02-27 08:37:43.797873,0.734409
004,2020-02-27 08:38:22.299635,0.8594139999999999
004,2020-02-27 08:38:23.018418,0.718783
004,2020-02-27 08:38:23.893458,0.8750399999999999
004,2020-02-27 08:38:24.737247,0.8437889999999999
004,2020-02-27 08:38:25.534158,0.7969109999999999
004,2020-02-27 08:38:26.346695,0.812537
004,2020-02-27 08:38:27.221735,0.8750399999999999
004,2020-02-27 08:38:28.049898,0.8281629999999999
004,2020-02-27 08:38:28.846810,0.7969109999999999
004,2020-02-27 08:38:29.690598,0.8437889999999999
004,2020-02-27 08:38:30.550013,0.8594139999999999
004,2020-02-27 08:38:31.425053,0.8750399999999999
004,2020-02-27 08:38:32.237590,0.812537
004,2020-02-27 08:38:33.097004,0.8594139999999999
004,2020-02-27 08:38:33.987670,0.890666
004,2020-02-27 08:38:34.909587,0.921917
004,2020-02-27 08:38:35.847130,0.937543
004,2020-02-27 08:38:36.675293,0.8281629999999999
004,2020-02-27 08:38:37.534708,0.8594139999999999
004,2020-02-27 08:38:38.612882,1.078174
004,2020-02-27 08:38:55.910549,0.7812859999999999
004,2020-02-27 08:38:56.644957,0.734409
004,2020-02-27 08:38:57.645003,1.000046
004,2020-02-27 08:38:58.363786,0.718783
004,2020-02-27 08:38:59.113820,0.750034
004,2020-02-27 08:38:59.926358,0.812537
004,2020-02-27 08:39:00.770146,0.8437889999999999
004,2020-02-27 08:39:01.504555,0.734409
004,2020-02-27 08:39:02.363969,0.8594139999999999
004,2020-02-27 08:39:03.067126,0.7031569999999999
004,2020-02-27 08:39:03.895289,0.8281629999999999
004,2020-02-27 08:39:04.817206,0.921917
004,2020-02-27 08:39:05.520364,0.7031569999999999
004,2020-02-27 08:39:06.348526,0.8281629999999999
004,2020-02-27 08:39:07.286069,0.937543
004,2020-02-27 08:39:08.161109,0.8750399999999999
004,2020-02-27 08:39:08.973647,0.812537
004,2020-02-27 08:39:09.786184,0.812537
004,2020-02-27 08:39:10.614347,0.8281629999999999
004,2020-02-27 08:39:11.520638,0.906291
004,2020-02-27 08:39:12.395678,0.8750399999999999
004,2020-02-27 08:39:13.145713,0.750034
004,2020-02-27 08:39:13.989501,0.8437889999999999
004,2020-02-27 08:39:14.817664,0.8281629999999999
004,2020-02-27 08:39:23.880579,0.8437889999999999
004,2020-02-27 08:39:24.661865,0.7812859999999999
004,2020-02-27 08:39:25.458776,0.7969109999999999
004,2020-02-27 08:39:26.380693,0.921917
004,2020-02-27 08:39:48.506706,0.890666
004,2020-02-27 08:39:49.366121,0.8594139999999999
004,2020-02-27 08:39:50.225535,0.8594139999999999
004,2020-02-27 08:39:51.006821,0.7812859999999999
004,2020-02-27 08:39:51.803732,0.7969109999999999
004,2020-02-27 08:39:56.772710,0.8281629999999999
004,2020-02-27 08:39:57.538370,0.76566
004,2020-02-27 08:40:02.397967,0.7812859999999999
004,2020-02-27 08:40:03.351136,0.953169
004,2020-02-27 08:40:53.869073,0.8750399999999999
004,2020-02-27 08:40:54.697236,0.8281629999999999
004,2020-02-27 08:40:55.478522,0.7812859999999999
004,2020-02-27 08:40:56.275433,0.7969109999999999
004,2020-02-27 08:40:57.056719,0.7812859999999999
004,2020-02-27 08:40:57.853631,0.7969109999999999
004,2020-02-27 08:41:03.338257,0.8281629999999999
004,2020-02-27 08:41:04.119542,0.7812859999999999
004,2020-02-27 08:41:05.025834,0.906291
004,2020-02-27 08:41:05.807120,0.7812859999999999
004,2020-02-27 08:41:06.635283,0.8281629999999999
004,2020-02-27 08:41:07.463445,0.8281629999999999
004,2020-02-27 08:41:08.291608,0.8281629999999999
004,2020-02-27 08:41:09.119771,0.8281629999999999
004,2020-02-27 08:41:09.854180,0.734409
004,2020-02-27 08:41:10.760471,0.906291
004,2020-02-27 08:41:21.151572,0.8437889999999999
004,2020-02-27 08:41:22.073489,0.921917
004,2020-02-27 08:41:22.964155,0.890666
004,2020-02-27 08:41:23.870446,0.906291
004,2020-02-27 08:41:27.683121,0.8281629999999999
004,2020-02-27 08:41:28.558161,0.8750399999999999
004,2020-02-27 08:41:29.417575,0.8594139999999999
004,2020-02-27 08:41:30.230113,0.812537
004,2020-02-27 08:41:31.058275,0.8281629999999999
004,2020-02-27 08:41:31.902064,0.8437889999999999
004,2020-02-27 08:41:32.714601,0.812537
004,2020-02-27 08:41:33.527138,0.812537
004,2020-02-27 08:41:34.355301,0.8281629999999999
004,2020-02-27 08:41:35.152213,0.7969109999999999
004,2020-02-27 08:41:35.949124,0.7969109999999999
004,2020-02-27 08:41:36.808539,0.8594139999999999
004,2020-02-27 08:41:37.558573,0.750034
004,2020-02-27 08:41:38.339859,0.7812859999999999
004,2020-02-27 08:41:39.121145,0.7812859999999999
004,2020-02-27 08:41:39.871179,0.750034
004,2020-02-27 08:41:40.683716,0.812537
004,2020-02-27 08:41:41.465002,0.7812859999999999
004,2020-02-27 08:41:42.246288,0.7812859999999999
004,2020-02-27 08:41:43.043199,0.7969109999999999
004,2020-02-27 08:41:43.746356,0.7031569999999999
004,2020-02-27 08:41:44.480765,0.734409
004,2020-02-27 08:41:45.137045,0.65628
004,2020-02-27 08:41:45.933956,0.7969109999999999
004,2020-02-27 08:41:46.746494,0.812537
004,2020-02-27 08:41:47.543405,0.7969109999999999
004,2020-02-27 08:41:48.309065,0.76566
004,2020-02-27 08:41:49.059099,0.750034
004,2020-02-27 08:42:02.528466,0.671906
004,2020-02-27 08:42:03.403506,0.8750399999999999
004,2020-02-27 08:42:08.184975,0.8750399999999999
004,2020-02-27 08:42:48.124303,0.8281629999999999
004,2020-02-27 08:42:48.889963,0.76566
004,2020-02-27 08:42:49.655623,0.76566
004,2020-02-27 08:42:50.515038,0.8594139999999999
004,2020-02-27 08:42:51.343200,0.8281629999999999
004,2020-02-27 08:42:52.186989,0.8437889999999999
004,2020-02-27 08:42:52.968275,0.7812859999999999
004,2020-02-27 08:42:53.749561,0.7812859999999999
004,2020-02-27 08:42:54.546472,0.7969109999999999
004,2020-02-27 08:43:09.297147,0.8750399999999999
004,2020-02-27 08:43:17.594402,0.8281629999999999
004,2020-02-27 08:43:18.360062,0.76566
004,2020-02-27 08:43:37.360932,0.8281629999999999
004,2020-02-27 08:44:11.831260,0.8437889999999999
004,2020-02-27 08:44:12.518791,0.687531
004,2020-02-27 08:44:18.206552,0.8594139999999999
004,2020-02-27 08:44:18.862832,0.65628
004,2020-02-27 08:44:19.581614,0.718783
004,2020-02-27 08:44:24.081820,0.734409
004,2020-02-27 08:44:24.925609,0.8437889999999999
004,2020-02-27 08:44:36.019867,0.812537
004,2020-02-27 08:44:36.910533,0.890666
004,2020-02-27 08:44:47.645399,0.8594139999999999
004,2020-02-27 08:44:48.379808,0.734409
004,2020-02-27 08:44:53.833182,0.7812859999999999
004,2020-02-27 08:44:54.536340,0.7031569999999999
004,2020-02-27 08:45:46.476217,0.7812859999999999
004,2020-02-27 08:45:47.320006,0.8437889999999999
004,2020-02-27 08:45:48.273174,0.953169
004,2020-02-27 08:45:59.133046,0.906291
004,2020-02-27 08:45:59.898706,0.76566
004,2020-02-27 08:46:00.742495,0.8437889999999999
004,2020-02-27 08:46:04.789555,0.812537
004,2020-02-27 21:11:13.328644,0.812537
004,2020-02-27 21:11:14.016175,0.687531
004,2020-02-27 21:11:14.844338,0.8281629999999999
004,2020-02-27 21:11:15.656875,0.812537
004,2020-02-27 21:11:16.438161,0.7812859999999999
004,2020-02-27 21:11:17.156944,0.718783
004,2020-02-27 21:11:18.031984,0.8750399999999999
004,2020-02-27 21:11:18.828895,0.7969109999999999
004,2020-02-27 21:11:19.657058,0.8281629999999999
004,2020-02-27 21:11:20.344590,0.687531
004,2020-02-27 21:11:21.141501,0.7969109999999999
004,2020-02-27 21:11:21.891536,0.750034
004,2020-02-27 21:11:22.672821,0.7812859999999999
004,2020-02-27 21:11:23.407230,0.734409
004,2020-02-27 21:11:24.235393,0.8281629999999999
004,2020-02-27 21:11:24.969801,0.734409
004,2020-02-27 21:11:25.719836,0.750034
004,2020-02-27 21:11:26.501122,0.7812859999999999
004,2020-02-27 21:11:27.298033,0.7969109999999999
004,2020-02-27 21:11:27.985564,0.687531
004,2020-02-27 21:11:28.719973,0.734409
004,2020-02-27 21:11:29.532510,0.812537
004,2020-02-27 21:11:30.235667,0.7031569999999999
004,2020-02-27 21:11:30.985702,0.750034
004,2020-02-27 21:11:31.751362,0.76566
004,2020-02-27 21:11:32.532648,0.7812859999999999
004,2020-02-27 21:11:33.267056,0.734409
004,2020-02-27 21:11:34.032716,0.76566
004,2020-02-27 21:11:34.751499,0.718783
004,2020-02-27 21:11:35.595288,0.8437889999999999
004,2020-02-27 21:11:36.329696,0.734409
004,2020-02-27 21:11:37.079731,0.750034
004,2020-02-27 21:11:37.892268,0.812537
004,2020-02-27 21:11:38.657928,0.76566
004,2020-02-27 21:11:39.407962,0.750034
004,2020-02-27 21:11:40.173622,0.76566
004,2020-02-27 21:11:40.986160,0.812537
004,2020-02-27 21:11:59.455755,0.8594139999999999
004,2020-02-27 21:12:00.362046,0.906291
004,2020-02-27 21:12:49.270535,0.718783
004,2020-02-27 21:12:49.958067,0.687531
004,2020-02-27 21:12:50.489341,0.531274
004,2020-02-27 21:12:54.208261,0.734409
004,2020-02-27 21:12:54.927044,0.718783
004,2020-02-27 21:12:55.614576,0.687531
004,2020-02-27 21:12:56.302107,0.687531
004,2020-02-27 21:12:57.020890,0.718783
004,2020-02-27 21:13:25.365937,0.812537
004,2020-02-27 21:13:43.663650,0.640654
004,2020-02-27 21:13:44.429310,0.76566
004,2020-02-27 21:13:45.148093,0.718783
004,2020-02-27 21:13:45.882502,0.734409
004,2020-02-27 21:13:46.476279,0.593777
004,2020-02-27 21:14:03.227046,0.734409
004,2020-02-27 21:14:04.055208,0.8281629999999999
004,2020-02-27 21:14:07.774129,0.7031569999999999
004,2020-02-27 21:14:08.539789,0.76566
004,2020-02-27 21:14:09.321074,0.7812859999999999
004,2020-02-27 21:14:10.071109,0.750034
004,2020-02-27 21:14:10.805517,0.734409
004,2020-02-27 21:14:11.571177,0.76566
004,2020-02-27 21:14:12.274335,0.7031569999999999
004,2020-02-27 21:14:13.008743,0.734409
004,2020-02-27 21:14:13.743152,0.734409
004,2020-02-27 21:14:14.493186,0.750034
004,2020-02-27 21:14:15.227595,0.734409
004,2020-02-27 21:14:15.977629,0.750034
004,2020-02-27 21:14:16.743289,0.76566
004,2020-02-27 21:14:17.477698,0.734409
004,2020-02-27 21:14:18.243358,0.76566
004,2020-02-27 21:14:18.962141,0.718783
004,2020-02-27 21:14:19.743427,0.7812859999999999
004,2020-02-27 21:14:20.446584,0.7031569999999999
004,2020-02-27 21:14:21.180992,0.734409
004,2020-02-27 21:14:21.962278,0.7812859999999999
004,2020-02-27 21:14:22.712312,0.750034
004,2020-02-27 21:14:23.446721,0.734409
004,2020-02-27 21:14:24.274884,0.8281629999999999
004,2020-02-27 21:14:24.931164,0.65628
004,2020-02-27 21:14:25.493690,0.562526
004,2020-02-27 21:14:30.853310,0.718783
004,2020-02-27 21:14:31.634596,0.7812859999999999
004,2020-02-27 21:14:32.337753,0.7031569999999999
004,2020-02-27 21:14:33.103413,0.76566
004,2020-02-27 21:14:33.884699,0.7812859999999999
004,2020-02-27 21:14:34.619107,0.734409
004,2020-02-27 21:14:35.322265,0.7031569999999999
004,2020-02-27 21:14:36.056673,0.734409
004,2020-02-27 21:14:36.791082,0.734409
004,2020-02-27 21:14:37.541116,0.750034
004,2020-02-27 21:14:38.259899,0.718783
004,2020-02-27 21:14:38.994308,0.734409
004,2020-02-27 21:14:39.744342,0.750034
004,2020-02-27 21:14:40.494376,0.750034
004,2020-02-27 21:14:41.197534,0.7031569999999999
004,2020-02-27 21:14:41.900691,0.7031569999999999
004,2020-02-27 21:14:54.073123,0.750034
004,2020-02-27 21:14:54.854409,0.7812859999999999
004,2020-02-27 21:14:55.588817,0.734409
004,2020-02-27 21:14:56.307600,0.718783
004,2020-02-27 21:14:57.104512,0.7969109999999999
004,2020-02-27 21:14:58.010803,0.906291
004,2020-02-27 21:15:01.667221,0.8437889999999999
004,2020-02-27 21:15:22.605679,0.8281629999999999
004,2020-02-27 21:15:27.480902,0.7812859999999999
004,2020-02-27 21:15:28.293439,0.812537
004,2020-02-27 21:15:29.121602,0.8281629999999999
004,2020-02-27 21:15:29.887262,0.76566
004,2020-02-27 21:15:30.668548,0.7812859999999999
004,2020-02-27 21:15:31.496711,0.8281629999999999
004,2020-02-27 21:15:32.277997,0.7812859999999999
004,2020-02-27 21:15:33.059283,0.7812859999999999
004,2020-02-27 21:15:33.871820,0.812537
004,2020-02-27 21:15:56.388475,0.7812859999999999
004,2020-02-27 21:15:57.122884,0.734409
004,2020-02-27 21:15:57.904170,0.7812859999999999
004,2020-02-27 21:15:58.638578,0.734409
004,2020-02-27 21:15:59.372987,0.734409
004,2020-02-27 21:16:00.138647,0.76566
004,2020-02-27 21:16:00.888681,0.750034
004,2020-02-27 21:16:01.669967,0.7812859999999999
004,2020-02-27 21:16:02.435627,0.76566
004,2020-02-27 21:16:03.232539,0.7969109999999999
004,2020-02-27 21:16:03.982573,0.750034
004,2020-02-27 21:16:04.841987,0.8594139999999999
004,2020-02-27 21:16:05.685776,0.8437889999999999
004,2020-02-27 21:16:06.498313,0.812537
004,2020-02-27 21:16:07.295225,0.7969109999999999
004,2020-02-27 21:16:25.702317,0.8281629999999999
004,2020-02-27 21:16:26.374223,0.671906
004,2020-02-27 21:16:27.155509,0.7812859999999999
004,2020-02-27 21:16:27.968046,0.812537
004,2020-02-27 21:16:28.796209,0.8281629999999999
004,2020-02-27 21:16:29.530617,0.734409
004,2020-02-27 21:16:30.280652,0.750034
004,2020-02-27 21:16:31.155692,0.8750399999999999
004,2020-02-27 21:16:31.890100,0.734409
004,2020-02-27 21:16:32.562006,0.671906
004,2020-02-27 21:16:33.405795,0.8437889999999999
004,2020-02-27 21:16:34.187081,0.7812859999999999
004,2020-02-27 21:16:34.874612,0.687531
004,2020-02-27 21:16:35.640272,0.76566
004,2020-02-27 21:16:36.468435,0.8281629999999999
004,2020-02-27 21:16:37.093464,0.625029
004,2020-02-27 21:16:37.952878,0.8594139999999999
004,2020-02-27 21:16:38.624784,0.671906
004,2020-02-27 21:16:39.390444,0.76566
004,2020-02-27 21:16:40.124852,0.734409
004,2020-02-27 21:16:40.921764,0.7969109999999999
004,2020-02-27 21:16:41.734301,0.812537
004,2020-02-27 21:16:42.546838,0.812537
004,2020-02-27 21:16:43.312498,0.76566
004,2020-02-27 21:16:44.140661,0.8281629999999999
004,2020-02-27 21:16:44.859444,0.718783
004,2020-02-27 21:16:45.609478,0.750034
004,2020-02-27 21:16:46.375139,0.76566
004,2020-02-27 21:16:47.187676,0.812537
004,2020-02-27 21:16:47.937710,0.750034
004,2020-02-27 21:16:48.703370,0.76566
004,2020-02-27 21:16:49.500282,0.7969109999999999
004,2020-02-27 21:16:50.250316,0.750034
004,2020-02-27 21:16:51.000350,0.750034
004,2020-02-27 21:16:51.797262,0.7969109999999999
004,2020-02-27 21:16:52.594173,0.7969109999999999
004,2020-02-27 21:16:53.375459,0.7812859999999999
004,2020-02-27 21:16:54.156745,0.7812859999999999
004,2020-02-27 21:16:54.953656,0.7969109999999999
004,2020-02-27 21:16:55.703691,0.750034
004,2020-02-27 21:16:56.453725,0.750034
004,2020-02-27 21:16:57.235011,0.7812859999999999
004,2020-02-27 21:16:58.047548,0.812537
004,2020-02-27 21:16:58.813208,0.76566
004,2020-02-27 21:16:59.547616,0.734409
004,2020-02-27 21:17:00.407031,0.8594139999999999
004,2020-02-27 21:17:01.172691,0.76566
004,2020-02-27 21:17:01.844597,0.671906
004,2020-02-27 21:17:02.516502,0.671906
004,2020-02-27 21:17:08.016754,0.7812859999999999
004,2020-02-27 21:17:08.829291,0.812537
004,2020-02-27 21:17:09.610577,0.7812859999999999
004,2020-02-27 21:17:10.454366,0.8437889999999999
004,2020-02-27 21:17:15.220209,0.750034
004,2020-02-27 21:17:16.001495,0.7812859999999999
004,2020-02-27 21:17:16.814032,0.812537
004,2020-02-27 21:17:17.595318,0.7812859999999999
004,2020-02-27 21:17:18.376603,0.7812859999999999
004,2020-02-27 21:17:19.236018,0.8594139999999999
004,2020-02-27 21:17:19.954801,0.718783
004,2020-02-27 21:17:20.798589,0.8437889999999999
004,2020-02-27 21:17:21.501746,0.7031569999999999
004,2020-02-27 21:17:28.658324,0.750034
004,2020-02-27 21:17:29.486487,0.8281629999999999
004,2020-02-27 21:17:30.158393,0.671906
004,2020-02-27 21:17:31.049058,0.890666
004,2020-02-27 21:17:31.783467,0.734409
004,2020-02-27 21:17:32.642881,0.8594139999999999
004,2020-02-27 21:17:33.392916,0.750034
004,2020-02-27 21:17:34.174201,0.7812859999999999
004,2020-02-27 21:17:34.846107,0.671906
004,2020-02-27 21:17:35.783650,0.937543
004,2020-02-27 21:17:36.549310,0.76566
004,2020-02-27 21:17:37.314970,0.76566
004,2020-02-27 21:17:38.049379,0.734409
004,2020-02-27 21:17:38.971296,0.921917
004,2020-02-27 21:17:39.768208,0.7969109999999999
004,2020-02-27 21:17:40.502616,0.734409
004,2020-02-27 21:17:41.252650,0.750034
004,2020-02-27 21:17:42.205819,0.953169
004,2020-02-27 21:17:42.940228,0.734409
004,2020-02-27 21:17:43.830894,0.890666
004,2020-02-27 21:17:44.549676,0.718783
004,2020-02-27 21:17:45.362214,0.812537
004,2020-02-27 21:17:46.112248,0.750034
004,2020-02-27 21:17:46.971662,0.8594139999999999
004,2020-02-27 21:17:47.737322,0.76566
004,2020-02-27 21:17:48.456105,0.718783
004,2020-02-27 21:17:49.268642,0.812537
004,2020-02-27 21:17:50.049928,0.7812859999999999
004,2020-02-27 21:18:00.862923,0.750034
004,2020-02-27 21:18:01.644209,0.7812859999999999
004,2020-02-27 21:18:02.472372,0.8281629999999999
004,2020-02-27 21:18:16.066744,0.718783
004,2020-02-27 21:18:16.832404,0.76566
004,2020-02-27 21:18:17.660567,0.8281629999999999
004,2020-02-27 21:18:18.457479,0.7969109999999999
004,2020-02-27 21:18:19.301267,0.8437889999999999
004,2020-02-27 21:18:20.207559,0.906291
004,2020-02-27 21:18:21.176353,0.968794
004,2020-02-27 21:18:22.004516,0.8281629999999999
004,2020-02-27 21:18:22.801427,0.7969109999999999
004,2020-02-27 21:18:42.896097,0.906291
004,2020-02-27 21:18:43.771137,0.8750399999999999
004,2020-02-27 21:18:44.583674,0.812537
004,2020-02-27 21:18:45.411837,0.8281629999999999
004,2020-02-27 21:18:46.193123,0.7812859999999999
004,2020-02-27 21:18:46.990035,0.7969109999999999
004,2020-02-27 21:18:47.786946,0.7969109999999999
004,2020-02-27 21:18:48.599483,0.812537
004,2020-02-27 21:18:49.396395,0.7969109999999999
004,2020-02-27 21:18:50.193306,0.7969109999999999
004,2020-02-27 21:18:51.021469,0.8281629999999999
004,2020-02-27 21:18:51.802755,0.7812859999999999
004,2020-02-27 21:18:52.568415,0.76566
004,2020-02-27 21:18:53.349701,0.7812859999999999
004,2020-02-27 21:18:54.099735,0.750034
004,2020-02-27 21:18:54.818518,0.718783
004,2020-02-27 21:18:55.521675,0.7031569999999999
004,2020-02-27 21:18:56.240458,0.718783
004,2020-02-27 21:18:56.974867,0.734409
004,2020-02-27 21:18:57.724901,0.750034
004,2020-02-27 21:18:58.521812,0.7969109999999999
004,2020-02-27 21:18:59.303098,0.7812859999999999
004,2020-02-27 21:19:00.053133,0.750034
004,2020-02-27 21:19:00.850044,0.7969109999999999
004,2020-02-27 21:19:01.709458,0.8594139999999999
004,2020-02-27 21:19:02.506370,0.7969109999999999
004,2020-02-27 21:19:03.272030,0.76566
004,2020-02-27 21:19:04.100193,0.8281629999999999
004,2020-02-27 21:19:04.943981,0.8437889999999999
004,2020-02-27 21:19:05.756519,0.812537
004,2020-02-27 21:19:06.631559,0.8750399999999999
004,2020-02-27 21:19:07.475347,0.8437889999999999
004,2020-02-27 21:19:08.256633,0.7812859999999999
004,2020-02-27 21:19:09.178550,0.921917
004,2020-02-27 21:19:09.912959,0.734409
004,2020-02-27 21:19:10.709870,0.7969109999999999
004,2020-02-27 21:19:11.538033,0.8281629999999999
004,2020-02-27 21:19:12.303693,0.76566
004,2020-02-27 21:19:13.053728,0.750034
004,2020-02-27 21:19:13.835013,0.7812859999999999
004,2020-02-27 21:19:14.647551,0.812537
004,2020-02-27 21:19:15.428836,0.7812859999999999
004,2020-02-27 21:19:16.210122,0.7812859999999999
004,2020-02-27 21:19:17.022659,0.812537
004,2020-02-27 21:19:17.835196,0.812537
004,2020-02-27 21:19:18.569605,0.734409
004,2020-02-27 21:19:19.335265,0.76566
004,2020-02-27 21:19:20.179054,0.8437889999999999
004,2020-02-27 21:19:20.913462,0.734409
004,2020-02-27 21:19:21.647871,0.734409
004,2020-02-27 21:19:22.429157,0.7812859999999999
004,2020-02-27 21:19:23.194817,0.76566
004,2020-02-27 21:19:23.944851,0.750034
004,2020-02-27 21:19:24.757388,0.812537
004,2020-02-27 21:19:25.554300,0.7969109999999999
004,2020-02-27 21:19:26.335586,0.7812859999999999
004,2020-02-27 21:19:27.195000,0.8594139999999999
004,2020-02-27 21:19:28.038789,0.8437889999999999
004,2020-02-27 21:19:28.851326,0.812537
004,2020-02-27 21:19:29.695114,0.8437889999999999
004,2020-02-27 21:19:30.507652,0.812537
004,2020-02-27 21:19:31.273312,0.76566
004,2020-02-27 21:19:32.070223,0.7969109999999999
004,2020-02-27 21:19:32.820257,0.750034
004,2020-02-27 21:19:33.601543,0.7812859999999999
004,2020-02-27 21:19:34.382829,0.7812859999999999
004,2020-02-27 21:19:35.179740,0.7969109999999999
004,2020-02-27 21:19:35.945400,0.76566
004,2020-02-27 21:19:36.742312,0.7969109999999999
004,2020-02-27 21:19:37.539223,0.7969109999999999
004,2020-02-27 21:19:38.320509,0.7812859999999999
004,2020-02-27 21:19:39.054918,0.734409
004,2020-02-27 21:19:39.820578,0.76566
004,2020-02-27 21:19:40.570612,0.750034
004,2020-02-27 21:19:41.289395,0.718783
004,2020-02-27 21:19:42.086307,0.7969109999999999
004,2020-02-27 21:19:42.773838,0.687531
004,2020-02-27 21:19:43.555124,0.7812859999999999
004,2020-02-27 21:19:44.336410,0.7812859999999999
004,2020-02-27 21:19:45.070818,0.734409
004,2020-02-27 21:19:45.836478,0.76566
004,2020-02-27 21:19:46.586513,0.750034
004,2020-02-27 21:19:47.352173,0.76566
004,2020-02-27 21:19:48.055330,0.7031569999999999
004,2020-02-27 21:19:48.836616,0.7812859999999999
004,2020-02-27 21:19:49.586650,0.750034
004,2020-02-27 21:19:50.289807,0.7031569999999999
004,2020-02-27 21:19:51.008590,0.718783
004,2020-02-27 21:19:51.821127,0.812537
004,2020-02-27 21:19:52.555536,0.734409
004,2020-02-27 21:19:53.368073,0.812537
004,2020-02-27 21:19:54.102482,0.734409
004,2020-02-27 21:19:54.899393,0.7969109999999999
004,2020-02-27 21:19:55.649427,0.750034
004,2020-02-27 21:19:56.415087,0.76566
004,2020-02-27 21:19:57.196373,0.7812859999999999
004,2020-02-27 21:19:57.946408,0.750034
004,2020-02-27 21:19:58.743319,0.7969109999999999
004,2020-02-27 21:19:59.524605,0.7812859999999999
004,2020-02-27 21:20:00.274639,0.750034
004,2020-02-27 21:20:01.087176,0.812537
004,2020-02-27 21:20:01.899714,0.812537
004,2020-02-27 21:20:02.680999,0.7812859999999999
004,2020-02-27 21:20:03.477911,0.7969109999999999
004,2020-02-27 21:20:04.243571,0.76566
004,2020-02-27 21:20:04.993605,0.750034
004,2020-02-27 21:20:05.759265,0.76566
004,2020-02-27 21:20:06.556177,0.7969109999999999
004,2020-02-27 21:20:07.321837,0.76566
004,2020-02-27 21:20:08.087497,0.76566
004,2020-02-27 21:20:08.868783,0.7812859999999999
004,2020-02-27 21:20:09.665694,0.7969109999999999
004,2020-02-27 21:20:10.446980,0.7812859999999999
004,2020-02-27 21:20:11.259517,0.812537
004,2020-02-27 21:20:12.103306,0.8437889999999999
004,2020-02-27 21:20:12.931468,0.8281629999999999
004,2020-02-27 21:20:13.744006,0.812537
004,2020-02-27 21:20:14.556543,0.812537
004,2020-02-27 21:20:15.322203,0.76566
005,2020-02-27 13:35:46.645415,0.531274
005,2020-02-27 13:35:47.348572,0.7031569999999999
005,2020-02-27 13:35:47.973601,0.625029
005,2020-02-27 13:35:48.629881,0.65628
005,2020-02-27 13:35:49.426792,0.7969109999999999
005,2020-02-27 13:35:52.411304,0.625029
005,2020-02-27 13:35:53.051958,0.640654
005,2020-02-27 13:35:53.755116,0.7031569999999999
005,2020-02-27 13:35:54.489524,0.734409
005,2020-02-27 13:35:57.708421,0.640654
005,2020-02-27 13:35:58.411579,0.7031569999999999
005,2020-02-27 13:35:58.989730,0.578151
005,2020-02-27 13:35:59.661636,0.671906
005,2020-02-27 13:36:00.208536,0.5469
005,2020-02-27 13:36:00.974196,0.76566
005,2020-02-27 13:36:15.677994,0.7812859999999999
005,2020-02-27 13:36:30.459921,0.671906
005,2020-02-27 13:36:31.131826,0.671906
005,2020-02-27 13:36:31.819358,0.687531
005,2020-02-27 13:36:32.491264,0.671906
005,2020-02-27 13:36:33.178795,0.687531
005,2020-02-27 13:36:33.850701,0.671906
005,2020-02-27 13:36:34.538232,0.687531
005,2020-02-27 13:36:35.210138,0.671906
005,2020-02-27 13:36:35.913295,0.7031569999999999
005,2020-02-27 13:36:36.585201,0.671906
005,2020-02-27 13:36:37.288358,0.7031569999999999
005,2020-02-27 13:36:37.975890,0.687531
005,2020-02-27 13:36:38.663421,0.687531
005,2020-02-27 13:36:39.319701,0.65628
005,2020-02-27 13:36:39.991607,0.671906
005,2020-02-27 13:36:40.679138,0.687531
005,2020-02-27 13:36:41.382296,0.7031569999999999
005,2020-02-27 13:36:42.038576,0.65628
005,2020-02-27 13:36:42.679230,0.640654
005,2020-02-27 13:36:43.351136,0.671906
005,2020-02-27 13:36:44.101170,0.750034
005,2020-02-27 13:36:44.741824,0.640654
005,2020-02-27 13:36:45.304350,0.562526
005,2020-02-27 13:36:46.007507,0.7031569999999999
005,2020-02-27 13:36:50.695222,0.625029
005,2020-02-27 13:36:51.335876,0.640654
005,2020-02-27 13:36:51.945279,0.609403
005,2020-02-27 13:36:52.585933,0.640654
005,2020-02-27 13:36:53.195336,0.609403
005,2020-02-27 13:36:53.851616,0.65628
005,2020-02-27 13:36:54.507896,0.65628
005,2020-02-27 13:36:55.179802,0.671906
005,2020-02-27 13:36:55.836082,0.65628
005,2020-02-27 13:36:56.476737,0.640654
005,2020-02-27 13:36:57.148642,0.671906
005,2020-02-27 13:36:57.804922,0.65628
005,2020-02-27 13:36:58.476828,0.671906
005,2020-02-27 13:36:59.148734,0.671906
005,2020-02-27 13:36:59.836265,0.687531
005,2020-02-27 13:37:00.570674,0.734409
005,2020-02-27 13:37:01.289457,0.718783
005,2020-02-27 13:37:01.992614,0.7031569999999999
005,2020-02-27 13:37:02.695771,0.7031569999999999
005,2020-02-27 13:37:03.398928,0.7031569999999999
005,2020-02-27 13:37:04.102086,0.7031569999999999
005,2020-02-27 13:37:04.773991,0.671906
005,2020-02-27 13:37:05.430271,0.65628
005,2020-02-27 13:37:06.133429,0.7031569999999999
005,2020-02-27 13:37:06.789709,0.65628
005,2020-02-27 13:37:07.477240,0.687531
005,2020-02-27 13:37:08.133520,0.65628
005,2020-02-27 13:37:08.805426,0.671906
005,2020-02-27 13:37:09.461706,0.65628
005,2020-02-27 13:37:10.117986,0.65628
005,2020-02-27 13:37:10.805517,0.687531
005,2020-02-27 13:37:18.305861,0.687531
005,2020-02-27 13:37:30.509544,0.687531
005,2020-02-27 13:37:31.197076,0.687531
005,2020-02-27 13:37:31.884607,0.687531
005,2020-02-27 13:37:32.556513,0.671906
005,2020-02-27 13:37:33.228419,0.671906
005,2020-02-27 13:37:33.915950,0.687531
005,2020-02-27 13:37:34.603482,0.687531
005,2020-02-27 13:37:35.259762,0.65628
005,2020-02-27 13:39:13.826774,0.687531
005,2020-02-27 13:39:14.498679,0.671906
005,2020-02-27 13:39:15.186211,0.687531
005,2020-02-27 13:39:15.936245,0.750034
005,2020-02-27 13:39:22.795934,0.671906
005,2020-02-27 13:39:23.358460,0.562526
005,2020-02-27 13:39:24.030366,0.671906
005,2020-02-27 13:39:24.717897,0.687531
005,2020-02-27 13:39:25.296049,0.578151
005,2020-02-27 13:39:25.921077,0.625029
005,2020-02-27 13:39:26.592983,0.671906
005,2020-02-27 13:39:27.218012,0.625029
005,2020-02-27 13:40:55.128286,0.687531
005,2020-02-27 13:40:55.768940,0.640654
005,2020-02-27 13:40:56.440846,0.671906
005,2020-02-27 13:41:01.097309,0.671906
005,2020-02-27 13:41:01.831718,0.734409
005,2020-02-27 13:41:02.441121,0.609403
005,2020-02-27 13:41:03.175529,0.734409
005,2020-02-27 13:41:03.831809,0.65628
005,2020-02-27 13:41:04.488089,0.65628
005,2020-02-27 13:41:05.144369,0.65628
005,2020-02-27 13:41:05.816275,0.671906
005,2020-02-27 13:41:06.441304,0.625029
005,2020-02-27 13:41:07.081958,0.640654
005,2020-02-27 13:41:07.691361,0.609403
005,2020-02-27 13:41:08.347641,0.65628
005,2020-02-27 13:41:09.066424,0.718783
005,2020-02-27 13:41:09.660201,0.593777
005,2020-02-27 13:41:10.253978,0.593777
005,2020-02-27 13:41:10.941510,0.687531
005,2020-02-27 13:41:11.597790,0.65628
005,2020-02-27 13:41:12.254070,0.65628
005,2020-02-27 13:41:18.332473,0.640654
005,2020-02-27 13:41:18.988753,0.65628
005,2020-02-27 13:41:19.691910,0.7031569999999999
005,2020-02-27 13:41:20.332565,0.640654
005,2020-02-27 13:41:20.973219,0.640654
005,2020-02-27 13:41:21.660750,0.687531
005,2020-02-27 13:41:22.301405,0.640654
005,2020-02-27 13:41:22.957685,0.65628
005,2020-02-27 13:41:23.598339,0.640654
005,2020-02-27 13:41:24.254619,0.65628
005,2020-02-27 13:41:34.598843,0.609403
005,2020-02-27 13:41:35.333251,0.734409
005,2020-02-27 13:41:35.973906,0.640654
005,2020-02-27 13:41:36.692688,0.718783
005,2020-02-27 13:41:37.427097,0.734409
005,2020-02-27 13:41:42.271069,0.671906
005,2020-02-27 13:41:42.974226,0.7031569999999999
005,2020-02-27 13:41:43.646132,0.671906
005,2020-02-27 13:41:44.286786,0.640654
005,2020-02-27 13:41:51.177727,0.718783
005,2020-02-27 13:41:51.880884,0.7031569999999999
005,2020-02-27 13:41:52.568415,0.687531
005,2020-02-27 13:41:53.271572,0.7031569999999999
005,2020-02-27 13:41:53.912227,0.640654
005,2020-02-27 13:42:11.038011,0.671906
005,2020-02-27 13:42:11.694291,0.65628
005,2020-02-27 13:42:12.381822,0.687531
005,2020-02-27 13:42:13.069354,0.687531
005,2020-02-27 13:42:13.772511,0.7031569999999999
005,2020-02-27 13:42:14.460042,0.687531
005,2020-02-27 13:42:15.163199,0.7031569999999999
005,2020-02-27 13:42:15.881982,0.718783
005,2020-02-27 13:42:16.585140,0.7031569999999999
005,2020-02-27 13:42:17.257045,0.671906
005,2020-02-27 13:42:17.928951,0.671906
005,2020-02-27 13:42:18.600857,0.671906
005,2020-02-27 13:42:19.288388,0.687531
005,2020-02-27 13:42:19.960294,0.671906
005,2020-02-27 13:42:20.600948,0.640654
005,2020-02-27 13:42:21.272854,0.671906
005,2020-02-27 13:42:21.929134,0.65628
005,2020-02-27 13:42:22.616666,0.687531
005,2020-02-27 13:42:23.257320,0.640654
005,2020-02-27 13:42:23.929226,0.671906
005,2020-02-27 13:42:24.616757,0.687531
005,2020-02-27 13:42:25.273037,0.65628
005,2020-02-27 13:42:25.944943,0.671906
005,2020-02-27 13:42:26.632474,0.687531
005,2020-02-27 13:42:27.288754,0.65628
005,2020-02-27 13:42:27.976286,0.687531
005,2020-02-27 13:42:28.648192,0.671906
005,2020-02-27 13:42:29.382600,0.734409
005,2020-02-27 13:42:30.007629,0.625029
005,2020-02-27 13:42:30.679535,0.671906
005,2020-02-27 13:42:31.367066,0.687531
005,2020-02-27 13:42:32.038972,0.671906
005,2020-02-27 13:42:32.695252,0.65628
005,2020-02-27 13:42:33.398409,0.7031569999999999
005,2020-02-27 13:42:34.085941,0.687531
005,2020-02-27 13:42:34.757846,0.671906
005,2020-02-27 13:42:35.445378,0.687531
005,2020-02-27 13:42:36.179786,0.734409
005,2020-02-27 13:42:36.836066,0.65628
005,2020-02-27 13:42:37.507972,0.671906
005,2020-02-27 13:42:38.195504,0.687531
005,2020-02-27 13:42:38.883035,0.687531
005,2020-02-27 13:42:39.679947,0.7969109999999999
005,2020-02-27 13:42:40.273724,0.593777
005,2020-02-27 13:42:40.976881,0.7031569999999999
005,2020-02-27 13:42:41.664412,0.687531
005,2020-02-27 13:42:42.336318,0.671906
005,2020-02-27 13:42:43.039475,0.7031569999999999
005,2020-02-27 13:42:43.695755,0.65628
005,2020-02-27 13:42:44.383287,0.687531
005,2020-02-27 13:42:45.039567,0.65628
005,2020-02-27 13:42:45.695847,0.65628
005,2020-02-27 13:42:46.352127,0.65628
005,2020-02-27 13:42:46.961530,0.609403
005,2020-02-27 13:42:54.930645,0.750034
005,2020-02-27 13:42:55.665053,0.734409
005,2020-02-27 13:42:56.321333,0.65628
005,2020-02-27 13:42:57.071368,0.750034
005,2020-02-27 13:42:57.805776,0.734409
005,2020-02-27 13:42:58.462056,0.65628
005,2020-02-27 13:42:59.149588,0.687531
005,2020-02-27 13:42:59.821494,0.671906
005,2020-02-27 13:43:00.477774,0.65628
005,2020-02-27 13:43:01.134054,0.65628
005,2020-02-27 13:43:01.821585,0.687531
005,2020-02-27 13:43:02.477865,0.65628
005,2020-02-27 13:43:03.149771,0.671906
005,2020-02-27 13:43:03.806051,0.65628
005,2020-02-27 13:43:04.493582,0.687531
005,2020-02-27 13:43:05.165488,0.671906
005,2020-02-27 13:43:05.853020,0.687531
005,2020-02-27 13:43:06.509300,0.65628
005,2020-02-27 13:43:07.228083,0.718783
005,2020-02-27 13:43:07.868737,0.640654
005,2020-02-27 13:43:08.556268,0.687531
005,2020-02-27 13:43:09.212548,0.65628
005,2020-02-27 13:43:09.868829,0.65628
005,2020-02-27 13:43:10.556360,0.687531
005,2020-02-27 13:43:11.228266,0.671906
005,2020-02-27 13:43:11.900172,0.671906
005,2020-02-27 13:43:12.587703,0.687531
005,2020-02-27 13:43:25.588298,0.687531
005,2020-02-27 13:43:26.244578,0.65628
005,2020-02-27 13:43:26.947735,0.7031569999999999
005,2020-02-27 13:43:27.650892,0.7031569999999999
005,2020-02-27 13:43:28.322798,0.671906
005,2020-02-27 13:43:29.025955,0.7031569999999999
005,2020-02-27 13:43:29.713487,0.687531
005,2020-02-27 13:43:30.416644,0.7031569999999999
005,2020-02-27 13:43:31.135427,0.718783
005,2020-02-27 13:43:31.822958,0.687531
005,2020-02-27 13:43:32.526116,0.7031569999999999
005,2020-02-27 13:43:33.213647,0.687531
005,2020-02-27 13:43:33.869927,0.65628
005,2020-02-27 13:43:34.510581,0.640654
005,2020-02-27 13:43:35.151236,0.640654
005,2020-02-27 13:43:35.823142,0.671906
005,2020-02-27 13:43:36.495047,0.671906
005,2020-02-27 13:43:37.166953,0.671906
005,2020-02-27 13:43:37.870110,0.7031569999999999
005,2020-02-27 13:43:38.542016,0.671906
005,2020-02-27 13:43:39.213922,0.671906
005,2020-02-27 13:43:39.870202,0.65628
005,2020-02-27 13:43:40.526482,0.65628
005,2020-02-27 13:43:41.198388,0.671906
005,2020-02-27 13:43:41.870293,0.671906
005,2020-02-27 13:43:42.557825,0.687531
005,2020-02-27 13:43:43.229731,0.671906
005,2020-02-27 13:43:43.886011,0.65628
005,2020-02-27 13:43:44.573542,0.687531
005,2020-02-27 13:43:45.214196,0.640654
005,2020-02-27 13:43:45.854851,0.640654
005,2020-02-27 13:43:46.495505,0.640654
005,2020-02-27 13:43:47.151785,0.65628
005,2020-02-27 13:43:47.792439,0.640654
005,2020-02-27 13:43:48.464345,0.671906
005,2020-02-27 13:43:49.136251,0.671906
005,2020-02-27 13:43:49.808157,0.671906
005,2020-02-27 13:43:50.480062,0.671906
005,2020-02-27 13:43:51.167594,0.687531
005,2020-02-27 13:43:51.855125,0.687531
005,2020-02-27 13:43:52.558283,0.7031569999999999
005,2020-02-27 13:43:53.230188,0.671906
005,2020-02-27 13:43:53.917720,0.687531
005,2020-02-27 13:43:54.605251,0.687531
005,2020-02-27 13:43:55.277157,0.671906
005,2020-02-27 13:43:55.949063,0.671906
005,2020-02-27 13:43:56.620969,0.671906
005,2020-02-27 13:43:57.277249,0.65628
005,2020-02-27 13:43:57.949154,0.671906
005,2020-02-27 13:43:58.605434,0.65628
005,2020-02-27 13:43:59.261714,0.65628
005,2020-02-27 13:43:59.917994,0.65628
005,2020-02-27 13:44:00.558649,0.640654
005,2020-02-27 13:44:01.214929,0.65628
005,2020-02-27 13:44:01.902460,0.687531
005,2020-02-27 13:44:02.589992,0.687531
005,2020-02-27 13:44:03.246272,0.65628
005,2020-02-27 13:44:03.933803,0.687531
005,2020-02-27 13:44:04.605709,0.671906
005,2020-02-27 13:44:05.308866,0.7031569999999999
005,2020-02-27 13:44:06.058901,0.750034
005,2020-02-27 13:44:06.715181,0.65628
005,2020-02-27 13:44:07.433964,0.718783
005,2020-02-27 13:44:08.137121,0.7031569999999999
005,2020-02-27 13:44:08.824652,0.687531
005,2020-02-27 13:44:09.512184,0.687531
005,2020-02-27 13:44:10.215341,0.7031569999999999
005,2020-02-27 13:44:10.887247,0.671906
005,2020-02-27 13:44:11.574778,0.687531
005,2020-02-27 13:44:12.277935,0.7031569999999999
005,2020-02-27 13:44:12.965467,0.687531
005,2020-02-27 13:44:13.637372,0.671906
005,2020-02-27 13:44:14.309278,0.671906
005,2020-02-27 13:44:14.996810,0.687531
005,2020-02-27 13:44:15.715593,0.718783
005,2020-02-27 13:44:16.387498,0.671906
005,2020-02-27 13:44:17.059404,0.671906
005,2020-02-27 13:44:17.746936,0.687531
005,2020-02-27 13:44:18.434467,0.687531
005,2020-02-27 13:44:19.121999,0.687531
005,2020-02-27 13:44:19.809530,0.687531
005,2020-02-27 13:44:20.481436,0.671906
005,2020-02-27 13:44:21.168967,0.687531
005,2020-02-27 13:44:21.840873,0.671906
005,2020-02-27 13:44:22.512779,0.671906
005,2020-02-27 13:44:23.169059,0.65628
005,2020-02-27 13:44:23.825339,0.65628
005,2020-02-27 13:44:24.497245,0.671906
005,2020-02-27 13:44:25.169150,0.671906
005,2020-02-27 13:44:25.841056,0.671906
005,2020-02-27 13:44:26.512962,0.671906
005,2020-02-27 13:44:27.184868,0.671906
005,2020-02-27 13:44:27.888025,0.7031569999999999
005,2020-02-27 13:44:28.544305,0.65628
005,2020-02-27 13:44:29.231836,0.687531
005,2020-02-27 13:44:29.919368,0.687531
005,2020-02-27 13:44:35.935268,0.671906
005,2020-02-27 13:44:36.591548,0.65628
005,2020-02-27 13:44:37.263454,0.671906
005,2020-02-27 13:44:37.904108,0.640654
005,2020-02-27 13:44:38.576014,0.671906
005,2020-02-27 13:44:39.247920,0.671906
005,2020-02-27 13:44:39.857323,0.609403
005,2020-02-27 13:44:40.513603,0.65628
005,2020-02-27 13:44:41.169883,0.65628
005,2020-02-27 13:44:41.857414,0.687531
005,2020-02-27 13:44:42.576197,0.718783
005,2020-02-27 13:44:43.294980,0.718783
005,2020-02-27 13:44:43.998137,0.7031569999999999
005,2020-02-27 13:44:44.685669,0.687531
005,2020-02-27 13:44:45.404452,0.718783
005,2020-02-27 13:44:46.060732,0.65628
005,2020-02-27 13:44:46.701386,0.640654
005,2020-02-27 13:44:47.342040,0.640654
005,2020-02-27 13:44:47.998320,0.65628
005,2020-02-27 13:44:48.638975,0.640654
005,2020-02-27 13:44:49.295255,0.65628
005,2020-02-27 13:44:49.951535,0.65628
005,2020-02-27 13:44:50.639066,0.687531
005,2020-02-27 13:44:51.295346,0.65628
005,2020-02-27 13:44:51.936001,0.640654
005,2020-02-27 13:44:57.795644,0.671906
005,2020-02-27 13:44:58.483175,0.687531
005,2020-02-27 13:44:59.186332,0.7031569999999999
005,2020-02-27 13:45:15.983976,0.640654
005,2020-02-27 13:45:16.609005,0.625029
005,2020-02-27 13:45:17.249659,0.640654
005,2020-02-27 13:45:17.905939,0.65628
005,2020-02-27 13:45:28.906443,0.65628
005,2020-02-27 13:45:29.562723,0.65628
005,2020-02-27 13:45:30.234629,0.671906
005,2020-02-27 13:45:30.937786,0.7031569999999999
005,2020-02-27 13:45:31.594066,0.65628
005,2020-02-27 13:45:32.234720,0.640654
005,2020-02-27 13:45:32.859749,0.625029
005,2020-02-27 13:45:33.484777,0.625029
005,2020-02-27 13:45:34.141057,0.65628
005,2020-02-27 13:45:34.812963,0.671906
005,2020-02-27 13:45:35.469243,0.65628
005,2020-02-27 13:45:36.141149,0.671906
005,2020-02-27 13:45:36.813055,0.671906
005,2020-02-27 13:45:37.469335,0.65628
005,2020-02-27 13:45:38.172492,0.7031569999999999
005,2020-02-27 13:45:38.906901,0.734409
005,2020-02-27 13:45:39.610058,0.7031569999999999
005,2020-02-27 13:45:40.297589,0.687531
005,2020-02-27 13:45:41.000746,0.7031569999999999
005,2020-02-27 13:45:41.688278,0.687531
005,2020-02-27 13:45:42.360184,0.671906
005,2020-02-27 13:45:43.047715,0.687531
005,2020-02-27 13:45:43.719621,0.671906
005,2020-02-27 13:45:44.375901,0.65628
005,2020-02-27 13:45:45.094684,0.718783
005,2020-02-27 13:45:52.110630,0.609403
005,2020-02-27 13:45:52.735659,0.625029
005,2020-02-27 13:45:53.360687,0.625029
005,2020-02-27 13:45:54.001342,0.640654
005,2020-02-27 13:46:00.361008,0.578151
005,2020-02-27 13:46:01.064165,0.7031569999999999
005,2020-02-27 13:46:01.673568,0.609403
005,2020-02-27 13:46:02.298596,0.625029
005,2020-02-27 13:46:02.939251,0.640654
005,2020-02-27 13:46:03.517402,0.578151
005,2020-02-27 13:46:04.158056,0.640654
005,2020-02-27 13:46:04.751834,0.593777
005,2020-02-27 13:46:05.408114,0.65628
005,2020-02-27 13:46:06.017517,0.609403
005,2020-02-27 13:46:06.658171,0.640654
005,2020-02-27 13:46:07.283200,0.625029
005,2020-02-27 13:46:07.923854,0.640654
005,2020-02-27 13:46:08.595760,0.671906
005,2020-02-27 13:46:09.252040,0.65628
005,2020-02-27 13:46:09.814565,0.562526
005,2020-02-27 13:46:10.470845,0.65628
005,2020-02-27 13:46:11.095874,0.625029
005,2020-02-27 13:46:11.752154,0.65628
005,2020-02-27 13:46:12.439686,0.687531
005,2020-02-27 13:46:13.049088,0.609403
005,2020-02-27 13:46:13.846000,0.7969109999999999
005,2020-02-27 13:46:14.455403,0.609403
005,2020-02-27 13:46:15.111683,0.65628
005,2020-02-27 13:46:15.752337,0.640654
005,2020-02-27 13:46:16.346114,0.593777
005,2020-02-27 13:46:17.096149,0.750034
005,2020-02-27 13:46:17.705552,0.609403
005,2020-02-27 13:46:18.314955,0.609403
005,2020-02-27 13:46:19.018112,0.7031569999999999
005,2020-02-27 13:46:19.643140,0.625029
005,2020-02-27 13:46:20.283795,0.640654
005,2020-02-27 13:46:20.908823,0.625029
005,2020-02-27 13:46:21.549478,0.640654
005,2020-02-27 13:46:22.190132,0.640654
005,2020-02-27 13:46:22.877663,0.687531
005,2020-02-27 13:46:23.533943,0.65628
005,2020-02-27 13:46:24.205849,0.671906
005,2020-02-27 13:46:24.877755,0.671906
005,2020-02-27 13:46:25.518409,0.640654
005,2020-02-27 13:46:26.174689,0.65628
005,2020-02-27 13:46:26.830969,0.65628
005,2020-02-27 13:46:35.862633,0.593777
005,2020-02-27 13:46:36.503287,0.640654
005,2020-02-27 13:46:37.081439,0.578151
005,2020-02-27 13:46:37.659590,0.578151
005,2020-02-27 13:46:38.300244,0.640654
005,2020-02-27 13:46:42.519187,0.65628
005,2020-02-27 13:46:43.159842,0.640654
005,2020-02-27 13:46:43.769245,0.609403
005,2020-02-27 13:46:44.425525,0.65628
005,2020-02-27 13:46:45.081805,0.65628
005,2020-02-27 13:46:45.706833,0.625029
005,2020-02-27 13:46:46.347488,0.640654
005,2020-02-27 13:46:47.003768,0.65628
005,2020-02-27 13:46:47.706925,0.7031569999999999
005,2020-02-27 13:46:48.316328,0.609403
005,2020-02-27 13:46:48.972608,0.65628
005,2020-02-27 13:46:49.613262,0.640654
005,2020-02-27 13:46:50.238291,0.625029
005,2020-02-27 13:46:50.863319,0.625029
005,2020-02-27 13:46:51.503974,0.640654
005,2020-02-27 13:46:58.629300,0.65628
005,2020-02-27 13:46:59.285580,0.65628
005,2020-02-27 13:46:59.957486,0.671906
005,2020-02-27 13:47:00.613766,0.65628
005,2020-02-27 13:47:01.270046,0.65628
005,2020-02-27 13:47:01.941952,0.671906
005,2020-02-27 13:47:02.582606,0.640654
005,2020-02-27 13:47:03.301389,0.718783
005,2020-02-27 13:47:03.942043,0.640654
005,2020-02-27 13:47:04.613949,0.671906
005,2020-02-27 13:47:05.254603,0.640654
005,2020-02-27 13:47:05.926509,0.671906
005,2020-02-27 13:47:06.582789,0.65628
005,2020-02-27 13:47:07.239069,0.65628
005,2020-02-27 13:47:07.879723,0.640654
005,2020-02-27 13:47:08.582880,0.7031569999999999
005,2020-02-27 13:47:09.254786,0.671906
005,2020-02-27 13:47:09.942318,0.687531
005,2020-02-27 13:47:10.645475,0.7031569999999999
005,2020-02-27 13:47:11.333006,0.687531
005,2020-02-27 13:47:12.036164,0.7031569999999999
005,2020-02-27 13:47:12.723695,0.687531
005,2020-02-27 13:47:13.426852,0.7031569999999999
005,2020-02-27 13:47:14.114384,0.687531
005,2020-02-27 13:47:14.770664,0.65628
005,2020-02-27 13:47:15.442569,0.671906
005,2020-02-27 13:47:16.098850,0.65628
005,2020-02-27 13:47:16.817632,0.718783
005,2020-02-27 13:47:17.411410,0.593777
005,2020-02-27 13:47:18.083315,0.671906
005,2020-02-27 13:47:18.755221,0.671906
005,2020-02-27 13:47:19.380250,0.625029
005,2020-02-27 13:47:20.036530,0.65628
005,2020-02-27 13:47:20.692810,0.65628
005,2020-02-27 13:47:21.333464,0.640654
005,2020-02-27 13:47:22.005370,0.671906
005,2020-02-27 13:47:22.677276,0.671906
005,2020-02-27 13:47:23.333556,0.65628
005,2020-02-27 13:47:23.974210,0.640654
005,2020-02-27 13:47:24.708619,0.734409
005,2020-02-27 13:47:25.349273,0.640654
005,2020-02-27 13:47:26.005553,0.65628
005,2020-02-27 13:47:26.646207,0.640654
005,2020-02-27 13:47:27.286862,0.640654
005,2020-02-27 13:47:27.927516,0.640654
005,2020-02-27 13:47:28.552545,0.625029
005,2020-02-27 13:47:29.177573,0.625029
005,2020-02-27 13:47:29.833853,0.65628
005,2020-02-27 13:47:30.443256,0.609403
005,2020-02-27 13:47:31.146413,0.7031569999999999
005,2020-02-27 13:47:37.771717,0.640654
005,2020-02-27 13:47:38.427997,0.65628
005,2020-02-27 13:47:39.146780,0.718783
005,2020-02-27 13:47:39.803060,0.65628
005,2020-02-27 13:47:40.490591,0.687531
005,2020-02-27 13:47:41.193748,0.7031569999999999
005,2020-02-27 13:47:45.959591,0.640654
005,2020-02-27 13:47:46.584620,0.625029
005,2020-02-27 13:47:47.287777,0.7031569999999999
005,2020-02-27 13:47:47.990934,0.7031569999999999
005,2020-02-27 13:47:48.600337,0.609403
005,2020-02-27 13:47:49.240992,0.640654
006,2020-02-28 10:20:06.723269,0.734409
006,2020-02-28 10:20:07.457678,0.734409
006,2020-02-28 10:20:08.176461,0.718783
006,2020-02-28 10:20:08.879618,0.7031569999999999
006,2020-02-28 10:20:09.723406,0.8437889999999999
006,2020-02-28 10:20:10.551569,0.8281629999999999
006,2020-02-28 10:20:33.833885,0.718783
006,2020-02-28 10:20:34.677674,0.8437889999999999
006,2020-02-28 10:20:35.490211,0.812537
006,2020-02-28 10:20:41.115468,0.812537
006,2020-02-28 10:20:41.928005,0.812537
006,2020-02-28 10:20:42.709291,0.7812859999999999
006,2020-02-28 10:20:43.490577,0.7812859999999999
006,2020-02-28 10:20:44.287488,0.7969109999999999
006,2020-02-28 10:20:45.100026,0.812537
006,2020-02-28 10:20:45.787557,0.687531
006,2020-02-28 10:20:46.521966,0.734409
006,2020-02-28 10:20:47.287626,0.76566
006,2020-02-28 10:20:48.053286,0.76566
006,2020-02-28 10:20:48.881449,0.8281629999999999
006,2020-02-28 10:20:49.568980,0.687531
006,2020-02-28 10:20:50.490897,0.921917
006,2020-02-28 10:20:51.256557,0.76566
006,2020-02-28 10:21:46.399707,0.76566
006,2020-02-28 10:21:47.212244,0.812537
006,2020-02-28 10:22:03.431736,0.7969109999999999
006,2020-02-28 10:22:04.072391,0.640654
006,2020-02-28 10:22:05.025559,0.953169
006,2020-02-28 10:22:17.385500,0.76566
006,2020-02-28 10:22:18.135534,0.750034
006,2020-02-28 10:22:18.979323,0.8437889999999999
006,2020-02-28 10:22:19.760609,0.7812859999999999
006,2020-02-28 10:22:20.557520,0.7969109999999999
006,2020-02-28 10:22:21.354432,0.7969109999999999
006,2020-02-28 10:22:22.166969,0.812537
006,2020-02-28 10:22:22.963880,0.7969109999999999
006,2020-02-28 10:22:23.776417,0.812537
006,2020-02-28 10:22:24.604580,0.8281629999999999
006,2020-02-28 10:22:25.401492,0.7969109999999999
006,2020-02-28 10:22:26.214029,0.812537
006,2020-02-28 10:22:26.964063,0.750034
006,2020-02-28 10:22:27.667221,0.7031569999999999
006,2020-02-28 10:22:28.479758,0.812537
006,2020-02-28 10:22:29.198541,0.718783
006,2020-02-28 10:22:29.948575,0.750034
006,2020-02-28 10:22:30.714235,0.76566
006,2020-02-28 10:22:31.479895,0.76566
006,2020-02-28 10:22:32.229929,0.750034
006,2020-02-28 10:22:33.042467,0.812537
006,2020-02-28 10:22:33.823752,0.7812859999999999
006,2020-02-28 10:22:34.573787,0.750034
006,2020-02-28 10:22:35.433201,0.8594139999999999
006,2020-02-28 10:22:36.167610,0.734409
006,2020-02-28 10:22:36.902018,0.734409
006,2020-02-28 10:22:37.683304,0.7812859999999999
006,2020-02-28 10:22:38.448964,0.76566
006,2020-02-28 10:22:39.230250,0.7812859999999999
006,2020-02-28 10:22:47.777516,0.76566
006,2020-02-28 10:22:48.574428,0.7969109999999999
006,2020-02-28 10:22:49.371339,0.7969109999999999
006,2020-02-28 10:22:57.215448,0.76566
006,2020-02-28 10:22:57.996734,0.7812859999999999
006,2020-02-28 10:22:58.731143,0.734409
006,2020-02-28 10:22:59.496803,0.76566
006,2020-02-28 10:23:00.278088,0.7812859999999999
006,2020-02-28 10:23:01.059374,0.7812859999999999
006,2020-02-28 10:23:01.840660,0.7812859999999999
006,2020-02-28 10:23:02.621946,0.7812859999999999
006,2020-02-28 10:23:03.403231,0.7812859999999999
006,2020-02-28 10:23:04.184517,0.7812859999999999
006,2020-02-28 10:23:04.981429,0.7969109999999999
006,2020-02-28 10:23:05.747089,0.76566
006,2020-02-28 10:23:06.528374,0.7812859999999999
006,2020-02-28 10:23:07.325286,0.7969109999999999
006,2020-02-28 10:23:08.090946,0.76566
006,2020-02-28 10:23:08.840980,0.750034
006,2020-02-28 10:23:09.591015,0.750034
006,2020-02-28 10:23:10.309798,0.718783
006,2020-02-28 10:23:11.122335,0.812537
006,2020-02-28 10:23:11.903620,0.7812859999999999
006,2020-02-28 10:23:12.731783,0.8281629999999999
006,2020-02-28 10:23:13.419315,0.687531
006,2020-02-28 10:23:14.294355,0.8750399999999999
006,2020-02-28 10:23:15.028764,0.734409
006,2020-02-28 10:23:37.998565,0.7812859999999999
006,2020-02-28 10:23:38.857979,0.8594139999999999
006,2020-02-28 10:23:44.217600,0.734409
006,2020-02-28 10:23:44.936383,0.718783
006,2020-02-28 10:23:45.733294,0.7969109999999999
006,2020-02-28 10:23:46.639585,0.906291
006,2020-02-28 10:23:50.780400,0.937543
006,2020-02-28 10:24:07.953061,0.76566
006,2020-02-28 10:24:08.749973,0.7969109999999999
006,2020-02-28 10:24:09.500007,0.750034
006,2020-02-28 10:24:10.281293,0.7812859999999999
006,2020-02-28 10:24:11.125081,0.8437889999999999
006,2020-02-28 10:24:11.875116,0.750034
006,2020-02-28 10:24:12.781407,0.906291
006,2020-02-28 10:24:13.734576,0.953169
006,2020-02-28 10:24:19.219202,0.7812859999999999
006,2020-02-28 10:24:24.047548,0.890666
006,2020-02-28 10:24:24.828834,0.7812859999999999
006,2020-02-28 10:24:25.688248,0.8594139999999999
006,2020-02-28 10:24:26.453908,0.76566
006,2020-02-28 10:24:27.141439,0.687531
006,2020-02-28 10:24:31.954160,0.734409
006,2020-02-28 10:24:32.735445,0.7812859999999999
006,2020-02-28 10:24:33.532357,0.7969109999999999
006,2020-02-28 10:24:34.298017,0.76566
006,2020-02-28 10:24:35.048051,0.750034
006,2020-02-28 10:24:35.813711,0.76566
006,2020-02-28 10:24:36.579371,0.76566
006,2020-02-28 10:24:37.360657,0.7812859999999999
006,2020-02-28 10:24:38.126317,0.76566
006,2020-02-28 10:24:38.970106,0.8437889999999999
006,2020-02-28 10:24:39.782643,0.812537
006,2020-02-28 10:24:40.532677,0.750034
006,2020-02-28 10:24:41.313963,0.7812859999999999
006,2020-02-28 10:24:42.079623,0.76566
006,2020-02-28 10:24:42.860909,0.7812859999999999
006,2020-02-28 10:24:43.657820,0.7969109999999999
006,2020-02-28 10:24:44.454732,0.7969109999999999
006,2020-02-28 10:24:45.220392,0.76566
006,2020-02-28 10:24:46.017303,0.7969109999999999
006,2020-02-28 10:24:46.798589,0.7812859999999999
006,2020-02-28 10:24:47.548624,0.750034
006,2020-02-28 10:24:48.329909,0.7812859999999999
006,2020-02-28 10:24:49.142447,0.812537
006,2020-02-28 10:24:49.908107,0.76566
006,2020-02-28 10:24:50.611264,0.7031569999999999
006,2020-02-28 10:24:51.298795,0.687531
006,2020-02-28 10:24:52.126958,0.8281629999999999
006,2020-02-28 10:24:52.861367,0.734409
006,2020-02-28 10:24:53.548898,0.687531
006,2020-02-28 10:24:54.298933,0.750034
006,2020-02-28 10:24:55.033341,0.734409
006,2020-02-28 10:24:55.752124,0.718783
006,2020-02-28 10:24:56.486533,0.734409
006,2020-02-28 10:24:57.252193,0.76566
006,2020-02-28 10:24:58.002227,0.750034
006,2020-02-28 10:24:58.752261,0.750034
006,2020-02-28 10:24:59.471044,0.718783
006,2020-02-28 10:25:00.252330,0.7812859999999999
006,2020-02-28 10:25:01.049242,0.7969109999999999
006,2020-02-28 10:25:01.846153,0.7969109999999999
006,2020-02-28 10:25:02.611813,0.76566
006,2020-02-28 10:25:03.408725,0.7969109999999999
006,2020-02-28 10:25:04.221262,0.812537
006,2020-02-28 10:25:05.018173,0.7969109999999999
006,2020-02-28 10:25:05.815085,0.7969109999999999
006,2020-02-28 10:25:06.596370,0.7812859999999999
006,2020-02-28 10:25:07.315153,0.718783
006,2020-02-28 10:25:08.080813,0.76566
006,2020-02-28 10:25:08.783971,0.7031569999999999
006,2020-02-28 10:25:09.580882,0.7969109999999999
006,2020-02-28 10:25:10.362168,0.7812859999999999
006,2020-02-28 10:25:11.096576,0.734409
006,2020-02-28 10:25:11.955991,0.8594139999999999
006,2020-02-28 10:25:12.706025,0.750034
006,2020-02-28 10:25:13.471685,0.76566
006,2020-02-28 10:25:14.252971,0.7812859999999999
006,2020-02-28 10:25:15.049882,0.7969109999999999
006,2020-02-28 10:25:15.893671,0.8437889999999999
006,2020-02-28 10:25:16.674957,0.7812859999999999
006,2020-02-28 10:25:17.471868,0.7969109999999999
006,2020-02-28 10:25:18.237528,0.76566
006,2020-02-28 10:25:19.112568,0.8750399999999999
006,2020-02-28 10:25:19.878228,0.76566
006,2020-02-28 10:25:32.472555,0.750034
006,2020-02-28 10:26:17.490241,0.8281629999999999
006,2020-02-28 10:26:32.037781,0.8750399999999999
006,2020-02-28 10:26:32.865944,0.8281629999999999
006,2020-02-28 10:26:33.647230,0.7812859999999999
006,2020-02-28 10:27:06.820624,0.953169
006,2020-02-28 10:29:07.294888,0.734409
006,2020-02-28 10:29:08.185554,0.890666
006,2020-02-28 10:29:08.935588,0.750034
006,2020-02-28 10:29:09.779377,0.8437889999999999
006,2020-02-28 10:29:10.560663,0.7812859999999999
006,2020-02-28 10:29:11.326323,0.76566
006,2020-02-28 10:29:12.091983,0.76566
006,2020-02-28 10:30:00.953594,0.8281629999999999
006,2020-02-28 10:30:01.641126,0.687531
006,2020-02-28 10:30:02.328657,0.687531
006,2020-02-28 10:30:03.109943,0.7812859999999999
006,2020-02-28 10:30:03.938106,0.8281629999999999
006,2020-02-28 10:30:04.672515,0.734409
006,2020-02-28 10:30:57.284298,0.76566
006,2020-02-28 10:30:58.112461,0.8281629999999999
006,2020-02-28 10:30:58.878121,0.76566
006,2020-02-28 10:31:07.034744,0.937543
006,2020-02-28 10:31:07.816030,0.7812859999999999
006,2020-02-28 10:31:24.035522,0.8281629999999999
006,2020-02-28 10:33:33.463322,0.671906
006,2020-02-28 10:33:47.495214,0.812537
006,2020-02-28 10:33:48.276500,0.7812859999999999
006,2020-02-28 10:33:49.042160,0.76566
006,2020-02-28 10:33:57.620678,0.812537
006,2020-02-28 10:33:58.339461,0.718783
006,2020-02-28 10:33:59.058244,0.718783
006,2020-02-28 10:33:59.855155,0.7969109999999999
006,2020-02-28 10:34:00.683318,0.8281629999999999
006,2020-02-28 10:34:01.448978,0.76566
006,2020-02-28 10:34:15.418367,0.812537
006,2020-02-28 10:34:16.293407,0.8750399999999999
006,2020-02-28 10:34:16.980939,0.687531
006,2020-02-28 10:34:34.497366,0.625029
006,2020-02-28 10:34:51.435641,0.500023
006,2020-02-28 10:34:51.920038,0.484397
006,2020-02-28 10:34:52.435687,0.515649
006,2020-02-28 10:35:07.451999,0.8594139999999999
006,2020-02-28 10:35:08.248911,0.7969109999999999
006,2020-02-28 10:35:09.077074,0.8281629999999999
006,2020-02-28 10:35:09.952114,0.8750399999999999
006,2020-02-28 10:35:10.827154,0.8750399999999999
006,2020-02-28 10:35:11.577188,0.750034
006,2020-02-28 10:35:12.358474,0.7812859999999999
006,2020-02-28 10:35:13.264765,0.906291
006,2020-02-28 10:35:13.999174,0.734409
006,2020-02-28 10:35:22.327680,0.42189399999999994
006,2020-02-28 10:35:37.250238,0.562526
006,2020-02-28 10:36:04.048340,0.593777
006,2020-02-28 10:36:23.580484,0.7969109999999999
006,2020-02-28 10:36:42.112582,0.890666
006,2020-02-28 10:36:43.050125,0.937543
006,2020-02-28 10:36:43.862662,0.812537
006,2020-02-28 10:36:44.706451,0.8437889999999999
006,2020-02-28 10:36:54.488149,0.8594139999999999
006,2020-02-28 10:36:55.300686,0.812537
006,2020-02-28 10:36:56.128849,0.8281629999999999
006,2020-02-28 10:36:56.894509,0.76566
006,2020-02-28 10:36:57.800800,0.906291
006,2020-02-28 10:36:58.628963,0.8281629999999999
006,2020-02-28 10:36:59.332120,0.7031569999999999
006,2020-02-28 10:37:32.693022,0.734409
006,2020-02-28 10:37:50.443835,0.578151
006,2020-02-28 10:38:00.303661,0.906291
006,2020-02-28 10:38:10.851019,0.7812859999999999
006,2020-02-28 10:38:52.071656,0.718783
006,2020-02-28 10:38:52.806065,0.734409
006,2020-02-28 10:38:53.446719,0.640654
006,2020-02-28 10:39:37.511236,0.76566
006,2020-02-28 10:39:38.323773,0.812537
006,2020-02-28 10:39:39.323819,1.000046
006,2020-02-28 10:40:01.793597,0.8594139999999999
006,2020-02-28 10:40:02.637386,0.8437889999999999
006,2020-02-28 10:40:10.106478,0.921917
006,2020-02-28 10:40:10.872138,0.76566
006,2020-02-28 10:40:11.715927,0.8437889999999999
006,2020-02-28 10:40:12.528464,0.812537
006,2020-02-28 10:40:13.341001,0.812537
006,2020-02-28 10:40:14.169164,0.8281629999999999
006,2020-02-28 10:40:15.012953,0.8437889999999999
006,2020-02-28 10:40:15.903618,0.890666
006,2020-02-28 10:40:16.700530,0.7969109999999999
006,2020-02-28 10:40:17.497441,0.7969109999999999
006,2020-02-28 10:40:18.294353,0.7969109999999999
006,2020-02-28 10:40:19.122516,0.8281629999999999
006,2020-02-28 10:40:19.981930,0.8594139999999999
006,2020-02-28 10:40:20.700713,0.718783
006,2020-02-28 10:40:21.497624,0.7969109999999999
006,2020-02-28 10:40:22.263284,0.76566
006,2020-02-28 10:40:23.060196,0.7969109999999999
006,2020-02-28 10:40:23.872733,0.812537
006,2020-02-28 10:40:28.560448,0.812537
006,2020-02-28 10:40:29.326108,0.76566
006,2020-02-28 10:41:47.892204,0.718783
006,2020-02-28 10:41:48.814121,0.921917
006,2020-02-28 10:41:49.564156,0.750034
006,2020-02-28 10:41:53.361204,0.750034
006,2020-02-28 10:41:54.095613,0.734409
006,2020-02-28 10:41:54.861273,0.76566
006,2020-02-28 10:41:55.658185,0.7969109999999999
006,2020-02-28 10:41:56.501973,0.8437889999999999
006,2020-02-28 10:42:01.986599,0.7969109999999999
006,2020-02-28 10:42:02.830388,0.8437889999999999
006,2020-02-28 10:42:03.705428,0.8750399999999999
006,2020-02-28 10:42:04.517965,0.812537
006,2020-02-28 10:42:25.081406,0.5469
006,2020-02-28 10:42:38.191381,0.890666
006,2020-02-28 10:42:39.097673,0.906291
006,2020-02-28 10:42:39.816456,0.718783
006,2020-02-28 10:42:53.160817,0.687531
006,2020-02-28 10:42:58.348554,0.718783
006,2020-02-28 10:42:59.082963,0.734409
006,2020-02-28 10:42:59.832997,0.750034
006,2020-02-28 10:43:00.583031,0.750034
006,2020-02-28 10:43:01.254937,0.671906
006,2020-02-28 10:43:01.958094,0.7031569999999999
006,2020-02-28 10:43:02.676877,0.718783
006,2020-02-28 10:43:03.395660,0.718783
006,2020-02-28 10:43:04.130069,0.734409
006,2020-02-28 10:43:04.864477,0.734409
006,2020-02-28 10:43:05.614512,0.750034
006,2020-02-28 10:43:06.395797,0.7812859999999999
006,2020-02-28 10:43:07.177083,0.7812859999999999
006,2020-02-28 10:43:07.833363,0.65628
006,2020-02-28 10:43:08.630275,0.7969109999999999
006,2020-02-28 10:43:14.614924,0.7969109999999999
006,2020-02-28 10:43:15.536841,0.921917
006,2020-02-28 10:43:23.240319,0.750034
006,2020-02-28 10:43:23.802844,0.562526
006,2020-02-28 10:43:24.302867,0.500023
006,2020-02-28 10:43:36.865942,0.5469
006,2020-02-28 10:43:46.819523,0.531274
006,2020-02-28 10:44:16.258370,0.593777
006,2020-02-28 10:45:39.715316,0.8281629999999999
006,2020-02-28 10:45:40.340344,0.625029
006,2020-02-28 10:45:41.168507,0.8281629999999999
006,2020-02-28 10:45:41.762284,0.593777
006,2020-02-28 10:46:33.186513,0.43751999999999996
006,2020-02-28 10:46:39.233665,0.578151
006,2020-02-28 10:46:39.780565,0.5469
006,2020-02-28 10:46:46.968394,0.578151
006,2020-02-28 10:47:32.126711,0.812537
006,2020-02-28 10:47:57.659130,0.484397
006,2020-02-28 10:50:19.181233,0.609403
006,2020-02-28 10:50:19.806262,0.625029
006,2020-02-28 10:50:20.337536,0.531274
006,2020-02-28 10:50:20.915687,0.578151
006,2020-02-28 10:50:21.634470,0.718783
006,2020-02-28 10:50:39.025891,0.687531
006,2020-02-28 10:54:47.459138,0.640654
006,2020-02-28 10:55:28.632898,0.593777
006,2020-02-28 10:55:29.148547,0.515649
006,2020-02-28 10:55:29.836078,0.687531
006,2020-02-28 10:56:07.103409,0.593777
006,2020-02-28 10:56:43.886343,0.593777
006,2020-02-28 10:56:46.058317,0.34376599999999996
006,2020-02-28 10:57:22.528737,0.625029
006,2020-02-28 10:57:34.294900,0.671906
006,2020-02-28 10:58:18.234411,0.812537
006,2020-02-28 10:58:43.391813,0.609403
006,2020-02-28 10:58:43.860584,0.468771
006,2020-02-28 10:58:59.595680,0.562526
006,2020-02-28 10:59:04.752166,0.5469
006,2020-02-28 10:59:26.784424,0.562526
006,2020-02-28 10:59:27.331324,0.5469
006,2020-02-28 10:59:33.534733,0.578151
006,2020-02-28 10:59:34.019130,0.484397
006,2020-02-28 10:59:37.597419,0.500023
006,2020-02-28 10:59:38.128694,0.531274
006,2020-02-28 10:59:38.706845,0.578151
006,2020-02-28 11:00:21.990076,0.500023
006,2020-02-28 11:00:22.630731,0.640654
006,2020-02-28 11:00:25.474611,0.609403
006,2020-02-28 11:00:26.115265,0.640654
006,2020-02-28 11:00:39.272117,0.8281629999999999
006,2020-02-28 11:00:39.928397,0.65628
006,2020-02-28 11:00:40.694057,0.76566
006,2020-02-28 11:00:41.272209,0.578151
006,2020-02-28 11:00:41.850360,0.578151
006,2020-02-28 11:01:07.664042,0.32814
006,2020-02-28 11:01:54.119293,0.578151
006,2020-02-28 11:01:54.791199,0.671906
006,2020-02-28 11:02:09.338740,0.65628
006,2020-02-28 11:02:10.057523,0.718783
006,2020-02-28 11:02:10.760680,0.7031569999999999
006,2020-02-28 11:02:11.479463,0.718783
006,2020-02-28 11:02:33.386716,0.687531
006,2020-02-28 11:02:33.996119,0.609403
006,2020-02-28 11:02:34.652399,0.65628
006,2020-02-28 11:02:35.449310,0.7969109999999999
006,2020-02-28 11:02:36.246222,0.7969109999999999
006,2020-02-28 11:02:43.840319,0.671906
006,2020-02-28 11:02:44.418471,0.578151
006,2020-02-28 11:02:47.074842,0.515649
006,2020-02-28 11:02:47.731122,0.65628
006,2020-02-28 11:02:48.481157,0.750034
006,2020-02-28 11:05:57.849200,0.531274
006,2020-02-28 11:09:45.703380,0.7031569999999999
006,2020-02-28 11:12:55.274557,0.35939099999999996
006,2020-02-28 11:12:55.633949,0.35939099999999996
006,2020-02-28 11:12:56.008966,0.375017
006,2020-02-28 11:12:56.368357,0.35939099999999996
006,2020-02-28 11:13:03.478058,0.375017
006,2020-02-28 11:13:03.884326,0.406269
006,2020-02-28 11:13:04.384349,0.500023
006,2020-02-28 11:13:23.135208,0.468771
006,2020-02-28 11:13:23.744611,0.609403
006,2020-02-28 11:13:24.260259,0.515649
006,2020-02-28 11:13:24.838411,0.578151
006,2020-02-28 11:13:25.432188,0.593777
006,2020-02-28 11:13:25.963462,0.531274
006,2020-02-28 11:13:32.885654,0.468771
006,2020-02-28 11:18:06.601308,0.718783
006,2020-02-28 11:18:07.288840,0.687531
006,2020-02-28 11:18:07.960745,0.671906
006,2020-02-28 11:18:08.601400,0.640654
006,2020-02-28 11:18:18.117460,0.515649
006,2020-02-28 11:18:33.821304,0.65628
006,2020-02-28 11:18:34.540087,0.718783
006,2020-02-28 11:18:35.243244,0.7031569999999999
006,2020-02-28 11:18:35.899524,0.65628
006,2020-02-28 11:18:36.649559,0.750034
006,2020-02-28 11:18:37.383967,0.734409
006,2020-02-28 11:18:40.977882,0.718783
006,2020-02-28 11:18:41.712290,0.734409
006,2020-02-28 11:18:42.368570,0.65628
006,2020-02-28 11:18:43.056102,0.687531
006,2020-02-28 11:18:43.712382,0.65628
006,2020-02-28 11:18:44.399913,0.687531
006,2020-02-28 11:18:45.134322,0.734409
006,2020-02-28 11:18:45.790602,0.65628
006,2020-02-28 11:18:58.650566,0.750034
006,2020-02-28 11:18:59.369349,0.718783
006,2020-02-28 11:19:00.072506,0.7031569999999999
006,2020-02-28 11:19:00.822540,0.750034
006,2020-02-28 11:19:01.650703,0.8281629999999999
006,2020-02-28 11:19:02.260106,0.609403
006,2020-02-28 11:19:02.932012,0.671906
006,2020-02-28 11:19:03.666420,0.734409
006,2020-02-28 11:19:04.385203,0.718783
006,2020-02-28 11:19:05.103986,0.718783
006,2020-02-28 11:19:05.854020,0.750034
006,2020-02-28 11:19:06.588429,0.734409
006,2020-02-28 11:19:07.291586,0.7031569999999999
006,2020-02-28 11:19:53.465575,0.718783
006,2020-02-28 11:19:54.215609,0.750034
006,2020-02-28 11:19:54.950018,0.734409
006,2020-02-28 11:19:55.715678,0.76566
006,2020-02-28 11:19:56.465712,0.750034
006,2020-02-28 11:19:57.215746,0.750034
006,2020-02-28 11:19:58.012658,0.7969109999999999
006,2020-02-28 11:19:58.809569,0.7969109999999999
006,2020-02-28 11:19:59.450224,0.640654
006,2020-02-28 11:20:00.169007,0.718783
006,2020-02-28 11:20:10.310096,0.687531
006,2020-02-28 11:21:17.828811,0.7812859999999999
006,2020-02-28 11:21:18.516343,0.687531
006,2020-02-28 11:21:19.266377,0.750034
006,2020-02-28 11:21:19.969534,0.7031569999999999
006,2020-02-28 11:21:20.610189,0.640654
006,2020-02-28 11:21:21.219592,0.609403
006,2020-02-28 11:21:21.844620,0.625029
006,2020-02-28 11:21:22.516526,0.671906
006,2020-02-28 11:21:23.157180,0.640654
006,2020-02-28 11:21:23.782209,0.625029
006,2020-02-28 11:21:24.391612,0.609403
006,2020-02-28 11:21:25.016640,0.625029
006,2020-02-28 11:21:25.594792,0.578151
006,2020-02-28 11:21:26.219820,0.625029
006,2020-02-28 11:21:26.907352,0.687531
006,2020-02-28 11:21:27.532381,0.625029
006,2020-02-28 11:21:28.173035,0.640654
006,2020-02-28 11:21:28.782438,0.609403
006,2020-02-28 11:21:29.391841,0.609403
006,2020-02-28 11:21:30.001244,0.609403
006,2020-02-28 11:21:30.595021,0.593777
006,2020-02-28 11:21:31.204424,0.609403
006,2020-02-28 11:21:54.064845,0.734409
006,2020-02-28 11:21:54.830505,0.76566
006,2020-02-28 11:21:55.596165,0.76566
006,2020-02-28 11:21:56.314948,0.718783
006,2020-02-28 11:21:57.049357,0.734409
006,2020-02-28 11:21:57.799391,0.750034
006,2020-02-28 11:21:58.580677,0.7812859999999999
006,2020-02-28 11:21:59.346337,0.76566
006,2020-02-28 11:22:00.158874,0.812537
006,2020-02-28 11:22:00.924534,0.76566
006,2020-02-28 11:22:01.690194,0.76566
006,2020-02-28 11:22:02.471480,0.7812859999999999
006,2020-02-28 11:22:03.237140,0.76566
006,2020-02-28 11:22:04.002800,0.76566
006,2020-02-28 11:22:04.768460,0.76566
006,2020-02-28 11:22:05.534120,0.76566
006,2020-02-28 11:22:06.159149,0.625029
006,2020-02-28 11:22:06.877932,0.718783
006,2020-02-28 11:22:07.440457,0.562526
006,2020-02-28 11:22:10.846863,0.687531
006,2020-02-28 11:22:31.535310,0.734409
006,2020-02-28 11:22:32.207216,0.671906
006,2020-02-28 11:22:32.957250,0.750034
006,2020-02-28 11:22:33.691659,0.734409
006,2020-02-28 11:22:48.973608,0.8437889999999999
006,2020-02-28 11:22:49.770520,0.7969109999999999
006,2020-02-28 11:22:50.520554,0.750034
006,2020-02-28 11:22:51.348717,0.8281629999999999
006,2020-02-28 11:23:23.803328,0.8750399999999999
006,2020-02-28 11:24:11.055491,0.7812859999999999
006,2020-02-28 11:24:11.821151,0.76566
006,2020-02-28 11:24:22.181000,0.734409
006,2020-02-28 11:24:47.791547,0.890666
006,2020-02-28 11:24:48.494704,0.7031569999999999
006,2020-02-28 11:24:49.291616,0.7969109999999999
006,2020-02-28 11:24:55.198136,0.640654
006,2020-02-28 11:24:55.854416,0.65628
006,2020-02-28 11:24:56.479445,0.625029
006,2020-02-28 11:24:57.073222,0.593777
006,2020-02-28 11:24:59.651465,0.640654
006,2020-02-28 11:25:00.292120,0.640654
006,2020-02-28 11:25:00.964025,0.671906
006,2020-02-28 11:25:01.604680,0.640654
006,2020-02-28 11:25:02.229708,0.625029
006,2020-02-28 11:25:02.870363,0.640654
006,2020-02-28 11:25:03.495391,0.625029
006,2020-02-28 11:25:04.120420,0.625029
006,2020-02-28 11:25:04.729823,0.609403
006,2020-02-28 11:25:05.370477,0.640654
007,2020-03-14 10:25:04.314162,0.8281629999999999
007,2020-03-14 10:25:05.173577,0.8594139999999999
007,2020-03-14 10:25:11.939511,1.015671
007,2020-03-14 10:25:12.767674,0.8281629999999999
007,2020-03-14 10:25:13.705217,0.937543
007,2020-03-14 10:25:14.642760,0.937543
007,2020-03-14 10:25:15.502174,0.8594139999999999
007,2020-03-14 10:25:16.377214,0.8750399999999999
007,2020-03-14 10:25:17.267880,0.890666
007,2020-03-14 10:25:18.142920,0.8750399999999999
007,2020-03-14 10:25:18.986709,0.8437889999999999
007,2020-03-14 10:25:19.814872,0.8281629999999999
007,2020-03-14 10:25:20.611783,0.7969109999999999
007,2020-03-14 10:25:21.455572,0.8437889999999999
007,2020-03-14 10:25:22.283735,0.8281629999999999
007,2020-03-14 10:25:23.158775,0.8750399999999999
007,2020-03-14 10:25:24.018189,0.8594139999999999
007,2020-03-14 10:25:24.877604,0.8594139999999999
007,2020-03-14 10:25:25.737018,0.8594139999999999
007,2020-03-14 10:25:26.612058,0.8750399999999999
007,2020-03-14 10:25:27.455847,0.8437889999999999
007,2020-03-14 10:25:28.346512,0.890666
007,2020-03-14 10:25:29.205927,0.8594139999999999
007,2020-03-14 10:25:30.018464,0.812537
007,2020-03-14 10:25:30.877878,0.8594139999999999
007,2020-03-14 10:25:31.799795,0.921917
007,2020-03-14 10:25:32.627958,0.8281629999999999
007,2020-03-14 10:25:43.394076,0.8281629999999999
007,2020-03-14 10:25:44.284742,0.890666
007,2020-03-14 10:25:45.112905,0.8281629999999999
007,2020-03-14 10:25:45.987945,0.8750399999999999
007,2020-03-14 10:25:46.847359,0.8594139999999999
007,2020-03-14 10:25:47.675522,0.8281629999999999
007,2020-03-14 10:25:48.488059,0.812537
007,2020-03-14 10:25:49.347474,0.8594139999999999
007,2020-03-14 10:25:50.144385,0.7969109999999999
007,2020-03-14 10:25:50.972548,0.8281629999999999
007,2020-03-14 10:25:51.816337,0.8437889999999999
007,2020-03-14 10:25:52.644500,0.8281629999999999
007,2020-03-14 10:25:53.488288,0.8437889999999999
007,2020-03-14 10:26:00.097966,0.7969109999999999
007,2020-03-14 10:26:00.926129,0.8281629999999999
007,2020-03-14 10:26:01.754292,0.8281629999999999
007,2020-03-14 10:26:05.910732,0.8594139999999999
007,2020-03-14 10:26:06.754520,0.8437889999999999
007,2020-03-14 10:26:07.582683,0.8281629999999999
007,2020-03-14 10:26:08.410846,0.8281629999999999
007,2020-03-14 10:26:09.160881,0.750034
007,2020-03-14 10:26:23.849053,0.812537
007,2020-03-14 10:26:24.677216,0.8281629999999999
007,2020-03-14 10:26:25.521004,0.8437889999999999
007,2020-03-14 10:26:26.333542,0.812537
007,2020-03-14 10:26:27.161705,0.8281629999999999
007,2020-03-14 10:26:28.005493,0.8437889999999999
007,2020-03-14 10:26:28.833656,0.8281629999999999
007,2020-03-14 10:26:29.614942,0.7812859999999999
007,2020-03-14 10:26:40.209177,0.7969109999999999
007,2020-03-14 10:26:41.021714,0.812537
007,2020-03-14 10:26:41.849877,0.8281629999999999
007,2020-03-14 10:26:42.662414,0.812537
007,2020-03-14 10:26:43.490577,0.8281629999999999
007,2020-03-14 10:26:44.381243,0.890666
007,2020-03-14 10:26:45.084400,0.7031569999999999
007,2020-03-14 10:26:45.912563,0.8281629999999999
007,2020-03-14 10:26:46.709474,0.7969109999999999
007,2020-03-14 10:26:47.490760,0.7812859999999999
007,2020-03-14 10:26:48.287672,0.7969109999999999
007,2020-03-14 10:26:49.084583,0.7969109999999999
007,2020-03-14 10:26:49.881495,0.7969109999999999
007,2020-03-14 10:26:50.647155,0.76566
007,2020-03-14 10:26:51.459692,0.812537
007,2020-03-14 10:26:52.303480,0.8437889999999999
007,2020-03-14 10:26:53.116018,0.812537
007,2020-03-14 10:26:53.944180,0.8281629999999999
007,2020-03-14 10:26:54.819221,0.8750399999999999
007,2020-03-14 10:26:55.647383,0.8281629999999999
007,2020-03-14 10:26:56.506798,0.8594139999999999
007,2020-03-14 10:26:57.366212,0.8594139999999999
007,2020-03-14 10:26:58.194375,0.8281629999999999
007,2020-03-14 10:26:59.022538,0.8281629999999999
007,2020-03-14 10:26:59.850701,0.8281629999999999
007,2020-03-14 10:27:00.725741,0.8750399999999999
007,2020-03-14 10:27:01.553904,0.8281629999999999
007,2020-03-14 10:27:02.366441,0.812537
007,2020-03-14 10:27:03.225855,0.8594139999999999
007,2020-03-14 10:27:04.038393,0.812537
007,2020-03-14 10:27:04.866555,0.8281629999999999
007,2020-03-14 10:27:05.694718,0.8281629999999999
007,2020-03-14 10:27:06.507256,0.812537
007,2020-03-14 10:27:07.304167,0.7969109999999999
007,2020-03-14 10:27:08.116704,0.812537
007,2020-03-14 10:27:08.913616,0.7969109999999999
007,2020-03-14 10:27:09.741779,0.8281629999999999
007,2020-03-14 10:27:10.523064,0.7812859999999999
007,2020-03-14 10:27:11.335602,0.812537
007,2020-03-14 10:27:12.132513,0.7969109999999999
007,2020-03-14 10:27:12.929425,0.7969109999999999
007,2020-03-14 10:27:13.788839,0.8594139999999999
007,2020-03-14 10:27:14.554499,0.76566
007,2020-03-14 10:27:15.367036,0.812537
007,2020-03-14 10:27:16.242076,0.8750399999999999
007,2020-03-14 10:27:17.023362,0.7812859999999999
007,2020-03-14 10:27:17.789022,0.76566
007,2020-03-14 10:27:18.695313,0.906291
007,2020-03-14 10:27:19.414096,0.718783
007,2020-03-14 10:27:20.211008,0.7969109999999999
007,2020-03-14 10:27:20.961042,0.750034
007,2020-03-14 10:27:21.711076,0.750034
007,2020-03-14 10:27:22.507988,0.7969109999999999
007,2020-03-14 10:27:23.351777,0.8437889999999999
007,2020-03-14 10:27:24.164314,0.812537
007,2020-03-14 10:27:24.976851,0.812537
007,2020-03-14 10:27:25.773762,0.7969109999999999
007,2020-03-14 10:27:26.601925,0.8281629999999999
007,2020-03-14 10:27:27.461340,0.8594139999999999
007,2020-03-14 10:27:28.273877,0.812537
007,2020-03-14 10:27:29.133291,0.8594139999999999
007,2020-03-14 10:27:29.867700,0.734409
007,2020-03-14 10:27:30.742740,0.8750399999999999
007,2020-03-14 10:27:31.492774,0.750034
007,2020-03-14 10:27:32.336563,0.8437889999999999
007,2020-03-14 10:27:33.133474,0.7969109999999999
007,2020-03-14 10:27:33.946012,0.812537
007,2020-03-14 10:27:34.805426,0.8594139999999999
007,2020-03-14 10:27:35.633589,0.8281629999999999
007,2020-03-14 10:27:36.399249,0.76566
007,2020-03-14 10:27:37.243037,0.8437889999999999
007,2020-03-14 10:27:38.055575,0.812537
007,2020-03-14 10:28:03.197350,0.8281629999999999
007,2020-03-14 10:28:04.056765,0.8594139999999999
007,2020-03-14 10:28:04.947430,0.890666
007,2020-03-14 10:28:05.869348,0.921917
007,2020-03-14 10:28:06.666259,0.7969109999999999
007,2020-03-14 10:28:07.541299,0.8750399999999999
007,2020-03-14 10:28:08.416339,0.8750399999999999
007,2020-03-14 10:28:09.275753,0.8594139999999999
007,2020-03-14 10:28:10.057039,0.7812859999999999
007,2020-03-14 10:28:10.978956,0.921917
007,2020-03-14 10:28:16.197945,0.8437889999999999
007,2020-03-14 10:28:17.026108,0.8281629999999999
007,2020-03-14 10:28:17.869897,0.8437889999999999
007,2020-03-14 10:28:18.729311,0.8594139999999999
007,2020-03-14 10:28:19.541848,0.812537
007,2020-03-14 10:28:20.370011,0.8281629999999999
007,2020-03-14 10:28:21.213800,0.8437889999999999
007,2020-03-14 10:28:22.026337,0.812537
007,2020-03-14 10:28:22.854500,0.8281629999999999
007,2020-03-14 10:28:23.698289,0.8437889999999999
007,2020-03-14 10:28:24.573329,0.8750399999999999
007,2020-03-14 10:28:25.448369,0.8750399999999999
007,2020-03-14 10:28:30.386095,0.8281629999999999
007,2020-03-14 10:28:31.214258,0.8281629999999999
007,2020-03-14 10:28:32.026795,0.812537
007,2020-03-14 10:28:45.621167,0.8594139999999999
007,2020-03-14 10:28:46.480582,0.8594139999999999
007,2020-03-14 10:28:47.308744,0.8281629999999999
007,2020-03-14 10:28:48.152533,0.8437889999999999
007,2020-03-14 10:28:49.011947,0.8594139999999999
007,2020-03-14 10:28:49.855736,0.8437889999999999
007,2020-03-14 10:28:50.699525,0.8437889999999999
007,2020-03-14 10:28:51.558939,0.8594139999999999
007,2020-03-14 10:28:52.371476,0.812537
007,2020-03-14 10:28:53.199639,0.8281629999999999
007,2020-03-14 10:28:54.074679,0.8750399999999999
007,2020-03-14 10:28:54.980971,0.906291
007,2020-03-14 10:28:55.887262,0.906291
007,2020-03-14 10:28:56.762302,0.8750399999999999
007,2020-03-14 10:28:57.668594,0.906291
007,2020-03-14 10:29:10.966078,0.812537
007,2020-03-14 10:29:11.825492,0.8594139999999999
007,2020-03-14 10:29:12.684906,0.8594139999999999
007,2020-03-14 10:29:13.513069,0.8281629999999999
007,2020-03-14 10:29:14.403735,0.890666
007,2020-03-14 10:29:15.278775,0.8750399999999999
007,2020-03-14 10:29:16.106938,0.8281629999999999
007,2020-03-14 10:29:21.185295,0.8594139999999999
007,2020-03-14 10:29:22.029084,0.8437889999999999
007,2020-03-14 10:29:22.888498,0.8594139999999999
007,2020-03-14 10:29:23.747913,0.8594139999999999
007,2020-03-14 10:29:24.638578,0.890666
007,2020-03-14 10:29:25.529244,0.890666
007,2020-03-14 10:29:26.404284,0.8750399999999999
007,2020-03-14 10:29:27.279324,0.8750399999999999
007,2020-03-14 10:29:28.138739,0.8594139999999999
007,2020-03-14 10:29:28.951276,0.812537
007,2020-03-14 10:29:29.779439,0.8281629999999999
007,2020-03-14 10:29:30.607602,0.8281629999999999
007,2020-03-14 10:29:31.435765,0.8281629999999999
007,2020-03-14 10:29:32.248302,0.812537
007,2020-03-14 10:29:33.092090,0.8437889999999999
007,2020-03-14 10:29:33.904628,0.812537
007,2020-03-14 10:29:34.748416,0.8437889999999999
007,2020-03-14 10:29:35.560953,0.812537
007,2020-03-14 10:29:36.389116,0.8281629999999999
007,2020-03-14 10:29:37.201653,0.812537
007,2020-03-14 10:29:38.029816,0.8281629999999999
007,2020-03-14 10:29:38.795476,0.76566
007,2020-03-14 10:29:39.608014,0.812537
007,2020-03-14 10:29:40.404925,0.7969109999999999
007,2020-03-14 10:29:41.217462,0.812537
007,2020-03-14 10:29:42.045625,0.8281629999999999
007,2020-03-14 10:29:42.858162,0.812537
007,2020-03-14 10:29:43.670700,0.812537
007,2020-03-14 10:29:44.498863,0.8281629999999999
007,2020-03-14 10:29:45.405154,0.906291
007,2020-03-14 10:29:46.248943,0.8437889999999999
007,2020-03-14 10:29:47.077106,0.8281629999999999
007,2020-03-14 10:29:47.905268,0.8281629999999999
007,2020-03-14 10:29:48.670928,0.76566
007,2020-03-14 10:29:58.796392,0.8594139999999999
007,2020-03-14 10:29:59.702683,0.906291
007,2020-03-14 10:30:00.562098,0.8594139999999999
007,2020-03-14 10:30:01.468389,0.906291
007,2020-03-14 10:30:02.327804,0.8594139999999999
007,2020-03-14 10:30:03.187218,0.8594139999999999
007,2020-03-14 10:30:04.062258,0.8750399999999999
007,2020-03-14 10:30:04.937298,0.8750399999999999
007,2020-03-14 10:30:05.765461,0.8281629999999999
007,2020-03-14 10:30:06.609250,0.8437889999999999
007,2020-03-14 10:30:07.468664,0.8594139999999999
007,2020-03-14 10:30:08.343704,0.8750399999999999
007,2020-03-14 10:30:09.203118,0.8594139999999999
007,2020-03-14 10:30:18.281659,0.8281629999999999
007,2020-03-14 10:30:19.094196,0.812537
007,2020-03-14 10:30:19.891108,0.7969109999999999
007,2020-03-14 10:30:20.641142,0.750034
007,2020-03-14 10:30:21.438053,0.7969109999999999
007,2020-03-14 10:30:22.266216,0.8281629999999999
007,2020-03-14 10:30:23.125631,0.8594139999999999
007,2020-03-14 10:30:24.000671,0.8750399999999999
007,2020-03-14 10:30:24.906962,0.906291
007,2020-03-14 10:30:25.797628,0.890666
007,2020-03-14 10:30:26.719545,0.921917
007,2020-03-14 10:30:33.704240,0.8281629999999999
007,2020-03-14 10:30:34.548028,0.8437889999999999
007,2020-03-14 10:30:35.391817,0.8437889999999999
007,2020-03-14 10:30:36.251231,0.8594139999999999
007,2020-03-14 10:30:37.048143,0.7969109999999999
007,2020-03-14 10:30:37.876306,0.8281629999999999
007,2020-03-14 10:30:38.751346,0.8750399999999999
007,2020-03-14 10:30:39.595134,0.8437889999999999
007,2020-03-14 10:30:40.438923,0.8437889999999999
007,2020-03-14 10:30:41.298337,0.8594139999999999
007,2020-03-14 10:30:42.142126,0.8437889999999999
007,2020-03-14 10:30:52.330092,0.906291
007,2020-03-14 10:30:53.048875,0.718783
007,2020-03-14 10:30:53.736407,0.687531
007,2020-03-14 10:30:54.392687,0.65628
007,2020-03-14 10:30:55.173973,0.7812859999999999
007,2020-03-14 10:30:55.814627,0.640654
007,2020-03-14 10:32:41.944485,0.8594139999999999
007,2020-03-14 10:32:42.897654,0.953169
007,2020-03-14 10:32:43.694565,0.7969109999999999
007,2020-03-14 10:32:52.476217,0.7812859999999999
007,2020-03-14 10:33:30.399828,0.7812859999999999
007,2020-03-14 10:33:45.228632,0.8594139999999999
007,2020-03-14 10:33:46.088046,0.8594139999999999
007,2020-03-14 10:33:51.057024,0.7969109999999999
007,2020-03-14 10:33:51.900812,0.8437889999999999
007,2020-03-14 10:33:52.775852,0.8750399999999999
007,2020-03-14 10:33:53.619641,0.8437889999999999
007,2020-03-14 10:34:05.135793,0.8281629999999999
007,2020-03-14 10:34:05.995207,0.8594139999999999
007,2020-03-14 10:34:06.823370,0.8281629999999999
007,2020-03-14 10:34:07.714036,0.890666
007,2020-03-14 10:34:08.432819,0.718783
007,2020-03-14 10:34:09.448490,1.015671
007,2020-03-14 10:34:10.229776,0.7812859999999999
007,2020-03-14 10:34:13.526802,0.7812859999999999
007,2020-03-14 10:34:14.495596,0.968794
007,2020-03-14 10:34:15.261256,0.76566
007,2020-03-14 10:34:16.073794,0.812537
007,2020-03-14 10:34:16.886331,0.812537
007,2020-03-14 10:34:28.589992,0.890666
007,2020-03-14 10:34:29.433780,0.8437889999999999
007,2020-03-14 10:34:30.261943,0.8281629999999999
007,2020-03-14 10:34:31.074480,0.812537
007,2020-03-14 10:34:31.933895,0.8594139999999999
007,2020-03-14 10:34:32.730806,0.7969109999999999
007,2020-03-14 10:34:33.543343,0.812537
007,2020-03-14 10:34:34.371506,0.8281629999999999
007,2020-03-14 10:34:35.199669,0.8281629999999999
007,2020-03-14 10:34:35.949703,0.750034
007,2020-03-14 10:34:36.777866,0.8281629999999999
007,2020-03-14 10:34:37.621655,0.8437889999999999
007,2020-03-14 10:34:38.434192,0.812537
007,2020-03-14 10:34:39.246729,0.812537
007,2020-03-14 10:34:40.121769,0.8750399999999999
007,2020-03-14 10:34:41.028061,0.906291
007,2020-03-14 10:34:41.871850,0.8437889999999999
007,2020-03-14 10:34:42.793767,0.921917
007,2020-03-14 10:34:43.684433,0.890666
007,2020-03-14 10:34:44.512595,0.8281629999999999
007,2020-03-14 10:34:45.356384,0.8437889999999999
007,2020-03-14 10:34:46.215798,0.8594139999999999
007,2020-03-14 10:34:47.090838,0.8750399999999999
007,2020-03-14 10:34:47.887750,0.7969109999999999
007,2020-03-14 10:34:48.700287,0.812537
007,2020-03-14 10:34:49.590953,0.890666
007,2020-03-14 10:34:50.544122,0.953169
007,2020-03-14 10:34:51.309782,0.76566
007,2020-03-14 10:34:52.169196,0.8594139999999999
007,2020-03-14 10:34:52.997359,0.8281629999999999
007,2020-03-14 10:34:53.856773,0.8594139999999999
007,2020-03-14 10:34:54.716187,0.8594139999999999
007,2020-03-14 10:34:55.575602,0.8594139999999999
007,2020-03-14 10:34:56.528770,0.953169
007,2020-03-14 10:34:57.278805,0.750034
007,2020-03-14 10:34:57.966336,0.687531
007,2020-03-14 10:35:02.638425,0.8594139999999999
007,2020-03-14 10:35:03.513465,0.8750399999999999
007,2020-03-14 10:35:04.357254,0.8437889999999999
007,2020-03-14 10:35:05.122914,0.76566
007,2020-03-14 10:35:06.091708,0.968794
007,2020-03-14 10:35:06.826117,0.734409
007,2020-03-14 10:35:07.529274,0.7031569999999999
007,2020-03-14 10:35:08.232431,0.7031569999999999
007,2020-03-14 10:35:20.936138,0.8281629999999999
007,2020-03-14 10:35:21.748675,0.812537
007,2020-03-14 10:35:22.576838,0.8281629999999999
007,2020-03-14 10:35:23.436252,0.8594139999999999
007,2020-03-14 10:35:39.374482,0.890666
007,2020-03-14 10:35:40.233896,0.8594139999999999
007,2020-03-14 10:35:41.046433,0.812537
007,2020-03-14 10:35:41.937099,0.890666
007,2020-03-14 10:35:42.780888,0.8437889999999999
007,2020-03-14 10:35:43.577799,0.7969109999999999
007,2020-03-14 10:35:44.405962,0.8281629999999999
007,2020-03-14 10:35:45.234125,0.8281629999999999
007,2020-03-14 10:35:46.031036,0.7969109999999999
007,2020-03-14 10:35:46.796696,0.76566
007,2020-03-14 10:35:47.499854,0.7031569999999999
007,2020-03-14 10:35:48.265514,0.76566
007,2020-03-14 10:35:49.062425,0.7969109999999999
007,2020-03-14 10:36:46.611934,0.718783
007,2020-03-14 10:36:54.096652,0.8281629999999999
007,2020-03-14 10:36:54.971692,0.8750399999999999
007,2020-03-14 10:36:55.862358,0.890666
007,2020-03-14 10:36:56.674895,0.812537
007,2020-03-14 10:36:57.565561,0.890666
007,2020-03-14 10:36:58.487478,0.921917
007,2020-03-14 10:36:59.284389,0.7969109999999999
007,2020-03-14 10:37:31.395234,0.8281629999999999
007,2020-03-14 10:37:39.708115,0.8437889999999999
007,2020-03-14 10:37:40.520652,0.812537
007,2020-03-14 10:37:41.348815,0.8281629999999999
007,2020-03-14 10:37:42.161352,0.812537
007,2020-03-14 10:37:43.020766,0.8594139999999999
007,2020-03-14 10:37:43.817678,0.7969109999999999
007,2020-03-14 10:37:44.520835,0.7031569999999999
007,2020-03-14 10:37:57.130787,0.8437889999999999
007,2020-03-14 10:37:58.005827,0.8750399999999999
007,2020-03-14 10:37:58.818365,0.812537
007,2020-03-14 10:37:59.709030,0.890666
007,2020-03-14 10:38:00.584070,0.8750399999999999
007,2020-03-14 10:38:01.427859,0.8437889999999999
007,2020-03-14 10:38:02.287273,0.8594139999999999
007,2020-03-14 10:38:09.178214,0.906291
007,2020-03-14 10:38:10.037628,0.8594139999999999
007,2020-03-14 10:38:10.928294,0.890666
007,2020-03-14 10:45:54.125647,0.7969109999999999
007,2020-03-14 10:45:54.906932,0.7812859999999999
007,2020-03-14 10:45:55.781972,0.8750399999999999
007,2020-03-14 10:45:56.641387,0.8594139999999999
007,2020-03-14 10:45:57.516427,0.8750399999999999
007,2020-03-14 10:45:58.407093,0.890666
007,2020-03-14 10:45:59.282133,0.8750399999999999
007,2020-03-14 10:46:00.188424,0.906291
007,2020-03-14 10:46:01.000961,0.812537
007,2020-03-14 10:46:01.829124,0.8281629999999999
007,2020-03-14 10:46:02.657287,0.8281629999999999
007,2020-03-14 10:46:03.438573,0.7812859999999999
007,2020-03-14 10:46:04.235484,0.7969109999999999
007,2020-03-14 10:46:04.985519,0.750034
007,2020-03-14 10:46:05.751179,0.76566
007,2020-03-14 10:46:06.548090,0.7969109999999999
007,2020-03-14 10:46:07.329376,0.7812859999999999
007,2020-03-14 10:46:08.173165,0.8437889999999999
007,2020-03-14 10:46:09.048205,0.8750399999999999
007,2020-03-14 10:46:09.938870,0.890666
007,2020-03-14 10:46:10.813910,0.8750399999999999
007,2020-03-14 10:46:11.657699,0.8437889999999999
007,2020-03-14 10:46:12.485862,0.8281629999999999
007,2020-03-14 10:46:13.329651,0.8437889999999999
007,2020-03-14 10:46:14.173439,0.8437889999999999
007,2020-03-14 10:46:15.017228,0.8437889999999999
007,2020-03-14 10:46:15.814139,0.7969109999999999
007,2020-03-14 10:46:16.642302,0.8281629999999999
007,2020-03-14 10:46:17.439214,0.7969109999999999
007,2020-03-14 10:46:18.298628,0.8594139999999999
007,2020-03-14 10:46:19.095540,0.7969109999999999
007,2020-03-14 10:46:19.923702,0.8281629999999999
007,2020-03-14 10:46:20.767491,0.8437889999999999
007,2020-03-14 10:46:21.533151,0.76566
007,2020-03-14 10:46:22.361314,0.8281629999999999
007,2020-03-14 10:46:23.111348,0.750034
007,2020-03-14 10:46:23.892634,0.7812859999999999
007,2020-03-14 10:46:24.673920,0.7812859999999999
007,2020-03-14 10:46:25.423954,0.750034
007,2020-03-14 10:46:26.252117,0.8281629999999999
007,2020-03-14 10:46:27.017777,0.76566
007,2020-03-14 10:46:27.736560,0.718783
007,2020-03-14 10:46:28.533472,0.7969109999999999
007,2020-03-14 10:46:29.252254,0.718783
007,2020-03-14 10:46:30.017915,0.76566
007,2020-03-14 10:46:30.721072,0.7031569999999999
007,2020-03-14 10:46:35.096272,0.750034
007,2020-03-14 10:46:35.861932,0.76566
007,2020-03-14 10:46:36.533838,0.671906
007,2020-03-14 10:46:37.252621,0.718783
007,2020-03-14 10:46:38.002655,0.750034
007,2020-03-14 10:46:38.643309,0.640654
007,2020-03-14 10:46:39.471472,0.8281629999999999
007,2020-03-14 10:46:40.174629,0.7031569999999999
007,2020-03-14 10:46:40.830909,0.65628
007,2020-03-14 10:46:41.534067,0.7031569999999999
007,2020-03-14 10:46:42.268475,0.734409
007,2020-03-14 10:46:42.971632,0.7031569999999999
007,2020-03-14 10:46:43.706041,0.734409
007,2020-03-14 10:46:59.112996,0.890666
007,2020-03-14 10:46:59.925534,0.812537
007,2020-03-14 10:47:00.769322,0.8437889999999999
007,2020-03-14 10:47:01.613111,0.8437889999999999
007,2020-03-14 10:47:02.488151,0.8750399999999999
007,2020-03-14 10:47:03.363191,0.8750399999999999
007,2020-03-14 10:47:04.222605,0.8594139999999999
007,2020-03-14 10:47:05.128897,0.906291
007,2020-03-14 10:47:06.019562,0.890666
007,2020-03-14 10:47:06.941480,0.921917
007,2020-03-14 10:47:07.863397,0.921917
007,2020-03-14 10:47:08.769688,0.906291
007,2020-03-14 10:47:09.660354,0.890666
007,2020-03-14 10:47:10.566646,0.906291
007,2020-03-14 10:47:11.441686,0.8750399999999999
007,2020-03-14 10:47:12.332351,0.890666
007,2020-03-14 10:47:13.176140,0.8437889999999999
007,2020-03-14 10:47:14.082432,0.906291
007,2020-03-14 10:47:14.988723,0.906291
007,2020-03-14 10:47:15.832512,0.8437889999999999
007,2020-03-14 10:47:16.613797,0.7812859999999999
007,2020-03-14 10:47:17.488837,0.8750399999999999
007,2020-03-14 10:47:18.379503,0.890666
007,2020-03-14 10:47:24.286024,0.812537
007,2020-03-14 10:47:25.098561,0.812537
007,2020-03-14 10:47:25.926724,0.8281629999999999
007,2020-03-14 10:47:31.817618,0.7969109999999999
007,2020-03-14 10:47:55.521828,0.9844200000000001
007,2020-03-14 10:48:10.288129,0.7812859999999999
007,2020-03-14 10:48:11.131918,0.8437889999999999
007,2020-03-14 10:48:11.928829,0.7969109999999999
007,2020-03-14 10:48:12.819495,0.890666
007,2020-03-14 10:48:13.600781,0.7812859999999999
007,2020-03-14 10:48:14.413318,0.812537
007,2020-03-14 10:48:28.898356,0.8594139999999999
007,2020-03-14 10:48:29.742145,0.8437889999999999
007,2020-03-14 10:49:00.149787,0.8750399999999999
007,2020-03-14 10:49:00.915447,0.76566
007,2020-03-14 10:49:01.790487,0.8750399999999999
007,2020-03-14 10:49:02.665527,0.8750399999999999
007,2020-03-14 10:49:03.493690,0.8281629999999999
007,2020-03-14 10:49:12.790990,0.8281629999999999
007,2020-03-14 10:49:13.650405,0.8594139999999999
007,2020-03-14 10:49:14.525445,0.8750399999999999
007,2020-03-14 10:49:15.369233,0.8437889999999999
007,2020-03-14 10:49:16.181771,0.812537
007,2020-03-14 10:49:17.009933,0.8281629999999999
007,2020-03-14 10:49:17.853722,0.8437889999999999
007,2020-03-14 10:49:18.697511,0.8437889999999999
007,2020-03-14 10:49:19.556925,0.8594139999999999
007,2020-03-14 10:49:20.385088,0.8281629999999999
007,2020-03-14 10:49:21.213251,0.8281629999999999
007,2020-03-14 10:49:22.041414,0.8281629999999999
007,2020-03-14 10:49:22.885202,0.8437889999999999
007,2020-03-14 10:49:23.728991,0.8437889999999999
007,2020-03-14 10:49:24.557154,0.8281629999999999
007,2020-03-14 10:49:25.369691,0.812537
007,2020-03-14 10:49:26.213480,0.8437889999999999
007,2020-03-14 10:49:27.041643,0.8281629999999999
007,2020-03-14 10:49:27.854180,0.812537
007,2020-03-14 10:49:28.682343,0.8281629999999999
007,2020-03-14 10:49:29.526131,0.8437889999999999
007,2020-03-14 10:49:30.354294,0.8281629999999999
007,2020-03-14 10:49:31.182457,0.8281629999999999
007,2020-03-14 10:49:32.010620,0.8281629999999999
007,2020-03-14 10:49:32.823157,0.812537
007,2020-03-14 10:49:33.666946,0.8437889999999999
007,2020-03-14 10:49:34.463857,0.7969109999999999
007,2020-03-14 10:49:35.276395,0.812537
007,2020-03-14 10:49:36.088932,0.812537
007,2020-03-14 10:49:36.823340,0.734409
007,2020-03-14 10:49:37.589000,0.76566
007,2020-03-14 10:49:38.307783,0.718783
007,2020-03-14 10:49:39.120321,0.812537
007,2020-03-14 10:49:39.964109,0.8437889999999999
007,2020-03-14 10:49:40.854775,0.890666
007,2020-03-14 10:49:41.761066,0.906291
007,2020-03-14 10:49:42.667358,0.906291
007,2020-03-14 10:49:50.183327,0.812537
007,2020-03-14 10:49:51.027116,0.8437889999999999
008,2020-03-14 12:21:03.594510,0.7031569999999999
008,2020-03-14 12:21:18.454565,0.8594139999999999
008,2020-03-14 12:21:19.173348,0.718783
008,2020-03-14 12:21:19.814002,0.640654
008,2020-03-14 12:21:35.564723,0.7031569999999999
008,2020-03-14 12:21:36.533517,0.968794
008,2020-03-14 12:21:37.439809,0.906291
008,2020-03-14 12:21:38.252346,0.812537
008,2020-03-14 12:21:39.127386,0.8750399999999999
008,2020-03-14 12:21:39.955549,0.8281629999999999
008,2020-03-14 12:21:40.752460,0.7969109999999999
008,2020-03-14 12:21:41.674378,0.921917
008,2020-03-14 12:21:42.533792,0.8594139999999999
008,2020-03-14 12:21:43.330703,0.7969109999999999
008,2020-03-14 12:23:42.336151,0.968794
008,2020-03-14 12:23:43.148688,0.812537
008,2020-03-14 12:23:44.039354,0.890666
008,2020-03-14 12:23:44.773762,0.734409
008,2020-03-14 12:23:45.523797,0.750034
008,2020-03-14 12:23:46.430088,0.906291
008,2020-03-14 12:23:47.242625,0.812537
008,2020-03-14 12:23:55.289869,0.7969109999999999
008,2020-03-14 12:23:56.118032,0.8281629999999999
008,2020-03-14 12:23:56.914943,0.7969109999999999
008,2020-03-14 12:23:57.696229,0.7812859999999999
008,2020-03-14 12:24:19.072207,0.7969109999999999
008,2020-03-14 12:24:19.884745,0.812537
008,2020-03-14 12:24:20.759785,0.8750399999999999
008,2020-03-14 12:24:21.572322,0.812537
008,2020-03-14 12:24:22.306731,0.734409
008,2020-03-14 12:24:22.916133,0.609403
008,2020-03-14 12:24:42.807669,0.906291
008,2020-03-14 12:24:43.698335,0.890666
008,2020-03-14 12:24:44.495246,0.7969109999999999
008,2020-03-14 12:24:45.214029,0.718783
008,2020-03-14 12:24:46.104695,0.890666
008,2020-03-14 12:24:55.417621,0.76566
008,2020-03-14 12:24:56.277035,0.8594139999999999
008,2020-03-14 12:25:12.199639,0.8750399999999999
008,2020-03-14 12:25:13.043428,0.8437889999999999
008,2020-03-14 12:25:18.090534,0.812537
008,2020-03-14 12:25:18.934323,0.8437889999999999
008,2020-03-14 12:25:19.824988,0.890666
008,2020-03-14 12:25:20.684403,0.8594139999999999
008,2020-03-14 12:25:21.496940,0.812537
008,2020-03-14 12:33:19.362564,1.140677
008,2020-03-14 12:39:41.661313,0.76566
008,2020-03-14 12:46:53.259194,0.625029
008,2020-03-14 12:46:57.603143,0.8437889999999999
008,2020-03-14 12:46:58.431306,0.8281629999999999
008,2020-03-14 12:46:59.259469,0.8281629999999999
008,2020-03-14 12:47:00.087632,0.8281629999999999
008,2020-03-14 12:47:00.915795,0.8281629999999999
008,2020-03-14 12:47:01.728332,0.812537
008,2020-03-14 12:47:02.540869,0.812537
008,2020-03-14 12:47:03.353406,0.812537
008,2020-03-14 12:47:04.181569,0.8281629999999999
008,2020-03-14 12:47:05.025358,0.8437889999999999
008,2020-03-14 12:47:05.869147,0.8437889999999999
008,2020-03-14 12:47:06.666058,0.7969109999999999
008,2020-03-14 12:47:07.431718,0.76566
008,2020-03-14 12:48:05.559379,0.76566
008,2020-03-14 12:49:43.329479,0.625029
008,2020-03-14 12:49:43.923256,0.593777
008,2020-03-14 12:49:44.438905,0.515649
008,2020-03-14 12:49:45.142062,0.7031569999999999
008,2020-03-14 12:49:45.704588,0.562526
008,2020-03-14 12:51:57.460619,0.640654
008,2020-03-14 12:51:58.085648,0.625029
008,2020-03-14 12:52:01.992077,0.7031569999999999
008,2020-03-14 12:52:02.601480,0.609403
008,2020-03-14 12:52:17.524038,0.7812859999999999
008,2020-03-14 12:52:34.165424,0.76566
008,2020-03-14 12:52:34.915459,0.750034
008,2020-03-14 12:52:44.587776,0.734409
008,2020-03-14 12:52:45.337811,0.750034
008,2020-03-14 12:52:46.072219,0.734409
008,2020-03-14 12:52:46.759751,0.687531
008,2020-03-14 12:52:47.400405,0.640654
008,2020-03-14 12:52:48.072311,0.671906
008,2020-03-14 12:52:48.806720,0.734409
008,2020-03-14 12:52:49.384871,0.578151
008,2020-03-14 12:52:53.431931,0.7969109999999999
008,2020-03-14 12:52:54.197591,0.76566
008,2020-03-14 12:52:55.010128,0.812537
008,2020-03-14 12:53:39.121523,0.65628
008,2020-03-14 12:53:39.699674,0.578151
008,2020-03-14 12:54:13.310588,0.750034
008,2020-03-14 12:57:32.132189,0.750034
008,2020-03-14 12:57:32.944726,0.812537
008,2020-03-14 12:57:33.632257,0.687531
008,2020-03-14 12:57:34.397918,0.76566
008,2020-03-14 12:57:35.179203,0.7812859999999999
008,2020-03-14 12:57:36.022992,0.8437889999999999
008,2020-03-14 12:57:36.851155,0.8281629999999999
008,2020-03-14 12:57:37.569938,0.718783
008,2020-03-14 12:57:38.444978,0.8750399999999999
008,2020-03-14 12:57:39.179386,0.734409
008,2020-03-14 12:57:39.866918,0.687531
008,2020-03-14 12:57:40.616952,0.750034
008,2020-03-14 12:57:41.351361,0.734409
008,2020-03-14 12:57:41.960764,0.609403
008,2020-03-14 12:57:46.101578,0.812537
008,2020-03-14 12:57:55.773896,0.7969109999999999
008,2020-03-14 12:57:56.492679,0.718783
008,2020-03-14 12:57:57.195836,0.7031569999999999
008,2020-03-14 12:57:57.945870,0.750034
008,2020-03-14 12:57:58.649028,0.7031569999999999
008,2020-03-14 12:57:59.305308,0.65628
008,2020-03-14 12:58:03.305491,0.76566
008,2020-03-14 12:58:04.055525,0.750034
008,2020-03-14 12:58:04.821185,0.76566
008,2020-03-14 12:58:05.633722,0.812537
008,2020-03-14 12:58:06.399382,0.76566
008,2020-03-14 12:58:07.165042,0.76566
008,2020-03-14 12:58:07.946328,0.7812859999999999
008,2020-03-14 12:58:08.727614,0.7812859999999999
008,2020-03-14 12:58:09.477648,0.750034
008,2020-03-14 12:58:10.071425,0.593777
008,2020-03-14 12:58:10.946465,0.8750399999999999
008,2020-03-14 12:58:11.712126,0.76566
008,2020-03-14 13:11:07.247625,0.890666
008,2020-03-14 13:11:08.028911,0.7812859999999999
008,2020-03-14 13:11:08.841448,0.812537
008,2020-03-14 13:11:09.638360,0.7969109999999999
008,2020-03-14 13:11:10.404020,0.76566
008,2020-03-14 13:11:11.185305,0.7812859999999999
008,2020-03-14 13:11:28.842364,0.8437889999999999
008,2020-03-14 13:11:29.592398,0.750034
008,2020-03-14 13:11:30.404935,0.812537
008,2020-03-14 13:11:31.233098,0.8281629999999999
008,2020-03-14 13:11:31.936255,0.7031569999999999
008,2020-03-14 13:11:32.842547,0.906291
008,2020-03-14 13:11:33.686335,0.8437889999999999
008,2020-03-14 13:11:34.420744,0.734409
008,2020-03-14 13:11:35.155153,0.734409
008,2020-03-14 13:11:35.764555,0.609403
008,2020-03-14 13:11:40.842913,0.812537
008,2020-03-14 13:11:41.639824,0.7969109999999999
008,2020-03-14 13:11:42.405484,0.76566
008,2020-03-14 13:11:43.264899,0.8594139999999999
008,2020-03-14 13:11:44.139939,0.8750399999999999
008,2020-03-14 13:11:44.889973,0.750034
008,2020-03-14 13:11:45.733762,0.8437889999999999
008,2020-03-14 13:11:46.530673,0.7969109999999999
008,2020-03-14 13:11:47.327585,0.7969109999999999
008,2020-03-14 13:11:48.093245,0.76566
008,2020-03-14 13:11:48.905782,0.812537
008,2020-03-14 13:11:49.702693,0.7969109999999999
008,2020-03-14 13:11:50.499605,0.7969109999999999
008,2020-03-14 13:11:51.296516,0.7969109999999999
008,2020-03-14 13:11:51.937171,0.640654
008,2020-03-14 13:11:52.827837,0.890666
008,2020-03-14 13:11:53.593497,0.76566
008,2020-03-14 13:12:06.234700,0.7812859999999999
008,2020-03-14 13:12:06.906606,0.671906
008,2020-03-14 13:12:07.828523,0.921917
008,2020-03-14 13:12:08.641060,0.812537
008,2020-03-14 13:12:09.437972,0.7969109999999999
008,2020-03-14 13:12:10.250509,0.812537
008,2020-03-14 13:12:11.078672,0.8281629999999999
008,2020-03-14 13:12:11.891209,0.812537
008,2020-03-14 13:12:22.141678,0.687531
008,2020-03-14 13:12:57.424543,0.734409
008,2020-03-14 13:12:58.174578,0.750034
008,2020-03-14 13:12:58.908986,0.734409
008,2020-03-14 13:13:34.832506,0.593777
008,2020-03-14 13:13:38.676432,0.609403
008,2020-03-14 13:13:42.832872,0.8437889999999999
008,2020-03-14 13:13:43.536029,0.7031569999999999
008,2020-03-14 13:13:44.364192,0.8281629999999999
008,2020-03-14 13:13:45.223606,0.8594139999999999
008,2020-03-14 13:13:46.051769,0.8281629999999999
008,2020-03-14 13:13:46.864306,0.812537
008,2020-03-14 13:13:47.614341,0.750034
008,2020-03-14 13:14:01.880619,0.8437889999999999
008,2020-03-14 13:14:02.630653,0.750034
008,2020-03-14 13:14:03.318185,0.687531
008,2020-03-14 13:14:04.052593,0.734409
008,2020-03-14 13:14:04.787002,0.734409
008,2020-03-14 13:14:05.521410,0.734409
008,2020-03-14 13:14:06.224568,0.7031569999999999
008,2020-03-14 13:14:06.927725,0.7031569999999999
008,2020-03-14 13:14:07.552753,0.625029
008,2020-03-14 13:14:08.130905,0.578151
008,2020-03-14 13:14:11.943579,0.8437889999999999
008,2020-03-14 13:14:12.709239,0.76566
008,2020-03-14 13:14:13.428022,0.718783
008,2020-03-14 13:14:14.053051,0.625029
008,2020-03-14 13:14:20.053326,0.65628
008,2020-03-14 13:14:57.664422,0.687531
008,2020-03-14 13:14:58.336328,0.671906
008,2020-03-14 13:14:59.117614,0.7812859999999999
008,2020-03-14 13:14:59.883274,0.76566
008,2020-03-14 13:15:00.758314,0.8750399999999999
008,2020-03-14 13:15:01.523974,0.76566
008,2020-03-14 13:15:02.164628,0.640654
008,2020-03-14 13:15:02.961540,0.7969109999999999
008,2020-03-14 13:15:03.695948,0.734409
008,2020-03-14 13:15:08.086774,0.687531
008,2020-03-14 13:17:12.686228,0.687531
008,2020-03-14 13:17:13.326882,0.640654
008,2020-03-14 13:17:14.123794,0.7969109999999999
008,2020-03-14 13:17:14.889454,0.76566
008,2020-03-14 13:17:15.623862,0.734409
008,2020-03-14 13:17:16.405148,0.7812859999999999
008,2020-03-14 13:17:17.170808,0.76566
008,2020-03-14 13:17:17.936468,0.76566
008,2020-03-14 13:17:18.702128,0.76566
008,2020-03-14 13:17:19.545917,0.8437889999999999
008,2020-03-14 13:17:20.249074,0.7031569999999999
008,2020-03-14 13:17:20.952231,0.7031569999999999
008,2020-03-14 13:17:21.827271,0.8750399999999999
008,2020-03-14 13:17:22.686686,0.8594139999999999
008,2020-03-14 13:17:26.436857,0.7031569999999999
008,2020-03-14 13:17:27.108763,0.671906
008,2020-03-14 13:17:27.811920,0.7031569999999999
008,2020-03-14 13:17:28.608832,0.7969109999999999
008,2020-03-14 13:17:33.265295,0.7969109999999999
008,2020-03-14 13:17:34.030955,0.76566
008,2020-03-14 13:17:34.780989,0.750034
008,2020-03-14 13:20:38.539401,0.734409
008,2020-03-14 13:21:26.400966,0.687531
008,2020-03-14 13:21:27.322884,0.921917
008,2020-03-14 13:21:28.088544,0.76566
008,2020-03-14 13:22:36.669808,0.76566
008,2020-03-14 13:22:37.404217,0.734409
008,2020-03-14 13:22:38.185502,0.7812859999999999
008,2020-03-14 13:22:38.888659,0.7031569999999999
008,2020-03-14 13:22:39.544940,0.65628
008,2020-03-14 13:22:40.248097,0.7031569999999999
008,2020-03-14 13:26:41.196626,0.76566
008,2020-03-14 13:26:41.868532,0.671906
008,2020-03-14 13:26:42.665443,0.7969109999999999
008,2020-03-14 13:26:43.399852,0.734409
008,2020-03-14 13:29:06.968924,0.812537
008,2020-03-14 13:29:11.641013,0.7812859999999999
008,2020-03-14 13:29:24.000953,0.7812859999999999
008,2020-03-14 13:29:24.813491,0.812537
008,2020-03-14 13:29:25.454145,0.640654
008,2020-03-14 13:30:01.752681,0.718783
008,2020-03-14 13:30:02.533967,0.7812859999999999
008,2020-03-14 13:30:03.393382,0.8594139999999999
008,2020-03-14 13:30:04.377802,0.9844200000000001
008,2020-03-14 13:30:13.331336,0.8750399999999999
008,2020-03-14 13:30:28.691415,0.968794
008,2020-03-14 13:30:29.535203,0.8437889999999999
008,2020-03-14 13:30:30.300863,0.76566
008,2020-03-14 13:30:31.144652,0.8437889999999999
008,2020-03-14 13:30:39.379404,0.687531
008,2020-03-14 13:30:40.098187,0.718783
008,2020-03-14 13:30:51.145567,0.8437889999999999
008,2020-03-14 13:30:51.958105,0.812537
008,2020-03-14 13:32:19.743373,0.937543
008,2020-03-14 13:32:20.415279,0.671906
008,2020-03-14 13:32:52.713632,0.8281629999999999
008,2020-03-14 13:33:00.026467,0.8437889999999999
008,2020-03-14 13:36:31.708032,0.8594139999999999
008,2020-03-14 13:40:39.938144,0.76566
008,2020-03-14 13:40:40.641301,0.7031569999999999
008,2020-03-14 13:40:44.953998,0.8750399999999999
008,2020-03-14 13:49:39.103449,0.8750399999999999
008,2020-03-14 13:49:39.931612,0.8281629999999999
008,2020-03-14 13:52:17.954470,0.609403
008,2020-03-14 13:54:12.725348,0.734409
008,2020-03-14 13:54:22.116403,0.890666
008,2020-03-14 13:54:23.085198,0.968794
008,2020-03-14 14:01:03.291017,0.812537
008,2020-03-14 14:03:56.877088,0.921917
008,2020-03-14 14:03:57.658373,0.7812859999999999
008,2020-03-14 14:06:06.445518,0.8750399999999999
008,2020-03-14 14:06:07.304933,0.8594139999999999
008,2020-03-14 14:06:08.211224,0.906291
008,2020-03-14 14:06:09.101890,0.890666
008,2020-03-14 14:06:09.867550,0.76566
008,2020-03-14 14:06:10.570707,0.7031569999999999
008,2020-03-14 14:06:18.352314,0.8281629999999999
008,2020-03-14 14:06:19.211728,0.8594139999999999
008,2020-03-14 14:06:28.680911,0.7812859999999999
008,2020-03-14 14:06:29.290314,0.609403
008,2020-03-14 14:06:33.399877,0.640654
008,2020-03-14 14:06:41.087729,0.921917
008,2020-03-14 14:06:41.931518,0.8437889999999999
008,2020-03-14 14:06:42.744055,0.812537
008,2020-03-14 14:06:56.041539,0.8437889999999999
008,2020-03-14 14:06:56.885327,0.8437889999999999
008,2020-03-14 14:06:57.729116,0.8437889999999999
008,2020-03-14 14:06:58.557279,0.8281629999999999
008,2020-03-14 14:06:59.291687,0.734409
008,2020-03-14 14:07:49.856502,0.640654
008,2020-03-14 14:07:50.575285,0.718783
008,2020-03-14 14:07:51.481577,0.906291
008,2020-03-14 14:07:52.387868,0.906291
008,2020-03-14 14:07:53.294160,0.906291
008,2020-03-14 14:07:59.622574,0.671906
008,2020-03-14 14:08:00.356983,0.734409
008,2020-03-14 14:08:01.122643,0.76566
008,2020-03-14 14:08:02.060186,0.937543
008,2020-03-14 14:08:02.857097,0.7969109999999999
008,2020-03-14 14:08:03.700886,0.8437889999999999
008,2020-03-14 14:08:04.497797,0.7969109999999999
008,2020-03-14 14:08:05.263458,0.76566
008,2020-03-14 14:08:05.919738,0.65628
008,2020-03-14 14:08:22.717381,0.687531
008,2020-03-14 14:08:23.311159,0.593777
008,2020-03-14 14:08:27.311342,0.671906
008,2020-03-14 14:08:31.389653,0.640654
008,2020-03-14 14:14:44.250471,0.7812859999999999
008,2020-03-14 14:14:55.704121,0.7812859999999999
008,2020-03-14 14:14:56.469781,0.76566
008,2020-03-14 14:14:57.313569,0.8437889999999999
008,2020-03-14 14:14:58.016726,0.7031569999999999
008,2020-03-14 14:14:58.907392,0.890666
008,2020-03-14 14:14:59.766807,0.8594139999999999
008,2020-03-14 14:17:57.337435,0.812537
008,2020-03-14 14:18:48.339770,0.750034
008,2020-03-14 14:20:33.782096,0.687531
008,2020-03-14 14:23:00.070042,0.687531
008,2020-03-14 14:23:00.648194,0.578151
008,2020-03-14 14:23:04.523371,0.718783
008,2020-03-14 14:23:05.179651,0.65628
008,2020-03-14 14:23:05.992188,0.812537
008,2020-03-14 14:23:06.585965,0.593777
008,2020-03-14 14:23:07.242245,0.65628
008,2020-03-14 14:23:07.961028,0.718783
008,2020-03-14 14:23:11.508066,0.562526
008,2020-03-14 14:25:34.202097,0.718783
008,2020-03-14 14:25:34.889629,0.687531
008,2020-03-14 14:26:04.109716,0.8281629999999999
008,2020-03-14 14:26:04.844125,0.734409
008,2020-03-14 14:26:05.500405,0.65628
008,2020-03-14 14:26:06.406697,0.906291
008,2020-03-14 14:26:25.735706,0.671906
008,2020-03-14 14:26:26.454489,0.718783
008,2020-03-14 14:26:27.220149,0.76566
008,2020-03-14 14:26:27.923306,0.7031569999999999
008,2020-03-14 14:26:28.767095,0.8437889999999999
008,2020-03-14 14:26:43.267759,0.76566
008,2020-03-14 14:27:00.096654,0.671906
008,2020-03-14 14:27:00.706057,0.609403
008,2020-03-14 14:27:01.440466,0.734409
008,2020-03-14 14:27:02.253003,0.812537
008,2020-03-14 14:27:02.878031,0.625029
008,2020-03-14 14:27:21.394504,0.750034
008,2020-03-14 14:27:22.144538,0.750034
008,2020-03-14 14:27:22.847696,0.7031569999999999
008,2020-03-14 14:27:23.582104,0.734409
008,2020-03-14 14:27:24.394641,0.812537
008,2020-03-14 14:27:39.520334,0.671906
008,2020-03-14 14:27:40.223491,0.7031569999999999
008,2020-03-14 14:27:40.817268,0.593777
008,2020-03-14 14:28:34.429097,0.750034
008,2020-03-14 14:29:13.602766,0.687531
008,2020-03-14 14:29:14.555934,0.953169
008,2020-03-14 14:29:15.368471,0.812537
008,2020-03-14 14:29:16.212260,0.8437889999999999
008,2020-03-14 14:29:17.024797,0.812537
008,2020-03-14 14:29:17.821709,0.7969109999999999
008,2020-03-14 14:29:18.524866,0.7031569999999999
008,2020-03-14 14:30:38.528528,0.7812859999999999
008,2020-03-14 14:30:39.309814,0.7812859999999999
008,2020-03-14 14:30:39.981719,0.671906
008,2020-03-14 14:30:40.825508,0.8437889999999999
008,2020-03-14 14:32:23.627089,0.65628
008,2020-03-14 14:32:43.252987,0.921917
008,2020-03-14 14:32:44.096776,0.8437889999999999
008,2020-03-14 14:32:44.862436,0.76566
008,2020-03-14 14:32:45.518716,0.65628
008,2020-03-14 14:34:06.944318,0.8281629999999999
008,2020-03-14 14:34:07.741230,0.7969109999999999
008,2020-03-14 14:34:08.397510,0.65628
008,2020-03-14 14:34:09.131918,0.734409
008,2020-03-14 14:34:13.460242,0.7969109999999999
008,2020-03-14 14:34:14.257153,0.7969109999999999
008,2020-03-14 14:34:15.038439,0.7812859999999999
008,2020-03-14 14:34:15.819725,0.7812859999999999
008,2020-03-14 14:34:16.647887,0.8281629999999999
008,2020-03-14 14:34:17.554179,0.906291
008,2020-03-14 14:35:28.104283,0.750034
008,2020-03-14 14:35:28.885569,0.7812859999999999
008,2020-03-14 14:35:29.682481,0.7969109999999999
008,2020-03-14 14:35:30.370012,0.687531
008,2020-03-14 14:35:41.354890,0.734409
008,2020-03-14 14:35:41.979918,0.625029
008,2020-03-14 14:36:16.247112,0.7812859999999999
008,2020-03-14 14:36:17.044024,0.7969109999999999
008,2020-03-14 14:36:17.762806,0.718783
008,2020-03-14 14:36:18.419086,0.65628
008,2020-03-14 14:36:19.090992,0.671906
008,2020-03-14 14:36:19.747272,0.65628
008,2020-03-14 14:36:20.341049,0.593777
008,2020-03-14 14:36:30.591519,0.718783
008,2020-03-14 14:36:31.325927,0.734409
008,2020-03-14 14:36:32.107213,0.7812859999999999
008,2020-03-14 14:36:32.779119,0.671906
008,2020-03-14 14:36:33.529153,0.750034
008,2020-03-14 14:36:34.263562,0.734409
008,2020-03-14 14:36:34.966719,0.7031569999999999
008,2020-03-14 14:36:35.748005,0.7812859999999999
008,2020-03-14 14:37:02.311721,0.734409
008,2020-03-14 14:37:22.125128,0.7812859999999999
008,2020-03-14 14:37:22.812659,0.687531
008,2020-03-14 14:37:23.718951,0.906291
008,2020-03-14 14:37:24.547113,0.8281629999999999
008,2020-03-14 14:37:32.422474,0.7969109999999999
008,2020-03-14 14:37:33.188134,0.76566
008,2020-03-14 14:37:34.000671,0.812537
008,2020-03-14 14:37:34.797583,0.7969109999999999
008,2020-03-14 14:37:35.610120,0.812537
008,2020-03-14 14:37:36.391406,0.7812859999999999
008,2020-03-14 14:37:37.235194,0.8437889999999999
008,2020-03-14 14:37:38.032106,0.7969109999999999
008,2020-03-14 14:39:18.427326,0.750034
008,2020-03-14 14:39:19.130483,0.7031569999999999
008,2020-03-14 14:39:19.849266,0.718783
008,2020-03-14 14:39:20.614926,0.76566
008,2020-03-14 14:39:21.552469,0.937543
008,2020-03-14 14:39:22.349381,0.7969109999999999
008,2020-03-14 14:39:23.302549,0.953169
008,2020-03-14 14:39:30.162238,0.7812859999999999
008,2020-03-14 14:39:35.474982,0.812537
008,2020-03-14 14:39:36.225016,0.750034
008,2020-03-14 14:39:36.975050,0.750034
008,2020-03-14 14:39:37.678207,0.7031569999999999
008,2020-03-14 14:39:38.303236,0.625029
008,2020-03-14 14:40:04.695069,0.593777
008,2020-03-14 14:40:05.429478,0.734409
008,2020-03-14 14:40:06.023255,0.593777
008,2020-03-14 14:40:06.835792,0.812537
008,2020-03-14 14:40:07.413944,0.578151
008,2020-03-14 14:41:13.729479,0.671906
008,2020-03-14 14:41:14.542016,0.812537
008,2020-03-14 14:41:15.370179,0.8281629999999999
008,2020-03-14 14:41:16.120214,0.750034
008,2020-03-14 14:41:21.261074,0.750034
008,2020-03-14 14:41:22.026734,0.76566
008,2020-03-14 14:41:22.745517,0.718783
008,2020-03-14 14:41:23.448674,0.7031569999999999
008,2020-03-14 14:41:24.104954,0.65628
008,2020-03-14 14:41:24.823737,0.718783
008,2020-03-14 14:41:25.511268,0.687531
008,2020-03-14 14:41:26.401934,0.890666
008,2020-03-14 14:41:27.151968,0.750034
008,2020-03-14 14:41:27.870751,0.718783
008,2020-03-14 14:41:28.605160,0.734409
008,2020-03-14 14:41:29.386446,0.7812859999999999
008,2020-03-14 14:41:30.120854,0.734409
008,2020-03-14 14:41:30.870889,0.750034
008,2020-03-14 14:41:31.636549,0.76566
008,2020-03-14 14:41:32.308455,0.671906
008,2020-03-14 14:41:32.980360,0.671906
008,2020-03-14 14:41:33.652266,0.671906
008,2020-03-14 14:41:34.339797,0.687531
008,2020-03-14 14:41:35.167960,0.8281629999999999
008,2020-03-14 14:41:36.105503,0.937543
008,2020-03-14 14:41:36.871163,0.76566
008,2020-03-14 14:41:37.636823,0.76566
008,2020-03-14 14:41:38.449361,0.812537
008,2020-03-14 14:41:39.183769,0.734409
008,2020-03-14 14:41:39.824424,0.640654
008,2020-03-14 14:41:43.996490,0.812537
008,2020-03-14 14:41:44.777775,0.7812859999999999
008,2020-03-14 14:41:45.621564,0.8437889999999999
008,2020-03-14 14:41:46.449727,0.8281629999999999
008,2020-03-14 14:41:47.231013,0.7812859999999999
008,2020-03-14 14:41:47.934170,0.7031569999999999
008,2020-03-14 14:41:48.637327,0.7031569999999999
008,2020-03-14 14:41:49.293607,0.65628
008,2020-03-14 14:41:50.028016,0.734409
008,2020-03-14 14:41:50.684296,0.65628
008,2020-03-14 14:41:51.512459,0.8281629999999999
008,2020-03-14 14:41:52.418750,0.906291
008,2020-03-14 14:41:53.184410,0.76566
008,2020-03-14 14:41:53.965696,0.7812859999999999
008,2020-03-14 14:41:54.793859,0.8281629999999999
008,2020-03-14 14:41:55.543893,0.750034
008,2020-03-14 14:41:56.356430,0.812537
008,2020-03-14 14:41:57.200219,0.8437889999999999
008,2020-03-14 14:41:57.965879,0.76566
008,2020-03-14 14:41:58.825293,0.8594139999999999
008,2020-03-14 14:41:59.669082,0.8437889999999999
008,2020-03-14 14:42:12.435291,0.812537
008,2020-03-14 14:42:13.216577,0.7812859999999999
008,2020-03-14 14:42:34.264416,0.8281629999999999
008,2020-03-14 14:42:35.061327,0.7969109999999999
008,2020-03-14 14:42:35.920741,0.8594139999999999
008,2020-03-14 14:42:36.733279,0.812537
008,2020-03-14 14:42:37.561441,0.8281629999999999
008,2020-03-14 14:42:38.389604,0.8281629999999999
008,2020-03-14 14:42:39.264644,0.8750399999999999
008,2020-03-14 14:42:40.108433,0.8437889999999999
008,2020-03-14 14:43:13.672469,0.65628
008,2020-03-14 14:43:14.360001,0.687531
008,2020-03-14 14:43:14.969404,0.609403
008,2020-03-14 14:43:18.453938,0.578151
008,2020-03-14 14:43:22.563501,0.76566
008,2020-03-14 14:43:23.313536,0.750034
008,2020-03-14 14:43:24.094821,0.7812859999999999
008,2020-03-14 14:43:24.844856,0.750034
009,2020-03-21 08:42:20.768132,0.8437889999999999
009,2020-03-21 08:42:21.752552,0.9844200000000001
009,2020-03-21 08:42:22.627592,0.8750399999999999
009,2020-03-21 08:43:15.098744,0.7969109999999999
009,2020-03-21 08:43:27.161796,1.031297
009,2020-03-21 08:44:21.523659,0.8750399999999999
009,2020-03-21 08:44:22.414325,0.890666
009,2020-03-21 08:44:51.431278,0.906291
009,2020-03-21 08:44:52.337570,0.906291
009,2020-03-21 08:44:53.228236,0.890666
009,2020-03-21 08:44:54.165779,0.937543
009,2020-03-21 08:44:55.103322,0.937543
009,2020-03-21 08:45:01.212976,0.8437889999999999
009,2020-03-21 08:45:02.088016,0.8750399999999999
009,2020-03-21 08:45:03.166191,1.078174
009,2020-03-21 08:45:28.792364,0.812537
009,2020-03-21 08:45:29.792409,1.000046
009,2020-03-21 08:45:30.636198,0.8437889999999999
009,2020-03-21 08:45:31.651870,1.015671
009,2020-03-21 08:45:32.417530,0.76566
009,2020-03-21 08:45:33.355072,0.937543
009,2020-03-21 08:45:45.871270,0.76566
009,2020-03-21 08:45:46.902568,1.031297
009,2020-03-21 08:45:47.668228,0.76566
009,2020-03-21 08:45:48.668273,1.000046
009,2020-03-21 08:45:49.668319,1.000046
009,2020-03-21 08:45:50.433979,0.76566
009,2020-03-21 08:45:51.340271,0.906291
009,2020-03-21 08:46:04.840889,0.8594139999999999
009,2020-03-21 08:46:05.715929,0.8750399999999999
009,2020-03-21 08:46:06.606595,0.890666
009,2020-03-21 08:46:07.512886,0.906291
009,2020-03-21 08:46:08.403552,0.890666
009,2020-03-21 08:46:31.388979,0.906291
009,2020-03-21 08:46:32.404650,1.015671
009,2020-03-21 08:46:33.217188,0.812537
009,2020-03-21 08:46:34.295362,1.078174
009,2020-03-21 08:46:35.061022,0.76566
009,2020-03-21 08:46:35.920436,0.8594139999999999
009,2020-03-21 08:46:36.779851,0.8594139999999999
009,2020-03-21 08:47:43.845421,0.7969109999999999
009,2020-03-21 08:47:44.689209,0.8437889999999999
009,2020-03-21 08:47:45.626752,0.937543
009,2020-03-21 08:48:17.159446,0.7969109999999999
009,2020-03-21 08:48:24.284772,0.9844200000000001
009,2020-03-21 08:48:36.316572,0.9844200000000001
009,2020-03-21 08:50:12.539727,0.921917
009,2020-03-21 08:50:13.539773,1.000046
009,2020-03-21 08:50:14.492941,0.953169
009,2020-03-21 08:50:28.993605,0.906291
009,2020-03-21 08:50:40.681640,0.8594139999999999
009,2020-03-21 08:50:41.603557,0.921917
009,2020-03-21 08:52:15.201591,0.812537
009,2020-03-21 08:52:16.139134,0.937543
009,2020-03-21 08:52:16.857917,0.718783
009,2020-03-21 08:52:27.655287,0.953169
009,2020-03-21 08:54:03.722184,0.968794
009,2020-03-21 08:57:06.699310,0.8437889999999999
009,2020-03-21 08:57:07.668104,0.968794
009,2020-03-21 08:57:47.685561,0.890666
009,2020-03-21 08:57:48.638729,0.953169
009,2020-03-21 08:57:49.498144,0.8594139999999999
009,2020-03-21 08:58:09.561562,0.8750399999999999
009,2020-03-21 08:58:10.608485,1.046923
009,2020-03-21 08:58:11.436648,0.8281629999999999
009,2020-03-21 08:58:56.923105,0.968794
009,2020-03-21 08:59:19.580392,0.937543
009,2020-03-21 08:59:20.486684,0.906291
009,2020-03-21 08:59:21.408601,0.921917
009,2020-03-21 08:59:22.330518,0.921917
009,2020-03-21 08:59:26.924478,0.8750399999999999
009,2020-03-21 08:59:27.815144,0.890666
009,2020-03-21 08:59:28.737061,0.921917
009,2020-03-21 08:59:29.612101,0.8750399999999999
009,2020-03-21 08:59:30.580896,0.968794
009,2020-03-21 09:00:22.770785,1.062549
009,2020-03-21 09:00:55.287898,1.078174
009,2020-03-21 09:01:07.991605,0.906291
009,2020-03-21 09:01:08.741639,0.750034
009,2020-03-21 09:01:19.851522,0.921917
009,2020-03-21 09:01:20.742188,0.890666
009,2020-03-21 09:01:21.664105,0.921917
009,2020-03-21 09:03:05.793872,0.812537
009,2020-03-21 09:03:06.684538,0.890666
009,2020-03-21 09:03:07.512701,0.8281629999999999
009,2020-03-21 09:03:20.982067,0.906291
009,2020-03-21 09:03:21.857107,0.8750399999999999
009,2020-03-21 09:03:22.763399,0.906291
009,2020-03-21 09:03:23.544684,0.7812859999999999
009,2020-03-21 09:03:28.998059,0.8594139999999999
009,2020-03-21 09:03:30.091859,1.0938
009,2020-03-21 09:03:39.295405,0.8437889999999999
009,2020-03-21 09:03:40.170445,0.8750399999999999
009,2020-03-21 09:03:41.014234,0.8437889999999999
009,2020-03-21 09:03:41.904900,0.890666
009,2020-03-21 09:03:42.748688,0.8437889999999999
009,2020-03-21 09:03:43.639354,0.890666
009,2020-03-21 09:03:44.514394,0.8750399999999999
009,2020-03-21 09:03:45.405060,0.890666
009,2020-03-21 09:03:46.280100,0.8750399999999999
009,2020-03-21 09:03:47.186392,0.906291
009,2020-03-21 09:03:48.092683,0.906291
009,2020-03-21 09:03:49.014600,0.921917
009,2020-03-21 09:03:49.889640,0.8750399999999999
009,2020-03-21 09:03:50.780306,0.890666
009,2020-03-21 09:03:51.686598,0.906291
009,2020-03-21 09:03:52.577263,0.890666
009,2020-03-21 09:03:53.467929,0.890666
009,2020-03-21 09:03:54.342969,0.8750399999999999
009,2020-03-21 09:03:55.249261,0.906291
009,2020-03-21 09:03:56.077424,0.8281629999999999
009,2020-03-21 09:03:56.952464,0.8750399999999999
009,2020-03-21 09:03:57.796252,0.8437889999999999
009,2020-03-21 09:03:58.671292,0.8750399999999999
009,2020-03-21 09:03:59.561958,0.890666
009,2020-03-21 09:04:00.436998,0.8750399999999999
009,2020-03-21 09:16:17.423858,0.500023
009,2020-03-21 09:22:30.831576,0.921917
009,2020-03-21 09:22:31.815996,0.9844200000000001
009,2020-03-21 09:22:36.394331,0.8750399999999999
009,2020-03-21 09:32:13.295739,0.562526
009,2020-03-21 09:33:28.236669,0.8437889999999999
009,2020-03-21 09:33:29.158587,0.921917
009,2020-03-21 09:33:30.049252,0.890666
009,2020-03-21 09:33:30.861789,0.812537
009,2020-03-21 09:34:42.036922,0.9844200000000001
009,2020-03-21 09:34:42.974465,0.937543
009,2020-03-21 09:35:28.726560,0.7969109999999999
009,2020-03-21 09:35:29.617225,0.890666
009,2020-03-21 09:35:30.507891,0.890666
009,2020-03-21 09:35:31.351680,0.8437889999999999
009,2020-03-21 09:35:32.211094,0.8594139999999999
009,2020-03-21 09:35:33.054883,0.8437889999999999
009,2020-03-21 09:35:33.929923,0.8750399999999999
009,2020-03-21 09:35:34.758086,0.8281629999999999
009,2020-03-21 09:35:35.570623,0.812537
009,2020-03-21 09:35:36.398786,0.8281629999999999
009,2020-03-21 09:35:37.226949,0.8281629999999999
009,2020-03-21 09:35:38.039486,0.812537
009,2020-03-21 09:35:38.867649,0.8281629999999999
009,2020-03-21 09:35:39.680186,0.812537
009,2020-03-21 09:35:40.508349,0.8281629999999999
009,2020-03-21 09:35:41.336512,0.8281629999999999
009,2020-03-21 09:35:42.180300,0.8437889999999999
009,2020-03-21 09:39:49.613501,0.8750399999999999
009,2020-03-21 09:39:50.519793,0.906291
009,2020-03-21 09:39:51.347956,0.8281629999999999
009,2020-03-21 09:39:52.254247,0.906291
009,2020-03-21 09:39:53.113662,0.8594139999999999
009,2020-03-21 09:39:53.926199,0.812537
009,2020-03-21 09:39:54.723110,0.7969109999999999
009,2020-03-21 09:39:55.613776,0.890666
009,2020-03-21 09:39:56.473190,0.8594139999999999
009,2020-03-21 09:39:57.316979,0.8437889999999999
009,2020-03-21 09:40:05.051708,0.8594139999999999
009,2020-03-21 09:40:05.926748,0.8750399999999999
009,2020-03-21 09:40:06.786162,0.8594139999999999
009,2020-03-21 09:40:07.645577,0.8594139999999999
009,2020-03-21 09:40:08.520617,0.8750399999999999
009,2020-03-21 09:40:13.692729,0.8281629999999999
009,2020-03-21 09:40:14.614646,0.921917
009,2020-03-21 09:40:15.427183,0.812537
009,2020-03-21 09:40:16.286597,0.8594139999999999
009,2020-03-21 09:40:17.130386,0.8437889999999999
009,2020-03-21 09:40:18.021052,0.890666
009,2020-03-21 09:40:18.849215,0.8281629999999999
009,2020-03-21 09:40:48.975594,0.7969109999999999
009,2020-03-21 09:40:49.881885,0.906291
009,2020-03-21 09:40:54.085202,0.8437889999999999
009,2020-03-21 09:40:54.928991,0.8437889999999999
009,2020-03-21 09:40:55.757154,0.8281629999999999
009,2020-03-21 09:40:56.569691,0.812537
009,2020-03-21 09:40:57.413480,0.8437889999999999
009,2020-03-21 09:40:58.304146,0.890666
009,2020-03-21 09:40:59.132308,0.8281629999999999
009,2020-03-21 09:41:00.022974,0.890666
009,2020-03-21 09:41:04.257543,0.8437889999999999
009,2020-03-21 09:41:05.148209,0.890666
009,2020-03-21 09:41:06.023249,0.8750399999999999
009,2020-03-21 09:41:06.757658,0.734409
009,2020-03-21 09:41:11.867266,0.8594139999999999
009,2020-03-21 09:41:12.757932,0.890666
009,2020-03-21 09:41:13.554844,0.7969109999999999
009,2020-03-21 09:42:12.620048,0.8750399999999999
009,2020-03-21 09:42:13.510713,0.890666
009,2020-03-21 09:42:14.432631,0.921917
009,2020-03-21 09:42:15.245168,0.812537
009,2020-03-21 09:42:16.104582,0.8594139999999999
009,2020-03-21 09:42:17.026499,0.921917
009,2020-03-21 09:42:17.854662,0.8281629999999999
009,2020-03-21 09:42:18.729702,0.8750399999999999
009,2020-03-21 09:42:19.573491,0.8437889999999999
009,2020-03-21 09:42:20.448531,0.8750399999999999
009,2020-03-21 09:42:21.323571,0.8750399999999999
009,2020-03-21 09:42:22.229862,0.906291
009,2020-03-21 09:42:23.073651,0.8437889999999999
009,2020-03-21 09:42:23.979943,0.906291
009,2020-03-21 09:42:24.823731,0.8437889999999999
009,2020-03-21 09:42:39.558781,0.890666
009,2020-03-21 09:42:40.496324,0.937543
009,2020-03-21 09:42:41.324486,0.8281629999999999
009,2020-03-21 09:42:42.199527,0.8750399999999999
009,2020-03-21 09:42:43.027689,0.8281629999999999
009,2020-03-21 09:42:43.902730,0.8750399999999999
009,2020-03-21 09:42:44.715267,0.812537
009,2020-03-21 09:42:45.715312,1.000046
009,2020-03-21 09:42:46.637230,0.921917
009,2020-03-21 09:42:50.715541,0.890666
009,2020-03-21 09:42:51.637459,0.921917
009,2020-03-21 09:42:52.418744,0.7812859999999999
009,2020-03-21 09:42:53.278159,0.8594139999999999
009,2020-03-21 09:42:54.168824,0.890666
009,2020-03-21 09:42:55.075116,0.906291
009,2020-03-21 09:42:55.887653,0.812537
009,2020-03-21 09:42:56.778319,0.890666
009,2020-03-21 09:43:01.091016,0.890666
009,2020-03-21 09:43:01.934805,0.8437889999999999
009,2020-03-21 09:43:02.716091,0.7812859999999999
009,2020-03-21 09:43:07.872577,0.8750399999999999
009,2020-03-21 09:43:08.700740,0.8281629999999999
009,2020-03-21 09:43:09.544528,0.8437889999999999
009,2020-03-21 09:43:10.435194,0.890666
009,2020-03-21 09:43:22.060726,0.671906
009,2020-03-21 09:44:27.719981,0.76566
009,2020-03-21 09:44:28.548144,0.8281629999999999
009,2020-03-21 09:44:29.391933,0.8437889999999999
009,2020-03-21 09:44:30.266973,0.8750399999999999
009,2020-03-21 09:44:31.126387,0.8594139999999999
009,2020-03-21 09:44:58.815155,0.8281629999999999
009,2020-03-21 09:45:07.503052,0.8594139999999999
009,2020-03-21 09:45:08.409344,0.906291
009,2020-03-21 09:45:13.612707,0.8437889999999999
009,2020-03-21 09:45:18.894199,0.953169
009,2020-03-21 09:45:31.004128,0.968794
009,2020-03-21 09:45:31.847917,0.8437889999999999
009,2020-03-21 09:45:32.676080,0.8281629999999999
009,2020-03-21 09:45:33.535494,0.8594139999999999
009,2020-03-21 09:45:34.441786,0.906291
009,2020-03-21 09:45:35.316826,0.8750399999999999
009,2020-03-21 09:45:36.160614,0.8437889999999999
009,2020-03-21 09:45:37.020029,0.8594139999999999
009,2020-03-21 09:45:37.832566,0.812537
009,2020-03-21 09:45:38.723232,0.890666
009,2020-03-21 09:45:39.551394,0.8281629999999999
009,2020-03-21 09:45:40.395183,0.8437889999999999
009,2020-03-21 09:45:41.238972,0.8437889999999999
009,2020-03-21 09:45:42.098386,0.8594139999999999
009,2020-03-21 09:45:42.973426,0.8750399999999999
009,2020-03-21 09:45:43.848466,0.8750399999999999
009,2020-03-21 09:45:44.707880,0.8594139999999999
009,2020-03-21 09:45:45.520418,0.812537
009,2020-03-21 09:45:46.411083,0.890666
009,2020-03-21 09:45:47.317375,0.906291
009,2020-03-21 09:45:48.145538,0.8281629999999999
009,2020-03-21 09:45:48.989326,0.8437889999999999
009,2020-03-21 09:45:49.817489,0.8281629999999999
009,2020-03-21 09:45:50.739407,0.921917
009,2020-03-21 09:45:51.536318,0.7969109999999999
009,2020-03-21 09:45:52.364481,0.8281629999999999
009,2020-03-21 09:45:53.239521,0.8750399999999999
009,2020-03-21 09:45:54.083310,0.8437889999999999
009,2020-03-21 09:45:54.958350,0.8750399999999999
009,2020-03-21 09:46:05.599462,0.8281629999999999
009,2020-03-21 09:46:06.458876,0.8594139999999999
009,2020-03-21 09:46:07.349542,0.890666
009,2020-03-21 09:46:08.193331,0.8437889999999999
009,2020-03-21 09:46:13.412319,0.8281629999999999
009,2020-03-21 09:46:14.256108,0.8437889999999999
009,2020-03-21 09:46:15.131148,0.8750399999999999
009,2020-03-21 09:46:16.006188,0.8750399999999999
009,2020-03-21 09:46:16.803100,0.7969109999999999
009,2020-03-21 09:46:17.646888,0.8437889999999999
009,2020-03-21 09:46:18.490677,0.8437889999999999
009,2020-03-21 09:46:19.303214,0.812537
009,2020-03-21 09:46:20.178254,0.8750399999999999
009,2020-03-21 09:46:21.022043,0.8437889999999999
009,2020-03-21 09:46:21.865831,0.8437889999999999
009,2020-03-21 09:46:22.709620,0.8437889999999999
009,2020-03-21 09:46:23.787794,1.078174
009,2020-03-21 09:46:31.210009,0.8594139999999999
009,2020-03-21 09:46:32.069423,0.8594139999999999
009,2020-03-21 09:46:32.928838,0.8594139999999999
009,2020-03-21 09:46:33.803878,0.8750399999999999
009,2020-03-21 09:46:34.632041,0.8281629999999999
009,2020-03-21 09:46:35.491455,0.8594139999999999
009,2020-03-21 09:47:17.852769,0.890666
009,2020-03-21 09:47:18.727809,0.8750399999999999
009,2020-03-21 09:47:19.524721,0.7969109999999999
009,2020-03-21 09:47:39.650642,0.937543
009,2020-03-21 09:47:40.510056,0.8594139999999999
009,2020-03-21 09:48:11.386470,0.9844200000000001
009,2020-03-21 09:48:12.183381,0.7969109999999999
009,2020-03-21 09:48:13.027170,0.8437889999999999
009,2020-03-21 09:48:13.902210,0.8750399999999999
009,2020-03-21 09:48:14.730373,0.8281629999999999
009,2020-03-21 09:48:15.496033,0.76566
009,2020-03-21 09:48:16.292944,0.7969109999999999
009,2020-03-21 09:48:17.199236,0.906291
009,2020-03-21 09:48:18.089901,0.890666
009,2020-03-21 09:48:18.777433,0.687531
009,2020-03-21 09:49:17.451994,0.8281629999999999
009,2020-03-21 09:49:18.280157,0.8281629999999999
009,2020-03-21 09:49:19.077068,0.7969109999999999
009,2020-03-21 09:49:19.952108,0.8750399999999999
009,2020-03-21 09:49:26.624289,0.812537
009,2020-03-21 09:49:27.499329,0.8750399999999999
009,2020-03-21 09:49:28.358743,0.8594139999999999
009,2020-03-21 09:49:29.140029,0.7812859999999999
009,2020-03-21 09:49:30.015069,0.8750399999999999
009,2020-03-21 09:49:30.827606,0.812537
009,2020-03-21 09:49:31.671395,0.8437889999999999
009,2020-03-21 09:49:50.469130,0.890666
009,2020-03-21 09:49:51.297293,0.8281629999999999
009,2020-03-21 09:49:52.109830,0.812537
009,2020-03-21 09:49:52.859865,0.750034
009,2020-03-21 09:49:53.828659,0.968794
009,2020-03-21 09:49:54.766202,0.937543
009,2020-03-21 09:49:55.516236,0.750034
009,2020-03-21 09:49:56.344399,0.8281629999999999
009,2020-03-21 09:49:57.203814,0.8594139999999999
009,2020-03-21 09:49:58.063228,0.8594139999999999
009,2020-03-21 09:49:58.938268,0.8750399999999999
009,2020-03-21 09:49:59.782057,0.8437889999999999
009,2020-03-21 09:50:00.672722,0.890666
009,2020-03-21 09:50:01.563388,0.890666
009,2020-03-21 09:50:02.469680,0.906291
009,2020-03-21 09:50:03.313468,0.8437889999999999
009,2020-03-21 09:50:04.204134,0.890666
009,2020-03-21 09:50:05.032297,0.8281629999999999
009,2020-03-21 09:50:05.922963,0.890666
009,2020-03-21 09:50:06.672997,0.750034
009,2020-03-21 09:50:07.548037,0.8750399999999999
009,2020-03-21 09:50:08.423077,0.8750399999999999
009,2020-03-21 09:50:09.376246,0.953169
009,2020-03-21 09:50:10.298163,0.921917
009,2020-03-21 09:50:11.173203,0.8750399999999999
009,2020-03-21 09:50:12.016992,0.8437889999999999
009,2020-03-21 09:50:12.892032,0.8750399999999999
009,2020-03-21 09:50:13.813949,0.921917
009,2020-03-21 09:50:14.673363,0.8594139999999999
009,2020-03-21 09:50:15.517152,0.8437889999999999
009,2020-03-21 09:50:16.423443,0.906291
009,2020-03-21 09:50:17.267232,0.8437889999999999
009,2020-03-21 09:50:18.079769,0.812537
009,2020-03-21 09:50:18.954809,0.8750399999999999
009,2020-03-21 09:50:19.798598,0.8437889999999999
009,2020-03-21 09:50:20.658012,0.8594139999999999
009,2020-03-21 09:50:21.501801,0.8437889999999999
009,2020-03-21 09:50:22.329964,0.8281629999999999
009,2020-03-21 09:50:23.158127,0.8281629999999999
009,2020-03-21 09:50:24.017541,0.8594139999999999
009,2020-03-21 09:50:24.845704,0.8281629999999999
009,2020-03-21 09:51:48.365152,0.734409
009,2020-03-21 09:51:49.287069,0.921917
009,2020-03-21 09:55:01.764629,0.76566
009,2020-03-21 09:55:08.233675,0.7969109999999999
009,2020-03-21 09:55:09.061838,0.8281629999999999
009,2020-03-21 09:55:09.796247,0.734409
009,2020-03-21 09:55:54.376413,0.8281629999999999
009,2020-03-21 09:55:55.220201,0.8437889999999999
009,2020-03-21 09:55:56.063990,0.8437889999999999
009,2020-03-21 09:55:56.892153,0.8281629999999999
009,2020-03-21 09:55:57.720316,0.8281629999999999
009,2020-03-21 10:02:20.847228,1.343812
009,2020-03-21 10:02:21.800397,0.953169
009,2020-03-21 10:20:27.771982,0.7969109999999999
009,2020-03-21 10:20:34.725425,0.76566
009,2020-03-21 10:20:35.491085,0.76566
009,2020-03-21 10:20:36.287997,0.7969109999999999
009,2020-03-21 10:20:37.069282,0.7812859999999999
009,2020-03-21 10:20:37.834942,0.76566
009,2020-03-21 10:20:38.647480,0.812537
009,2020-03-21 10:20:39.428765,0.7812859999999999
009,2020-03-21 10:20:40.194425,0.76566
009,2020-03-21 10:20:40.975711,0.7812859999999999
009,2020-03-21 10:20:41.803874,0.8281629999999999
009,2020-03-21 10:20:42.600785,0.7969109999999999
009,2020-03-21 10:20:43.382071,0.7812859999999999
009,2020-03-21 10:20:44.178983,0.7969109999999999
009,2020-03-21 10:20:44.975894,0.7969109999999999
009,2020-03-21 10:21:04.039267,0.812537
009,2020-03-21 10:23:59.422295,0.812537
009,2020-03-21 10:24:00.250458,0.8281629999999999
009,2020-03-21 10:24:31.017491,0.968794
009,2020-03-21 10:24:31.876905,0.8594139999999999
009,2020-03-21 10:24:46.611955,0.890666
009,2020-03-21 10:24:47.455744,0.8437889999999999
009,2020-03-21 10:24:48.221404,0.76566
009,2020-03-21 10:24:49.033941,0.812537
009,2020-03-21 10:24:49.877729,0.8437889999999999
009,2020-03-21 10:24:50.705892,0.8281629999999999
009,2020-03-21 10:24:51.502804,0.7969109999999999
009,2020-03-21 10:24:52.377844,0.8750399999999999
009,2020-03-21 10:24:53.174755,0.7969109999999999
009,2020-03-21 10:29:22.718343,0.7969109999999999
009,2020-03-21 10:29:42.266113,0.7969109999999999
009,2020-03-21 10:29:43.125527,0.8594139999999999
009,2020-03-21 10:29:43.859936,0.734409
009,2020-03-21 10:29:44.656847,0.7969109999999999
009,2020-03-21 10:29:45.469385,0.812537
009,2020-03-21 10:29:50.188351,0.7969109999999999
009,2020-03-21 10:29:51.000888,0.812537
009,2020-03-21 10:29:51.829051,0.8281629999999999
009,2020-03-21 10:29:52.641588,0.812537
009,2020-03-21 10:29:53.454125,0.812537
009,2020-03-21 10:29:54.344791,0.890666
009,2020-03-21 10:29:55.172954,0.8281629999999999
009,2020-03-21 10:29:55.954240,0.7812859999999999
009,2020-03-21 10:29:56.766777,0.812537
009,2020-03-21 10:29:57.610565,0.8437889999999999
009,2020-03-21 10:29:58.423103,0.812537
009,2020-03-21 10:29:59.235640,0.812537
009,2020-03-21 10:30:00.079428,0.8437889999999999
009,2020-03-21 10:30:00.876340,0.7969109999999999
009,2020-03-21 10:30:01.735754,0.8594139999999999
009,2020-03-21 10:30:02.532666,0.7969109999999999
009,2020-03-21 10:39:27.417898,0.7812859999999999
009,2020-03-21 10:39:28.417944,1.000046
009,2020-03-21 10:40:41.155648,0.812537
009,2020-03-21 10:40:41.936934,0.7812859999999999
009,2020-03-21 10:40:42.718220,0.7812859999999999
009,2020-03-21 10:40:43.515131,0.7969109999999999
009,2020-03-21 10:40:44.312043,0.7969109999999999
009,2020-03-21 10:40:45.093329,0.7812859999999999
009,2020-03-21 10:40:45.905866,0.812537
009,2020-03-21 10:40:46.671526,0.76566
009,2020-03-21 10:40:47.484063,0.812537
009,2020-03-21 10:40:48.234097,0.750034
009,2020-03-21 10:40:49.015383,0.7812859999999999
009,2020-03-21 10:40:56.921995,0.76566
009,2020-03-21 10:40:57.718907,0.7969109999999999
009,2020-03-21 10:40:58.515818,0.7969109999999999
009,2020-03-21 10:47:51.534724,0.750034
009,2020-03-21 10:48:59.490959,0.812537
009,2020-03-21 10:50:11.541132,0.937543
009,2020-03-21 10:50:12.384921,0.8437889999999999
009,2020-03-21 10:50:13.259961,0.8750399999999999
009,2020-03-21 10:50:14.056873,0.7969109999999999
009,2020-03-21 10:52:29.344315,0.968794
009,2020-03-21 10:52:30.047472,0.7031569999999999
009,2020-03-21 10:52:30.938138,0.890666
009,2020-03-21 10:52:31.797553,0.8594139999999999
009,2020-03-21 10:52:32.594464,0.7969109999999999
009,2020-03-21 10:52:33.453878,0.8594139999999999
009,2020-03-21 10:52:34.282041,0.8281629999999999
009,2020-03-21 10:52:35.203959,0.921917
009,2020-03-21 10:52:36.219630,1.015671
009,2020-03-21 10:54:28.943540,0.812537
009,2020-03-21 10:54:29.802954,0.8594139999999999
009,2020-03-21 10:54:30.646743,0.8437889999999999
009,2020-03-21 10:54:31.521783,0.8750399999999999
009,2020-03-21 10:54:32.381197,0.8594139999999999
009,2020-03-21 10:54:33.256237,0.8750399999999999
009,2020-03-21 10:54:34.115652,0.8594139999999999
009,2020-03-21 10:55:11.992385,0.890666
009,2020-03-21 10:56:40.340179,0.8594139999999999
009,2020-03-21 10:57:23.857796,0.906291
009,2020-03-21 10:57:24.826591,0.968794
009,2020-03-21 10:57:25.607876,0.7812859999999999
009,2020-03-21 10:59:02.471685,0.7812859999999999
009,2020-03-21 10:59:03.299848,0.8281629999999999
009,2020-03-21 10:59:04.034257,0.734409
009,2020-03-21 10:59:04.831168,0.7969109999999999
009,2020-03-21 10:59:05.628080,0.7969109999999999
009,2020-03-21 10:59:06.440617,0.812537
009,2020-03-21 10:59:14.378480,0.734409
009,2020-03-21 10:59:15.222269,0.8437889999999999
009,2020-03-21 10:59:16.081683,0.8594139999999999
009,2020-03-21 10:59:16.831717,0.750034
009,2020-03-21 11:00:25.616116,0.750034
009,2020-03-21 11:00:38.194817,0.8281629999999999
009,2020-03-21 11:00:54.226801,0.8750399999999999
009,2020-03-21 11:00:55.133092,0.906291
009,2020-03-21 11:00:56.055009,0.921917
009,2020-03-21 11:00:56.930049,0.8750399999999999
009,2020-03-21 11:05:38.224175,0.8750399999999999
009,2020-03-21 11:06:32.023513,0.8750399999999999
009,2020-03-21 11:06:32.882927,0.8594139999999999
009,2020-03-21 11:06:33.773593,0.890666
009,2020-03-21 11:06:34.586130,0.812537
009,2020-03-21 11:06:35.476796,0.890666
009,2020-03-21 11:06:36.351836,0.8750399999999999
009,2020-03-21 11:06:37.273753,0.921917
009,2020-03-21 11:06:38.117542,0.8437889999999999
009,2020-03-21 11:14:14.700942,0.8437889999999999
009,2020-03-21 11:14:15.607233,0.906291
009,2020-03-21 11:14:16.357268,0.750034
009,2020-03-21 11:14:17.122928,0.76566
009,2020-03-21 11:14:17.982342,0.8594139999999999
009,2020-03-21 11:14:24.263880,0.7812859999999999
009,2020-03-21 11:14:25.029540,0.76566
009,2020-03-21 11:14:25.810825,0.7812859999999999
009,2020-03-21 11:14:26.592111,0.7812859999999999
009,2020-03-21 11:14:27.389023,0.7969109999999999
009,2020-03-21 11:14:28.201560,0.812537
009,2020-03-21 11:14:28.967220,0.76566
009,2020-03-21 11:14:29.811008,0.8437889999999999
009,2020-03-21 11:14:30.592294,0.7812859999999999
009,2020-03-21 11:14:31.436083,0.8437889999999999
010,2020-03-22 10:08:27.644866,0.9844200000000001
010,2020-03-22 10:08:28.613660,0.968794
010,2020-03-22 10:10:18.243678,0.890666
010,2020-03-22 10:11:50.232264,1.20318
010,2020-03-22 10:12:01.920299,1.015671
010,2020-03-22 10:12:02.873467,0.953169
010,2020-03-22 10:12:03.842262,0.968794
010,2020-03-22 10:12:04.826682,0.9844200000000001
010,2020-03-22 10:12:05.826728,1.000046
010,2020-03-22 10:12:06.748645,0.921917
010,2020-03-22 10:12:07.717439,0.968794
010,2020-03-22 10:12:08.951871,1.234432
010,2020-03-22 10:12:13.827094,0.921917
010,2020-03-22 10:12:14.811514,0.9844200000000001
010,2020-03-22 10:12:15.811560,1.000046
010,2020-03-22 10:12:16.733477,0.921917
010,2020-03-22 10:12:22.686874,0.8750399999999999
010,2020-03-22 10:12:23.515037,0.8281629999999999
010,2020-03-22 10:12:28.859032,1.015671
010,2020-03-22 10:12:29.859078,1.000046
010,2020-03-22 10:12:30.859123,1.000046
010,2020-03-22 10:12:31.796666,0.937543
010,2020-03-22 10:14:51.396806,0.406269
010,2020-03-22 10:15:34.148763,0.453146
010,2020-03-22 10:15:34.648786,0.500023
010,2020-03-22 10:15:35.180061,0.531274
010,2020-03-22 10:15:35.664458,0.484397
010,2020-03-22 10:15:36.180106,0.515649
010,2020-03-22 10:21:41.431201,0.578151
010,2020-03-22 10:22:46.059159,0.8281629999999999
010,2020-03-22 10:22:57.684691,0.8594139999999999
010,2020-03-22 10:22:58.340971,0.65628
010,2020-03-22 10:24:49.861701,0.890666
010,2020-03-22 10:25:15.065980,0.8594139999999999
010,2020-03-22 10:25:16.050400,0.9844200000000001
010,2020-03-22 10:27:15.493367,0.8281629999999999
010,2020-03-22 10:27:53.245095,0.921917
010,2020-03-22 10:27:54.120135,0.8750399999999999
010,2020-03-22 10:27:55.057678,0.937543
010,2020-03-22 10:27:55.963970,0.906291
010,2020-03-22 10:27:56.932764,0.968794
010,2020-03-22 10:27:57.823430,0.890666
010,2020-03-22 10:27:58.745347,0.921917
010,2020-03-22 10:27:59.932901,1.187554
010,2020-03-22 10:28:14.746079,0.921917
010,2020-03-22 10:28:15.511739,0.76566
010,2020-03-22 10:28:16.511785,1.000046
010,2020-03-22 10:28:17.433702,0.921917
010,2020-03-22 10:28:18.449374,1.015671
010,2020-03-22 10:28:19.371291,0.921917
010,2020-03-22 10:28:20.277583,0.906291
010,2020-03-22 10:28:21.308880,1.031297
010,2020-03-22 10:28:22.324551,1.015671
010,2020-03-22 10:28:23.277720,0.953169
010,2020-03-22 10:28:24.246514,0.968794
010,2020-03-22 10:28:25.262186,1.015671
010,2020-03-22 10:28:38.747178,0.8594139999999999
010,2020-03-22 10:29:37.218605,0.9844200000000001
010,2020-03-22 10:29:38.078019,0.8594139999999999
010,2020-03-22 10:29:39.046813,0.968794
010,2020-03-22 10:29:39.906228,0.8594139999999999
010,2020-03-22 10:29:40.906274,1.000046
010,2020-03-22 10:29:41.765688,0.8594139999999999
010,2020-03-22 10:29:42.703231,0.937543
010,2020-03-22 10:29:43.781405,1.078174
010,2020-03-22 10:29:44.734574,0.953169
010,2020-03-22 10:29:45.687742,0.953169
010,2020-03-22 10:29:46.484654,0.7969109999999999
010,2020-03-22 10:29:47.531577,1.046923
010,2020-03-22 10:29:48.641003,1.109426
010,2020-03-22 10:30:56.425355,1.000046
010,2020-03-22 10:30:57.394150,0.968794
010,2020-03-22 10:30:58.362944,0.968794
010,2020-03-22 10:34:02.261987,1.015671
010,2020-03-22 10:34:03.152653,0.890666
010,2020-03-22 10:34:04.137073,0.9844200000000001
010,2020-03-22 10:34:05.074616,0.937543
010,2020-03-22 10:34:05.949656,0.8750399999999999
010,2020-03-22 10:34:06.996579,1.046923
010,2020-03-22 10:34:07.902870,0.906291
010,2020-03-22 10:34:08.840413,0.937543
010,2020-03-22 10:34:09.824833,0.9844200000000001
010,2020-03-22 10:34:21.122225,0.8750399999999999
010,2020-03-22 10:34:22.231651,1.109426
010,2020-03-22 10:34:23.153568,0.921917
010,2020-03-22 10:34:24.075485,0.921917
010,2020-03-22 10:34:25.153660,1.078174
010,2020-03-22 10:38:11.742157,1.062549
010,2020-03-22 10:50:36.620003,0.921917
010,2020-03-22 10:50:37.604424,0.9844200000000001
010,2020-03-22 10:50:38.604469,1.000046
010,2020-03-22 10:50:45.370404,0.953169
010,2020-03-22 10:50:46.339198,0.968794
010,2020-03-22 10:50:47.292367,0.953169
010,2020-03-22 10:50:48.276787,0.9844200000000001
010,2020-03-22 10:50:49.276833,1.000046
010,2020-03-22 10:50:50.245627,0.968794
010,2020-03-22 10:50:51.230047,0.9844200000000001
010,2020-03-22 10:50:52.151964,0.921917
010,2020-03-22 10:50:53.183262,1.031297
010,2020-03-22 10:50:54.183307,1.000046
010,2020-03-22 10:50:55.152102,0.968794
010,2020-03-22 10:50:56.105270,0.953169
010,2020-03-22 10:50:57.089690,0.9844200000000001
010,2020-03-22 10:50:58.058485,0.968794
010,2020-03-22 10:51:03.933754,0.937543
010,2020-03-22 10:51:05.027554,1.0938
010,2020-03-22 10:51:05.949471,0.921917
010,2020-03-22 10:51:06.933891,0.9844200000000001
010,2020-03-22 10:51:07.902685,0.968794
010,2020-03-22 10:51:08.871480,0.968794
010,2020-03-22 10:51:09.855900,0.9844200000000001
010,2020-03-22 10:51:10.887197,1.031297
010,2020-03-22 10:51:11.777863,0.890666
010,2020-03-22 10:51:12.746657,0.968794
010,2020-03-22 10:51:13.715451,0.968794
010,2020-03-22 10:51:14.699872,0.9844200000000001
010,2020-03-22 10:51:15.668666,0.968794
010,2020-03-22 10:51:16.637460,0.968794
010,2020-03-22 10:51:17.653132,1.015671
010,2020-03-22 10:51:18.590675,0.937543
010,2020-03-22 10:51:19.559469,0.968794
010,2020-03-22 10:51:20.512638,0.953169
010,2020-03-22 10:51:21.497058,0.9844200000000001
010,2020-03-22 10:51:22.434601,0.937543
010,2020-03-22 10:51:23.419021,0.9844200000000001
010,2020-03-22 10:51:24.403441,0.9844200000000001
010,2020-03-22 10:51:25.356609,0.953169
010,2020-03-22 10:51:31.200627,0.953169
010,2020-03-22 10:51:32.169421,0.968794
010,2020-03-22 10:51:33.153841,0.9844200000000001
010,2020-03-22 10:51:34.107010,0.953169
010,2020-03-22 10:51:35.091430,0.9844200000000001
010,2020-03-22 10:51:36.060224,0.968794
010,2020-03-22 10:51:37.044644,0.9844200000000001
010,2020-03-22 10:51:37.997813,0.953169
010,2020-03-22 10:51:38.982233,0.9844200000000001
010,2020-03-22 10:51:45.810671,0.921917
010,2020-03-22 10:51:46.904471,1.0938
010,2020-03-22 10:51:47.857639,0.953169
010,2020-03-22 10:51:48.795182,0.937543
010,2020-03-22 10:51:49.795228,1.000046
010,2020-03-22 10:51:50.826525,1.031297
010,2020-03-22 10:51:51.810945,0.9844200000000001
010,2020-03-22 10:51:52.842242,1.031297
010,2020-03-22 10:51:58.701886,0.921917
010,2020-03-22 10:51:59.592552,0.890666
010,2020-03-22 10:52:03.561483,0.921917
010,2020-03-22 10:52:04.670909,1.109426
010,2020-03-22 10:55:24.086287,0.906291
010,2020-03-22 10:55:25.055081,0.968794
010,2020-03-22 10:55:25.930121,0.8750399999999999
010,2020-03-22 10:55:26.867664,0.937543
010,2020-03-22 10:58:53.736509,0.531274
010,2020-03-22 10:58:54.189654,0.453146
010,2020-03-22 10:58:54.752180,0.562526
010,2020-03-22 10:58:55.220952,0.468771
010,2020-03-22 10:58:55.767852,0.5469
010,2020-03-22 10:58:56.236623,0.468771
010,2020-03-22 10:58:59.752409,0.43751999999999996
010,2020-03-22 10:59:00.330560,0.578151
010,2020-03-22 10:59:00.783706,0.453146
010,2020-03-22 10:59:01.252478,0.468771
010,2020-03-22 10:59:05.283912,0.531274
010,2020-03-22 11:09:17.468184,0.937543
010,2020-03-22 11:09:25.406048,0.937543
010,2020-03-22 11:09:26.249836,0.8437889999999999
010,2020-03-22 11:11:24.458372,0.500023
010,2020-03-22 11:11:30.052378,0.468771
010,2020-03-22 11:13:51.418224,0.42189399999999994
010,2020-03-22 11:14:24.529115,0.35939099999999996
010,2020-03-22 11:16:26.440945,0.453146
010,2020-03-22 11:16:26.925342,0.484397
010,2020-03-22 11:16:27.394114,0.468771
010,2020-03-22 11:16:28.019142,0.625029
010,2020-03-22 11:17:33.131498,0.625029
010,2020-03-22 11:19:12.995444,0.43751999999999996
010,2020-03-22 11:19:13.354836,0.35939099999999996
010,2020-03-22 11:19:55.606770,0.406269
010,2020-03-22 11:19:56.122418,0.515649
010,2020-03-22 11:20:26.123791,0.406269
010,2020-03-22 11:20:26.514434,0.39064299999999996
010,2020-03-22 11:20:41.827635,0.500023
010,2020-03-22 11:20:42.452664,0.625029
010,2020-03-22 11:20:43.108944,0.65628
010,2020-03-22 11:21:00.547242,0.500023
010,2020-03-22 11:21:01.125394,0.578151
010,2020-03-22 11:21:43.705468,0.5469
010,2020-03-22 11:22:31.973302,0.593777
010,2020-03-22 11:23:45.726678,0.43751999999999996
010,2020-03-22 11:23:46.132947,0.406269
010,2020-03-22 11:23:46.632970,0.500023
010,2020-03-22 11:23:56.742807,0.531274
010,2020-03-22 11:24:44.729379,0.453146
010,2020-03-22 11:26:10.514556,0.593777
010,2020-03-22 11:26:15.686667,0.5469
010,2020-03-22 11:27:19.017691,0.406269
010,2020-03-22 11:27:33.127712,0.718783
010,2020-03-22 11:28:26.333273,0.625029
010,2020-03-22 11:28:37.052513,0.671906
010,2020-03-22 11:29:07.663290,0.65628
010,2020-03-22 11:30:46.808453,0.42189399999999994
010,2020-03-22 11:30:49.261690,0.406269
010,2020-03-22 11:31:02.746682,0.375017
010,2020-03-22 11:34:17.724357,0.5469
010,2020-03-22 11:37:53.249848,0.35939099999999996
010,2020-03-22 11:38:29.689016,0.640654
010,2020-03-22 11:39:54.192884,0.406269
010,2020-03-22 11:41:22.775064,0.5469
010,2020-03-22 11:41:23.290712,0.515649
010,2020-03-22 11:42:22.605927,0.609403
010,2020-03-22 11:42:23.152828,0.5469
010,2020-03-22 11:43:43.031484,0.531274
010,2020-03-22 11:43:43.656512,0.625029
010,2020-03-22 11:43:47.797327,0.468771
010,2020-03-22 11:43:48.328601,0.531274
010,2020-03-22 11:44:08.173260,0.42189399999999994
010,2020-03-22 11:44:08.563903,0.39064299999999996
010,2020-03-22 11:46:40.867749,0.531274
010,2020-03-22 11:47:43.042470,0.32814
010,2020-03-22 11:49:53.173427,0.8594139999999999
010,2020-03-22 11:50:35.315981,0.687531
010,2020-03-22 11:50:36.081641,0.76566
010,2020-03-22 11:50:36.831675,0.750034
010,2020-03-22 11:50:37.581710,0.750034
010,2020-03-22 11:54:24.888989,0.7812859999999999
010,2020-03-22 11:54:25.717152,0.8281629999999999
010,2020-03-22 11:54:36.248884,0.8437889999999999
010,2020-03-22 11:54:37.045796,0.7969109999999999
010,2020-03-22 11:54:37.873959,0.8281629999999999
010,2020-03-22 11:55:00.140603,0.8437889999999999
010,2020-03-22 11:55:00.984391,0.8437889999999999
010,2020-03-22 11:55:08.390980,0.8281629999999999
010,2020-03-22 11:55:09.203518,0.812537
010,2020-03-22 11:55:10.031681,0.8281629999999999
010,2020-03-22 11:55:10.875469,0.8437889999999999
010,2020-03-22 11:55:11.703632,0.8281629999999999
010,2020-03-22 11:55:12.516169,0.812537
010,2020-03-22 11:55:13.375584,0.8594139999999999
010,2020-03-22 11:55:14.172495,0.7969109999999999
010,2020-03-22 11:55:19.235227,0.8750399999999999
010,2020-03-22 11:55:20.125893,0.890666
010,2020-03-22 12:02:47.302612,0.65628
010,2020-03-22 12:02:47.943266,0.640654
010,2020-03-22 12:02:48.630798,0.687531
010,2020-03-22 12:03:09.725513,0.7812859999999999
010,2020-03-22 12:03:10.459922,0.734409
010,2020-03-22 12:03:38.929975,0.718783
010,2020-03-22 12:03:39.680009,0.750034
010,2020-03-22 12:05:21.184656,0.7969109999999999
010,2020-03-22 12:05:21.934690,0.750034
010,2020-03-22 12:06:18.234142,0.8750399999999999
010,2020-03-22 12:06:19.109182,0.8750399999999999
010,2020-03-22 12:06:19.968596,0.8594139999999999
010,2020-03-22 12:06:32.328537,0.8594139999999999
010,2020-03-22 12:06:33.125449,0.7969109999999999
010,2020-03-22 12:06:33.844232,0.718783
010,2020-03-22 12:06:34.750523,0.906291
010,2020-03-22 12:06:35.422429,0.671906
010,2020-03-22 12:06:36.313095,0.890666
010,2020-03-22 12:06:37.047503,0.734409
010,2020-03-22 12:06:37.953795,0.906291
010,2020-03-22 12:06:38.688204,0.734409
010,2020-03-22 12:06:39.516366,0.8281629999999999
010,2020-03-22 12:06:40.282027,0.76566
010,2020-03-22 12:06:41.110189,0.8281629999999999
010,2020-03-22 12:06:41.907101,0.7969109999999999
010,2020-03-22 12:06:42.672761,0.76566
010,2020-03-22 12:06:43.563427,0.890666
010,2020-03-22 12:06:44.329087,0.76566
010,2020-03-22 12:06:45.157250,0.8281629999999999
010,2020-03-22 12:06:46.063541,0.906291
010,2020-03-22 12:06:46.782324,0.718783
010,2020-03-22 12:06:47.626113,0.8437889999999999
010,2020-03-22 12:06:48.438650,0.812537
010,2020-03-22 12:06:49.204310,0.76566
010,2020-03-22 12:06:50.079350,0.8750399999999999
010,2020-03-22 12:06:50.845010,0.76566
010,2020-03-22 12:06:51.704424,0.8594139999999999
010,2020-03-22 12:06:52.501336,0.7969109999999999
010,2020-03-22 12:06:53.313873,0.812537
010,2020-03-22 12:06:54.126410,0.812537
010,2020-03-22 12:10:41.996216,0.718783
010,2020-03-22 12:10:42.777502,0.7812859999999999
010,2020-03-22 12:10:43.511910,0.734409
010,2020-03-22 12:10:50.027833,0.8437889999999999
010,2020-03-22 12:10:50.855996,0.8281629999999999
010,2020-03-22 12:10:51.699785,0.8437889999999999
010,2020-03-22 12:10:52.512322,0.812537
010,2020-03-22 12:10:53.340485,0.8281629999999999
010,2020-03-22 12:10:54.215525,0.8750399999999999
010,2020-03-22 12:10:55.043688,0.8281629999999999
010,2020-03-22 12:10:55.871851,0.8281629999999999
010,2020-03-22 12:10:56.700014,0.8281629999999999
010,2020-03-22 12:10:57.528177,0.8281629999999999
010,2020-03-22 12:10:58.356340,0.8281629999999999
010,2020-03-22 12:10:59.184503,0.8281629999999999
010,2020-03-22 12:11:00.028291,0.8437889999999999
010,2020-03-22 12:11:00.903331,0.8750399999999999
010,2020-03-22 12:11:01.731494,0.8281629999999999
010,2020-03-22 12:11:02.528406,0.7969109999999999
010,2020-03-22 12:11:03.403446,0.8750399999999999
010,2020-03-22 12:11:04.262860,0.8594139999999999
010,2020-03-22 12:11:09.263089,0.8281629999999999
010,2020-03-22 12:11:10.122503,0.8594139999999999
010,2020-03-22 12:11:10.950666,0.8281629999999999
010,2020-03-22 12:11:11.763203,0.812537
010,2020-03-22 12:11:12.638243,0.8750399999999999
010,2020-03-22 12:12:24.782171,0.8281629999999999
010,2020-03-22 12:12:28.829231,0.750034
010,2020-03-22 12:12:29.579265,0.750034
010,2020-03-22 12:12:30.360551,0.7812859999999999
010,2020-03-22 12:12:31.282468,0.921917
010,2020-03-22 12:12:42.329849,0.8437889999999999
010,2020-03-22 12:12:43.173638,0.8437889999999999
010,2020-03-22 12:12:44.048678,0.8750399999999999
010,2020-03-22 12:12:44.908092,0.8594139999999999
010,2020-03-22 12:12:45.736255,0.8281629999999999
010,2020-03-22 12:12:46.580044,0.8437889999999999
010,2020-03-22 12:14:29.506630,0.8281629999999999
010,2020-03-22 12:14:30.334793,0.8281629999999999
010,2020-03-22 12:14:31.131704,0.7969109999999999
010,2020-03-22 12:14:31.959867,0.8281629999999999
010,2020-03-22 12:14:40.975905,0.890666
010,2020-03-22 12:15:29.556254,0.8594139999999999
010,2020-03-22 12:15:30.415668,0.8594139999999999
010,2020-03-22 12:15:31.259457,0.8437889999999999
010,2020-03-22 12:15:32.134497,0.8750399999999999
010,2020-03-22 12:15:33.025162,0.890666
010,2020-03-22 12:15:33.837700,0.812537
010,2020-03-22 12:15:41.306792,0.8750399999999999
010,2020-03-22 12:16:27.324523,0.8594139999999999
010,2020-03-22 12:16:46.231638,0.8750399999999999
010,2020-03-22 12:16:47.059801,0.8281629999999999
010,2020-03-22 12:16:47.934841,0.8750399999999999
010,2020-03-22 12:16:48.794256,0.8594139999999999
010,2020-03-22 12:16:49.653670,0.8594139999999999
010,2020-03-22 12:16:50.513084,0.8594139999999999
010,2020-03-22 12:16:51.403750,0.890666
010,2020-03-22 12:17:27.499152,0.8594139999999999
010,2020-03-22 12:17:28.374192,0.8750399999999999
010,2020-03-22 12:17:29.202355,0.8281629999999999
010,2020-03-22 12:17:30.046144,0.8437889999999999
010,2020-03-22 12:17:30.889933,0.8437889999999999
010,2020-03-22 12:17:31.749347,0.8594139999999999
010,2020-03-22 12:17:32.515007,0.76566
010,2020-03-22 12:17:33.405673,0.890666
010,2020-03-22 12:17:34.233836,0.8281629999999999
010,2020-03-22 12:17:35.046373,0.812537
010,2020-03-22 12:17:35.843284,0.7969109999999999
010,2020-03-22 12:17:36.624570,0.7812859999999999
010,2020-03-22 12:17:37.421482,0.7969109999999999
010,2020-03-22 12:17:38.202767,0.7812859999999999
010,2020-03-22 12:17:38.984053,0.7812859999999999
010,2020-03-22 12:17:39.749713,0.76566
010,2020-03-22 12:17:40.562250,0.812537
010,2020-03-22 12:17:41.359162,0.7969109999999999
010,2020-03-22 12:17:42.156073,0.7969109999999999
010,2020-03-22 12:17:42.984236,0.8281629999999999
010,2020-03-22 12:17:43.765522,0.7812859999999999
010,2020-03-22 12:17:44.624936,0.8594139999999999
010,2020-03-22 12:17:45.515602,0.890666
010,2020-03-22 12:17:46.359391,0.8437889999999999
010,2020-03-22 12:17:47.234431,0.8750399999999999
010,2020-03-22 12:17:48.062594,0.8281629999999999
010,2020-03-22 12:17:48.890757,0.8281629999999999
010,2020-03-22 12:17:49.687668,0.7969109999999999
010,2020-03-22 12:17:50.484580,0.7969109999999999
010,2020-03-22 12:17:57.188011,0.8594139999999999
010,2020-03-22 12:17:58.047426,0.8594139999999999
010,2020-03-22 12:17:58.844337,0.7969109999999999
010,2020-03-22 12:17:59.750629,0.906291
010,2020-03-22 12:18:14.188790,0.8281629999999999
010,2020-03-22 12:18:15.063830,0.8750399999999999
010,2020-03-22 12:18:15.860741,0.7969109999999999
010,2020-03-22 12:18:16.626401,0.76566
010,2020-03-22 12:18:17.517067,0.890666
010,2020-03-22 12:18:18.376481,0.8594139999999999
010,2020-03-22 12:18:19.173393,0.7969109999999999
010,2020-03-22 12:18:33.845939,0.8281629999999999
010,2020-03-22 12:18:34.705354,0.8594139999999999
010,2020-03-22 12:18:35.502265,0.7969109999999999
010,2020-03-22 12:18:48.690369,0.7812859999999999
010,2020-03-22 12:18:49.471655,0.7812859999999999
010,2020-03-22 12:18:50.268566,0.7969109999999999
010,2020-03-22 12:18:51.112355,0.8437889999999999
010,2020-03-22 12:18:58.659575,0.812537
010,2020-03-22 12:18:59.518990,0.8594139999999999
010,2020-03-22 12:19:00.362778,0.8437889999999999
010,2020-03-22 12:19:01.206567,0.8437889999999999
010,2020-03-22 12:19:01.987853,0.7812859999999999
010,2020-03-22 12:19:02.816015,0.8281629999999999
010,2020-03-22 12:19:03.644178,0.8281629999999999
010,2020-03-22 12:19:04.456716,0.812537
010,2020-03-22 12:19:05.269253,0.812537
010,2020-03-22 12:19:06.050539,0.7812859999999999
010,2020-03-22 12:19:06.878701,0.8281629999999999
010,2020-03-22 12:19:07.753742,0.8750399999999999
010,2020-03-22 12:19:08.535027,0.7812859999999999
010,2020-03-22 12:19:09.363190,0.8281629999999999
010,2020-03-22 12:19:10.191353,0.8281629999999999
010,2020-03-22 12:19:11.019516,0.8281629999999999
010,2020-03-22 12:19:11.816427,0.7969109999999999
010,2020-03-22 12:19:12.613339,0.7969109999999999
010,2020-03-22 12:19:13.457128,0.8437889999999999
010,2020-03-22 12:19:14.269665,0.812537
010,2020-03-22 12:19:15.097828,0.8281629999999999
010,2020-03-22 12:19:15.941616,0.8437889999999999
010,2020-03-22 12:21:20.494192,0.7969109999999999
010,2020-03-22 12:21:21.400484,0.906291
010,2020-03-22 12:21:22.181770,0.7812859999999999
010,2020-03-22 12:21:22.978681,0.7969109999999999
010,2020-03-22 12:21:23.713090,0.734409
010,2020-03-22 12:21:24.588130,0.8750399999999999
010,2020-03-22 12:21:25.478796,0.890666
010,2020-03-22 12:21:26.291333,0.812537
010,2020-03-22 12:21:27.103870,0.812537
010,2020-03-22 12:21:27.932033,0.8281629999999999
010,2020-03-22 12:21:28.728944,0.7969109999999999
010,2020-03-22 12:21:29.557107,0.8281629999999999
010,2020-03-22 12:21:30.213387,0.65628
010,2020-03-22 12:23:50.782322,0.8281629999999999
010,2020-03-22 12:23:51.594859,0.812537
010,2020-03-22 12:23:52.407396,0.812537
010,2020-03-22 12:23:53.282436,0.8750399999999999
010,2020-03-22 12:23:54.001219,0.718783
010,2020-03-22 12:30:02.064942,0.906291
010,2020-03-22 12:30:02.877479,0.812537
010,2020-03-22 12:30:03.815022,0.937543
010,2020-03-22 12:35:17.845021,0.8750399999999999
010,2020-03-22 12:35:18.735687,0.890666
010,2020-03-22 12:35:19.626353,0.890666
010,2020-03-22 12:35:20.423264,0.7969109999999999
010,2020-03-22 12:37:59.305537,0.5469
010,2020-03-22 12:39:08.386824,0.7812859999999999
010,2020-03-22 12:39:09.433747,1.046923
010,2020-03-22 12:39:10.355664,0.921917
010,2020-03-22 12:43:07.710279,0.8750399999999999
010,2020-03-22 12:46:54.126893,0.8594139999999999
010,2020-03-22 12:46:54.986308,0.8594139999999999
010,2020-03-22 12:46:55.814471,0.8281629999999999
010,2020-03-22 12:46:56.564505,0.750034
010,2020-03-22 12:46:57.502048,0.937543
010,2020-03-22 12:46:58.345836,0.8437889999999999
010,2020-03-22 12:46:59.158374,0.812537
010,2020-03-22 12:46:59.892782,0.734409
010,2020-03-22 12:47:00.845951,0.953169
010,2020-03-22 12:47:01.689739,0.8437889999999999
010,2020-03-22 12:47:02.580405,0.890666
010,2020-03-22 12:47:03.424194,0.8437889999999999
010,2020-03-22 12:47:04.361737,0.937543
010,2020-03-22 12:47:05.268028,0.906291
010,2020-03-22 12:47:06.049314,0.7812859999999999
010,2020-03-22 12:47:06.893103,0.8437889999999999
010,2020-03-22 12:47:07.674388,0.7812859999999999
010,2020-03-22 12:47:08.580680,0.906291
010,2020-03-22 12:47:09.377591,0.7969109999999999
010,2020-03-22 12:47:10.221380,0.8437889999999999
010,2020-03-22 12:47:11.033917,0.812537
010,2020-03-22 12:47:11.940209,0.906291
010,2020-03-22 12:47:12.940254,1.000046
010,2020-03-22 12:47:17.252952,0.890666
010,2020-03-22 12:47:18.159243,0.906291
010,2020-03-22 12:47:19.034283,0.8750399999999999
010,2020-03-22 12:47:19.940575,0.906291
010,2020-03-22 12:47:20.831241,0.890666
010,2020-03-22 12:47:21.690655,0.8594139999999999
010,2020-03-22 12:47:22.643824,0.953169
010,2020-03-22 12:47:23.550115,0.906291
010,2020-03-22 12:47:24.456407,0.906291
010,2020-03-22 12:47:25.378324,0.921917
010,2020-03-22 12:47:26.300241,0.921917
010,2020-03-22 12:47:27.206532,0.906291
010,2020-03-22 12:47:28.128450,0.921917
010,2020-03-22 12:47:29.081618,0.953169
010,2020-03-22 12:48:13.724287,0.890666
010,2020-03-22 12:48:14.646204,0.921917
010,2020-03-22 12:48:15.489992,0.8437889999999999
010,2020-03-22 12:48:16.396284,0.906291
010,2020-03-22 12:48:17.302575,0.906291
010,2020-03-22 12:48:18.208867,0.906291
010,2020-03-22 12:48:29.662516,0.8594139999999999
010,2020-03-22 12:48:30.600059,0.937543
010,2020-03-22 12:48:31.506351,0.906291
010,2020-03-22 12:48:32.443893,0.937543
010,2020-03-22 12:48:33.303308,0.8594139999999999
010,2020-03-22 12:48:34.209599,0.906291
010,2020-03-22 12:48:35.115891,0.906291
010,2020-03-22 12:48:40.584891,0.8594139999999999
010,2020-03-22 12:48:41.506808,0.921917
010,2020-03-22 12:50:03.666819,0.812537
010,2020-03-22 12:50:04.573111,0.906291
010,2020-03-22 12:50:10.854648,0.8750399999999999
010,2020-03-22 12:50:11.698437,0.8437889999999999
010,2020-03-22 12:50:12.526600,0.8281629999999999
010,2020-03-22 12:50:18.730009,0.906291
010,2020-03-22 12:50:19.605049,0.8750399999999999
010,2020-03-22 12:50:20.526966,0.921917
010,2020-03-22 12:50:21.402006,0.8750399999999999
011,2020-04-06 08:26:15.909953,0.8437889999999999
011,2020-04-06 08:26:16.738116,0.8281629999999999
011,2020-04-06 08:26:17.581905,0.8437889999999999
011,2020-04-06 08:26:18.644454,1.062549
011,2020-04-06 08:26:22.738391,0.8750399999999999
011,2020-04-06 08:26:23.613431,0.8750399999999999
011,2020-04-06 08:26:27.973006,0.8750399999999999
011,2020-04-06 08:26:28.801168,0.8281629999999999
011,2020-04-06 08:26:29.723086,0.921917
011,2020-04-06 08:26:30.598126,0.8750399999999999
011,2020-04-06 08:26:31.488791,0.890666
011,2020-04-06 08:26:58.958799,0.8750399999999999
011,2020-04-06 08:26:59.818213,0.8594139999999999
011,2020-04-06 08:27:00.677628,0.8594139999999999
011,2020-04-06 08:27:01.474539,0.7969109999999999
011,2020-04-06 08:27:02.412082,0.937543
011,2020-04-06 08:27:03.287122,0.8750399999999999
011,2020-04-06 08:27:18.069049,0.8437889999999999
011,2020-04-06 08:27:24.631849,0.812537
011,2020-04-06 08:27:25.444386,0.812537
011,2020-04-06 08:27:36.179253,0.906291
011,2020-04-06 08:27:37.101170,0.921917
011,2020-04-06 08:27:37.976210,0.8750399999999999
011,2020-04-06 08:27:38.945004,0.968794
011,2020-04-06 08:27:39.851296,0.906291
011,2020-04-06 08:27:40.773213,0.921917
011,2020-04-06 08:27:41.679504,0.906291
011,2020-04-06 08:27:42.585796,0.906291
011,2020-04-06 08:27:43.507713,0.921917
011,2020-04-06 08:27:44.445256,0.937543
011,2020-04-06 08:27:45.382799,0.937543
011,2020-04-06 08:27:46.304716,0.921917
011,2020-04-06 08:27:47.226633,0.921917
011,2020-04-06 08:27:48.148551,0.921917
011,2020-04-06 08:27:49.054842,0.906291
011,2020-04-06 08:27:49.945508,0.890666
011,2020-04-06 08:27:50.898676,0.953169
011,2020-04-06 08:27:51.773716,0.8750399999999999
011,2020-04-06 08:27:52.680008,0.906291
011,2020-04-06 08:27:53.601925,0.921917
011,2020-04-06 08:27:54.476965,0.8750399999999999
011,2020-04-06 08:27:55.398882,0.921917
011,2020-04-06 08:27:56.289548,0.890666
011,2020-04-06 08:27:57.195840,0.906291
011,2020-04-06 08:27:58.086505,0.890666
011,2020-04-06 08:27:59.039674,0.953169
011,2020-04-06 08:27:59.914714,0.8750399999999999
011,2020-04-06 08:28:00.789754,0.8750399999999999
011,2020-04-06 08:28:01.696046,0.906291
011,2020-04-06 08:28:02.602337,0.906291
011,2020-04-06 08:28:06.696275,0.812537
011,2020-04-06 08:28:07.508812,0.812537
011,2020-04-06 08:28:20.650038,0.906291
011,2020-04-06 08:28:21.415699,0.76566
011,2020-04-06 08:28:22.259487,0.8437889999999999
011,2020-04-06 08:28:23.087650,0.8281629999999999
011,2020-04-06 08:28:23.962690,0.8750399999999999
011,2020-04-06 08:28:24.853356,0.890666
011,2020-04-06 08:28:25.728396,0.8750399999999999
011,2020-04-06 08:28:26.619062,0.890666
011,2020-04-06 08:28:27.509727,0.890666
011,2020-04-06 08:28:28.369142,0.8594139999999999
011,2020-04-06 08:28:29.291059,0.921917
011,2020-04-06 08:28:30.150473,0.8594139999999999
011,2020-04-06 08:29:09.136633,0.890666
011,2020-04-06 08:30:00.138968,0.921917
011,2020-04-06 08:30:01.076510,0.937543
011,2020-04-06 08:30:25.311995,0.906291
011,2020-04-06 08:30:43.453450,0.921917
011,2020-04-06 08:30:44.375367,0.921917
011,2020-04-06 08:30:45.281659,0.906291
011,2020-04-06 08:30:46.109822,0.8281629999999999
011,2020-04-06 08:30:47.000488,0.890666
011,2020-04-06 08:30:47.875528,0.8750399999999999
011,2020-04-06 08:30:48.781819,0.906291
011,2020-04-06 08:30:49.719362,0.937543
011,2020-04-06 08:30:50.625654,0.906291
011,2020-04-06 08:30:51.578822,0.953169
011,2020-04-06 08:30:52.531991,0.953169
011,2020-04-06 08:30:53.469534,0.937543
011,2020-04-06 08:30:54.422702,0.953169
011,2020-04-06 08:30:55.391497,0.968794
011,2020-04-06 08:30:56.329040,0.937543
011,2020-04-06 08:30:57.266582,0.937543
011,2020-04-06 08:30:58.188500,0.921917
011,2020-04-06 08:30:59.141668,0.953169
011,2020-04-06 08:31:00.063586,0.921917
011,2020-04-06 08:31:01.032380,0.968794
011,2020-04-06 08:31:02.094929,1.062549
011,2020-04-06 08:31:02.938717,0.8437889999999999
011,2020-04-06 08:31:03.845009,0.906291
011,2020-04-06 08:31:04.751300,0.906291
011,2020-04-06 08:31:05.688843,0.937543
011,2020-04-06 08:31:06.610760,0.921917
011,2020-04-06 08:31:07.501426,0.890666
011,2020-04-06 08:31:08.423343,0.921917
011,2020-04-06 08:31:09.360886,0.937543
011,2020-04-06 08:31:10.314055,0.953169
011,2020-04-06 08:31:11.204720,0.890666
011,2020-04-06 08:31:28.330504,0.906291
011,2020-04-06 08:31:29.080539,0.750034
011,2020-04-06 08:31:56.894312,1.078174
011,2020-04-06 08:32:01.050752,0.890666
011,2020-04-06 08:32:01.925792,0.8750399999999999
011,2020-04-06 08:32:02.800833,0.8750399999999999
011,2020-04-06 08:32:03.675873,0.8750399999999999
011,2020-04-06 08:32:04.550913,0.8750399999999999
011,2020-04-06 08:32:05.410327,0.8594139999999999
011,2020-04-06 08:32:06.300993,0.890666
011,2020-04-06 08:32:07.254161,0.953169
011,2020-04-06 08:32:08.160453,0.906291
011,2020-04-06 08:32:09.144873,0.9844200000000001
011,2020-04-06 08:32:10.082416,0.937543
011,2020-04-06 08:32:10.941830,0.8594139999999999
011,2020-04-06 08:32:11.848122,0.906291
011,2020-04-06 08:32:44.552744,0.906291
011,2020-04-06 08:32:45.459035,0.906291
011,2020-04-06 08:32:46.427830,0.968794
011,2020-04-06 08:33:03.412982,0.921917
011,2020-04-06 08:33:14.054094,0.8437889999999999
011,2020-04-06 08:33:14.929134,0.8750399999999999
011,2020-04-06 08:33:15.819800,0.890666
011,2020-04-06 08:33:16.757343,0.937543
011,2020-04-06 08:33:17.569880,0.812537
011,2020-04-06 08:33:18.476171,0.906291
011,2020-04-06 08:33:19.523094,1.046923
011,2020-04-06 08:33:20.304380,0.7812859999999999
011,2020-04-06 08:33:21.148169,0.8437889999999999
011,2020-04-06 08:33:22.085712,0.937543
011,2020-04-06 08:33:22.976377,0.890666
011,2020-04-06 08:33:23.882669,0.906291
011,2020-04-06 08:33:24.820212,0.937543
011,2020-04-06 08:33:25.742129,0.921917
011,2020-04-06 08:33:26.664046,0.921917
011,2020-04-06 08:33:27.617215,0.953169
011,2020-04-06 08:33:28.523506,0.906291
011,2020-04-06 08:33:29.492301,0.968794
011,2020-04-06 08:33:30.648604,1.156303
011,2020-04-06 08:33:31.476767,0.8281629999999999
011,2020-04-06 08:33:32.242427,0.76566
011,2020-04-06 08:33:57.837348,0.906291
011,2020-04-06 08:33:58.743640,0.906291
011,2020-04-06 08:33:59.681183,0.937543
011,2020-04-06 08:34:00.634351,0.953169
011,2020-04-06 08:34:01.650023,1.015671
011,2020-04-06 08:34:02.493811,0.8437889999999999
011,2020-04-06 08:34:03.353226,0.8594139999999999
011,2020-04-06 08:34:04.322020,0.968794
011,2020-04-06 08:34:05.290814,0.968794
011,2020-04-06 08:34:06.197106,0.906291
011,2020-04-06 08:34:34.885919,0.921917
011,2020-04-06 08:34:35.776585,0.890666
011,2020-04-06 08:34:36.682876,0.906291
011,2020-04-06 08:34:37.573542,0.890666
011,2020-04-06 08:34:38.448582,0.8750399999999999
011,2020-04-06 08:34:39.370499,0.921917
011,2020-04-06 08:34:40.214288,0.8437889999999999
011,2020-04-06 08:34:41.167457,0.953169
011,2020-04-06 08:34:42.058122,0.890666
011,2020-04-06 08:34:42.948788,0.890666
011,2020-04-06 08:34:43.792577,0.8437889999999999
011,2020-04-06 08:34:51.699189,0.921917
011,2020-04-06 08:34:52.496100,0.7969109999999999
011,2020-04-06 08:34:53.386766,0.890666
011,2020-04-06 08:34:54.261806,0.8750399999999999
011,2020-04-06 08:34:55.105595,0.8437889999999999
011,2020-04-06 08:34:56.011886,0.906291
011,2020-04-06 08:34:56.824423,0.812537
011,2020-04-06 08:34:57.683838,0.8594139999999999
011,2020-04-06 08:34:58.558878,0.8750399999999999
011,2020-04-06 08:34:59.418292,0.8594139999999999
011,2020-04-06 08:35:00.277706,0.8594139999999999
011,2020-04-06 08:35:01.246501,0.968794
011,2020-04-06 08:35:02.090289,0.8437889999999999
011,2020-04-06 08:35:02.902827,0.812537
011,2020-04-06 08:35:03.809118,0.906291
011,2020-04-06 08:35:04.777912,0.968794
011,2020-04-06 08:35:05.559198,0.7812859999999999
011,2020-04-06 08:35:06.496741,0.937543
011,2020-04-06 08:35:07.403033,0.906291
011,2020-04-06 08:35:15.403399,0.8750399999999999
011,2020-04-06 08:35:16.262813,0.8594139999999999
011,2020-04-06 08:35:17.012847,0.750034
011,2020-04-06 08:35:37.545037,0.906291
011,2020-04-06 08:35:38.498206,0.953169
011,2020-04-06 08:35:39.388872,0.890666
011,2020-04-06 08:35:40.279537,0.890666
011,2020-04-06 08:35:41.170203,0.890666
011,2020-04-06 08:35:42.092120,0.921917
011,2020-04-06 08:35:42.967160,0.8750399999999999
011,2020-04-06 08:35:43.889078,0.921917
011,2020-04-06 08:35:44.795369,0.906291
011,2020-04-06 08:35:45.686035,0.890666
011,2020-04-06 08:35:46.561075,0.8750399999999999
011,2020-04-06 08:35:47.404864,0.8437889999999999
011,2020-04-06 08:35:48.311155,0.906291
011,2020-04-06 08:35:49.186195,0.8750399999999999
011,2020-04-06 08:35:50.061235,0.8750399999999999
011,2020-04-06 08:35:50.967527,0.906291
011,2020-04-06 08:35:51.889444,0.921917
011,2020-04-06 08:35:52.686355,0.7969109999999999
011,2020-04-06 08:35:53.545770,0.8594139999999999
011,2020-04-06 08:35:54.467687,0.921917
011,2020-04-06 08:35:55.280224,0.812537
011,2020-04-06 08:35:56.077136,0.7969109999999999
011,2020-04-06 08:35:57.014678,0.937543
011,2020-04-06 08:35:57.842841,0.8281629999999999
011,2020-04-06 08:35:58.749133,0.906291
011,2020-04-06 08:35:59.639799,0.890666
011,2020-04-06 08:36:00.733599,1.0938
011,2020-04-06 08:36:11.015319,0.8281629999999999
011,2020-04-06 08:36:11.843482,0.8281629999999999
011,2020-04-06 08:36:12.484137,0.640654
011,2020-04-06 08:36:13.249797,0.76566
011,2020-04-06 08:36:13.984205,0.734409
011,2020-04-06 08:36:14.749865,0.76566
011,2020-04-06 08:36:15.515525,0.76566
011,2020-04-06 08:36:16.312437,0.7969109999999999
011,2020-04-06 08:36:17.093723,0.7812859999999999
011,2020-04-06 08:36:17.875008,0.7812859999999999
011,2020-04-06 08:36:18.671920,0.7969109999999999
011,2020-04-06 08:36:19.406328,0.734409
011,2020-04-06 08:36:20.156363,0.750034
011,2020-04-06 08:36:20.906397,0.750034
011,2020-04-06 08:36:21.672057,0.76566
011,2020-04-06 08:36:22.422091,0.750034
011,2020-04-06 08:36:23.250254,0.8281629999999999
011,2020-04-06 08:36:23.953412,0.7031569999999999
011,2020-04-06 08:36:24.750323,0.7969109999999999
011,2020-04-06 08:36:25.578486,0.8281629999999999
011,2020-04-06 08:36:26.297269,0.718783
011,2020-04-06 08:36:26.906672,0.609403
011,2020-04-06 08:36:30.828726,0.7812859999999999
011,2020-04-06 08:36:31.578761,0.750034
011,2020-04-06 08:36:32.297544,0.718783
011,2020-04-06 08:36:33.000701,0.7031569999999999
011,2020-04-06 08:36:33.875741,0.8750399999999999
011,2020-04-06 08:36:34.625775,0.750034
011,2020-04-06 08:36:35.313307,0.687531
011,2020-04-06 08:36:36.078967,0.76566
011,2020-04-06 08:36:36.844627,0.76566
011,2020-04-06 08:36:37.594661,0.750034
011,2020-04-06 08:36:38.375947,0.7812859999999999
011,2020-04-06 08:36:39.141607,0.76566
011,2020-04-06 08:36:39.876015,0.734409
011,2020-04-06 08:36:40.672927,0.7969109999999999
011,2020-04-06 08:36:41.407336,0.734409
011,2020-04-06 08:36:42.141744,0.734409
011,2020-04-06 08:36:42.907404,0.76566
011,2020-04-06 08:36:43.673064,0.76566
011,2020-04-06 08:36:44.376221,0.7031569999999999
011,2020-04-06 08:36:49.657713,0.7812859999999999
011,2020-04-06 08:36:50.423373,0.76566
011,2020-04-06 08:36:51.173408,0.750034
011,2020-04-06 08:36:51.939068,0.76566
011,2020-04-06 08:36:52.735979,0.7969109999999999
011,2020-04-06 08:36:53.454762,0.718783
011,2020-04-06 08:36:54.204796,0.750034
011,2020-04-06 08:36:54.939205,0.734409
011,2020-04-06 08:36:55.689239,0.750034
011,2020-04-06 08:36:56.423648,0.734409
011,2020-04-06 08:36:57.111179,0.687531
011,2020-04-06 08:36:57.876839,0.76566
011,2020-04-06 08:36:58.626874,0.750034
011,2020-04-06 08:36:59.345657,0.718783
011,2020-04-06 08:37:21.252909,0.8437889999999999
011,2020-04-06 08:37:22.081072,0.8281629999999999
011,2020-04-06 08:37:22.924861,0.8437889999999999
011,2020-04-06 08:37:23.768650,0.8437889999999999
011,2020-04-06 08:37:24.612438,0.8437889999999999
011,2020-04-06 08:37:25.471853,0.8594139999999999
011,2020-04-06 08:37:26.315641,0.8437889999999999
011,2020-04-06 08:37:27.128178,0.812537
011,2020-04-06 08:37:27.940716,0.812537
011,2020-04-06 08:37:28.768878,0.8281629999999999
011,2020-04-06 08:37:29.643919,0.8750399999999999
011,2020-04-06 08:37:30.472081,0.8281629999999999
011,2020-04-06 08:37:31.362747,0.890666
011,2020-04-06 08:37:32.284664,0.921917
011,2020-04-06 08:37:33.190956,0.906291
011,2020-04-06 08:37:34.050370,0.8594139999999999
011,2020-04-06 08:37:34.972287,0.921917
011,2020-04-06 08:37:35.909830,0.937543
011,2020-04-06 08:37:36.816122,0.906291
011,2020-04-06 08:37:37.753665,0.937543
011,2020-04-06 08:37:38.706833,0.953169
011,2020-04-06 08:37:39.644376,0.937543
011,2020-04-06 08:37:40.581919,0.937543
011,2020-04-06 08:37:41.503836,0.921917
011,2020-04-06 08:37:42.441379,0.937543
011,2020-04-06 08:37:43.394548,0.953169
011,2020-04-06 08:37:44.347717,0.953169
011,2020-04-06 08:37:45.332137,0.9844200000000001
011,2020-04-06 08:37:46.347808,1.015671
011,2020-04-06 08:37:47.347854,1.000046
011,2020-04-06 08:37:48.301023,0.953169
011,2020-04-06 08:37:49.238565,0.937543
011,2020-04-06 08:37:50.207360,0.968794
011,2020-04-06 08:37:51.176154,0.968794
011,2020-04-06 08:37:52.160574,0.9844200000000001
011,2020-04-06 08:37:53.144994,0.9844200000000001
011,2020-04-06 08:37:54.145040,1.000046
011,2020-04-06 08:37:55.145086,1.000046
011,2020-04-06 08:37:56.113880,0.968794
011,2020-04-06 08:37:57.067049,0.953169
011,2020-04-06 08:37:58.020217,0.953169
011,2020-04-06 08:37:58.989012,0.968794
011,2020-04-06 08:37:59.957806,0.968794
011,2020-04-06 08:38:00.910975,0.953169
011,2020-04-06 08:38:01.895395,0.9844200000000001
011,2020-04-06 08:38:02.879815,0.9844200000000001
011,2020-04-06 08:38:03.879861,1.000046
011,2020-04-06 08:38:04.864281,0.9844200000000001
011,2020-04-06 08:38:05.817449,0.953169
011,2020-04-06 08:38:06.786244,0.968794
011,2020-04-06 08:38:07.755038,0.968794
011,2020-04-06 08:38:08.676955,0.921917
011,2020-04-06 08:38:09.645750,0.968794
011,2020-04-06 08:38:10.552041,0.906291
011,2020-04-06 08:38:11.536461,0.9844200000000001
011,2020-04-06 08:38:12.489630,0.953169
011,2020-04-06 08:38:13.442798,0.953169
011,2020-04-06 08:38:14.427218,0.9844200000000001
011,2020-04-06 08:38:15.396013,0.968794
011,2020-04-06 08:38:16.364807,0.968794
011,2020-04-06 08:38:17.317976,0.953169
011,2020-04-06 08:38:18.271144,0.953169
011,2020-04-06 08:38:30.506079,0.8281629999999999
011,2020-04-06 08:38:31.302991,0.7969109999999999
011,2020-04-06 08:38:32.193657,0.890666
011,2020-04-06 08:38:33.131200,0.937543
011,2020-04-06 08:38:34.084368,0.953169
011,2020-04-06 08:38:35.068788,0.9844200000000001
011,2020-04-06 08:38:35.975080,0.906291
011,2020-04-06 08:38:36.850120,0.8750399999999999
011,2020-04-06 08:38:37.756411,0.906291
011,2020-04-06 08:38:38.693954,0.937543
011,2020-04-06 08:38:39.678374,0.9844200000000001
011,2020-04-06 08:38:40.615917,0.937543
011,2020-04-06 08:38:41.584712,0.968794
011,2020-04-06 08:38:42.522254,0.937543
011,2020-04-06 08:38:43.428546,0.906291
011,2020-04-06 08:38:44.350463,0.921917
011,2020-04-06 08:38:51.038269,0.953169
011,2020-04-06 08:38:51.975812,0.937543
011,2020-04-06 08:38:52.897729,0.921917
011,2020-04-06 08:38:53.866524,0.968794
011,2020-04-06 08:38:54.835318,0.968794
011,2020-04-06 08:38:55.772861,0.937543
011,2020-04-06 08:38:56.710404,0.937543
011,2020-04-06 08:38:57.663573,0.953169
011,2020-04-06 08:38:58.585490,0.921917
011,2020-04-06 08:38:59.491781,0.906291
011,2020-04-06 08:39:00.366821,0.8750399999999999
011,2020-04-06 08:39:01.319990,0.953169
011,2020-04-06 08:39:02.210656,0.890666
011,2020-04-06 08:39:03.101321,0.890666
011,2020-04-06 08:39:03.976362,0.8750399999999999
011,2020-04-06 08:39:04.882653,0.906291
011,2020-04-06 08:39:05.742067,0.8594139999999999
011,2020-04-06 08:39:40.196769,0.8437889999999999
011,2020-04-06 08:39:41.056184,0.8594139999999999
011,2020-04-06 08:39:41.884347,0.8281629999999999
011,2020-04-06 08:49:02.894402,0.609403
011,2020-04-06 08:49:03.597559,0.7031569999999999
011,2020-04-06 08:49:04.285090,0.687531
011,2020-04-06 08:49:20.332700,0.7812859999999999
011,2020-04-06 08:49:21.098360,0.76566
011,2020-04-06 08:49:21.895271,0.7969109999999999
011,2020-04-06 08:49:22.676557,0.7812859999999999
011,2020-04-06 08:49:23.442217,0.76566
011,2020-04-06 08:49:24.207877,0.76566
011,2020-04-06 08:49:24.989163,0.7812859999999999
011,2020-04-06 08:49:25.770449,0.7812859999999999
011,2020-04-06 08:49:26.551734,0.7812859999999999
011,2020-04-06 08:49:27.348646,0.7969109999999999
011,2020-04-06 08:49:28.176809,0.8281629999999999
011,2020-04-06 08:49:29.036223,0.8594139999999999
011,2020-04-06 08:49:29.926889,0.890666
011,2020-04-06 08:49:30.833180,0.906291
011,2020-04-06 08:49:31.676969,0.8437889999999999
011,2020-04-06 08:49:32.552009,0.8750399999999999
011,2020-04-06 08:49:33.427049,0.8750399999999999
011,2020-04-06 08:49:34.302089,0.8750399999999999
011,2020-04-06 08:49:35.177129,0.8750399999999999
011,2020-04-06 08:49:36.005292,0.8281629999999999
011,2020-04-06 08:49:36.817829,0.812537
011,2020-04-06 08:49:37.724121,0.906291
011,2020-04-06 08:49:38.630412,0.906291
011,2020-04-06 08:49:39.552330,0.921917
011,2020-04-06 08:49:40.489872,0.937543
011,2020-04-06 08:49:41.396164,0.906291
011,2020-04-06 08:49:42.318081,0.921917
011,2020-04-06 08:49:43.239998,0.921917
011,2020-04-06 08:49:44.177541,0.937543
011,2020-04-06 08:49:45.099458,0.921917
011,2020-04-06 08:49:46.037001,0.937543
011,2020-04-06 08:49:46.958919,0.921917
011,2020-04-06 08:49:47.755830,0.7969109999999999
011,2020-04-06 08:49:53.568596,0.921917
011,2020-04-06 08:49:54.506139,0.937543
011,2020-04-06 08:49:55.443682,0.937543
011,2020-04-06 08:49:56.381225,0.937543
011,2020-04-06 08:49:57.350019,0.968794
011,2020-04-06 08:49:58.318814,0.968794
011,2020-04-06 08:49:59.303234,0.9844200000000001
011,2020-04-06 08:50:00.240777,0.937543
011,2020-04-06 08:50:01.162694,0.921917
011,2020-04-06 08:50:02.084611,0.921917
011,2020-04-06 08:50:03.037780,0.953169
011,2020-04-06 08:50:03.959697,0.921917
011,2020-04-06 08:50:04.928491,0.968794
011,2020-04-06 08:50:05.866034,0.937543
011,2020-04-06 08:50:06.787951,0.921917
011,2020-04-06 08:50:07.709868,0.921917
011,2020-04-06 08:50:18.475986,0.8437889999999999
011,2020-04-06 08:50:19.288523,0.812537
011,2020-04-06 08:50:20.116686,0.8281629999999999
011,2020-04-06 08:50:20.960475,0.8437889999999999
011,2020-04-06 08:50:21.788638,0.8281629999999999
011,2020-04-06 08:50:22.648052,0.8594139999999999
011,2020-04-06 08:50:23.523092,0.8750399999999999
011,2020-04-06 08:50:24.398132,0.8750399999999999
011,2020-04-06 08:50:25.257547,0.8594139999999999
011,2020-04-06 08:50:26.132587,0.8750399999999999
011,2020-04-06 08:50:27.007627,0.8750399999999999
011,2020-04-06 08:50:27.835790,0.8281629999999999
011,2020-04-06 08:50:28.663953,0.8281629999999999
011,2020-04-06 08:50:29.523367,0.8594139999999999
011,2020-04-06 08:50:30.320278,0.7969109999999999
011,2020-04-06 08:50:31.101564,0.7812859999999999
011,2020-04-06 08:50:31.945353,0.8437889999999999
011,2020-04-06 08:50:32.726639,0.7812859999999999
011,2020-04-06 08:50:33.570427,0.8437889999999999
011,2020-04-06 08:50:34.429842,0.8594139999999999
011,2020-04-06 08:50:35.273630,0.8437889999999999
011,2020-04-06 08:50:36.101793,0.8281629999999999
011,2020-04-06 08:50:36.961207,0.8594139999999999
011,2020-04-06 08:50:37.867499,0.906291
011,2020-04-06 08:50:38.726913,0.8594139999999999
011,2020-04-06 08:50:39.601953,0.8750399999999999
011,2020-04-06 08:50:40.492619,0.890666
011,2020-04-06 08:50:41.383285,0.890666
011,2020-04-06 08:50:42.211448,0.8281629999999999
011,2020-04-06 08:50:43.086488,0.8750399999999999
011,2020-04-06 08:50:43.961528,0.8750399999999999
011,2020-04-06 08:50:44.867819,0.906291
011,2020-04-06 08:51:11.087770,0.7969109999999999
011,2020-04-06 08:51:11.884681,0.7969109999999999
011,2020-04-06 08:51:12.665967,0.7812859999999999
011,2020-04-06 08:51:13.494130,0.8281629999999999
011,2020-04-06 08:51:14.259790,0.76566
011,2020-04-06 08:51:15.056701,0.7969109999999999
011,2020-04-06 08:51:15.837987,0.7812859999999999
011,2020-04-06 08:51:16.588021,0.750034
011,2020-04-06 08:51:17.384933,0.7969109999999999
011,2020-04-06 08:51:18.197470,0.812537
011,2020-04-06 08:51:18.978756,0.7812859999999999
011,2020-04-06 08:51:37.198340,0.8594139999999999
011,2020-04-06 08:51:38.073380,0.8750399999999999
011,2020-04-06 08:51:55.402298,0.8750399999999999
011,2020-04-06 08:51:56.277338,0.8750399999999999
011,2020-04-06 08:51:57.168004,0.890666
011,2020-04-06 08:51:58.074295,0.906291
011,2020-04-06 08:51:58.949335,0.8750399999999999
011,2020-04-06 08:51:59.871253,0.921917
011,2020-04-06 08:52:00.777544,0.906291
011,2020-04-06 08:52:01.699461,0.921917
011,2020-04-06 08:52:02.590127,0.890666
011,2020-04-06 08:52:03.512044,0.921917
011,2020-04-06 08:52:04.433961,0.921917
011,2020-04-06 08:52:05.371504,0.937543
011,2020-04-06 08:52:06.324673,0.953169
011,2020-04-06 08:52:07.277842,0.953169
011,2020-04-06 08:52:08.481022,1.20318
011,2020-04-06 08:52:13.106233,0.968794
011,2020-04-06 08:52:14.043776,0.937543
011,2020-04-06 08:52:14.965693,0.921917
011,2020-04-06 08:52:15.934488,0.968794
011,2020-04-06 08:52:16.778276,0.8437889999999999
011,2020-04-06 08:52:17.668942,0.890666
011,2020-04-06 08:52:18.637737,0.968794
011,2020-04-06 08:52:19.497151,0.8594139999999999
011,2020-04-06 08:52:20.419068,0.921917
011,2020-04-06 08:52:21.340985,0.921917
011,2020-04-06 08:52:22.247277,0.906291
011,2020-04-06 08:52:23.137943,0.890666
011,2020-04-06 08:52:24.012983,0.8750399999999999
011,2020-04-06 08:52:24.872397,0.8594139999999999
011,2020-04-06 08:52:25.731811,0.8594139999999999
011,2020-04-06 08:52:26.559974,0.8281629999999999
011,2020-04-06 08:52:27.388137,0.8281629999999999
011,2020-04-06 08:52:28.263177,0.8750399999999999
011,2020-04-06 08:52:29.091340,0.8281629999999999
011,2020-04-06 08:52:37.341718,0.8281629999999999
011,2020-04-06 08:52:38.169881,0.8281629999999999
011,2020-04-06 08:52:38.998044,0.8281629999999999
011,2020-04-06 08:52:39.810581,0.812537
011,2020-04-06 08:52:40.591866,0.7812859999999999
012,2020-05-03 16:43:22.113500,0.953169
012,2020-05-03 16:43:23.113545,1.000046
012,2020-05-03 16:43:24.144843,1.031297
012,2020-05-03 16:43:25.207391,1.062549
012,2020-05-03 16:43:26.269940,1.062549
012,2020-05-03 16:46:30.372117,1.171929
012,2020-05-03 16:46:31.497168,1.125051
012,2020-05-03 16:46:32.669097,1.171929
012,2020-05-03 16:46:33.825400,1.156303
012,2020-05-03 16:46:34.950451,1.125051
012,2020-05-03 16:46:36.044251,1.0938
012,2020-05-03 16:46:37.184929,1.140677
012,2020-05-03 16:46:38.247477,1.062549
012,2020-05-03 16:46:39.388155,1.140677
012,2020-05-03 16:46:40.497580,1.109426
012,2020-05-03 16:48:31.674544,1.0938
012,2020-05-03 16:48:32.752719,1.078174
012,2020-05-03 16:48:33.799642,1.046923
012,2020-05-03 16:48:34.940319,1.140677
012,2020-05-03 16:48:36.112247,1.171929
012,2020-05-03 16:48:37.049790,0.937543
012,2020-05-03 16:49:55.053361,1.109426
012,2020-05-03 16:49:56.147161,1.0938
012,2020-05-03 16:49:57.272213,1.125051
012,2020-05-03 16:50:37.086535,1.156303
012,2020-05-03 16:50:38.227212,1.140677
012,2020-05-03 16:50:44.711884,0.968794
012,2020-05-03 16:50:45.836936,1.125051
012,2020-05-03 16:50:46.946361,1.109426
012,2020-05-03 16:51:14.244486,1.062549
012,2020-05-03 16:51:15.291409,1.046923
012,2020-05-03 16:51:16.416460,1.125051
012,2020-05-03 16:51:17.463383,1.046923
012,2020-05-03 16:51:27.948238,1.078174
012,2020-05-03 16:51:29.057664,1.109426
012,2020-05-03 16:51:30.088961,1.031297
012,2020-05-03 16:51:31.026504,0.937543
012,2020-05-03 16:51:32.073427,1.046923
012,2020-05-03 16:51:33.151601,1.078174
012,2020-05-03 16:51:34.261027,1.109426
012,2020-05-03 16:51:35.401704,1.140677
012,2020-05-03 16:51:36.495504,1.0938
012,2020-05-03 16:51:37.620556,1.125051
012,2020-05-03 16:51:38.776859,1.156303
012,2020-05-03 16:51:39.745653,0.968794
012,2020-05-03 16:52:35.623211,1.156303
012,2020-05-03 17:06:42.224463,1.046923
012,2020-05-03 17:06:43.255761,1.031297
012,2020-05-03 17:06:44.271432,1.015671
012,2020-05-03 17:07:18.413620,0.968794
012,2020-05-03 17:07:19.413666,1.000046
012,2020-05-03 17:07:20.444963,1.031297
012,2020-05-03 17:07:21.413757,0.968794
012,2020-05-03 17:07:22.429429,1.015671
012,2020-05-03 17:07:23.413849,0.9844200000000001
012,2020-05-03 17:07:24.429520,1.015671
012,2020-05-03 17:07:25.445192,1.015671
012,2020-05-03 17:07:26.507740,1.062549
012,2020-05-03 17:07:27.585915,1.078174
012,2020-05-03 17:08:24.869787,1.015671
012,2020-05-03 17:08:25.744827,0.8750399999999999
012,2020-05-03 17:08:26.744873,1.000046
012,2020-05-03 17:08:27.744919,1.000046
012,2020-05-03 17:08:28.744964,1.000046
012,2020-05-03 17:08:29.698133,0.953169
012,2020-05-03 17:08:30.760682,1.062549
012,2020-05-03 17:08:31.838856,1.078174
012,2020-05-03 17:08:32.885779,1.046923
012,2020-05-03 17:08:33.932702,1.046923
012,2020-05-03 17:08:48.995891,1.078174
012,2020-05-03 17:08:50.058440,1.062549
012,2020-05-03 17:08:51.011609,0.953169
012,2020-05-03 17:08:51.902274,0.890666
012,2020-05-03 17:09:00.340161,1.078174
012,2020-05-03 17:09:01.387084,1.046923
012,2020-05-03 17:09:02.480884,1.0938
012,2020-05-03 17:09:03.574684,1.0938
012,2020-05-03 17:09:04.668484,1.0938
012,2020-05-03 17:09:05.699781,1.031297
012,2020-05-03 17:09:06.762330,1.062549
012,2020-05-03 17:09:07.809253,1.046923
012,2020-05-03 17:09:08.887427,1.078174
012,2020-05-03 17:09:09.949975,1.062549
012,2020-05-03 17:09:10.996898,1.046923
012,2020-05-03 17:09:11.981318,0.9844200000000001
012,2020-05-03 17:09:13.090744,1.109426
012,2020-05-03 17:09:32.169743,1.046923
012,2020-05-03 17:09:33.122911,0.953169
012,2020-05-03 17:09:34.232337,1.109426
012,2020-05-03 17:09:35.091751,0.8594139999999999
012,2020-05-03 17:09:36.138674,1.046923
012,2020-05-03 17:09:37.123094,0.9844200000000001
012,2020-05-03 17:09:38.170017,1.046923
012,2020-05-03 17:09:39.232566,1.062549
012,2020-05-03 17:09:40.466997,1.234432
012,2020-05-03 17:09:49.826801,1.000046
012,2020-05-03 17:09:50.795595,0.968794
012,2020-05-03 17:09:51.811267,1.015671
012,2020-05-03 17:09:52.826938,1.015671
012,2020-05-03 17:09:53.764481,0.937543
012,2020-05-03 17:09:59.749130,1.015671
012,2020-05-03 17:10:00.796053,1.046923
012,2020-05-03 17:10:01.842976,1.046923
012,2020-05-03 17:10:07.937005,1.031297
012,2020-05-03 17:10:08.968302,1.031297
012,2020-05-03 17:10:10.015225,1.046923
012,2020-05-03 17:10:11.015271,1.000046
012,2020-05-03 17:10:12.015316,1.000046
012,2020-05-03 17:10:13.015362,1.000046
012,2020-05-03 17:10:23.640849,1.000046
012,2020-05-03 17:10:24.609643,0.968794
012,2020-05-03 17:10:25.594063,0.9844200000000001
012,2020-05-03 17:10:26.594109,1.000046
012,2020-05-03 17:10:27.531652,0.937543
012,2020-05-03 17:10:28.531698,1.000046
012,2020-05-03 17:10:29.562995,1.031297
012,2020-05-03 17:10:30.563040,1.000046
012,2020-05-03 17:10:31.609963,1.046923
012,2020-05-03 17:10:32.641261,1.031297
012,2020-05-03 17:10:33.625681,0.9844200000000001
012,2020-05-03 17:10:34.641352,1.015671
012,2020-05-03 17:10:35.641398,1.000046
012,2020-05-03 17:10:36.625818,0.9844200000000001
012,2020-05-03 17:10:37.657115,1.031297
012,2020-05-03 17:10:38.672787,1.015671
012,2020-05-03 17:10:39.672832,1.000046
012,2020-05-03 17:10:40.719755,1.046923
012,2020-05-03 17:10:41.719801,1.000046
012,2020-05-03 17:10:42.766724,1.046923
012,2020-05-03 17:10:53.860982,1.0938
012,2020-05-03 17:10:54.861028,1.000046
012,2020-05-03 17:10:55.845448,0.9844200000000001
012,2020-05-03 17:10:56.782991,0.937543
012,2020-05-03 17:12:40.412734,0.515649
012,2020-05-03 17:12:40.850254,0.43751999999999996
012,2020-05-03 17:12:41.256523,0.406269
012,2020-05-03 17:14:46.996654,0.578151
012,2020-05-03 17:14:47.496676,0.500023
012,2020-05-03 17:19:47.291650,1.062549
012,2020-05-03 17:20:32.356212,1.187554
012,2020-05-03 17:28:04.736295,1.046923
012,2020-05-03 17:28:05.673838,0.937543
012,2020-05-03 17:28:11.892873,1.078174
012,2020-05-03 17:28:12.861667,0.968794
012,2020-05-03 17:28:13.908590,1.046923
012,2020-05-03 17:28:14.971138,1.062549
012,2020-05-03 17:30:30.742978,0.921917
012,2020-05-03 17:31:24.542316,0.35939099999999996
012,2020-05-03 17:34:28.503861,0.937543
012,2020-05-03 17:35:20.678125,1.234432
012,2020-05-03 17:35:26.350259,0.953169
012,2020-05-03 17:43:04.386852,0.8594139999999999
012,2020-05-03 17:43:05.215014,0.8281629999999999
012,2020-05-03 17:43:16.543658,0.906291
012,2020-05-03 17:43:17.465575,0.921917
012,2020-05-03 17:43:18.371867,0.906291
012,2020-05-03 17:43:19.293784,0.921917
012,2020-05-03 17:43:20.231327,0.937543
012,2020-05-03 17:43:21.153244,0.921917
012,2020-05-03 17:43:22.075161,0.921917
012,2020-05-03 17:43:23.043956,0.968794
012,2020-05-03 17:43:24.012750,0.968794
012,2020-05-03 17:43:24.903416,0.890666
012,2020-05-03 17:43:25.856584,0.953169
012,2020-05-03 17:43:26.778502,0.921917
012,2020-05-03 17:43:27.684793,0.906291
012,2020-05-03 17:44:00.280035,0.8594139999999999
012,2020-05-03 17:44:01.155075,0.8750399999999999
012,2020-05-03 17:44:02.014489,0.8594139999999999
012,2020-05-03 17:44:02.858278,0.8437889999999999
012,2020-05-03 17:44:03.717692,0.8594139999999999
012,2020-05-03 17:44:04.717738,1.000046
012,2020-05-03 17:44:05.545901,0.8281629999999999
012,2020-05-03 17:44:06.405315,0.8594139999999999
012,2020-05-03 17:44:07.311607,0.906291
012,2020-05-03 17:44:15.749493,0.8281629999999999
012,2020-05-03 17:44:16.468276,0.718783
012,2020-05-03 17:44:17.327690,0.8594139999999999
012,2020-05-03 17:44:29.765760,0.8594139999999999
012,2020-05-03 17:44:30.672051,0.906291
012,2020-05-03 17:44:31.547091,0.8750399999999999
012,2020-05-03 17:44:32.484634,0.937543
012,2020-05-03 17:45:46.316139,0.578151
012,2020-05-03 17:47:23.008065,0.9844200000000001
012,2020-05-03 17:47:23.914356,0.906291
012,2020-05-03 17:47:24.820648,0.906291
012,2020-05-03 17:47:25.789442,0.968794
012,2020-05-03 17:47:38.883791,1.062549
012,2020-05-03 17:48:34.542589,0.8750399999999999
012,2020-05-03 17:48:35.386378,0.8437889999999999
012,2020-05-03 17:51:01.955587,0.8281629999999999
012,2020-05-03 17:51:02.893130,0.937543
012,2020-05-03 17:54:22.371011,0.906291
012,2020-05-03 17:54:23.355431,0.9844200000000001
012,2020-05-03 17:54:24.246097,0.890666
012,2020-05-03 17:54:31.418300,1.0938
012,2020-05-03 17:54:32.715234,1.296934
012,2020-05-03 17:54:53.809950,0.968794
012,2020-05-03 17:54:54.841247,1.031297
012,2020-05-03 17:55:44.249759,0.953169
012,2020-05-03 17:55:45.374810,1.125051
012,2020-05-03 17:55:46.327979,0.953169
012,2020-05-03 17:55:54.047082,1.000046
012,2020-05-03 17:55:54.984625,0.937543
012,2020-05-03 17:57:59.380944,1.046923
012,2020-05-03 17:58:00.255985,0.8750399999999999
012,2020-05-03 17:58:11.459622,0.890666
012,2020-05-03 18:00:26.809568,0.734409
012,2020-05-03 18:00:37.872574,0.953169
012,2020-05-03 18:00:38.903872,1.031297
012,2020-05-03 18:00:39.950794,1.046923
012,2020-05-03 18:00:47.451138,0.968794
012,2020-05-03 18:00:48.435558,0.9844200000000001
012,2020-05-03 18:00:49.310598,0.8750399999999999
012,2020-05-03 18:01:45.531921,1.015671
012,2020-05-03 18:01:46.516341,0.9844200000000001
012,2020-05-03 18:01:47.547639,1.031297
012,2020-05-03 18:01:48.532059,0.9844200000000001
012,2020-05-03 18:01:49.516479,0.9844200000000001
012,2020-05-03 18:01:50.532150,1.015671
012,2020-05-03 18:01:51.547822,1.015671
012,2020-05-03 18:01:52.547868,1.000046
012,2020-05-03 18:01:53.563539,1.015671
012,2020-05-03 18:01:54.610462,1.046923
012,2020-05-03 18:01:55.594882,0.9844200000000001
012,2020-05-03 18:01:56.626179,1.031297
012,2020-05-03 18:01:57.657476,1.031297
012,2020-05-03 18:01:58.657522,1.000046
012,2020-05-03 18:02:05.657843,0.953169
012,2020-05-03 18:02:06.642263,0.9844200000000001
012,2020-05-03 18:02:07.642308,1.000046
012,2020-05-03 18:02:08.611103,0.968794
012,2020-05-03 18:02:09.595523,0.9844200000000001
012,2020-05-03 18:02:10.595569,1.000046
012,2020-05-03 18:02:11.564363,0.968794
012,2020-05-03 18:02:12.533157,0.968794
012,2020-05-03 18:02:56.894563,0.687531
012,2020-05-03 18:02:57.613346,0.718783
012,2020-05-03 18:03:15.989187,0.906291
012,2020-05-03 18:03:16.864227,0.8750399999999999
012,2020-05-03 18:03:17.739267,0.8750399999999999
012,2020-05-03 18:03:18.645559,0.906291
012,2020-05-03 18:03:19.614353,0.968794
012,2020-05-03 18:03:20.551896,0.937543
012,2020-05-03 18:03:21.458187,0.906291
012,2020-05-03 18:03:22.505110,1.046923
012,2020-05-03 18:03:23.411402,0.906291
012,2020-05-03 18:03:24.348945,0.937543
012,2020-05-03 18:03:25.302113,0.953169
012,2020-05-03 18:03:26.192779,0.890666
012,2020-05-03 18:03:27.052193,0.8594139999999999
012,2020-05-03 18:03:28.036613,0.9844200000000001
012,2020-05-03 18:03:28.958531,0.921917
012,2020-05-03 18:03:29.849196,0.890666
012,2020-05-03 18:03:30.786739,0.937543
012,2020-05-03 18:03:31.755534,0.968794
012,2020-05-03 18:03:32.708702,0.953169
012,2020-05-03 18:03:33.646245,0.937543
012,2020-05-03 18:03:34.615040,0.968794
012,2020-05-03 18:03:35.583834,0.968794
012,2020-05-03 18:03:36.474500,0.890666
012,2020-05-03 18:03:37.396417,0.921917
012,2020-05-03 18:03:38.349586,0.953169
012,2020-05-03 18:03:39.240251,0.890666
012,2020-05-03 18:03:40.177794,0.937543
012,2020-05-03 18:03:41.115337,0.937543
012,2020-05-03 18:03:42.052880,0.937543
012,2020-05-03 18:03:42.990423,0.937543
012,2020-05-03 18:03:43.927966,0.937543
012,2020-05-03 18:03:44.849883,0.921917
012,2020-05-03 18:03:45.787426,0.937543
012,2020-05-03 18:03:46.740595,0.953169
012,2020-05-03 18:03:47.615635,0.8750399999999999
012,2020-05-03 18:03:48.568803,0.953169
012,2020-05-03 18:03:49.490721,0.921917
012,2020-05-03 18:03:50.381386,0.890666
012,2020-05-03 18:03:51.365806,0.9844200000000001
012,2020-05-03 18:03:52.272098,0.906291
012,2020-05-03 18:03:53.178389,0.906291
012,2020-05-03 18:03:54.147184,0.968794
012,2020-05-03 18:03:55.115978,0.968794
012,2020-05-03 18:05:51.480680,1.015671
012,2020-05-03 18:05:52.277591,0.7969109999999999
012,2020-05-03 18:05:53.324514,1.046923
012,2020-05-03 18:07:12.015616,1.078174
012,2020-05-03 18:07:34.000997,1.031297
012,2020-05-03 18:07:35.016669,1.015671
012,2020-05-03 18:07:36.032340,1.015671
012,2020-05-03 18:07:54.720695,0.9844200000000001
012,2020-05-03 18:08:45.457393,0.8437889999999999
012,2020-05-03 18:08:46.566819,1.109426
012,2020-05-03 18:08:47.457484,0.890666
012,2020-05-03 18:08:48.629413,1.171929
012,2020-05-03 18:09:09.552246,1.046923
012,2020-05-03 18:09:10.583543,1.031297
012,2020-05-03 18:09:11.677343,1.0938
012,2020-05-03 18:09:12.677389,1.000046
012,2020-05-03 18:09:13.724312,1.046923
012,2020-05-03 18:09:14.708732,0.9844200000000001
012,2020-05-03 18:09:54.976200,0.9844200000000001
012,2020-05-03 18:09:55.960620,0.9844200000000001
012,2020-05-03 18:09:57.007543,1.046923
012,2020-05-03 18:10:16.180296,1.000046
012,2020-05-03 18:10:17.242844,1.062549
012,2020-05-03 18:10:34.149868,0.76566
012,2020-05-03 18:10:34.915529,0.76566
012,2020-05-03 18:10:35.712440,0.7969109999999999
012,2020-05-03 18:10:36.556229,0.8437889999999999
012,2020-05-03 18:10:37.400017,0.8437889999999999
012,2020-05-03 18:10:38.337560,0.937543
012,2020-05-03 18:10:39.400109,1.062549
012,2020-05-03 18:10:40.415780,1.015671
012,2020-05-03 18:10:41.400200,0.9844200000000001
012,2020-05-03 18:10:42.368995,0.968794
012,2020-05-03 18:10:43.290912,0.921917
012,2020-05-03 18:10:44.259706,0.968794
012,2020-05-03 18:10:45.197249,0.937543
012,2020-05-03 18:10:46.181669,0.9844200000000001
012,2020-05-03 18:10:47.197341,1.015671
012,2020-05-03 18:10:48.259889,1.062549
012,2020-05-03 18:10:49.338064,1.078174
012,2020-05-03 18:10:50.384987,1.046923
012,2020-05-03 18:10:51.447535,1.062549
012,2020-05-03 18:10:52.463207,1.015671
012,2020-05-03 18:10:53.447627,0.9844200000000001
012,2020-05-03 18:10:54.447673,1.000046
012,2020-05-03 18:11:04.463756,1.015671
012,2020-05-03 18:11:25.480343,1.0938
012,2020-05-03 18:11:26.464763,0.9844200000000001
012,2020-05-03 18:11:27.464809,1.000046
012,2020-05-03 18:11:28.511732,1.046923
012,2020-05-03 18:11:29.355520,0.8437889999999999
012,2020-05-03 18:11:30.324315,0.968794
012,2020-05-03 18:12:46.312168,0.76566
012,2020-05-03 18:12:47.077828,0.76566
012,2020-05-03 18:12:47.796611,0.718783
012,2020-05-03 18:12:48.656025,0.8594139999999999
012,2020-05-03 18:12:49.546691,0.890666
012,2020-05-03 18:13:03.109812,1.000046
012,2020-05-03 18:13:04.141109,1.031297
012,2020-05-03 18:13:05.156781,1.015671
012,2020-05-03 18:13:06.234955,1.078174
012,2020-05-03 18:13:07.235001,1.000046
012,2020-05-03 18:13:13.235276,1.015671
012,2020-05-03 18:13:14.250947,1.015671
012,2020-05-03 18:13:15.266618,1.015671
012,2020-05-03 18:13:16.266664,1.000046
012,2020-05-03 18:13:56.549758,0.8750399999999999
012,2020-05-03 18:14:14.644336,0.890666
012,2020-05-03 18:14:15.503751,0.8594139999999999
012,2020-05-03 18:14:16.535048,1.031297
012,2020-05-03 18:14:17.519468,0.9844200000000001
012,2020-05-03 18:14:18.441385,0.921917
012,2020-05-03 18:14:19.425805,0.9844200000000001
012,2020-05-03 18:14:22.832211,0.8437889999999999
012,2020-05-03 18:14:23.754128,0.921917
012,2020-05-03 18:14:24.551040,0.7969109999999999
012,2020-05-03 18:14:35.114023,0.906291
012,2020-05-03 18:14:36.035941,0.921917
012,2020-05-03 18:14:36.973484,0.937543
012,2020-05-03 18:14:37.926652,0.953169
012,2020-05-03 18:14:38.848569,0.921917
012,2020-05-03 18:14:39.786112,0.937543
012,2020-05-03 18:14:44.395698,0.9844200000000001
012,2020-05-03 18:14:45.223861,0.8281629999999999
012,2020-05-03 18:14:46.130153,0.906291
012,2020-05-03 18:14:47.083321,0.953169
012,2020-05-03 18:14:48.098993,1.015671
012,2020-05-03 18:14:49.161541,1.062549
012,2020-05-03 18:14:50.177213,1.015671
012,2020-05-03 18:14:51.239762,1.062549
012,2020-05-03 18:14:52.224182,0.9844200000000001
012,2020-05-03 18:14:55.583710,0.578151
012,2020-05-03 18:15:00.318302,1.031297
012,2020-05-03 18:15:01.349599,1.031297
012,2020-05-03 18:15:02.349645,1.000046
012,2020-05-03 18:15:03.334065,0.9844200000000001
012,2020-05-03 18:16:11.555938,1.171929
012,2020-05-03 18:16:16.493664,0.921917
012,2020-05-03 18:16:17.524961,1.031297
012,2020-05-03 18:16:18.384376,0.8594139999999999
012,2020-05-03 18:16:35.510159,0.921917
012,2020-05-03 18:16:36.494580,0.9844200000000001
012,2020-05-03 18:16:37.447748,0.953169
012,2020-05-03 18:16:38.494671,1.046923
012,2020-05-03 18:16:39.619723,1.125051
012,2020-05-03 18:16:51.589020,0.906291
012,2020-05-03 18:17:22.309177,1.171929
012,2020-05-03 18:17:43.185132,0.8437889999999999
012,2020-05-03 18:21:53.259079,1.015671
012,2020-05-03 18:22:15.322589,1.0938
012,2020-05-03 18:22:16.353886,1.031297
012,2020-05-03 18:22:17.478938,1.125051
012,2020-05-03 18:26:29.412345,0.953169
012,2020-05-03 18:26:30.506145,1.0938
012,2020-05-03 18:26:31.537443,1.031297
012,2020-05-03 18:26:32.615617,1.078174
012,2020-05-03 18:26:38.834652,1.031297
012,2020-05-03 18:26:53.038427,1.125051
012,2020-05-03 18:27:12.726828,1.125051
012,2020-05-03 18:27:13.773751,1.046923
012,2020-05-03 18:27:14.805048,1.031297
012,2020-05-03 18:27:16.039480,1.234432
012,2020-05-03 18:27:23.305437,1.046923
012,2020-05-03 18:29:47.280778,1.031297
012,2020-05-03 18:30:05.687870,0.937543
012,2020-05-03 18:30:06.781670,1.0938
012,2020-05-03 18:30:07.734839,0.953169
012,2020-05-03 18:30:08.797388,1.062549
012,2020-05-03 18:30:09.906813,1.109426
012,2020-05-03 18:30:20.016651,1.078174
012,2020-05-03 18:30:20.969820,0.953169
012,2020-05-03 18:30:22.001117,1.031297
012,2020-05-03 18:30:22.923034,0.921917
012,2020-05-03 18:30:24.032460,1.109426
012,2020-05-03 18:30:25.048131,1.015671
012,2020-05-03 18:30:26.095054,1.046923
012,2020-05-03 18:30:26.985720,0.890666
012,2020-05-03 18:30:28.048269,1.062549
012,2020-05-03 18:30:29.001437,0.953169
012,2020-05-03 18:30:35.095466,0.9844200000000001
012,2020-05-03 18:30:36.251769,1.156303
012,2020-05-03 18:30:37.189312,0.937543
012,2020-05-03 18:30:38.142481,0.953169
012,2020-05-03 18:30:39.236281,1.0938
012,2020-05-03 18:30:40.251952,1.015671
012,2020-05-03 18:30:41.298875,1.046923
012,2020-05-03 18:30:42.220793,0.921917
012,2020-05-03 18:30:43.298967,1.078174
012,2020-05-03 18:30:44.252136,0.953169
012,2020-05-03 18:31:53.208417,0.953169
012,2020-05-03 18:31:54.255340,1.046923
012,2020-05-03 18:31:55.271012,1.015671
012,2020-05-03 18:32:15.725073,1.062549
012,2020-05-03 18:32:16.631364,0.906291
012,2020-05-03 18:32:17.662662,1.031297
012,2020-05-03 18:32:18.693959,1.031297
012,2020-05-03 18:32:19.600250,0.906291
012,2020-05-03 18:32:20.631547,1.031297
012,2020-05-03 18:32:21.569090,0.937543
012,2020-05-03 18:34:22.637132,1.031297
012,2020-05-03 18:34:23.621552,0.9844200000000001
012,2020-05-03 18:34:24.637224,1.015671
012,2020-05-03 18:34:25.668521,1.031297
012,2020-05-03 18:34:26.668567,1.000046
012,2020-05-03 18:35:03.326495,1.000046
012,2020-05-03 18:35:04.435920,1.109426
012,2020-05-03 18:35:05.529721,1.0938
012,2020-05-03 18:35:06.467263,0.937543
012,2020-05-03 18:35:55.422629,1.140677
012,2020-05-03 18:35:56.391424,0.968794
012,2020-05-03 18:35:57.516475,1.125051
012,2020-05-03 18:35:58.422767,0.906291
012,2020-05-03 18:36:06.126244,1.125051
012,2020-05-03 18:36:07.141916,1.015671
012,2020-05-03 18:36:08.188839,1.046923
012,2020-05-03 18:36:09.220136,1.031297
012,2020-05-03 18:36:10.267059,1.046923
012,2020-05-03 18:36:11.267105,1.000046
012,2020-05-03 18:36:12.298402,1.031297
012,2020-05-03 18:36:13.314073,1.015671
012,2020-05-03 18:36:14.298493,0.9844200000000001
012,2020-05-03 18:36:15.314165,1.015671
012,2020-05-03 18:36:16.329836,1.015671
012,2020-05-03 18:36:17.408011,1.078174
012,2020-05-03 18:36:18.470559,1.062549
012,2020-05-03 18:36:19.517482,1.046923
012,2020-05-03 18:36:20.580031,1.062549
012,2020-05-03 18:36:21.626954,1.046923
012,2020-05-03 18:36:22.642625,1.015671
012,2020-05-03 18:36:23.673923,1.031297
012,2020-05-03 18:36:24.736471,1.062549
012,2020-05-03 18:36:54.300325,1.000046
012,2020-05-03 18:36:55.175365,0.8750399999999999
012,2020-05-03 18:36:56.237913,1.062549
012,2020-05-03 18:36:57.097328,0.8594139999999999
012,2020-05-03 18:36:58.128625,1.031297
012,2020-05-03 18:36:59.066168,0.937543
012,2020-05-03 18:37:00.003711,0.937543
012,2020-05-03 18:37:01.128762,1.125051
012,2020-05-03 18:37:02.160059,1.031297
012,2020-05-03 18:37:03.144480,0.9844200000000001
012,2020-05-03 18:37:38.052327,1.000046
012,2020-05-03 18:37:39.036747,0.9844200000000001
012,2020-05-03 18:37:40.114922,1.078174
012,2020-05-03 18:37:41.130593,1.015671
012,2020-05-03 18:37:42.177516,1.046923
012,2020-05-03 18:37:43.177562,1.000046
012,2020-05-03 18:37:44.271362,1.0938
012,2020-05-03 18:37:45.287034,1.015671
012,2020-05-03 18:37:46.333956,1.046923
012,2020-05-03 18:37:47.334002,1.000046
012,2020-05-03 18:37:48.380925,1.046923
012,2020-05-03 18:37:49.443474,1.062549
012,2020-05-03 18:37:50.506022,1.062549
012,2020-05-03 18:37:51.521694,1.015671
012,2020-05-03 18:37:52.662371,1.140677
012,2020-05-03 18:37:53.631166,0.968794
012,2020-05-03 18:37:54.678088,1.046923
